gene_ids,baseMean,log2FoldChange,lfcSE,stat,pvalue,padj,converted_alias,name,description
A0A024R0Q4,15.25849471626624,0.7142190748439686,0.25167803466027205,2.837828401704019,0.004542159455655391,0.018333232912705708,ENSG00000105223,PLD3,phospholipase D family member 3 [Source:HGNC Symbol;Acc:HGNC:17158]
A0A075B6H7,12.32684066256565,-2.6459143664242086,0.6210799946247448,-4.2601828900041525,2.04259694703373e-05,0.00018699640128635068,ENSG00000243063,IGKV3-7,immunoglobulin kappa variable 3-7 (non-functional) [Source:HGNC Symbol;Acc:HGNC:5821]
A0A075B6H9,1385.1268126632583,-3.215910560446141,0.5246107015396665,-6.130089514010765,8.78296428108244e-10,2.3365439596500863e-08,ENSG00000211637,IGLV4-69,immunoglobulin lambda variable 4-69 [Source:HGNC Symbol;Acc:HGNC:5921]
A0A075B6I0,982.1759714210283,-2.8065610251432687,0.45056358859491524,-6.229000958323203,4.694189195974908e-10,1.3289556935562339e-08,ENSG00000211638,IGLV8-61,immunoglobulin lambda variable 8-61 [Source:HGNC Symbol;Acc:HGNC:5931]
A0A075B6I1,374.5187435727387,-3.2170943856406167,0.6653290320639791,-4.83534346255802,1.3291593626693287e-06,1.7042604990877542e-05,ENSG00000211639,IGLV4-60,immunoglobulin lambda variable 4-60 [Source:HGNC Symbol;Acc:HGNC:5920]
A0A075B6I4,269.9609686058713,-2.302054341337639,0.6367586563752117,-3.61526980165802,0.00030003498214395185,0.001895980371404789,ENSG00000211642,IGLV10-54,immunoglobulin lambda variable 10-54 [Source:HGNC Symbol;Acc:HGNC:5884]
A0A075B6I6,18.13032166132082,-3.5345175207852892,0.6061686528173762,-5.830914390504045,5.512446228003807e-09,1.2430622608629442e-07,ENSG00000211645,IGLV1-50,immunoglobulin lambda variable 1-50 (non-functional) [Source:HGNC Symbol;Acc:HGNC:5881]
A0A075B6I9,673.1607468036816,-2.865458611543853,0.4601094427340175,-6.227776144990645,4.731023825235078e-10,1.3376666595094156e-08,ENSG00000211649,IGLV7-46,immunoglobulin lambda variable 7-46 [Source:HGNC Symbol;Acc:HGNC:5930]
A0A075B6J9,393.00415452653505,-3.2159989293236233,0.539058424805122,-5.9659561586228005,2.432055847377266e-09,5.8555196133251346e-08,ENSG00000211664,IGLV2-18,immunoglobulin lambda variable 2-18 [Source:HGNC Symbol;Acc:HGNC:5889]
A0A075B6K0,50.8811596854749,-2.6442018338457838,0.6029414141444415,-4.385503751799566,1.1571766348061974e-05,0.00011433859096781309,ENSG00000211665,IGLV3-16,immunoglobulin lambda variable 3-16 [Source:HGNC Symbol;Acc:HGNC:5901]
A0A075B6K2,21.18408362464653,-2.648020172877965,0.5571726004159417,-4.75260300111879,2.0081440936751645e-06,2.4686516076874066e-05,ENSG00000211667,IGLV3-12,immunoglobulin lambda variable 3-12 [Source:HGNC Symbol;Acc:HGNC:5898]
A0A075B6K4,1702.6489558175479,-3.29617612612364,0.61221171256615,-5.3840461697594275,7.282980944207356e-08,1.2597557783807766e-06,ENSG00000211669,IGLV3-10,immunoglobulin lambda variable 3-10 [Source:HGNC Symbol;Acc:HGNC:5897]
A0A075B6K5,496.2633984269013,-3.323747814062471,0.5328044047564455,-6.238213844312747,4.425953515806751e-10,1.2643779642176437e-08,ENSG00000211670,IGLV3-9,immunoglobulin lambda variable 3-9 [Source:HGNC Symbol;Acc:HGNC:5918]
A0A075B6K6,14.458082986113254,-2.234705220892445,0.7212782440904583,-3.0982567950741933,0.001946626720274144,0.009140069339775595,ENSG00000211672,IGLV4-3,immunoglobulin lambda variable 4-3 [Source:HGNC Symbol;Acc:HGNC:5919]
A0A075B6P5,171.95721779426557,-3.078342554271104,0.5189308120325377,-5.932086673007359,2.991086454672763e-09,7.131396829335472e-08,ENSG00000244116,IGKV2-28,immunoglobulin kappa variable 2-28 [Source:HGNC Symbol;Acc:HGNC:5783]
A0A075B6P7,12.960576643322868,0.6041384386748538,0.22284359951955746,2.711042363241995,0.00670720563448034,0.0252596846077236,ENSG00000114982,KANSL3,KAT8 regulatory NSL complex subunit 3 [Source:HGNC Symbol;Acc:HGNC:25473]
A0A075B6P9,17.841422684596132,0.7167071020897599,0.23704759168185643,3.0234734595053743,0.0024989094697939187,0.011242543746804381,ENSG00000214562,NUTM2D,NUT family member 2D [Source:HGNC Symbol;Acc:HGNC:23447]
A0A075B6R9,98.98699791396864,-2.934151599386439,0.5815011618710905,-5.045822419245473,4.5157468337140267e-07,6.521956821920704e-06,ENSG00000241566,IGKV2D-24,immunoglobulin kappa variable 2D-24 (non-functional) [Source:HGNC Symbol;Acc:HGNC:5797]
A0A075B6S2,715.054329746763,-3.211000928522691,0.574721554140129,-5.587054992790095,2.3095260713425917e-08,4.4915597863659185e-07,ENSG00000243264,IGKV2D-29,immunoglobulin kappa variable 2D-29 [Source:HGNC Symbol;Acc:HGNC:5800]
A0A075B6S4,131.45848421347324,-2.5578884758689275,0.9466118526398002,-2.7021513292230477,0.00688923988750309,0.025848128016160796,ENSG00000242766,IGKV1D-17,immunoglobulin kappa variable 1D-17 [Source:HGNC Symbol;Acc:HGNC:5749]
A0A075B6S5,2335.7384655544665,-3.358996028574834,0.5107221416365808,-6.576953992656589,4.801832703578917e-11,1.7025662129377722e-09,ENSG00000244575,IGKV1-27,immunoglobulin kappa variable 1-27 [Source:HGNC Symbol;Acc:HGNC:5735]
A0A075B6S6,96.30943274720761,-2.5832744586359246,0.46028880785166254,-5.612290402395439,1.99665984283168e-08,3.9281298995370094e-07,ENSG00000239571,IGKV2D-30,immunoglobulin kappa variable 2D-30 [Source:HGNC Symbol;Acc:HGNC:5801]
A0A075B7D4,26.697322740064518,-3.3962961582221203,0.45653230162763503,-7.439333747280532,1.011943665033949e-13,5.983218656476867e-12,ENSG00000231292,IGKV1OR2-108,immunoglobulin kappa variable 1/OR2-108 (non-functional) [Source:HGNC Symbol;Acc:HGNC:5767]
A0A075B7D8,21.45405089700053,-2.563035664672508,0.4287504115487092,-5.977920010419228,2.2600465176539384e-09,5.465248453984645e-08,ENSG00000259490,IGHV3OR15-7,immunoglobulin heavy variable 3/OR15-7 (pseudogene) [Source:HGNC Symbol;Acc:HGNC:5633]
A0A075B7E8,40.124310222359085,-3.370285538875371,0.44941877184085116,-7.499209534729585,6.420382563050172e-14,3.944153678147869e-12,ENSG00000271178,IGHV3OR16-13,immunoglobulin heavy variable 3/OR16-13 (non-functional) [Source:HGNC Symbol;Acc:HGNC:5637]
A0A087WSY4,242.63666105078488,-3.7577026622301792,0.8962433108080118,-4.192726034231048,2.7562223013740082e-05,0.00024169275003778283,ENSG00000231475,IGHV4-31,immunoglobulin heavy variable 4-31 [Source:HGNC Symbol;Acc:HGNC:5649]
A0A087WSY6,357.71254687948806,-3.705864707032341,0.5280579775639722,-7.017912548406467,2.2520742083918803e-12,1.0347342623307193e-10,ENSG00000224041,IGKV3D-15,immunoglobulin kappa variable 3D-15 [Source:HGNC Symbol;Acc:HGNC:5824]
A0A087WSZ0,16.13449911678568,-3.7062356678008865,0.6047629340446995,-6.128410752645348,8.876119443115519e-10,2.3584811831140923e-08,ENSG00000239819,IGKV1D-8,immunoglobulin kappa variable 1D-8 [Source:HGNC Symbol;Acc:HGNC:5759]
A0A087WT50,22.055124253025486,-1.3607462182897274,0.36870754375417414,-3.690584153594016,0.00022373965243851937,0.0014725020277168326,ENSG00000166246,DNAAF8,dynein axonemal assembly factor 8 [Source:HGNC Symbol;Acc:HGNC:25081]
A0A087WT90,18.484804790482773,0.7378497164582378,0.20781694522279187,3.550479079880709,0.0003845306956639526,0.0023329958630461654,ENSG00000259494,MRPL46,mitochondrial ribosomal protein L46 [Source:HGNC Symbol;Acc:HGNC:1192]
A0A087WUA6,71.66792082168199,0.7153623449243068,0.21573194369908238,3.315977841103323,0.0009132306957474567,0.004867179739974484,ENSG00000250067,YJEFN3,YjeF N-terminal domain containing 3 [Source:HGNC Symbol;Acc:HGNC:24785]
A0A087WUI4,12.727634108417803,-1.5577863518859822,0.3881521671802815,-4.013339312781555,5.9865760659720504e-05,0.00047526259380470696,ENSG00000197253,TPSB2,tryptase beta 2 [Source:HGNC Symbol;Acc:HGNC:14120]
A0A087WUV0,138.72398112612993,-0.5546584523173316,0.1446657209015654,-3.834069666681693,0.0001260404186085725,0.0008978344289384555,ENSG00000233757,ZNF892,zinc finger protein 892 [Source:HGNC Symbol;Acc:HGNC:38707]
A0A087WVF1,17.845351114115033,0.8429978590543455,0.22498316990275125,3.7469374238914424,0.0001790067185583619,0.001218085211689637,ENSG00000152242,ARK2N,arkadia (RNF111) N-terminal like PKA signaling regulator 2N [Source:HGNC Symbol;Acc:HGNC:28172]
A0A087WVF5,13.926347093682365,1.5566749893723029,0.26207297309792066,5.93985320565913,2.852774070098621e-09,6.823761316914858e-08,ENSG00000160360,GPSM1,G protein signaling modulator 1 [Source:HGNC Symbol;Acc:HGNC:17858]
A0A087WVI6,147.18599082028578,1.193229375273273,0.1576726008661324,7.567766173187893,3.796966301252651e-14,2.470156189021415e-12,ENSG00000049759,NEDD4L,NEDD4 like E3 ubiquitin protein ligase [Source:HGNC Symbol;Acc:HGNC:7728]
A0A087WVM2,20.496224008133236,-2.6185717503066823,0.4128592233891339,-6.342529370692028,2.2602310117554407e-10,6.856552232909834e-09,ENSG00000204936,CD177,CD177 molecule [Source:HGNC Symbol;Acc:HGNC:30072]
A0A087WVR2,11.4777802829321,1.1121424532545368,0.24665323482677273,4.508931147955982,6.515504797462159e-06,6.881845919694944e-05,ENSG00000150403,TMCO3,transmembrane and coiled-coil domains 3 [Source:HGNC Symbol;Acc:HGNC:20329]
A0A087WVW6,11.64165383540339,-0.9766850073999598,0.282561478567552,-3.456539838166453,0.0005471583230822835,0.0031481945362005427,ENSG00000108352,RAPGEFL1,Rap guanine nucleotide exchange factor like 1 [Source:HGNC Symbol;Acc:HGNC:17428]
A0A087WVX8,38.15656884244064,0.9048259304957055,0.1388532308922152,6.516419709369791,7.200532301461456e-11,2.446849605183836e-09,ENSG00000110841,PPFIBP1,PPFIA binding protein 1 [Source:HGNC Symbol;Acc:HGNC:9249]
A0A087WW87,14.486438962684442,-3.6023242165643583,0.5526099568472645,-6.518746490049223,7.089735830223384e-11,2.4161884699943567e-09,ENSG00000273962,IGKV2-40,immunoglobulin kappa variable 2-40 [Source:HGNC Symbol;Acc:HGNC:5789]
A0A087WWC7,20.644476985310682,0.7876425020004943,0.22474912320744989,3.5045409332853223,0.0004573952465903117,0.0027007750383675326,ENSG00000103187,COTL1,coactosin like F-actin binding protein 1 [Source:HGNC Symbol;Acc:HGNC:18304]
A0A087WWI5,16.39103523726757,0.8594898373624017,0.22640255839498896,3.796290304559672,0.0001468774905446134,0.0010289822669856748,ENSG00000151150,ANK3,ankyrin 3 [Source:HGNC Symbol;Acc:HGNC:494]
A0A087WWN1,19.273126185012643,0.8143487263049961,0.2411333697795267,3.3771714261264303,0.0007323539217474894,0.004043899196349307,ENSG00000151773,CCDC122,coiled-coil domain containing 122 [Source:HGNC Symbol;Acc:HGNC:26478]
A0A087WWZ6,387.76689230215305,0.5259565376896156,0.14477569865230022,3.6329062307119395,0.00028024688112379654,0.0017878405311843241,ENSG00000019485,PRDM11,PR/SET domain 11 [Source:HGNC Symbol;Acc:HGNC:13996]
A0A087WXI2,967.7558321265577,-1.774019648264633,0.31209843485021643,-5.684167077339008,1.3145172144137082e-08,2.679331113371527e-07,ENSG00000275395,FCGBP,Fc gamma binding protein [Source:HGNC Symbol;Acc:HGNC:13572]
A0A087WYE0,139.11214516913665,0.7089704822389021,0.12185606405503714,5.818097669055605,5.9521121907806216e-09,1.3286222900351804e-07,ENSG00000102934,PLLP,plasmolipin [Source:HGNC Symbol;Acc:HGNC:18553]
A0A087WYL2,69.21640382576498,-0.9843196145294465,0.383631397066994,-2.5657952452665223,0.010293957358036013,0.0358023869380423,ENSG00000131044,TTLL9,tubulin tyrosine ligase like 9 [Source:HGNC Symbol;Acc:HGNC:16118]
A0A087WYZ5,16.550663156308158,1.166272493095633,0.2590774110679479,4.501637129567256,6.7432036676689755e-06,7.091779384204654e-05,ENSG00000111452,ADGRD1,adhesion G protein-coupled receptor D1 [Source:HGNC Symbol;Acc:HGNC:19893]
A0A087X032,76.14580021143607,0.5123338424511139,0.14050165780265234,3.646461191018361,0.00026587661121894456,0.001709516846595511,ENSG00000088970,KIZ,kizuna centrosomal protein [Source:HGNC Symbol;Acc:HGNC:15865]
A0A087X0F5,18.716387436983084,0.6612905721391338,0.22371167401648298,2.95599492090167,0.0031166222323459956,0.013493126563046444,ENSG00000197912,SPG7,"SPG7 matrix AAA peptidase subunit, paraplegin [Source:HGNC Symbol;Acc:HGNC:11237]"
A0A087X0L7,62.90758357128679,0.60999116088842,0.183952329887569,3.316028458357904,0.0009130653038157896,0.004867179739974484,ENSG00000155463,OXA1L,OXA1L mitochondrial inner membrane protein [Source:HGNC Symbol;Acc:HGNC:8526]
A0A087X0Q8,82.87345715183518,0.573724397190118,0.15932270290181885,3.6010209891032945,0.00031696998360385007,0.0019815969193669033,ENSG00000134779,TPGS2,tubulin polyglutamylase complex subunit 2 [Source:HGNC Symbol;Acc:HGNC:24561]
A0A087X1T8,18.755700752632322,0.6842154090752228,0.24029828266931919,2.847358713823143,0.004408365747506026,0.017881570387253614,ENSG00000162174,ASRGL1,asparaginase and isoaspartyl peptidase 1 [Source:HGNC Symbol;Acc:HGNC:16448]
A0A087X203,24.825724247846917,0.9263260036051503,0.18976461998889424,4.881447361786209,1.0531003497425443e-06,1.3816225528389095e-05,ENSG00000136098,NEK3,NIMA related kinase 3 [Source:HGNC Symbol;Acc:HGNC:7746]
A0A087X225,30.621352930953062,1.4362318256949433,0.244465567124017,5.874986169182448,4.228786532121165e-09,9.724886150093866e-08,ENSG00000140575,IQGAP1,IQ motif containing GTPase activating protein 1 [Source:HGNC Symbol;Acc:HGNC:6110]
A0A087X227,151.23147868488098,-0.5599359006249941,0.1959853287624407,-2.8570296774801345,0.004276258532871609,0.017441946677261042,ENSG00000140937,CDH11,cadherin 11 [Source:HGNC Symbol;Acc:HGNC:1750]
A0A096LNH4,96.42828561696285,1.9590324521250693,0.23748269866082344,8.249158625753157,1.5951358611093062e-16,1.6516021728124244e-14,ENSG00000277758,SYT15B,synaptotagmin 15B [Source:HGNC Symbol;Acc:HGNC:51487]
A0A0A0MRN5,103.20893613107256,0.5358985334448729,0.20042401271275104,2.67382399040641,0.007499179889487508,0.027698360958425306,ENSG00000060491,OGFR,opioid growth factor receptor [Source:HGNC Symbol;Acc:HGNC:15768]
A0A0A0MRZ8,377.9220902099939,-3.0968980250201974,0.5624844992016086,-5.505748210690142,3.6760361906435334e-08,6.82418368252967e-07,ENSG00000211632,IGKV3D-11,immunoglobulin kappa variable 3D-11 [Source:HGNC Symbol;Acc:HGNC:5823]
A0A0A0MT16,121.2308242576449,-1.6308651921873105,0.5048979605231895,-3.2300886905888113,0.0012375182261125973,0.006269751196574138,ENSG00000179869,ABCA13,ATP binding cassette subfamily A member 13 [Source:HGNC Symbol;Acc:HGNC:14638]
A0A0A0MT36,119.76573533373491,-3.5112808454201923,0.6037745928528728,-5.815549191676268,6.043513704031178e-09,1.343585193837738e-07,ENSG00000225523,IGKV6D-21,immunoglobulin kappa variable 6D-21 (non-functional) [Source:HGNC Symbol;Acc:HGNC:5837]
A0A0A0MT69,52.65949636150437,-2.770636827310989,0.43238987777981785,-6.407728232532437,1.477038844852469e-10,4.66662904840435e-09,ENSG00000211594,IGKJ4,immunoglobulin kappa joining 4 [Source:HGNC Symbol;Acc:HGNC:5722]
A0A0A0MT89,27.02494186443756,-2.6251189232553758,0.4111182991130713,-6.385312765008741,1.710475103647532e-10,5.335617812707591e-09,ENSG00000211597,IGKJ1,immunoglobulin kappa joining 1 [Source:HGNC Symbol;Acc:HGNC:5719]
A0A0A0MT96,28.713153113785403,-2.5141634918647955,0.475201470240662,-5.290731719730407,1.2182796133253168e-07,2.012579669833448e-06,ENSG00000211595,IGKJ3,immunoglobulin kappa joining 3 [Source:HGNC Symbol;Acc:HGNC:5721]
A0A0A0MTA3,52.225063765197724,-2.6793250263028097,0.4130255835983114,-6.4870679509979,8.752287206839853e-11,2.9290279523466787e-09,ENSG00000211593,IGKJ5,immunoglobulin kappa joining 5 [Source:HGNC Symbol;Acc:HGNC:5723]
A0A0A0MTC9,572.9548335919767,1.4089034642900784,0.28053743951728993,5.0221584210447086,5.109401164413515e-07,7.274547016137873e-06,ENSG00000168484,SFTPC,surfactant protein C [Source:HGNC Symbol;Acc:HGNC:10802]
A0A0A0MTM3,26.408894500910453,1.487844680909589,0.29359377910504775,5.067698251117368,4.0265504122747297e-07,5.8839860644864664e-06,ENSG00000164442,CITED2,Cbp/p300 interacting transactivator with Glu/Asp rich carboxy-terminal domain 2 [Source:HGNC Symbol;Acc:HGNC:1987]
A0A0B4J1Y8,332.0860186582134,-2.8401746819392137,0.6341958194472277,-4.478387581322662,7.520895947432348e-06,7.816486297109944e-05,ENSG00000223350,IGLV9-49,immunoglobulin lambda variable 9-49 [Source:HGNC Symbol;Acc:HGNC:5933]
A0A0B4J2A3,29.70171022483246,-0.784275800510785,0.22451234910159726,-3.4932412566574738,0.00047719517646999847,0.002803426324419112,ENSG00000167641,PPP1R14A,protein phosphatase 1 regulatory inhibitor subunit 14A [Source:HGNC Symbol;Acc:HGNC:14871]
A0A0B4J2H0,2508.8554482646446,-3.624638784873979,0.5602239655888849,-6.469981663608241,9.801481062972521e-11,3.231119033823557e-09,ENSG00000280411,IGHV1-69D,immunoglobulin heavy variable 1-69D [Source:HGNC Symbol;Acc:HGNC:49601]
A0A0C4DFU4,24.572586761814154,-0.9760052597069236,0.29335567860240186,-3.327037214199448,0.0008777465060254838,0.004704209342378134,ENSG00000122224,LY9,lymphocyte antigen 9 [Source:HGNC Symbol;Acc:HGNC:6730]
A0A0C4DFZ2,169.96795855163148,0.6071273349301786,0.1604002075030287,3.785078238871447,0.00015366022830868282,0.001070041892996429,ENSG00000100299,ARSA,arylsulfatase A [Source:HGNC Symbol;Acc:HGNC:713]
A0A0C4DG42,17.91373412158909,0.574560188797232,0.1537218241042166,3.7376617936026157,0.00018573956449526605,0.0012580341837016957,ENSG00000196378,ZNF34,zinc finger protein 34 [Source:HGNC Symbol;Acc:HGNC:13098]
A0A0C4DG47,17.75590493480628,0.7077103887616848,0.27449565327451775,2.578220748923545,0.009931053267062586,0.03480366260158879,ENSG00000157557,ETS2,"ETS proto-oncogene 2, transcription factor [Source:HGNC Symbol;Acc:HGNC:3489]"
A0A0C4DG89,134.82989344781757,0.5080375093200656,0.10340770529467426,4.912956030426784,8.971340179004867e-07,1.1976630527104924e-05,ENSG00000145833,DDX46,DEAD-box helicase 46 [Source:HGNC Symbol;Acc:HGNC:18681]
A0A0C4DGB0,29.32982024423385,0.8069623613005901,0.17109879615701504,4.71635323816102,2.4010942159129644e-06,2.882483654226058e-05,ENSG00000153130,SCOC,short coiled-coil protein [Source:HGNC Symbol;Acc:HGNC:20335]
A0A0C4DGB2,14.62908080505857,-1.038873580547421,0.3056140470573799,-3.3992991832354145,0.0006755877102197971,0.003771048180508075,ENSG00000001084,GCLC,glutamate-cysteine ligase catalytic subunit [Source:HGNC Symbol;Acc:HGNC:4311]
A0A0C4DGD1,35.19855133084151,0.5765563597299865,0.1882649534381627,3.062473122058597,0.0021951618837869388,0.010104800706540837,ENSG00000153113,CAST,calpastatin [Source:HGNC Symbol;Acc:HGNC:1515]
A0A0C4DGE8,17.941620112532124,1.0625382705196944,0.2298634039281145,4.62247688132202,3.7918508198420177e-06,4.295093887046526e-05,ENSG00000154359,LONRF1,LON peptidase N-terminal domain and ring finger 1 [Source:HGNC Symbol;Acc:HGNC:26302]
A0A0C4DGU3,153.4298076400889,-0.6069208282023438,0.1218920706542185,-4.979165789414204,6.385892329510254e-07,8.885455484859252e-06,ENSG00000101294,HM13,histocompatibility minor 13 [Source:HGNC Symbol;Acc:HGNC:16435]
A0A0C4DH05,14.24954828981532,-0.5527768199856464,0.1825838958058639,-3.0275223208809052,0.0024656750375702764,0.011115698544271232,ENSG00000174501,ANKRD36C,ankyrin repeat domain 36C [Source:HGNC Symbol;Acc:HGNC:32946]
A0A0C4DH24,376.45563459261575,-3.5084903555092164,0.5938837156423168,-5.907705941582516,3.4690452424262746e-09,8.104483450897147e-08,ENSG00000211611,IGKV6-21,immunoglobulin kappa variable 6-21 (non-functional) [Source:HGNC Symbol;Acc:HGNC:5836]
A0A0C4DH25,540.3137344104382,-3.204754835060765,0.43261979510245485,-7.407785938925428,1.2842537297764392e-13,7.432893411591365e-12,ENSG00000211625,IGKV3D-20,immunoglobulin kappa variable 3D-20 [Source:HGNC Symbol;Acc:HGNC:5825]
A0A0C4DH67,302.3116488685525,-2.7885526725868806,0.562233326011567,-4.959778340370936,7.057366109737241e-07,9.68532372023305e-06,ENSG00000240671,IGKV1-8,immunoglobulin kappa variable 1-8 [Source:HGNC Symbol;Acc:HGNC:5743]
A0A0C4DH68,1300.211207823126,-1.8492620021275343,0.549359462518035,-3.3662148889750387,0.0007620731630311891,0.004171447390789239,ENSG00000241294,IGKV2-24,immunoglobulin kappa variable 2-24 [Source:HGNC Symbol;Acc:HGNC:5781]
A0A0C4DH69,2548.6858115141085,-2.6308187349179435,0.5136906519520943,-5.121406677190786,3.032648155498073e-07,4.559101732880334e-06,ENSG00000241755,IGKV1-9,immunoglobulin kappa variable 1-9 [Source:HGNC Symbol;Acc:HGNC:5744]
A0A0C4DH72,992.2588791859365,-3.2362416792215276,0.41363147223615643,-7.823973504061234,5.118158420729861e-15,3.8656118428348067e-13,ENSG00000239855,IGKV1-6,immunoglobulin kappa variable 1-6 [Source:HGNC Symbol;Acc:HGNC:5742]
A0A0C4DH73,1422.2306189382437,-2.871765411084066,0.4641355933364931,-6.187341484500345,6.118732346233932e-10,1.680479740521085e-08,ENSG00000243290,IGKV1-12,immunoglobulin kappa variable 1-12 [Source:HGNC Symbol;Acc:HGNC:5730]
A0A0C4DH90,14.534537424637469,-2.2369862022404776,0.5095972469910047,-4.389714064291176,1.134998020638647e-05,0.00011249998358276278,ENSG00000233999,IGKV3OR2-268,immunoglobulin kappa variable 3/OR2-268 (non-functional) [Source:HGNC Symbol;Acc:HGNC:5830]
A0A0D9SFH5,38.894385497420686,0.7854318286996089,0.17636060296731204,4.453556040773951,8.445965018254791e-06,8.651524036813336e-05,ENSG00000088387,DOCK9,dedicator of cytokinesis 9 [Source:HGNC Symbol;Acc:HGNC:14132]
A0A0D9SG14,26.99298761615142,0.5772737792665837,0.1684589511857868,3.426791958534344,0.0006107568009701658,0.003467979013541719,ENSG00000129292,PHF20L1,PHD finger protein 20 like 1 [Source:HGNC Symbol;Acc:HGNC:24280]
A0A0D9SGA6,20.61842225241685,0.5922673675376277,0.22132493623548674,2.6760083053066515,0.007450479882014246,0.027578530264844272,ENSG00000173575,CHD2,chromodomain helicase DNA binding protein 2 [Source:HGNC Symbol;Acc:HGNC:1917]
A0A0G2JHK5,46.300587245047005,0.8433997096879446,0.18554554167896728,4.54551320423103,5.480156134717991e-06,5.898455997807251e-05,ENSG00000143442,POGZ,pogo transposable element derived with ZNF domain [Source:HGNC Symbol;Acc:HGNC:18801]
A0A0G2JMB2,3850.001468395612,-2.767484291998435,0.5054493135700991,-5.475295381155209,4.367824097449901e-08,7.980778181040606e-07,ENSG00000211890,IGHA2,immunoglobulin heavy constant alpha 2 (A2m marker) [Source:HGNC Symbol;Acc:HGNC:5479]
A0A0G2JPM1,19.684463873951607,1.7798360996341362,0.32602314599206145,5.4592323321653815,4.781976684261153e-08,8.672838305484824e-07,ENSG00000104059,ENTREP2,endosomal transmembrane epsin interactor 2 [Source:HGNC Symbol;Acc:HGNC:29075]
A0A0G2JQJ0,43.36832299231462,-3.414119292099165,0.575967899022688,-5.927620789096581,3.0735525626974437e-09,7.302422212919429e-08,ENSG00000239819,IGKV1D-8,immunoglobulin kappa variable 1D-8 [Source:HGNC Symbol;Acc:HGNC:5759]
A0A0G2JSC0,204.54353439673642,-3.4548642542671124,0.5300055749359577,-6.518543233596317,7.0993476401394e-11,2.4161884699943567e-09,ENSG00000211650,IGLV5-45,immunoglobulin lambda variable 5-45 [Source:HGNC Symbol;Acc:HGNC:5924]
A0A0J9YXV3,16.096589011777336,0.8827847846720247,0.35545609929908667,2.483526900826183,0.013008850843153546,0.04336577713352968,ENSG00000262152,GREP1,glycine rich extracellular protein 1 [Source:HGNC Symbol;Acc:HGNC:27549]
A0A0U1RQY6,24.020077407273227,0.5006661104364394,0.18201392834472732,2.750702185209679,0.005946768063240033,0.022900300832319833,ENSG00000152061,RABGAP1L,RAB GTPase activating protein 1 like [Source:HGNC Symbol;Acc:HGNC:24663]
A0A0U1RRC4,11.265473849371643,1.0792378824873323,0.41153555390840907,2.6224657195172165,0.008729604943658466,0.03134527962022856,ENSG00000101000,PROCR,protein C receptor [Source:HGNC Symbol;Acc:HGNC:9452]
A0A1B0GTD8,16.304432386334526,0.9345268189176658,0.21674503377960697,4.311641206358257,1.6204723524903895e-05,0.00015305309319838564,ENSG00000136854,STXBP1,syntaxin binding protein 1 [Source:HGNC Symbol;Acc:HGNC:11444]
A0A1B0GTL5,93.36547584338489,-0.7976405279527665,0.19061240851730055,-4.184620162754883,2.856433196533728e-05,0.0002486021220061359,ENSG00000135631,RAB11FIP5,RAB11 family interacting protein 5 [Source:HGNC Symbol;Acc:HGNC:24845]
A0A1B0GTU2,141.58096394645722,1.7918351857560877,0.2544287439677622,7.0425815802601495,1.8871027697332044e-12,8.81740772959663e-11,ENSG00000259417,CTXND1,cortexin domain containing 1 [Source:HGNC Symbol;Acc:HGNC:50507]
A0A1B0GTX1,46.59729356844543,-0.7311341959296803,0.28731487023476004,-2.5447140808698245,0.010936724858103214,0.03755816412653508,ENSG00000107554,DNMBP,dynamin binding protein [Source:HGNC Symbol;Acc:HGNC:30373]
A0A1B0GU19,10.241817412779815,1.5762542851772932,0.3136126557181698,5.02611822717322,5.005073949919342e-07,7.149086845305775e-06,ENSG00000165195,PIGA,phosphatidylinositol glycan anchor biosynthesis class A [Source:HGNC Symbol;Acc:HGNC:8957]
A0A1B0GUA9,162.4111900284533,0.6550766412712968,0.17754850067141548,3.689564478404865,0.00022463828987591116,0.001477534400513971,ENSG00000283199,C13orf46,chromosome 13 open reading frame 46 [Source:HGNC Symbol;Acc:HGNC:53786]
A0A1B0GUE9,11.987394067189715,1.4328556413633435,0.41257274536636096,3.4729769657735883,0.0005147195285883582,0.0029864836841588136,ENSG00000116641,DOCK7,dedicator of cytokinesis 7 [Source:HGNC Symbol;Acc:HGNC:19190]
A0A1B0GUI7,153.31878391222634,-0.6321935742124519,0.17827194979382835,-3.546231333328571,0.00039078299270967157,0.002367022279928343,ENSG00000235106,BRD3OS,BRD3 opposite strand [Source:HGNC Symbol;Acc:HGNC:24742]
A0A1B0GUL3,35.54205921974945,-1.3692359517345842,0.2526538675781663,-5.419414176634239,5.979464592749771e-08,1.0626197592949513e-06,ENSG00000131149,GSE1,Gse1 coiled-coil protein [Source:HGNC Symbol;Acc:HGNC:28979]
A0A1B0GUN9,15.55136425168776,-0.9917693322042926,0.2719185649503062,-3.6473027591387184,0.00026500759900469724,0.0017044262433507124,ENSG00000187017,ESPN,espin [Source:HGNC Symbol;Acc:HGNC:13281]
A0A1B0GUS7,22.351570668701406,0.9480654235288903,0.25909445268390113,3.6591498340010524,0.00025305336018743987,0.0016375700720580395,ENSG00000198722,UNC13B,unc-13 homolog B [Source:HGNC Symbol;Acc:HGNC:12566]
A0A1B0GUU1,62.569933860429884,0.5821203302920344,0.1844045544485415,3.1567567950415034,0.0015953434548254756,0.007761682010306869,ENSG00000267221,C17orf113,chromosome 17 open reading frame 113 [Source:HGNC Symbol;Acc:HGNC:53437]
A0A1B0GUX5,15.960850978762942,-0.9534787841390557,0.2716188139196641,-3.510356187701576,0.0004475068037426149,0.002652328688454617,ENSG00000106976,DNM1,dynamin 1 [Source:HGNC Symbol;Acc:HGNC:2972]
A0A1B0GUX8,29.515810238957883,0.5083586984615204,0.1816253130473412,2.798941898197941,0.005127036202949283,0.02028919009866203,ENSG00000131149,GSE1,Gse1 coiled-coil protein [Source:HGNC Symbol;Acc:HGNC:28979]
A0A1B0GV96,1331.3371326456102,-1.7959936429972003,0.427700914866231,-4.199181204835441,2.678818878027967e-05,0.00023584300014382745,ENSG00000277639,CHD9NB,CHD9 neighbor [Source:HGNC Symbol;Acc:HGNC:53436]
A0A1B0GVC6,12.962793179927287,0.7682068478635564,0.16338280282874948,4.701883151489061,2.577730086395177e-06,3.076258621502123e-05,ENSG00000112592,TBP,TATA-box binding protein [Source:HGNC Symbol;Acc:HGNC:11588]
A0A1B0GVG4,19.984247497022714,1.884084944398879,0.29935344912731326,6.2938474565482245,3.0969217603886664e-10,9.130950869466798e-09,ENSG00000269720,CCDC194,coiled-coil domain containing 194 [Source:HGNC Symbol;Acc:HGNC:53438]
A0A1B0GVJ7,16.793176123951664,-0.8183121935053626,0.2584166990963764,-3.1666382101729944,0.0015421204506989175,0.007552725831604247,ENSG00000197077,KIAA1671,KIAA1671 [Source:HGNC Symbol;Acc:HGNC:29345]
A0A1B0GVM6,120.1613540189984,-1.3652722880824382,0.5153679409096071,-2.6491214910899936,0.008070131489088712,0.029388817678395383,ENSG00000257057,C11orf97,chromosome 11 open reading frame 97 [Source:HGNC Symbol;Acc:HGNC:49544]
A0A1B0GVN0,89.0719415894464,2.190777928913946,0.22403533468624312,9.778716076114,1.3896209520123268e-22,3.6484167232952205e-20,ENSG00000223573,TINCR,TINCR ubiquitin domain containing [Source:HGNC Symbol;Acc:HGNC:14607]
A0A1B0GVQ0,116.42789111337024,1.4489566494514627,0.21473115511269625,6.74777094498008,1.501337068145111e-11,5.965853639796807e-10,ENSG00000235387,SPAAR,small regulatory polypeptide of amino acid response [Source:HGNC Symbol;Acc:HGNC:27244]
A0A1B0GVQ2,34.48374683869414,2.1311141121071806,0.3405928089106457,6.257073127654544,3.922695065779371e-10,1.1308642742574934e-08,ENSG00000273540,AGBL1,AGBL carboxypeptidase 1 [Source:HGNC Symbol;Acc:HGNC:26504]
A0A1B0GVV1,20.123355536624832,-1.3182736539783677,0.2979029051315567,-4.425178913230825,9.63623859467475e-06,9.721756906082201e-05,ENSG00000255274,SMIM35,small integral membrane protein 35 [Source:HGNC Symbol;Acc:HGNC:44179]
A0A1B0GVW8,19.35629321304385,1.1952387245723644,0.283946071163841,4.209386379861879,2.5606517078181025e-05,0.0002269799548401143,ENSG00000198722,UNC13B,unc-13 homolog B [Source:HGNC Symbol;Acc:HGNC:12566]
A0A1B0GVY4,74.6759811985473,-2.621048487581606,0.41848033715109595,-6.263253622440218,3.770266517741556e-10,1.0940718129246352e-08,ENSG00000248771,SMIM31,small integral membrane protein 31 [Source:HGNC Symbol;Acc:HGNC:49638]
A0A1B0GW12,45.515247405320025,-0.5734473579963896,0.22906804116511661,-2.5033931188289933,0.012300882761408895,0.04145532830380681,ENSG00000181090,EHMT1,euchromatic histone lysine methyltransferase 1 [Source:HGNC Symbol;Acc:HGNC:24650]
A0A1B0GW72,13.392114447128634,-0.8140587982431426,0.26242878707976397,-3.1020179123706932,0.001922063277726813,0.00904206133254845,ENSG00000153404,PLEKHG4B,pleckstrin homology and RhoGEF domain containing G4B [Source:HGNC Symbol;Acc:HGNC:29399]
A0A1B0GWB2,272.52329311636527,1.202617072131285,0.2182317532665753,5.510733677066048,3.5734105732374145e-08,6.65608080930557e-07,ENSG00000283526,PRRT1B,proline rich transmembrane protein 1B [Source:HGNC Symbol;Acc:HGNC:53642]
A0A1B0GWE7,10.103792484676148,0.8657330392861593,0.2500140120960851,3.4627380762700684,0.0005347086333340582,0.003088649607006108,ENSG00000089159,PXN,paxillin [Source:HGNC Symbol;Acc:HGNC:9718]
A0A1B0GWF2,24.41355452415888,1.0236029352437241,0.25612514146547544,3.9964953435924264,6.428714561631979e-05,0.0005043716504526206,ENSG00000136854,STXBP1,syntaxin binding protein 1 [Source:HGNC Symbol;Acc:HGNC:11444]
A0A1B0GWH6,91.70672828601754,0.5004308846594189,0.1897649683415013,2.6371088880790823,0.00836159864142539,0.03025044232906751,ENSG00000263874,LASP1NB,LASP1 neighbor [Source:HGNC Symbol;Acc:HGNC:44353]
A0A1B0GXE7,33.37047340846355,0.6741081770912697,0.19991322267412537,3.3720039528856995,0.0007462337735930569,0.004098988703068811,ENSG00000128699,ORMDL1,ORMDL sphingolipid biosynthesis regulator 1 [Source:HGNC Symbol;Acc:HGNC:16036]
A0A1W2PQ73,25.233712066439796,0.8600003293594093,0.24577075761004624,3.499197128748467,0.00046666143232709973,0.002749599580160796,ENSG00000268041,ERFL,ETS repressor factor like [Source:HGNC Symbol;Acc:HGNC:53894]
A0A1W2PQX5,341.1160095965299,-1.374428985314338,0.5284079737795941,-2.601075406722818,0.009293202424774556,0.03297920877771432,ENSG00000260220,CCDC187,coiled-coil domain containing 187 [Source:HGNC Symbol;Acc:HGNC:30942]
A0A1W2PR40,13.306431373950481,0.8455852179060825,0.21499126958726403,3.9331142121697322,8.385237057337294e-05,0.0006357099280251519,ENSG00000121897,LIAS,lipoic acid synthetase [Source:HGNC Symbol;Acc:HGNC:16429]
A0A1W2PR94,263.4310261417018,-1.256606525603622,0.38363117966253235,-3.2755589019354923,0.0010545312175377303,0.005488938275094902,ENSG00000197057,DTHD1,death domain containing 1 [Source:HGNC Symbol;Acc:HGNC:37261]
A0A1W2PRY5,11.120634527481021,0.7889445018591503,0.2987994290415185,2.640381557588337,0.008281273358484926,0.030023870236400883,ENSG00000198198,SZT2,SZT2 subunit of KICSTOR complex [Source:HGNC Symbol;Acc:HGNC:29040]
A0A1X7SC74,25.841747499280142,-1.3122666831329641,0.4733769775043981,-2.772138793168859,0.00556892862789499,0.02175536666629897,ENSG00000153789,CIBAR2,CBY1 interacting BAR domain containing 2 [Source:HGNC Symbol;Acc:HGNC:24781]
A0A1Y8ELM0,10.29892857962138,0.6675991909711004,0.2216128360354598,3.012457233588578,0.002591419472647924,0.011578437003601564,ENSG00000136925,TSTD2,thiosulfate sulfurtransferase like domain containing 2 [Source:HGNC Symbol;Acc:HGNC:30087]
A0A2R8Y4Z8,58.53651531936539,0.6315623577656507,0.13484169043660885,4.683732128547869,2.8169810159191385e-06,3.315138704646781e-05,ENSG00000105321,CCDC9,coiled-coil domain containing 9 [Source:HGNC Symbol;Acc:HGNC:24560]
A0A2R8Y566,14.193328354661261,1.17319103351303,0.20876226296725517,5.6197466766158195,1.9123765319540173e-08,3.772410736647039e-07,ENSG00000134444,RELCH,"RAB11 binding and LisH domain, coiled-coil and HEAT repeat containing [Source:HGNC Symbol;Acc:HGNC:29289]"
A0A2R8Y644,11.341396262503999,1.1689285694886358,0.2627215487159326,4.449306024579425,8.614819457892397e-06,8.798450610305507e-05,ENSG00000065883,CDK13,cyclin dependent kinase 13 [Source:HGNC Symbol;Acc:HGNC:1733]
A0A2R8Y648,21.034727310907268,-0.9948152366344345,0.259551008759271,-3.832831324331735,0.0001266768154927079,0.0009012242235472353,ENSG00000001084,GCLC,glutamate-cysteine ligase catalytic subunit [Source:HGNC Symbol;Acc:HGNC:4311]
A0A2R8Y6A7,42.09534677957907,0.8650291108785216,0.15902114015672772,5.439711412117711,5.3366946706108436e-08,9.560963790873398e-07,ENSG00000124570,SERPINB6,serpin family B member 6 [Source:HGNC Symbol;Acc:HGNC:8950]
A0A2R8Y7E6,23.935078826533765,0.5134582541158966,0.20091400663012896,2.555612038841789,0.010600123009635701,0.03667106253869079,ENSG00000204842,ATXN2,ataxin 2 [Source:HGNC Symbol;Acc:HGNC:10555]
A0A2R8Y7G8,12.160647533205958,1.1443122422045156,0.29477400146376775,3.8819985362419045,0.00010360150118258206,0.0007608483207061822,ENSG00000184619,KRBA2,KRAB-A domain containing 2 [Source:HGNC Symbol;Acc:HGNC:26989]
A0A2R8Y7Y4,151.55175028683107,0.6617792108761703,0.1832997788327723,3.6103655721261045,0.0003057657423194553,0.0019244742240620055,ENSG00000065413,ANKRD44,ankyrin repeat domain 44 [Source:HGNC Symbol;Acc:HGNC:25259]
A0A2R8YCY8,12.637157069736665,0.6639087353153844,0.2725035845380117,2.4363302832912836,0.014837130155465493,0.04824090644974731,ENSG00000065000,AP3D1,adaptor related protein complex 3 subunit delta 1 [Source:HGNC Symbol;Acc:HGNC:568]
A0A2R8YD28,33.33170347085056,0.6322685763868054,0.18289203100379323,3.457059189056149,0.0005461048872171313,0.003142953335774169,ENSG00000065883,CDK13,cyclin dependent kinase 13 [Source:HGNC Symbol;Acc:HGNC:1733]
A0A2R8YEM2,34.04617880081211,1.2162845424091115,0.26150146363989063,4.6511576856182995,3.300768139046888e-06,3.80926952059341e-05,ENSG00000134480,CCNH,cyclin H [Source:HGNC Symbol;Acc:HGNC:1594]
A0A2R8YGH2,23.866508926997223,-0.6322553687516353,0.19572610053752112,-3.23030687790375,0.0012365741290144485,0.00626640759220695,ENSG00000147044,CASK,calcium/calmodulin dependent serine protein kinase [Source:HGNC Symbol;Acc:HGNC:1497]
A0A2U3U043,58.42333821533382,-1.5456349642581138,0.28648877546146884,-5.395097807125058,6.848623582776741e-08,1.1930453751544884e-06,ENSG00000134504,KCTD1,potassium channel tetramerization domain containing 1 [Source:HGNC Symbol;Acc:HGNC:18249]
A0A2Z4LIS9,79.36106116714546,-0.834486516235849,0.18033494707200734,-4.62742540913404,3.702395115190073e-06,4.208898034556798e-05,ENSG00000240445,FOXO3B,forkhead box O3B [Source:HGNC Symbol;Acc:HGNC:3822]
A0A3B3IRI9,10.745441817873875,0.8154173121194342,0.24955715764752323,3.267457122071958,0.0010851830332297848,0.005621946585588365,ENSG00000147099,HDAC8,histone deacetylase 8 [Source:HGNC Symbol;Acc:HGNC:13315]
A0A3B3IS25,135.13642281255613,-1.2891709614364917,0.4423302042232912,-2.914499053258659,0.0035625988935580923,0.015025732644584082,ENSG00000133640,LRRIQ1,leucine rich repeats and IQ motif containing 1 [Source:HGNC Symbol;Acc:HGNC:25708]
A0A3B3IS58,23.667592561126888,-2.0598413418431396,0.48075307247751425,-4.28461399368276,1.8305673249413828e-05,0.00017027132764343002,ENSG00000128422,KRT17,keratin 17 [Source:HGNC Symbol;Acc:HGNC:6427]
A0A3B3ISP1,64.846046308462,1.1950369465917547,0.15743818791164085,7.590515124973658,3.186361895233332e-14,2.1102710281524296e-12,ENSG00000064999,ANKS1A,ankyrin repeat and sterile alpha motif domain containing 1A [Source:HGNC Symbol;Acc:HGNC:20961]
A0A3B3ISX2,17.26992294689966,1.0147035740728712,0.26726596319231655,3.7966060547063414,0.00014669062192192544,0.0010279996745682057,ENSG00000142867,BCL10,BCL10 immune signaling adaptor [Source:HGNC Symbol;Acc:HGNC:989]
A0A3B3ISZ7,26.429337949027822,1.1267560158136891,0.2657196914025144,4.240393362894848,2.2312841885036222e-05,0.00020159255015673446,ENSG00000175356,SCUBE2,"signal peptide, CUB domain and EGF like domain containing 2 [Source:HGNC Symbol;Acc:HGNC:30425]"
A0A3B3IT90,12.259992833208925,0.5150519592501521,0.20982486599682007,2.4546755066578134,0.014101181177169119,0.046236611608874184,ENSG00000184465,WDR27,WD repeat domain 27 [Source:HGNC Symbol;Acc:HGNC:21248]
A0A3B3ITG1,18.709888608755865,1.3623256952611682,0.22467980810908014,6.06340955480864,1.3326573712440806e-09,3.4135221446477295e-08,ENSG00000053747,LAMA3,laminin subunit alpha 3 [Source:HGNC Symbol;Acc:HGNC:6483]
A0A3B3ITJ0,12.841652766921854,1.1692220275892318,0.2606319200318204,4.486104493442253,7.253717680136867e-06,7.567336315881669e-05,ENSG00000121691,CAT,catalase [Source:HGNC Symbol;Acc:HGNC:1516]
A0A3B3ITP3,19.20134159617434,1.7043003637727216,0.32417651294157646,5.25732215547606,1.461681321315907e-07,2.3720323664680655e-06,ENSG00000156650,KAT6B,lysine acetyltransferase 6B [Source:HGNC Symbol;Acc:HGNC:17582]
A0A3B3ITR5,21.962269146400832,0.5072626334854937,0.1965207707874902,2.581216384674308,0.009845285043891839,0.03455800037529693,ENSG00000130958,SLC35D2,solute carrier family 35 member D2 [Source:HGNC Symbol;Acc:HGNC:20799]
A0A3B3ITX0,12.530282276396175,0.5673084940415465,0.1668009438607062,3.4011108145485083,0.0006711261609720125,0.003754697197888575,ENSG00000131174,COX7B,cytochrome c oxidase subunit 7B [Source:HGNC Symbol;Acc:HGNC:2291]
A0A3B3IUA7,14.808808702097659,0.8545550798161715,0.24700072101110623,3.459727066050738,0.0005407231636554526,0.003114459889354348,ENSG00000121060,TRIM25,tripartite motif containing 25 [Source:HGNC Symbol;Acc:HGNC:12932]
A0A494BZU2,35.27326963105334,-1.3218612763649458,0.2260833244509814,-5.846788035229672,5.011554326478808e-09,1.1394311249089035e-07,ENSG00000281406,BLACAT1,BLACAT1 overlapping LEMD1 locus [Source:HGNC Symbol;Acc:HGNC:48597]
A0A494BZW5,15.205232252026436,0.5430806787927689,0.1919513441084669,2.8292621826387814,0.004665546042447181,0.018748898035737996,ENSG00000130584,ZBTB46,zinc finger and BTB domain containing 46 [Source:HGNC Symbol;Acc:HGNC:16094]
A0A494BZX9,11.70220615447421,1.301641826917326,0.3210692127742756,4.0540848363198,5.0330949796503736e-05,0.0004088393247926679,ENSG00000206077,ZDHHC11B,zinc finger DHHC-type containing 11B [Source:HGNC Symbol;Acc:HGNC:32962]
A0A494BZY7,13.823369236367174,0.5740201404425002,0.19805309390123008,2.8983144324358117,0.003751742507086291,0.01563102358356053,ENSG00000203791,EEF1AKMT2,EEF1A lysine methyltransferase 2 [Source:HGNC Symbol;Acc:HGNC:33787]
A0A494C034,20.849255365770805,1.0119283674033244,0.26000376647626444,3.8919758014186407,9.943116420909449e-05,0.0007353638147107209,ENSG00000143549,TPM3,tropomyosin 3 [Source:HGNC Symbol;Acc:HGNC:12012]
A0A494C0G8,11.621145021100425,0.696635947423153,0.23397103644257186,2.9774452343127615,0.0029066156803250883,0.01270614513654896,ENSG00000151466,SCLT1,sodium channel and clathrin linker 1 [Source:HGNC Symbol;Acc:HGNC:26406]
A0A494C120,10.735754371647499,-1.2358997167794696,0.2525316591183585,-4.894038716152491,9.87873915567511e-07,1.305366766562366e-05,ENSG00000172667,ZMAT3,zinc finger matrin-type 3 [Source:HGNC Symbol;Acc:HGNC:29983]
A0A499FIG1,104.03402158211856,0.6055337890154904,0.1740403659842281,3.479272096396104,0.0005027778131783069,0.002931076365803431,ENSG00000185614,INKA1,inka box actin regulator 1 [Source:HGNC Symbol;Acc:HGNC:32480]
A0A590UJL0,1003.7242806839733,-0.7159830273995522,0.13641224193512194,-5.248671360009434,1.532000954086794e-07,2.471598320514276e-06,ENSG00000101846,STS,steroid sulfatase [Source:HGNC Symbol;Acc:HGNC:11425]
A0A590UJY5,40.4838532538547,1.4393518584804919,0.22857405812346365,6.297091937279383,3.0328141883291395e-10,8.990011305028338e-09,ENSG00000251322,SHANK3,SH3 and multiple ankyrin repeat domains 3 [Source:HGNC Symbol;Acc:HGNC:14294]
A0A5F9ZHC6,16.198022236109516,1.1563316675621464,0.2313457008648585,4.998284659016085,5.784255383152948e-07,8.151180077958794e-06,ENSG00000126522,ASL,argininosuccinate lyase [Source:HGNC Symbol;Acc:HGNC:746]
A0A5F9ZHK1,11.400979377809412,1.059163947281271,0.22873508662841055,4.630526793652458,3.6473657943653814e-06,4.152762273047709e-05,ENSG00000112782,CLIC5,chloride intracellular channel 5 [Source:HGNC Symbol;Acc:HGNC:13517]
A0A5F9ZHM5,41.788611965707965,-1.6134391661107734,0.44114059181939436,-3.6574262174706544,0.00025476056007703963,0.0016462025760149521,ENSG00000087495,PHACTR3,phosphatase and actin regulator 3 [Source:HGNC Symbol;Acc:HGNC:15833]
A0A5F9ZI21,55.989844379838466,1.4347185503371445,0.22240684671450803,6.450874024480088,1.1120691317072425e-10,3.6442158440819503e-09,ENSG00000116584,ARHGEF2,Rho/Rac guanine nucleotide exchange factor 2 [Source:HGNC Symbol;Acc:HGNC:682]
A0A5H1ZRQ3,189760.3887852403,-3.1137884076287317,0.4080686862961762,-7.630549738797512,2.3375475527057015e-14,1.5765221323355211e-12,ENSG00000211592,IGKC,immunoglobulin kappa constant [Source:HGNC Symbol;Acc:HGNC:5716]
A0A5H1ZRQ6,24.576698371972746,1.6391100844299973,0.3290706576401574,4.981027771313427,6.324746159751403e-07,8.822640848017549e-06,ENSG00000211689,TRGC1,T cell receptor gamma constant 1 [Source:HGNC Symbol;Acc:HGNC:12275]
A0A5H1ZRQ7,284.52839152979107,-1.8543275581914278,0.6165785895845359,-3.0074472087019983,0.0026345187853901537,0.011735272541488139,ENSG00000211685,IGLC7,immunoglobulin lambda constant 7 [Source:HGNC Symbol;Acc:HGNC:5861]
A0A5H1ZRR0,148.66647066903528,1.1870919780562041,0.2627273910378205,4.518341134386396,6.232601089747594e-06,6.621087882143228e-05,ENSG00000227191,TRGC2,T cell receptor gamma constant 2 [Source:HGNC Symbol;Acc:HGNC:12276]
A0A669KB05,19.844917733733034,0.6102675917122069,0.2135916352809367,2.8571699023209547,0.00427436972440612,0.017437467610442577,ENSG00000198561,CTNND1,catenin delta 1 [Source:HGNC Symbol;Acc:HGNC:2515]
A0A669KB76,12.684315108279138,0.6875773794229876,0.21939887695979082,3.133914762694978,0.0017249095361607197,0.008282419967447968,ENSG00000127603,MACF1,microtubule actin crosslinking factor 1 [Source:HGNC Symbol;Acc:HGNC:13664]
A0A669KBA4,19.584274121917815,1.043396861063789,0.2041649492519745,5.110558226995461,3.212082925286847e-07,4.809183763358868e-06,ENSG00000115415,STAT1,signal transducer and activator of transcription 1 [Source:HGNC Symbol;Acc:HGNC:11362]
A0A6I8PIJ9,40.987598507962886,0.7597815902960474,0.1789391379012206,4.246033591127884,2.1758802392128463e-05,0.00019747680162798402,ENSG00000189195,BTBD8,BTB domain containing 8 [Source:HGNC Symbol;Acc:HGNC:21019]
A0A6I8PRS5,12.389885137916023,0.6136945836472153,0.18852572454720437,3.255229943399869,0.0011330059219267748,0.005825906412257657,ENSG00000152133,GPATCH11,G-patch domain containing 11 [Source:HGNC Symbol;Acc:HGNC:26768]
A0A6I8PS14,11.561953877360088,0.7951359985703181,0.25985931375215415,3.059871078273894,0.0022143228688111145,0.01018662422794333,ENSG00000074527,NTN4,netrin 4 [Source:HGNC Symbol;Acc:HGNC:13658]
A0A6I8PU40,142.75696842077375,0.6073935568981542,0.17889194650826154,3.395309675777404,0.000685510161573994,0.0038158904670876266,ENSG00000253352,TUG1,taurine up-regulated 1 [Source:HGNC Symbol;Acc:HGNC:26066]
A0A6Q8JR05,100.53744560294216,-0.7546015932524799,0.29902843691248543,-2.5235111451066574,0.011618937748134918,0.03947074138899684,ENSG00000196159,FAT4,FAT atypical cadherin 4 [Source:HGNC Symbol;Acc:HGNC:23109]
A0A6Q8PG87,16.189160655719956,0.6423234853586397,0.18606875345548674,3.452076038722444,0.0005562909340679121,0.003194074527449553,ENSG00000112137,PHACTR1,phosphatase and actin regulator 1 [Source:HGNC Symbol;Acc:HGNC:20990]
A0A6Q8PHS9,26.314162078194112,1.2098630912898964,0.32260557068136647,3.750285801744146,0.00017663313344732121,0.0012055561579766933,ENSG00000080618,CPB2,carboxypeptidase B2 [Source:HGNC Symbol;Acc:HGNC:2300]
A0A7D9NKC8,73.41943422441972,0.7471026480368508,0.12850345229042515,5.813872193475052,6.1044027640491984e-09,1.353030136264734e-07,ENSG00000138443,ABI2,abl interactor 2 [Source:HGNC Symbol;Acc:HGNC:24011]
A0A7I2PJA1,62.68329990254737,-0.6514357236480145,0.1936051174060174,-3.3647650040254944,0.0007660887669389728,0.004191347473597644,ENSG00000074047,GLI2,GLI family zinc finger 2 [Source:HGNC Symbol;Acc:HGNC:4318]
A0A7I2V2L6,32.70904675373451,0.61273913908322,0.20121579390405347,3.0451841140034706,0.002325379097470556,0.010600229560896166,ENSG00000135486,HNRNPA1,heterogeneous nuclear ribonucleoprotein A1 [Source:HGNC Symbol;Acc:HGNC:5031]
A0A7I2V302,20.941305600941995,-0.5564933185032124,0.21768662230463318,-2.5563964960807244,0.010576253021462957,0.036622497116555824,ENSG00000164733,CTSB,cathepsin B [Source:HGNC Symbol;Acc:HGNC:2527]
A0A7I2V3R9,11.685229598258665,1.1276161269898692,0.23823802684331416,4.733149203470724,2.2106286392055993e-06,2.6920598569320977e-05,ENSG00000143801,PSEN2,presenilin 2 [Source:HGNC Symbol;Acc:HGNC:9509]
A0A7I2V3Z2,60.61096018351764,0.8281771625266067,0.2576217145202195,3.214702472068235,0.0013057978952133768,0.006558430148265956,ENSG00000168675,LDLRAD4,low density lipoprotein receptor class A domain containing 4 [Source:HGNC Symbol;Acc:HGNC:1224]
A0A7I2V436,47.72345906670691,-0.9021543815702832,0.16007905041859016,-5.6356804916773475,1.743684068239057e-08,3.4550950980183436e-07,ENSG00000117411,B4GALT2,"beta-1,4-galactosyltransferase 2 [Source:HGNC Symbol;Acc:HGNC:925]"
A0A7I2V4B0,16.220348809296272,1.6003658433168781,0.31744502463950325,5.041395262484535,4.621497778191032e-07,6.670321465983313e-06,ENSG00000005844,ITGAL,integrin subunit alpha L [Source:HGNC Symbol;Acc:HGNC:6148]
A0A7I2V5Y1,55.746470391038514,0.5299485968868204,0.13217157902564575,4.009550319316323,6.083448867276933e-05,0.00048191228922027835,ENSG00000137275,RIPK1,receptor interacting serine/threonine kinase 1 [Source:HGNC Symbol;Acc:HGNC:10019]
A0A7I2V6A6,18.362139404152774,0.8312243944015067,0.2047182195828904,4.06033422963091,4.900251835736576e-05,0.0003989205473238978,ENSG00000100412,ACO2,aconitase 2 [Source:HGNC Symbol;Acc:HGNC:118]
A0A7I2YQN1,75.48344073653927,1.3903675445269574,0.24257293283208745,5.7317505638165755,9.939937534702887e-09,2.1017773958805127e-07,ENSG00000084623,EIF3I,eukaryotic translation initiation factor 3 subunit I [Source:HGNC Symbol;Acc:HGNC:3272]
A0A7P0T8S7,181.67432003437267,2.2360024739998225,0.2872662660300707,7.783727984843721,7.041807867162334e-15,5.091804285324529e-13,ENSG00000111331,OAS3,2'-5'-oligoadenylate synthetase 3 [Source:HGNC Symbol;Acc:HGNC:8088]
A0A7P0T8T5,37.592297769324915,0.9280526781748358,0.2778331957391529,3.3403232313756686,0.0008368093325912956,0.004512223232510619,ENSG00000188906,LRRK2,leucine rich repeat kinase 2 [Source:HGNC Symbol;Acc:HGNC:18618]
A0A7P0T9H7,16.683714086842834,0.646687433837305,0.1787756851771838,3.6173120141946367,0.00029767838225151105,0.001883814798393224,ENSG00000123607,TTC21B,tetratricopeptide repeat domain 21B [Source:HGNC Symbol;Acc:HGNC:25660]
A0A7P0T9H8,15.648991490636316,1.164002296336733,0.2828216571235837,4.115675964051446,3.860463449306401e-05,0.00032451648660291135,ENSG00000135114,OASL,2'-5'-oligoadenylate synthetase like [Source:HGNC Symbol;Acc:HGNC:8090]
A0A7P0T9R0,49.92078732015091,1.0356316822473255,0.19211209923730704,5.390767610987679,7.015735302378214e-08,1.2192970828344004e-06,ENSG00000157601,MX1,MX dynamin like GTPase 1 [Source:HGNC Symbol;Acc:HGNC:7532]
A0A7P0TA36,135.08763453631727,1.1187887925423579,0.27219527701682067,4.110243222453932,3.952425801942722e-05,0.000331055065081826,ENSG00000206077,ZDHHC11B,zinc finger DHHC-type containing 11B [Source:HGNC Symbol;Acc:HGNC:32962]
A0A7P0TAW3,19.77651664959413,0.6896699741143919,0.2537008404739121,2.7184378767768025,0.006559097148280897,0.024812063208951442,ENSG00000165280,VCP,valosin containing protein [Source:HGNC Symbol;Acc:HGNC:12666]
A0A7P0TBE3,10.22042183780558,0.5707133058704524,0.21008689426111005,2.7165583454298288,0.006596456726977958,0.024910660386433543,ENSG00000095787,WAC,WW domain containing adaptor with coiled-coil [Source:HGNC Symbol;Acc:HGNC:17327]
A0A804HIV6,43.47373791123953,0.6838418215096151,0.1436369387841387,4.760905010216839,1.9272674947987823e-06,2.379093626497862e-05,ENSG00000135317,SNX14,sorting nexin 14 [Source:HGNC Symbol;Acc:HGNC:14977]
A0A804HK68,18.656605009109224,1.7620890234910727,0.24842132229842492,7.093147267666101,1.3109581958802444e-12,6.257980963624006e-11,ENSG00000114654,EFCC1,EF-hand and coiled-coil domain containing 1 [Source:HGNC Symbol;Acc:HGNC:25692]
A0A804HKQ9,13.871237588068038,1.574066667726711,0.287698500029961,5.471236963567024,4.4690526754096235e-08,8.125349357253408e-07,ENSG00000138821,SLC39A8,solute carrier family 39 member 8 [Source:HGNC Symbol;Acc:HGNC:20862]
A0A804HKX2,732.015554668263,1.8997414981621485,0.2822869448948428,6.729824147092025,1.6986825937709507e-11,6.630574499650362e-10,ENSG00000138821,SLC39A8,solute carrier family 39 member 8 [Source:HGNC Symbol;Acc:HGNC:20862]
A0A8I5KR34,15.314448772565262,-1.4255017349251058,0.35031477548039225,-4.069202427931543,4.717434800384926e-05,0.0003867595059021902,ENSG00000144649,GASK1A,golgi associated kinase 1A [Source:HGNC Symbol;Acc:HGNC:24485]
A0A8I5KRH1,10.846318205860415,0.6118784893991379,0.2216579484083693,2.760462657859892,0.005771955613547824,0.022349868587734394,ENSG00000169249,ZRSR2,"zinc finger CCCH-type, RNA binding motif and serine/arginine rich 2 [Source:HGNC Symbol;Acc:HGNC:23019]"
A0A8I5KRL2,21.673432003714307,-0.5523537746794263,0.13177017742998565,-4.191796546475109,2.767541335007305e-05,0.00024229994681322393,ENSG00000068912,ERLEC1,endoplasmic reticulum lectin 1 [Source:HGNC Symbol;Acc:HGNC:25222]
A0A8I5KT14,10.323486286911308,0.8314494905089972,0.3046345550865893,2.729334137004471,0.0063462364769821126,0.024160175947413,ENSG00000153015,CWC27,CWC27 spliceosome associated cyclophilin [Source:HGNC Symbol;Acc:HGNC:10664]
A0A8I5KTB8,79.47898636328377,-1.0254254468346944,0.39608260553222585,-2.588918151194257,0.009627797560365582,0.033935024356129544,ENSG00000163491,NEK10,NIMA related kinase 10 [Source:HGNC Symbol;Acc:HGNC:18592]
A0A8I5KTM3,28.91375888587647,0.5977394319122638,0.16408353390080913,3.642897112842572,0.0002695866146882999,0.0017288348939621305,ENSG00000122126,OCRL,OCRL inositol polyphosphate-5-phosphatase [Source:HGNC Symbol;Acc:HGNC:8108]
A0A8I5KTY6,22.60211296824658,1.1137340127603972,0.20580590990257988,5.411574494083252,6.247299514582572e-08,1.0995845450487154e-06,ENSG00000226314,ZKSCAN8P1,ZKSCAN8 pseudogene 1 [Source:HGNC Symbol;Acc:HGNC:18777]
A0A8I5KUX3,81.32545500256887,1.1461131651501157,0.1970534732674413,5.816254573674065,6.018079318278361e-09,1.339280739508688e-07,ENSG00000117114,ADGRL2,adhesion G protein-coupled receptor L2 [Source:HGNC Symbol;Acc:HGNC:18582]
A0A8I5KX71,33.139159075057414,0.5497523501017019,0.20190773103787918,2.7227899955874637,0.00647331922292409,0.024567644491889154,ENSG00000119321,FKBP15,FKBP prolyl isomerase family member 15 [Source:HGNC Symbol;Acc:HGNC:23397]
A0A8I5KXF0,13.86555395879321,0.7823802831301551,0.24569921724176313,3.184301081270066,0.0014510400152080915,0.007176774275711875,ENSG00000136485,DCAF7,DDB1 and CUL4 associated factor 7 [Source:HGNC Symbol;Acc:HGNC:30915]
A0A8I5KY57,12.619031628762087,0.918384606636273,0.22061713880890663,4.162798101700322,3.1437131979123306e-05,0.00027050897724057176,ENSG00000064313,TAF2,TATA-box binding protein associated factor 2 [Source:HGNC Symbol;Acc:HGNC:11536]
A0A8I5KY90,12.069137839477385,0.7124028515206569,0.20448841458603428,3.4838298930667686,0.0004942935402288664,0.002887721784425807,ENSG00000197302,KRBOX5,KRAB box domain containing 5 [Source:HGNC Symbol;Acc:HGNC:26987]
A0A8I5QJ99,10.778954262129146,0.8647838529082466,0.22567011303910472,3.8320708101847516,0.00012706915139971034,0.0009037030199836219,ENSG00000118600,RXYLT1,ribitol xylosyltransferase 1 [Source:HGNC Symbol;Acc:HGNC:13530]
A0A8I5QKK7,15.66687568932663,-1.9017092254747268,0.28988621529079944,-6.5601919827992745,5.373854716332103e-11,1.878209063613125e-09,ENSG00000169507,SLC38A11,solute carrier family 38 member 11 [Source:HGNC Symbol;Acc:HGNC:26836]
A0A8I5QKT9,10.231910173803602,0.8887258266654608,0.21663804979989246,4.102353337681782,4.0896908894175345e-05,0.0003412563105380791,ENSG00000100243,CYB5R3,cytochrome b5 reductase 3 [Source:HGNC Symbol;Acc:HGNC:2873]
A0A8I5QKV5,11.780473142140348,0.8352426153805832,0.306040714088255,2.729187905174338,0.006349051496042191,0.02416672103792104,ENSG00000119812,FAM98A,family with sequence similarity 98 member A [Source:HGNC Symbol;Acc:HGNC:24520]
A0A8J8YXK0,87.56465825538092,-1.5451673211496293,0.46265015731016823,-3.339817995811733,0.0008383331180728672,0.004519334780244197,ENSG00000185860,CCDC190,coiled-coil domain containing 190 [Source:HGNC Symbol;Acc:HGNC:28736]
A0A8J9A6E2,16.5091631137339,1.2207925402795723,0.264455137255237,4.616255720913952,3.907254465091815e-06,4.416739619330338e-05,ENSG00000196440,ARMCX4,armadillo repeat containing X-linked 4 [Source:HGNC Symbol;Acc:HGNC:28615]
A0AVF1,236.96150196160843,-0.7303833592656949,0.24397614206943333,-2.9936671392149266,0.002756464853119528,0.01219235376468072,ENSG00000105948,IFT56,intraflagellar transport 56 [Source:HGNC Symbol;Acc:HGNC:21882]
A0AVK6,36.66312078098456,-1.365133030812496,0.23722568998583712,-5.754575024711689,8.686002397716831e-09,1.859816474555796e-07,ENSG00000129173,E2F8,E2F transcription factor 8 [Source:HGNC Symbol;Acc:HGNC:24727]
A0FGR9,76.54637595837451,1.0073218876704317,0.21119990300452676,4.7695187040348275,1.846665972895033e-06,2.2918610785721472e-05,ENSG00000158220,ESYT3,extended synaptotagmin 3 [Source:HGNC Symbol;Acc:HGNC:24295]
A0MZ66,138.80340542178223,0.5412076313793237,0.0887698857796598,6.0967480877770015,1.082478999943464e-09,2.848805711784386e-08,ENSG00000187164,SHTN1,shootin 1 [Source:HGNC Symbol;Acc:HGNC:29319]
A0PJE2,35.70847427852062,0.766724970130006,0.16392657293671492,4.677246381683377,2.9075283727956385e-06,3.407153599024177e-05,ENSG00000102796,DHRS12,dehydrogenase/reductase 12 [Source:HGNC Symbol;Acc:HGNC:25832]
A0PJX4,144.70189629342315,1.2348148115985313,0.26698359012382916,4.625058832364244,3.744920891630346e-06,4.2488961940701346e-05,ENSG00000178343,SHISA3,shisa family member 3 [Source:HGNC Symbol;Acc:HGNC:25159]
A0PJZ3,208.9176804565405,-0.9833505571257782,0.22031704328307375,-4.463343109876084,8.069068646262743e-06,8.315665417041052e-05,ENSG00000172986,GXYLT2,glucoside xylosyltransferase 2 [Source:HGNC Symbol;Acc:HGNC:33383]
A1L020,83.34643330960026,-1.8896083632443839,0.1977837827876216,-9.55390950972673,1.2489223512132244e-21,2.8105850544547397e-19,ENSG00000254726,MEX3A,mex-3 RNA binding family member A [Source:HGNC Symbol;Acc:HGNC:33482]
A1L157,553.4940001730762,-1.4962963515867544,0.22654311225552928,-6.604907722372098,3.9776502826422463e-11,1.4357299399900508e-09,ENSG00000110900,TSPAN11,tetraspanin 11 [Source:HGNC Symbol;Acc:HGNC:30795]
A1L167,17.999619674654358,-1.220391837738414,0.28671887202400614,-4.256405687994735,2.077396087871496e-05,0.00018970970319634773,ENSG00000215218,UBE2QL1,ubiquitin conjugating enzyme E2 Q family like 1 [Source:HGNC Symbol;Acc:HGNC:37269]
A1L168,54.401393021181136,0.9698527918490693,0.20695241427833605,4.686356500024625,2.781116566649789e-06,3.281687788169847e-05,ENSG00000215595,C20orf202,chromosome 20 open reading frame 202 [Source:HGNC Symbol;Acc:HGNC:37254]
A1L4H1,566.5145725320764,-1.8589018651279354,0.22127500098956643,-8.400867051473142,4.431939448906469e-17,4.961522467318948e-15,ENSG00000179954,SSC5D,scavenger receptor cysteine rich family member with 5 domains [Source:HGNC Symbol;Acc:HGNC:26641]
A1X283,1854.5587766173232,-2.1611239730730705,0.28404443412904024,-7.608401057741835,2.775075755574157e-14,1.848988541191313e-12,ENSG00000174705,SH3PXD2B,SH3 and PX domains 2B [Source:HGNC Symbol;Acc:HGNC:29242]
A2A288,57.109282934696715,-0.6914530357333726,0.16188882964256113,-4.27115964245372,1.94459136981577e-05,0.0001798155893916855,ENSG00000178199,ZC3H12D,zinc finger CCCH-type containing 12D [Source:HGNC Symbol;Acc:HGNC:21175]
A2A2V5,181.0462925011823,4.147737860925387,0.42118907585043347,9.847686226311982,7.014004132638459e-23,2.0353532518580075e-20,ENSG00000180440,SERTM1,serine rich and transmembrane domain containing 1 [Source:HGNC Symbol;Acc:HGNC:33792]
A2A2Y4,276.8585943324149,0.9902179866181113,0.1645371756309023,6.018202165080406,1.763648470411904e-09,4.3825891339223566e-08,ENSG00000172159,FRMD3,FERM domain containing 3 [Source:HGNC Symbol;Acc:HGNC:24125]
A2A3R5,12.694978629320948,-0.7016602748771068,0.2719804457056163,-2.579818828727722,0.009885216076700292,0.03467057178046251,ENSG00000137154,RPS6,ribosomal protein S6 [Source:HGNC Symbol;Acc:HGNC:10429]
A2RTX5,36.84489054608111,0.9865111421726576,0.23924110800790677,4.123501811152178,3.7315552455877836e-05,0.0003149472613325411,ENSG00000185418,TARS3,threonyl-tRNA synthetase 3 [Source:HGNC Symbol;Acc:HGNC:24728]
A2RUC4,51.79623073726471,0.6829582253386366,0.1609805588855324,4.242488845030437,2.2105453216646225e-05,0.00020012876241375858,ENSG00000162971,TYW5,tRNA-yW synthesizing protein 5 [Source:HGNC Symbol;Acc:HGNC:26754]
A4D1S0,74.53196619784549,2.598331486986434,0.2582607472979154,10.06088425814528,8.225617253203249e-24,2.6290980130745574e-21,ENSG00000188883,KLRG2,killer cell lectin like receptor G2 [Source:HGNC Symbol;Acc:HGNC:24778]
A4D1S5,44.51304145364674,-0.6536414638769101,0.14630124274855502,-4.467777932688587,7.90362890860716e-06,8.166760756808303e-05,ENSG00000146955,RAB19,"RAB19, member RAS oncogene family [Source:HGNC Symbol;Acc:HGNC:19982]"
A4QMS7,80.71714018259075,-1.0134226497544716,0.3863620194420293,-2.622987247085057,0.008716253510303347,0.03130243525748738,ENSG00000215217,CFAP90,cilia and flagella associated protein 90 [Source:HGNC Symbol;Acc:HGNC:27028]
A5D6W6,13.994025871154227,0.6368470225789388,0.21827453454860765,2.917642334667854,0.003526886415317563,0.014921275619592549,ENSG00000139914,FITM1,fat storage inducing transmembrane protein 1 [Source:HGNC Symbol;Acc:HGNC:33714]
A5PKW4,49.83361104740285,-0.7406662435873703,0.21191893706929832,-3.4950451046532454,0.0004739816487203924,0.0027867745350252026,ENSG00000059915,PSD,pleckstrin and Sec7 domain containing [Source:HGNC Symbol;Acc:HGNC:9507]
A6H8M9,209.18741450727293,-1.308596865375166,0.4952484533033795,-2.642303790444238,0.008234416061819023,0.029891143688819573,ENSG00000187492,CDHR4,cadherin related family member 4 [Source:HGNC Symbol;Acc:HGNC:34527]
A6ND33,40.883262932675684,1.0001837362943982,0.41054877588065775,2.4362117123572697,0.014841994888520286,0.04824961015203808,ENSG00000123342,MMP19,matrix metallopeptidase 19 [Source:HGNC Symbol;Acc:HGNC:7165]
A6NDV4,15.444688966666432,1.1586318101392392,0.2699816938622491,4.291519893679903,1.774543013744517e-05,0.00016561900814693854,ENSG00000137103,TMEM8B,transmembrane protein 8B [Source:HGNC Symbol;Acc:HGNC:21427]
A6NFA1,125.61219418785556,-1.625708934982363,0.18896816393516416,-8.603083721235452,7.760232536342756e-18,9.779666763228752e-16,ENSG00000269113,TRABD2B,TraB domain containing 2B [Source:HGNC Symbol;Acc:HGNC:44200]
A6NFN9,28.164966615900777,-1.694752346500945,0.4743526920769805,-3.5727684796735835,0.00035322703498787963,0.0021705402701651427,ENSG00000206199,ANKUB1,ankyrin repeat and ubiquitin domain containing 1 [Source:HGNC Symbol;Acc:HGNC:29642]
A6NFT4,173.64761050161272,-1.1910074253453944,0.43138973642349643,-2.760861756284761,0.005764907296682176,0.022328638131547014,ENSG00000186710,CFAP73,cilia and flagella associated protein 73 [Source:HGNC Symbol;Acc:HGNC:37100]
A6NGB9,65.36924818938031,-1.1169642238326314,0.26666958695436477,-4.188569970012283,2.8071776238041407e-05,0.00024528326194681667,ENSG00000122574,WIPF3,WAS/WASL interacting protein family member 3 [Source:HGNC Symbol;Acc:HGNC:22004]
A6NGG8,40.7242643480236,0.920516574312029,0.3271781672971661,2.8135024470503605,0.0049005013175041304,0.01956120471606083,ENSG00000179270,PCARE,photoreceptor cilium actin regulator [Source:HGNC Symbol;Acc:HGNC:34383]
A6NGJ0,19.974023240418635,1.0889275050945821,0.22526339048664937,4.834018979924389,1.33803820786686e-06,1.714648148535487e-05,ENSG00000165169,DYNLT3,dynein light chain Tctex-type 3 [Source:HGNC Symbol;Acc:HGNC:11694]
A6NGS2,12.492749705059774,2.820008449985163,0.3147501993422282,8.95951283233014,3.2611601132332e-19,5.1372589383746427e-17,ENSG00000204978,ERICH4,glutamate rich 4 [Source:HGNC Symbol;Acc:HGNC:34497]
A6NIH7,1167.821270266858,-0.7215289859481187,0.1777338152078457,-4.059604443331998,4.915591707256673e-05,0.00039988365736569044,ENSG00000175970,UNC119B,unc-119 lipid binding chaperone B [Source:HGNC Symbol;Acc:HGNC:16488]
A6NIK2,479.58283305682767,-1.6751831327376094,0.42132902435041264,-3.9759499961350544,7.009885486622072e-05,0.0005449277917587705,ENSG00000204950,LRRC10B,leucine rich repeat containing 10B [Source:HGNC Symbol;Acc:HGNC:37215]
A6NIX2,472.49936886035374,0.690708558468439,0.11130157515400249,6.205739294459577,5.444036379326044e-10,1.5083263606740776e-08,ENSG00000142279,WTIP,WT1 interacting protein [Source:HGNC Symbol;Acc:HGNC:20964]
A6NK89,110.04873252514153,-0.9544900993766562,0.30794723282014963,-3.0995248459793987,0.0019383131982788461,0.0091049114536404,ENSG00000189431,RASSF10,Ras association domain family member 10 [Source:HGNC Symbol;Acc:HGNC:33984]
A6NKL6,32.529031194234555,-1.9870264384448504,0.23759296790972087,-8.363153404438588,6.106373190832686e-17,6.767334389478596e-15,ENSG00000206432,TMEM200C,transmembrane protein 200C [Source:HGNC Symbol;Acc:HGNC:37208]
A6NKN8,137.72812101185897,-0.6969669315688664,0.1876633574160608,-3.7139212532772143,0.00020407231890407184,0.001362170375638741,ENSG00000248485,PCP4L1,Purkinje cell protein 4 like 1 [Source:HGNC Symbol;Acc:HGNC:20448]
A6NLC5,255.56675467884875,-1.02994292748939,0.18211554704652047,-5.6554365851384265,1.5545061829293524e-08,3.116643578029449e-07,ENSG00000187068,C3orf70,chromosome 3 open reading frame 70 [Source:HGNC Symbol;Acc:HGNC:33731]
A6NMK8,17.800426710847173,-0.9633142822528683,0.253270978619892,-3.803492557663333,0.00014267028173640137,0.0010017352414564138,ENSG00000204767,INSYN2B,inhibitory synaptic factor family member 2B [Source:HGNC Symbol;Acc:HGNC:37271]
A6NML5,148.46244853318274,-1.5621302961032109,0.531198871213599,-2.940763583578977,0.0032740431388719946,0.014050544344168704,ENSG00000186329,TMEM212,transmembrane protein 212 [Source:HGNC Symbol;Acc:HGNC:34295]
A6NMZ2,824.8535973257082,-1.3613551215314175,0.49883790222475766,-2.729053096125887,0.006351647617592596,0.024168260275774175,ENSG00000188817,SNTN,"sentan, cilia apical structure protein [Source:HGNC Symbol;Acc:HGNC:33706]"
A6NP58,11.003530380964694,0.5364419334794651,0.20094433482433283,2.6696046641395843,0.007594060106172742,0.027978516802795467,ENSG00000165996,HACD1,3-hydroxyacyl-CoA dehydratase 1 [Source:HGNC Symbol;Acc:HGNC:9639]
A6PVS1,18.92287873680564,-1.0431843788725508,0.20710998866639369,-5.036861744765385,4.732263275085357e-07,6.816808247467829e-06,ENSG00000079931,MOXD1,monooxygenase DBH like 1 [Source:HGNC Symbol;Acc:HGNC:21063]
A6QL63,63.13436643990528,-0.7625805949049365,0.17471724730324106,-4.364655502964705,1.2732325047869476e-05,0.00012457794880466432,ENSG00000151136,ABTB3,ankyrin repeat and BTB domain containing 3 [Source:HGNC Symbol;Acc:HGNC:23844]
A8K1M9,18.384098671166015,0.6434058766156937,0.18046142037740923,3.5653375401241023,0.00036338820448548326,0.002220605004633651,ENSG00000165046,LETM2,leucine zipper and EF-hand containing transmembrane protein 2 [Source:HGNC Symbol;Acc:HGNC:14648]
A8K979,10.061480558640095,0.720202039300515,0.22161230423829084,3.249828757369494,0.0011547451972421438,0.005916995952597174,ENSG00000196678,ERI2,ERI1 exoribonuclease family member 2 [Source:HGNC Symbol;Acc:HGNC:30541]
A8MQ27,1450.3697219824749,-1.0762593573544101,0.17935449572960385,-6.000738107936734,1.9642258078593415e-09,4.829323965053502e-08,ENSG00000214357,NEURL1B,neuralized E3 ubiquitin protein ligase 1B [Source:HGNC Symbol;Acc:HGNC:35422]
A8MT37,23.01474212013892,0.5484908288774795,0.21422769943742875,2.5603170379826707,0.010457671260505305,0.036262316041987264,ENSG00000105723,GSK3A,glycogen synthase kinase 3 alpha [Source:HGNC Symbol;Acc:HGNC:4616]
A8MTZ4,21.24024071146568,0.7286747767112046,0.25633258684893684,2.842692712888006,0.004473417756021968,0.018105479022079,ENSG00000182095,TNRC18,trinucleotide repeat containing 18 [Source:HGNC Symbol;Acc:HGNC:11962]
A8MU46,29.046543814702552,0.7314898422782664,0.21343335719168788,3.427251728141557,0.000609723565724506,0.003463895805895996,ENSG00000214872,SMTNL1,smoothelin like 1 [Source:HGNC Symbol;Acc:HGNC:32394]
A8MU93,38.34613054535767,-0.5352047133612667,0.13310325952767044,-4.020973755717866,5.795806252199062e-05,0.00046228105275225356,ENSG00000256806,C17orf100,chromosome 17 open reading frame 100 [Source:HGNC Symbol;Acc:HGNC:34494]
A8MUK0,40.528597419276,0.6482466921038375,0.15809813971301362,4.100280327653204,4.126499755243538e-05,0.00034315922172753016,ENSG00000139218,SCAF11,SR-related CTD associated factor 11 [Source:HGNC Symbol;Acc:HGNC:10784]
A8MXW3,13.948882144660391,1.3719052619477,0.3148602160060018,4.357188340115822,1.31743897175182e-05,0.00012816408947073063,ENSG00000040531,CTNS,"cystinosin, lysosomal cystine transporter [Source:HGNC Symbol;Acc:HGNC:2518]"
A8MZ87,14.832338587602285,0.5777171893510651,0.20993955292031363,2.7518263296023506,0.005926394075597058,0.02283779397924472,ENSG00000174996,KLC2,kinesin light chain 2 [Source:HGNC Symbol;Acc:HGNC:20716]
A9QM74,29.35542561960181,-0.8215139613076299,0.2604434541781447,-3.154289148483302,0.0016088959201332655,0.007818993085636631,ENSG00000185467,KPNA7,karyopherin subunit alpha 7 [Source:HGNC Symbol;Acc:HGNC:21839]
B0QY60,24.662162278522022,0.7910200743953443,0.16787481733842172,4.7119638724652395,2.4534088178902975e-06,2.9374309484121944e-05,ENSG00000100242,SUN2,Sad1 and UNC84 domain containing 2 [Source:HGNC Symbol;Acc:HGNC:14210]
B0YJ81,36.78335553076112,0.7349037590328756,0.17089083790828782,4.3004280863042945,1.7046848510527007e-05,0.00016038873594332874,ENSG00000165996,HACD1,3-hydroxyacyl-CoA dehydratase 1 [Source:HGNC Symbol;Acc:HGNC:9639]
B0YJC5,266.345578067262,1.0468064191311084,0.24438158909190918,4.283491334273206,1.8398326760316652e-05,0.00017106100268635054,ENSG00000026025,VIM,vimentin [Source:HGNC Symbol;Acc:HGNC:12692]
B1AHH1,26.69689993370401,-0.8702688957046077,0.2899002977704848,-3.0019593025516755,0.00268248035048578,0.011918695208928071,ENSG00000100219,XBP1,X-box binding protein 1 [Source:HGNC Symbol;Acc:HGNC:12801]
B1AJQ5,13.548667571320676,0.6759537808585548,0.16056873099252958,4.209747294384506,2.5565647797802345e-05,0.00022679999860528274,ENSG00000009780,FAM76A,family with sequence similarity 76 member A [Source:HGNC Symbol;Acc:HGNC:28530]
B1AKI9,481.89068372714405,-1.981354287986148,0.19667498861706953,-10.074256528082927,7.180175472931635e-24,2.3286998511769747e-21,ENSG00000101230,ISM1,isthmin 1 [Source:HGNC Symbol;Acc:HGNC:16213]
B1AL88,107.01329292154398,-0.8997451726222527,0.2843931680400743,-3.163736944958777,0.00155757506797195,0.007613200476297292,ENSG00000204442,NALF1,NALCN channel auxiliary factor 1 [Source:HGNC Symbol;Acc:HGNC:33877]
B1ARF3,17.87110826547578,0.7698910302009482,0.2526063693418311,3.0477894607602667,0.0023053138131427005,0.010519633940626757,ENSG00000204084,INPP5B,inositol polyphosphate-5-phosphatase B [Source:HGNC Symbol;Acc:HGNC:6077]
B2CW77,37.14772563413916,-0.9236406180842613,0.19819338120498917,-4.660300018439821,3.1574880724391393e-06,3.661158882732533e-05,ENSG00000227268,KLLN,"killin, p53 regulated DNA replication inhibitor [Source:HGNC Symbol;Acc:HGNC:37212]"
B2RG49,422.92754907819017,-0.6044421361047303,0.1644473314576441,-3.6755971090988093,0.00023729375597322604,0.001546019643791293,ENSG00000184828,ZBTB7C,zinc finger and BTB domain containing 7C [Source:HGNC Symbol;Acc:HGNC:31700]
B3KRG7,25.55426016964656,1.215937460733192,0.23361570731431552,5.204861756565123,1.9414107781317633e-07,3.0582766643512794e-06,ENSG00000105339,DENND3,DENN domain containing 3 [Source:HGNC Symbol;Acc:HGNC:29134]
B3KU01,52.360041315886136,2.1765571415496594,0.3013118698683153,7.223602384137395,5.062814902393645e-13,2.6396056703874574e-11,ENSG00000092421,SEMA6A,semaphorin 6A [Source:HGNC Symbol;Acc:HGNC:10738]
B3KW44,247.82949446163033,-0.5884199834005425,0.07377407992784514,-7.975971831516537,1.5118642368997679e-15,1.2677815163721475e-13,ENSG00000123600,METTL8,"methyltransferase 8, tRNA N3-cytidine [Source:HGNC Symbol;Acc:HGNC:25856]"
B4DTL1,267.93947984815605,0.5632389206926119,0.15753239699943214,3.575384691789094,0.0003497132876765507,0.0021501468766151797,ENSG00000109046,WSB1,WD repeat and SOCS box containing 1 [Source:HGNC Symbol;Acc:HGNC:19221]
B4DTR2,55.05340946397677,1.790356975211115,0.22522909039000813,7.94904855367893,1.8794938445642457e-15,1.5524478370044897e-13,ENSG00000179776,CDH5,cadherin 5 [Source:HGNC Symbol;Acc:HGNC:1764]
B4DTX8,26.138841917223317,0.5317362919257527,0.16725005936499132,3.179289107248325,0.0014763675799654545,0.00727711838126412,ENSG00000136147,PHF11,PHD finger protein 11 [Source:HGNC Symbol;Acc:HGNC:17024]
B4E1S2,17.758008079892743,0.5668163605960211,0.18076427539139442,3.1356658242826967,0.0017146446168733167,0.008243900671577093,ENSG00000196975,ANXA4,annexin A4 [Source:HGNC Symbol;Acc:HGNC:542]
B4E298,15.456728808633082,0.5237083556950254,0.20613962059890129,2.5405516618953974,0.01106777412055038,0.03792552679531045,ENSG00000165792,METTL17,methyltransferase like 17 [Source:HGNC Symbol;Acc:HGNC:19280]
B4E2M5,102.73115574996307,-1.3565233679740312,0.5130944069294628,-2.6438085265671543,0.008197901573876655,0.029775448173629076,ENSG00000230062,ANKRD66,ankyrin repeat domain 66 [Source:HGNC Symbol;Acc:HGNC:44669]
B5MCC4,11.11028079309015,1.034285275580249,0.22577589373598778,4.581026160346844,4.626999539941682e-06,5.102192392693692e-05,ENSG00000172059,KLF11,KLF transcription factor 11 [Source:HGNC Symbol;Acc:HGNC:11811]
B7Z9S8,10.180827252929959,-0.7118632312142608,0.24256728472164532,-2.934704208076326,0.0033386578505885116,0.014269527177689735,ENSG00000143153,ATP1B1,ATPase Na+/K+ transporting subunit beta 1 [Source:HGNC Symbol;Acc:HGNC:804]
B7ZBQ0,12.600507149006448,-0.7417075319701232,0.16466111985649784,-4.5044484855715865,6.654553739597689e-06,7.011922034070111e-05,ENSG00000119383,PTPA,protein phosphatase 2 phosphatase activator [Source:HGNC Symbol;Acc:HGNC:9308]
B8ZZR0,10.145372862955961,0.6766520536116708,0.19282433528306092,3.5091631594029034,0.0004495190526941678,0.002661394144460987,ENSG00000013441,CLK1,CDC like kinase 1 [Source:HGNC Symbol;Acc:HGNC:2068]
B8ZZW7,26.02391448557399,0.8890502071408735,0.21388215089884483,4.156729317545287,3.228361102348546e-05,0.0002770360924171005,ENSG00000187514,PTMA,prothymosin alpha [Source:HGNC Symbol;Acc:HGNC:9623]
C9J330,13.55225637965069,0.7014300860927927,0.2623817814515216,2.673318559743032,0.007510489217759417,0.027730843664568253,ENSG00000196498,NCOR2,nuclear receptor corepressor 2 [Source:HGNC Symbol;Acc:HGNC:7673]
C9J3C1,10.19959430969486,0.7061487418763431,0.21341676531026377,3.308778206106484,0.000937040363526909,0.004967665427216935,ENSG00000104805,NUCB1,nucleobindin 1 [Source:HGNC Symbol;Acc:HGNC:8043]
C9J5I7,14.87306138680009,0.9945745364704159,0.24873240973961372,3.998572351353767,6.372570177773743e-05,0.0005010657554832445,ENSG00000144802,NFKBIZ,NFKB inhibitor zeta [Source:HGNC Symbol;Acc:HGNC:29805]
C9J5W8,99.66658484353995,0.590538849376105,0.11764870905169683,5.019509811336835,5.180349974130052e-07,7.361304016073722e-06,ENSG00000227124,ZNF717,zinc finger protein 717 [Source:HGNC Symbol;Acc:HGNC:29448]
C9J611,261.300052415513,1.1957908064048255,0.35813378600684775,3.338950004515802,0.0008409569817112095,0.00453126442087931,ENSG00000169908,TM4SF1,transmembrane 4 L six family member 1 [Source:HGNC Symbol;Acc:HGNC:11853]
C9J8V9,50.83989892218004,-1.9001128744448652,0.2844304295671581,-6.680413475226361,2.3826902691416578e-11,9.013353549854223e-10,ENSG00000102096,PIM2,"Pim-2 proto-oncogene, serine/threonine kinase [Source:HGNC Symbol;Acc:HGNC:8987]"
C9JA08,16.09211924920967,0.7299699900139499,0.1780682160699054,4.099383967138643,4.142512904867749e-05,0.00034436102376160326,ENSG00000169251,NMD3,NMD3 ribosome export adaptor [Source:HGNC Symbol;Acc:HGNC:24250]
C9JA92,12.493483469596985,-0.8560937477353467,0.3293914171884956,-2.5990165592124206,0.009349126319977434,0.03311686987805691,ENSG00000128594,LRRC4,leucine rich repeat containing 4 [Source:HGNC Symbol;Acc:HGNC:15586]
C9JCD5,20.282511199375836,-1.548500232981891,0.38613958392505116,-4.010208477570773,6.066515973269043e-05,0.0004807435978242022,ENSG00000145107,TM4SF19,transmembrane 4 L six family member 19 [Source:HGNC Symbol;Acc:HGNC:25167]
C9JJK5,32.374321618869644,0.8207060761871593,0.21857076108022364,3.7548758678015925,0.00017342740815445767,0.0011863424501980177,ENSG00000159840,ZYX,zyxin [Source:HGNC Symbol;Acc:HGNC:13200]
C9JJV6,16.10370483293954,3.376985589845541,0.4284470374658445,7.8819207382540295,3.2238651174769895e-15,2.566755281618683e-13,ENSG00000179820,MYADM,myeloid associated differentiation marker [Source:HGNC Symbol;Acc:HGNC:7544]
C9JJY6,19.435874135106467,0.9391082097752032,0.2404951151406122,3.9048951544239365,9.426624481910681e-05,0.0007025845769653875,ENSG00000083168,KAT6A,lysine acetyltransferase 6A [Source:HGNC Symbol;Acc:HGNC:13013]
C9JK00,10.812064852925454,-1.5810272503471523,0.42855537142652866,-3.689201806255281,0.0002249587280223713,0.0014787553961144216,ENSG00000196872,CRACDL,CRACD like [Source:HGNC Symbol;Acc:HGNC:33454]
C9JL16,71.76345538305057,-0.7201818950525013,0.17206187587491567,-4.185598299393493,2.8441594908325965e-05,0.0002479252703985063,ENSG00000113916,BCL6,BCL6 transcription repressor [Source:HGNC Symbol;Acc:HGNC:1001]
C9JLW8,48.845305742556874,0.6659903645024513,0.21894275057810902,3.041847070724799,0.002351313214166589,0.010689726164755711,ENSG00000225663,MCRIP1,MAPK regulated corepressor interacting protein 1 [Source:HGNC Symbol;Acc:HGNC:28007]
C9JNU9,17.943547912307313,0.6473519827137009,0.24715209583111158,2.6192453700900886,0.008812453510077072,0.0315913279764694,ENSG00000114316,USP4,ubiquitin specific peptidase 4 [Source:HGNC Symbol;Acc:HGNC:12627]
C9JQ22,16.48870871669925,-1.677218160431637,0.4081274201267854,-4.109545396167223,3.964387787339306e-05,0.00033180496494110456,ENSG00000176532,PRR15,proline rich 15 [Source:HGNC Symbol;Acc:HGNC:22310]
C9JQI7,25.436648260790392,-1.1589129422496367,0.3657873970957154,-3.1682691953063227,0.0015334945649209187,0.007513816737339689,ENSG00000186952,TMEM232,transmembrane protein 232 [Source:HGNC Symbol;Acc:HGNC:37270]
C9JS50,147.6413769862713,0.9467145447653202,0.24677673061296704,3.8363201522841415,0.000124891578492542,0.0008902258797913774,ENSG00000127954,STEAP4,STEAP4 metalloreductase [Source:HGNC Symbol;Acc:HGNC:21923]
C9JTU8,11.970148154595796,0.8775527352681187,0.21568681278682908,4.06864343688659,4.728764704070838e-05,0.0003875443210092094,ENSG00000139631,CSAD,cysteine sulfinic acid decarboxylase [Source:HGNC Symbol;Acc:HGNC:18966]
C9JV51,11.66791030578222,0.6293903225192543,0.2165072803487223,2.907016898025381,0.003648934857555216,0.015316636724119287,ENSG00000003402,CFLAR,CASP8 and FADD like apoptosis regulator [Source:HGNC Symbol;Acc:HGNC:1876]
C9JW43,43.04559922435483,1.046432731311628,0.2262880314424194,4.6243397171356815,3.7579353937300547e-06,4.261054353384197e-05,ENSG00000136546,SCN7A,sodium voltage-gated channel alpha subunit 7 [Source:HGNC Symbol;Acc:HGNC:10594]
C9JWI2,16.714031642649527,-1.180390085952102,0.36641561761502184,-3.2214513497956037,0.001275431140706194,0.006432279528272216,ENSG00000163638,ADAMTS9,ADAM metallopeptidase with thrombospondin type 1 motif 9 [Source:HGNC Symbol;Acc:HGNC:13202]
C9JXY5,30.7432352351863,-1.2611020666390202,0.4859458701297296,-2.595149262822941,0.009454984824405587,0.03341134999478301,ENSG00000188817,SNTN,"sentan, cilia apical structure protein [Source:HGNC Symbol;Acc:HGNC:33706]"
D3DX19,136.04975156242145,1.0425315078673532,0.24200586908729085,4.307876960997648,1.648290266834276e-05,0.00015548072517007326,ENSG00000184113,CLDN5,claudin 5 [Source:HGNC Symbol;Acc:HGNC:2047]
D6RA17,86.69979646701704,0.5076319284828058,0.11229197405470731,4.520643017955082,6.165207701795239e-06,6.555809578369923e-05,ENSG00000123737,EXOSC9,exosome component 9 [Source:HGNC Symbol;Acc:HGNC:9137]
D6RAE9,14.194975850016862,-0.5436450508381929,0.22132039133826936,-2.456371270405345,0.014034807523143776,0.046066921434054595,ENSG00000164466,SFXN1,sideroflexin 1 [Source:HGNC Symbol;Acc:HGNC:16085]
D6RAV7,186.4524198262654,-0.6236086004033347,0.1527995601195534,-4.081219866833457,4.479995048477392e-05,0.0003688010854763733,ENSG00000174130,TLR6,toll like receptor 6 [Source:HGNC Symbol;Acc:HGNC:16711]
D6RB26,19.35808009251133,0.7825717166310525,0.2905103996059452,2.693782107947083,0.007064633188564411,0.026384999210939803,ENSG00000114120,SLC25A36,solute carrier family 25 member 36 [Source:HGNC Symbol;Acc:HGNC:25554]
D6RC11,93.88460428597978,0.895238241905303,0.18311727874582223,4.888879127282944,1.0141173632049406e-06,1.3344477522745682e-05,ENSG00000080822,CLDND1,claudin domain containing 1 [Source:HGNC Symbol;Acc:HGNC:1322]
D6RCE4,10.721154422213646,-0.9448445590122493,0.3354096722777403,-2.8169866199620457,0.004847654514128428,0.019388859748746528,ENSG00000083857,FAT1,FAT atypical cadherin 1 [Source:HGNC Symbol;Acc:HGNC:3595]
D6REC4,30.67350478407687,-1.089962219027865,0.43337524324360144,-2.51505418461385,0.011901409094374937,0.04029996563294102,ENSG00000206113,CFAP99,cilia and flagella associated protein 99 [Source:HGNC Symbol;Acc:HGNC:51180]
D6REQ2,23.5417651007998,0.5444883172908073,0.17083668630419654,3.1871861312111633,0.0014366428957724763,0.007117857516653692,ENSG00000146067,FAM193B,family with sequence similarity 193 member B [Source:HGNC Symbol;Acc:HGNC:25524]
D6RFM4,12.531877518260849,-0.5907894732593482,0.17798954328640465,-3.3192369751109663,0.0009026379392722757,0.004817709853027775,ENSG00000138640,FAM13A,family with sequence similarity 13 member A [Source:HGNC Symbol;Acc:HGNC:19367]
D6RFZ2,16.027660340376812,-0.6500902711262955,0.2241824074493567,-2.899827325982982,0.00373368281091199,0.015568659616534888,ENSG00000133138,TBC1D8B,TBC1 domain family member 8B [Source:HGNC Symbol;Acc:HGNC:24715]
D6RG18,99.77580601425032,0.6017807100097294,0.09168622676643885,6.563479938406706,5.25663102471501e-11,1.840154613001029e-09,ENSG00000134480,CCNH,cyclin H [Source:HGNC Symbol;Acc:HGNC:1594]
D6RGD9,14.670474975715612,0.536138237561951,0.17738960955317218,3.0223767835806896,0.0025079816254705736,0.011262681076792513,ENSG00000109381,ELF2,E74 like ETS transcription factor 2 [Source:HGNC Symbol;Acc:HGNC:3317]
D6RGE5,11.611261994630937,0.6602217935092435,0.2009656469076824,3.2852470243958143,0.0010189299605539387,0.0053300477585523165,ENSG00000113712,CSNK1A1,casein kinase 1 alpha 1 [Source:HGNC Symbol;Acc:HGNC:2451]
D6RGG3,14.030285799065647,0.8412662211390536,0.22881617656123865,3.6766029123552957,0.0002363605270149551,0.0015403945221004196,ENSG00000111799,COL12A1,collagen type XII alpha 1 chain [Source:HGNC Symbol;Acc:HGNC:2188]
D6RGZ9,10.139359085305333,0.630744971065315,0.20335125340717464,3.1017510858532087,0.0019237964677420618,0.009048284772783842,ENSG00000151883,PARP8,poly(ADP-ribose) polymerase family member 8 [Source:HGNC Symbol;Acc:HGNC:26124]
D6RIE6,31.337317855579993,-1.2214049424832447,0.2840535917174944,-4.299910221511979,1.708673154112655e-05,0.00016069542746610017,ENSG00000164056,SPRY1,sprouty RTK signaling antagonist 1 [Source:HGNC Symbol;Acc:HGNC:11269]
E1CKY7,116.11238671759621,-0.9259828037863387,0.31093369130248183,-2.978071626485552,0.0029006818923535127,0.012682719756931872,ENSG00000077157,PPP1R12B,protein phosphatase 1 regulatory subunit 12B [Source:HGNC Symbol;Acc:HGNC:7619]
E2PSN0,1140.6279259434837,0.6850209888936597,0.14945061680997057,4.583594256855276,4.570507132761056e-06,5.047469419424754e-05,ENSG00000139746,RBM26,RNA binding motif protein 26 [Source:HGNC Symbol;Acc:HGNC:20327]
E5RFH4,13.25304411192445,1.3272372414957505,0.35649097213783937,3.7230598955604584,0.00019682280576604542,0.0013221840263065384,ENSG00000173334,TRIB1,tribbles pseudokinase 1 [Source:HGNC Symbol;Acc:HGNC:16891]
E5RFV2,10.533867179246702,0.5715645517598413,0.19898844441230013,2.872350469636171,0.004074308426838895,0.016742090189212782,ENSG00000104325,DECR1,"2,4-dienoyl-CoA reductase 1 [Source:HGNC Symbol;Acc:HGNC:2753]"
E5RGG7,79.34343471947145,0.7176568117650242,0.19938076062989635,3.599428598314889,0.00031891718358762914,0.0019919001888534615,ENSG00000168300,PCMTD1,protein-L-isoaspartate (D-aspartate) O-methyltransferase domain containing 1 [Source:HGNC Symbol;Acc:HGNC:30483]
E5RH95,59.3722704178972,1.0831822385806091,0.17421670885157198,6.217441746666513,5.053256654348939e-10,1.4178692398856425e-08,ENSG00000105339,DENND3,DENN domain containing 3 [Source:HGNC Symbol;Acc:HGNC:29134]
E5RHB0,33.21141567028573,0.7376830364431523,0.2000938666125106,3.6866848991013974,0.00022719438468554834,0.0014903465079878296,ENSG00000179178,TMEM125,transmembrane protein 125 [Source:HGNC Symbol;Acc:HGNC:28275]
E5RHJ4,19.880521313522635,0.5744369097151674,0.1860491329554922,3.0875548871952425,0.0020181049958184444,0.009417538632623778,ENSG00000158941,CCAR2,cell cycle and apoptosis regulator 2 [Source:HGNC Symbol;Acc:HGNC:23360]
E5RHQ8,10.502781863159859,1.1420285995245834,0.32018788061423686,3.5667452413681526,0.00036144255208723196,0.002211779701368428,ENSG00000183607,GKN2,gastrokine 2 [Source:HGNC Symbol;Acc:HGNC:24588]
E5RHZ4,18.058373241279273,0.7526817847917423,0.23697025262960417,3.176271183574336,0.0014918142449673376,0.00734713518501779,ENSG00000070501,POLB,DNA polymerase beta [Source:HGNC Symbol;Acc:HGNC:9174]
E5RI87,36.5469256783951,-0.6295373614795997,0.14897267004735965,-4.225858080408067,2.3803198073680635e-05,0.00021322328607512297,ENSG00000113269,RNF130,ring finger protein 130 [Source:HGNC Symbol;Acc:HGNC:18280]
E5RI92,155.49626483163965,1.9806266456377657,0.36779539558604485,5.385131704767095,7.239162066858939e-08,1.2531591854199926e-06,ENSG00000168484,SFTPC,surfactant protein C [Source:HGNC Symbol;Acc:HGNC:10802]
E5RJL3,20.98913217133198,-0.5700529504109076,0.19550606876455617,-2.9157813566258675,0.0035479904279155277,0.014987048630003648,ENSG00000198363,ASPH,aspartate beta-hydroxylase [Source:HGNC Symbol;Acc:HGNC:757]
E5RJM6,593.7042800300057,-0.7867969987849074,0.19101829820255944,-4.118961409396355,3.805838708146351e-05,0.00032048097315563046,ENSG00000235098,ANKRD65,ankyrin repeat domain 65 [Source:HGNC Symbol;Acc:HGNC:42950]
E7EMA9,99.3128652848774,1.321198160482542,0.25312709268494,5.219505136603451,1.7940183967638943e-07,2.8505246197572713e-06,ENSG00000142102,PGGHG,protein-glucosylgalactosylhydroxylysine glucosidase [Source:HGNC Symbol;Acc:HGNC:26210]
E7EQ67,26.352882875961942,0.7562606680920353,0.20541002338931297,3.6817125844861858,0.00023167249943668725,0.0015161143331088134,ENSG00000111879,FAM184A,family with sequence similarity 184 member A [Source:HGNC Symbol;Acc:HGNC:20991]
E7ERZ2,19.532770203023155,0.6116787148561957,0.18967624413436,3.2248567428554944,0.0012603571946203772,0.006373748582930016,ENSG00000100413,POLR3H,RNA polymerase III subunit H [Source:HGNC Symbol;Acc:HGNC:30349]
E7ET34,16.50106972750747,2.4129434762834956,0.3847549368308929,6.271377558292462,3.578676601874932e-10,1.0439700235152082e-08,ENSG00000166961,MS4A15,membrane spanning 4-domains A15 [Source:HGNC Symbol;Acc:HGNC:28573]
E7EW16,10.89954053390886,2.130111400446448,0.32189417232140305,6.617427662901541,3.655029666542393e-11,1.3345699381775815e-09,ENSG00000120907,ADRA1A,adrenoceptor alpha 1A [Source:HGNC Symbol;Acc:HGNC:277]
E7EW31,93.46061589483637,-1.4867484511872697,0.13319200419940552,-11.162445224274999,6.225532222372928e-29,5.491915505288502e-26,ENSG00000228672,PROB1,proline rich basic protein 1 [Source:HGNC Symbol;Acc:HGNC:41906]
E7EW69,29.554899570869683,0.6261352527739421,0.23869444808549523,2.623166386130916,0.008711671650624607,0.03129107599069627,ENSG00000186522,SEPTIN10,septin 10 [Source:HGNC Symbol;Acc:HGNC:14349]
E7EWB6,76.9383702082599,1.0402809659830596,0.2044509337298595,5.088169307935664,3.6153653767669275e-07,5.351226041558243e-06,ENSG00000214013,GANC,"glucosidase alpha, neutral C [Source:HGNC Symbol;Acc:HGNC:4139]"
E9PBZ2,80.16123839630703,1.8933130381978303,0.3559812727808479,5.3185748323435185,1.0458320519312373e-07,1.7526428627121207e-06,ENSG00000164120,HPGD,15-hydroxyprostaglandin dehydrogenase [Source:HGNC Symbol;Acc:HGNC:5154]
E9PC71,101.25156175084167,1.0641789636310108,0.15682406829095552,6.7858140349773395,1.1543376414973115e-11,4.714400434366983e-10,ENSG00000115756,HPCAL1,hippocalcin like 1 [Source:HGNC Symbol;Acc:HGNC:5145]
E9PC85,28.87034321173591,0.8648819021770052,0.2761768964240531,3.1316229321696443,0.0017384298919214973,0.008327396358913271,ENSG00000188906,LRRK2,leucine rich repeat kinase 2 [Source:HGNC Symbol;Acc:HGNC:18618]
E9PCT3,37.14575887024081,0.8937457984519711,0.19762439717686403,4.522446677735406,6.112888903031791e-06,6.515884575517793e-05,ENSG00000105971,CAV2,caveolin 2 [Source:HGNC Symbol;Acc:HGNC:1528]
E9PCY8,22.7605970198434,0.8635789100919892,0.2633158458587379,3.2796313768191405,0.001039428018106477,0.005421841417057769,ENSG00000188938,FAM120AOS,family with sequence similarity 120 member A opposite strand [Source:HGNC Symbol;Acc:HGNC:23389]
E9PEJ1,20.699493764828336,0.727082834820298,0.2047937245174799,3.550317943254354,0.0003847661581861644,0.002333782412716631,ENSG00000153283,CD96,CD96 molecule [Source:HGNC Symbol;Acc:HGNC:16892]
E9PG32,231.54478697459038,-1.3821185354963403,0.4593038653189815,-3.009159381962689,0.0026197164638760585,0.011680319605839245,ENSG00000174844,DNAH12,dynein axonemal heavy chain 12 [Source:HGNC Symbol;Acc:HGNC:2943]
E9PI51,12.384137362393535,0.6747741412731045,0.2319947827661036,2.9085746378762733,0.0036308049572975785,0.015257959704314176,ENSG00000135541,AHI1,Abelson helper integration site 1 [Source:HGNC Symbol;Acc:HGNC:21575]
E9PIB3,13.904424349433553,0.5583564594709769,0.17978374465446145,3.105711590022335,0.0018982175933380588,0.008943236659576491,ENSG00000213445,SIPA1,signal-induced proliferation-associated 1 [Source:HGNC Symbol;Acc:HGNC:10885]
E9PIP1,16.40375103250337,0.6883650730221315,0.20166465443903983,3.4134145863930447,0.0006415426495498216,0.0036111744750310787,ENSG00000182919,C11orf54,chromosome 11 open reading frame 54 [Source:HGNC Symbol;Acc:HGNC:30204]
E9PJ32,48.30742771520473,0.558815072990274,0.20863316715070587,2.6784575080845836,0.007396211594949855,0.0274190705185786,ENSG00000149591,TAGLN,transgelin [Source:HGNC Symbol;Acc:HGNC:11553]
E9PJB9,11.009265196230377,0.6465459900780085,0.23095212254052797,2.7994806151415697,0.005118488973560981,0.020262637914721573,ENSG00000023697,DERA,deoxyribose-phosphate aldolase [Source:HGNC Symbol;Acc:HGNC:24269]
E9PJK6,21.669732601819284,0.6708543579110637,0.20834304718085134,3.219950783040681,0.0012821260671976161,0.006461610668641734,ENSG00000162174,ASRGL1,asparaginase and isoaspartyl peptidase 1 [Source:HGNC Symbol;Acc:HGNC:16448]
E9PKL1,10.844777440851235,0.5756831847910383,0.23566702701642303,2.4427820560188946,0.014574535844832584,0.047557531245366366,ENSG00000198561,CTNND1,catenin delta 1 [Source:HGNC Symbol;Acc:HGNC:2515]
E9PLM6,11.140155911734016,-1.094389920824447,0.30956538730335775,-3.5352463993398673,0.0004073950831121331,0.002454163114710457,ENSG00000110492,MDK,midkine [Source:HGNC Symbol;Acc:HGNC:6972]
E9PM16,49.42656071670252,0.6252624833063137,0.18834541737393792,3.3197647812419446,0.0009009332296893238,0.004810939817813159,ENSG00000147789,ZNF7,zinc finger protein 7 [Source:HGNC Symbol;Acc:HGNC:13139]
E9PMH0,124.89273322024546,1.395212767190376,0.44140802457275075,3.1608232961800713,0.0015732390744750912,0.0076812518371648575,ENSG00000084072,PPIE,peptidylprolyl isomerase E [Source:HGNC Symbol;Acc:HGNC:9258]
E9PN33,30.37296661374733,0.5123087151755272,0.1656026342977245,3.0936024499132424,0.0019774226579581857,0.009266910178200133,ENSG00000166900,STX3,syntaxin 3 [Source:HGNC Symbol;Acc:HGNC:11438]
E9PP88,11.964201878850162,0.7736576972956413,0.2157687099233855,3.5855880010143695,0.00033631956605953824,0.0020818878504424675,ENSG00000148057,IDNK,IDNK gluconokinase [Source:HGNC Symbol;Acc:HGNC:31367]
E9PPG8,29.542558647469704,0.702331737438932,0.24136625919329094,2.909817386184415,0.003616399905086826,0.015209016687029913,ENSG00000149196,HIKESHI,heat shock protein nuclear import factor hikeshi [Source:HGNC Symbol;Acc:HGNC:26938]
E9PPT6,12.541019383728457,0.6657341351870306,0.1965201799828742,3.3876120775232663,0.0007050390490912695,0.0039067666303162964,ENSG00000177595,PIDD1,p53-induced death domain protein 1 [Source:HGNC Symbol;Acc:HGNC:16491]
E9PPT8,37.980129308692796,0.6400215518608743,0.14751017479398365,4.338829865497375,1.4324335820063476e-05,0.00013729200442228593,ENSG00000186166,CENATAC,centrosomal AT-AC splicing factor [Source:HGNC Symbol;Acc:HGNC:30460]
E9PQ52,13.156298353158595,0.8434797119732711,0.1895782306330831,4.449243508373985,8.617327159816766e-06,8.798450610305507e-05,ENSG00000166333,ILK,integrin linked kinase [Source:HGNC Symbol;Acc:HGNC:6040]
E9PQW2,14.562104402248337,1.9301116363571569,0.26704958836492915,7.227540203954993,4.918205706391893e-13,2.5825263963992097e-11,ENSG00000166394,CYB5R2,cytochrome b5 reductase 2 [Source:HGNC Symbol;Acc:HGNC:24376]
E9PS50,10.5684158145466,0.6220723698743658,0.2244616911638554,2.7713966095900857,0.005581639495301234,0.02177560188030664,ENSG00000110700,RPS13,ribosomal protein S13 [Source:HGNC Symbol;Acc:HGNC:10386]
F2Z388,59.96912553384074,-1.2947741020071053,0.2663629470824487,-4.860939241696885,1.1683011027177606e-06,1.5183095179338534e-05,ENSG00000136942,RPL35,ribosomal protein L35 [Source:HGNC Symbol;Acc:HGNC:10344]
F2Z3I4,21.094074009433054,0.6965412611337298,0.19145040191911544,3.6382334753624948,0.0002745145146174551,0.0017569742570730346,ENSG00000197070,ARRDC1,arrestin domain containing 1 [Source:HGNC Symbol;Acc:HGNC:28633]
F5GWC9,45.79756107387209,1.048586047502589,0.17193032077403766,6.09890124546857,1.0680002203694612e-09,2.8159980919038294e-08,ENSG00000142046,TMEM91,transmembrane protein 91 [Source:HGNC Symbol;Acc:HGNC:32393]
F5GX19,45.765863409977285,0.7495369552912313,0.16930751202667577,4.427074418134121,9.551978481401127e-06,9.649992369620728e-05,ENSG00000149357,LAMTOR1,"late endosomal/lysosomal adaptor, MAPK and MTOR activator 1 [Source:HGNC Symbol;Acc:HGNC:26068]"
F5GXF0,44.10170211675167,1.72054175214078,0.2534772990945342,6.787754794164448,1.1389200428356497e-11,4.66872539492517e-10,ENSG00000123358,NR4A1,nuclear receptor subfamily 4 group A member 1 [Source:HGNC Symbol;Acc:HGNC:7980]
F5GZP3,12.100409634069837,0.5916582659795788,0.19738047866724326,2.9975520881020583,0.0027215734563030593,0.012057368623002745,ENSG00000213186,TRIM59,tripartite motif containing 59 [Source:HGNC Symbol;Acc:HGNC:30834]
F5H001,19.232074582741845,1.301357068710311,0.3545412430617186,3.6705378970078546,0.0002420405790347432,0.0015727645639458533,ENSG00000173391,OLR1,oxidized low density lipoprotein receptor 1 [Source:HGNC Symbol;Acc:HGNC:8133]
F5H0S2,12.86860807622971,0.9793863487268707,0.2453427004670906,3.99191150526299,6.554283311517115e-05,0.0005133916779855326,ENSG00000127314,RAP1B,"RAP1B, member of RAS oncogene family [Source:HGNC Symbol;Acc:HGNC:9857]"
F5H0V4,32.27004869087164,0.8030208859635406,0.19207952939602022,4.1806687494944414,2.9065301813174398e-05,0.000252563501256008,ENSG00000175727,MLXIP,MLX interacting protein [Source:HGNC Symbol;Acc:HGNC:17055]
F5H1F6,41.25439783328956,1.0807650985677868,0.2115547736093457,5.1086774367167616,3.2442165459508364e-07,4.853999437204868e-06,ENSG00000139722,VPS37B,VPS37B subunit of ESCRT-I [Source:HGNC Symbol;Acc:HGNC:25754]
F5H2K9,39.79810258620863,0.5575173178314924,0.15769260602438923,3.5354689854340102,0.00040705202463831296,0.0024527664894462716,ENSG00000121310,ECHDC2,enoyl-CoA hydratase domain containing 2 [Source:HGNC Symbol;Acc:HGNC:23408]
F5H408,54.40243777788794,0.5475350799868838,0.14184876647786085,3.859991832021611,0.0001133908152015692,0.0008204465349263146,ENSG00000121310,ECHDC2,enoyl-CoA hydratase domain containing 2 [Source:HGNC Symbol;Acc:HGNC:23408]
F5H7B6,47.35881901829595,0.6416452630995435,0.15311595878607073,4.190583843686941,2.782375739035751e-05,0.00024340545239466267,ENSG00000168010,ATG16L2,autophagy related 16 like 2 [Source:HGNC Symbol;Acc:HGNC:25464]
F6SDC8,274.11036648956264,0.721701192355259,0.23697317149196742,3.045497462060688,0.0023229573896549746,0.010591379423496137,ENSG00000114120,SLC25A36,solute carrier family 25 member 36 [Source:HGNC Symbol;Acc:HGNC:25554]
F6XGT7,12.655346677444404,0.6672356041225094,0.2114282975784719,3.155848161123579,0.0016003214566556164,0.007780991988373935,ENSG00000106853,PTGR1,prostaglandin reductase 1 [Source:HGNC Symbol;Acc:HGNC:18429]
F8VRV5,50.58592846191425,0.5430681409658686,0.21983779106018422,2.4703129445891983,0.013499489878703622,0.04468894472904979,ENSG00000088986,DYNLL1,dynein light chain LC8-type 1 [Source:HGNC Symbol;Acc:HGNC:15476]
F8VS53,102.55155482909736,1.2203756019386611,0.2820579083403542,4.3266845773601075,1.513704810483123e-05,0.00014420408591963194,ENSG00000120833,SOCS2,suppressor of cytokine signaling 2 [Source:HGNC Symbol;Acc:HGNC:19382]
F8VSK7,11.23150832036436,2.414464886757182,0.6166216202484642,3.9156344952424584,9.016676206592561e-05,0.0006763733913611984,ENSG00000139624,CERS5,ceramide synthase 5 [Source:HGNC Symbol;Acc:HGNC:23749]
F8VW94,48.90480065902289,0.8566050486838013,0.30444903284204816,2.813623813113633,0.004898651751160135,0.019557361643751922,ENSG00000173451,THAP2,THAP domain containing 2 [Source:HGNC Symbol;Acc:HGNC:20854]
F8VWL3,386.2871618200218,0.6280660693656436,0.13391651387636658,4.689982222397771,2.7322878663695803e-06,3.2344539240426584e-05,ENSG00000139132,FGD4,"FYVE, RhoGEF and PH domain containing 4 [Source:HGNC Symbol;Acc:HGNC:19125]"
F8VXC8,68.39818046283169,0.7738201319415882,0.16482749772654598,4.694727170010069,2.6696278832333113e-06,3.168782203273813e-05,ENSG00000139613,SMARCC2,"SWI/SNF related, matrix associated, actin dependent regulator of chromatin subfamily c member 2 [Source:HGNC Symbol;Acc:HGNC:11105]"
F8VZZ2,18.164390670975294,1.5257731303173068,0.36128745560721387,4.2231555694424765,2.4090541096380977e-05,0.00021562207521898786,ENSG00000168952,STXBP6,syntaxin binding protein 6 [Source:HGNC Symbol;Acc:HGNC:19666]
F8W1J9,22.061837339803372,0.9968930382954421,0.25057437021327383,3.978431782336504,6.937130840087592e-05,0.0005398429200680725,ENSG00000177426,TGIF1,TGFB induced factor homeobox 1 [Source:HGNC Symbol;Acc:HGNC:11776]
F8W1R7,391.91800603092247,0.909529775644061,0.17176912727233623,5.295071297661199,1.1896998355258155e-07,1.9683150917244064e-06,ENSG00000092841,MYL6,myosin light chain 6 [Source:HGNC Symbol;Acc:HGNC:7587]
F8W7P9,12.844579123842774,0.9867303170836512,0.20567683993156377,4.797478984079941,1.606750613049223e-06,2.0202553033174208e-05,ENSG00000163738,MTHFD2L,methylenetetrahydrofolate dehydrogenase (NADP+ dependent) 2 like [Source:HGNC Symbol;Acc:HGNC:31865]
F8WB59,23.36482865125282,0.8051919601743286,0.22836401434286357,3.5259143718038732,0.0004220233961976431,0.0025254564649681167,ENSG00000169756,LIMS1,LIM zinc finger domain containing 1 [Source:HGNC Symbol;Acc:HGNC:6616]
F8WCD0,86.32873361960728,0.5132609098536618,0.1689796878175921,3.0374118717020577,0.0023861916763255778,0.010812630209509821,ENSG00000163162,RNF149,ring finger protein 149 [Source:HGNC Symbol;Acc:HGNC:23137]
F8WCF9,29.062429700638543,0.682527829046873,0.21388538678239366,3.1910914500263394,0.0014173640954382855,0.007037043620170182,ENSG00000180902,D2HGDH,D-2-hydroxyglutarate dehydrogenase [Source:HGNC Symbol;Acc:HGNC:28358]
F8WDL3,12.654049872873605,0.6614480509510879,0.20052658150271854,3.2985554632921352,0.0009718367917511255,0.00513116796870465,ENSG00000170876,TMEM43,transmembrane protein 43 [Source:HGNC Symbol;Acc:HGNC:28472]
F8WDM7,10.261774335844189,1.9111398605970897,0.3285706601547854,5.81652622208196,6.008312123604053e-09,1.3384577330703413e-07,ENSG00000105974,CAV1,caveolin 1 [Source:HGNC Symbol;Acc:HGNC:1527]
G3V119,11.655715044582246,0.7388891395908386,0.19874655533378988,3.717745640169173,0.00020100850414082267,0.0013462015032862748,ENSG00000158941,CCAR2,cell cycle and apoptosis regulator 2 [Source:HGNC Symbol;Acc:HGNC:23360]
G3V1D9,16.172132822548793,-3.8733624346000015,0.4811443090672104,-8.050313308514966,8.258235594301354e-16,7.525914371765373e-14,ENSG00000134339,SAA2,serum amyloid A2 [Source:HGNC Symbol;Acc:HGNC:10514]
G3V1Q5,16.370694938535127,-1.1680728258595194,0.47844249969658775,-2.4414069122209505,0.014630159573718634,0.047673395277599104,ENSG00000173838,MARCHF10,membrane associated ring-CH-type finger 10 [Source:HGNC Symbol;Acc:HGNC:26655]
G3V1Z2,20.43335868120377,0.94233022691357,0.18088683652494345,5.2095013933400685,1.8934878610559957e-07,2.9934753611275218e-06,ENSG00000166046,TCP11L2,t-complex 11 like 2 [Source:HGNC Symbol;Acc:HGNC:28627]
G3V2N3,126.81138411192602,-1.3343883740461573,0.18253480991453672,-7.310322752525512,2.6650147724310836e-13,1.4476412756451999e-11,ENSG00000116132,PRRX1,paired related homeobox 1 [Source:HGNC Symbol;Acc:HGNC:9142]
G3V2V7,62.663659162738135,2.4645840419422553,0.3433885451886394,7.177245940421058,7.112966763388072e-13,3.589688077797724e-11,ENSG00000170345,FOS,"Fos proto-oncogene, AP-1 transcription factor subunit [Source:HGNC Symbol;Acc:HGNC:3796]"
G3V3S2,15.20949402470749,0.6343357264374909,0.18501128958645216,3.4286325329410676,0.0006066302682292743,0.0034498772396927323,ENSG00000088808,PPP1R13B,protein phosphatase 1 regulatory subunit 13B [Source:HGNC Symbol;Acc:HGNC:14950]
G3V4A5,21.30887680895757,0.5564891148727429,0.22931965256775455,2.4266961363388737,0.015237011730364972,0.049248668715361696,ENSG00000133997,MED6,mediator complex subunit 6 [Source:HGNC Symbol;Acc:HGNC:19970]
G3V4K2,17.294106589746065,0.6725791276052718,0.17990928697033864,3.7384347352572123,0.00018516954794142325,0.0012553732586228553,ENSG00000133703,KRAS,"KRAS proto-oncogene, GTPase [Source:HGNC Symbol;Acc:HGNC:6407]"
G3XAM7,13.044521719127768,0.5212293776308209,0.1946922443641369,2.6771964098166894,0.007424109977295241,0.02749014799181821,ENSG00000044115,CTNNA1,catenin alpha 1 [Source:HGNC Symbol;Acc:HGNC:2509]
G3XAN4,19.34563620676836,-0.9821333991876489,0.2611316681863159,-3.761065848539299,0.00016919087888555808,0.0011616860656731313,ENSG00000067167,TRAM1,translocation associated membrane protein 1 [Source:HGNC Symbol;Acc:HGNC:20568]
G5E9M7,80.83179097899131,-0.966258672276085,0.16822467690058435,-5.743858095486873,9.2543351085185e-09,1.97002998535972e-07,ENSG00000144560,VGLL4,vestigial like family member 4 [Source:HGNC Symbol;Acc:HGNC:28966]
G5E9V3,16.566831651846385,0.8208999934456309,0.27834820396168214,2.9491837265766487,0.003186145012469679,0.013729433783705803,ENSG00000144824,PHLDB2,pleckstrin homology like domain family B member 2 [Source:HGNC Symbol;Acc:HGNC:29573]
G5E9Z9,90.7425130498568,1.6326992686024282,0.2760813806626693,5.913833322201998,3.3423612031683834e-09,7.858468440796965e-08,ENSG00000109771,LRP2BP,LRP2 binding protein [Source:HGNC Symbol;Acc:HGNC:25434]
G5EA03,40.657118258074284,1.0994162413699087,0.19066215956726873,5.766305405672365,8.102816852056581e-09,1.7434099790756666e-07,ENSG00000064042,LIMCH1,LIM and calponin homology domains 1 [Source:HGNC Symbol;Acc:HGNC:29191]
H0Y4F4,83.82103413234104,0.5791595994054857,0.16323233588691588,3.5480690529768313,0.00038806646689141584,0.002352506283898649,ENSG00000112701,SENP6,SUMO specific peptidase 6 [Source:HGNC Symbol;Acc:HGNC:20944]
H0Y4R3,38.98776889617535,0.7026295097309233,0.1950078649789624,3.6030829310742085,0.00031446514293029536,0.001969112510557846,ENSG00000134470,IL15RA,interleukin 15 receptor subunit alpha [Source:HGNC Symbol;Acc:HGNC:5978]
H0Y4U1,17.353366999477746,0.9324153325236477,0.2384520152280872,3.9102849754981595,9.218729404959806e-05,0.0006896192734409547,ENSG00000079308,TNS1,tensin 1 [Source:HGNC Symbol;Acc:HGNC:11973]
H0Y4W6,44.360343372215326,0.7776134996700305,0.21498888923806794,3.6169938940841737,0.00029804433171566895,0.001885562160544281,ENSG00000091831,ESR1,estrogen receptor 1 [Source:HGNC Symbol;Acc:HGNC:3467]
H0Y566,10.09516332245552,1.1823794627924258,0.24221348778345803,4.881559130387851,1.0525035313161661e-06,1.3816225528389095e-05,ENSG00000136636,KCTD3,potassium channel tetramerization domain containing 3 [Source:HGNC Symbol;Acc:HGNC:21305]
H0Y590,10.444860083870486,-1.8555737953088984,0.29660115585580643,-6.256124626200012,3.946614093896459e-10,1.1362745068771868e-08,ENSG00000180113,TDRD6,tudor domain containing 6 [Source:HGNC Symbol;Acc:HGNC:21339]
H0Y5P0,13.382887819329747,-1.1902003357901831,0.35323475502274454,-3.3694315716853707,0.0007532339102672601,0.004133321885303348,ENSG00000142621,FHAD1,forkhead associated phosphopeptide binding domain 1 [Source:HGNC Symbol;Acc:HGNC:29408]
H0Y5Y0,30.56108414565737,-0.5671681794218031,0.1504761912363053,-3.7691556037003333,0.00016380075196964933,0.0011292471972299612,ENSG00000085377,PREP,prolyl endopeptidase [Source:HGNC Symbol;Acc:HGNC:9358]
H0Y7E5,13.14808152427685,0.8239237630925758,0.23099615286543806,3.5668289401015922,0.0003613271753558033,0.002211687350901162,ENSG00000198911,SREBF2,sterol regulatory element binding transcription factor 2 [Source:HGNC Symbol;Acc:HGNC:11290]
H0Y7H6,23.40376738444191,0.7606014467337651,0.21819708718846256,3.4858460144191272,0.000490583311321386,0.0028713705806480486,ENSG00000196642,RABL6,"RAB, member RAS oncogene family like 6 [Source:HGNC Symbol;Acc:HGNC:24703]"
H0Y7P8,18.242145181501634,0.7183287359634418,0.25073492029999306,2.864893071551397,0.004171500758604873,0.017071493362455347,ENSG00000197969,VPS13A,vacuolar protein sorting 13 homolog A [Source:HGNC Symbol;Acc:HGNC:1908]
H0Y7U4,13.498103515829692,0.7839833057906134,0.20895357148284072,3.751949776340598,0.0001754646202415811,0.0011987908100396002,ENSG00000125676,THOC2,THO complex subunit 2 [Source:HGNC Symbol;Acc:HGNC:19073]
H0Y7X5,27.184770088406797,0.7659787956618361,0.24292502689112946,3.1531489590206823,0.00161519363545197,0.007844413220933218,ENSG00000196576,PLXNB2,plexin B2 [Source:HGNC Symbol;Acc:HGNC:9104]
H0Y8M4,14.8745431083014,1.0653295396230378,0.19429417061783563,5.483075154727486,4.1799533501317645e-08,7.656535812608465e-07,ENSG00000112576,CCND3,cyclin D3 [Source:HGNC Symbol;Acc:HGNC:1585]
H0Y9M6,11.480405970064918,-0.5722186316115435,0.20699192037567324,-2.764449117497021,0.005701899917776455,0.022139031828634144,ENSG00000091490,SEL1L3,SEL1L family member 3 [Source:HGNC Symbol;Acc:HGNC:29108]
H0Y9P4,15.463140764705468,1.0427659317720461,0.34274432354969736,3.0424017558407406,0.0023469841608942587,0.01067664783093275,ENSG00000111863,ADTRP,androgen dependent TFPI regulating protein [Source:HGNC Symbol;Acc:HGNC:21214]
H0Y9R5,26.444631562619232,1.3762044925534138,0.24921960435681584,5.52205552249837,3.350565683496768e-08,6.288797922028743e-07,ENSG00000109762,SNX25,sorting nexin 25 [Source:HGNC Symbol;Acc:HGNC:21883]
H0Y9T6,13.846214957681049,0.8103937031500075,0.2015501008007874,4.02080524857193,5.799954063571793e-05,0.00046244463817068807,ENSG00000163625,WDFY3,WD repeat and FYVE domain containing 3 [Source:HGNC Symbol;Acc:HGNC:20751]
H0YAW2,33.61795617416075,0.8606422625313161,0.16481894962647592,5.221743400754361,1.7724646097138082e-07,2.818308183318553e-06,ENSG00000105339,DENND3,DENN domain containing 3 [Source:HGNC Symbol;Acc:HGNC:29134]
H0YBD9,12.771667730166856,0.7397815823393075,0.17985916777387292,4.113115786621421,3.903544718690691e-05,0.0003279572389562076,ENSG00000176623,RMDN1,regulator of microtubule dynamics 1 [Source:HGNC Symbol;Acc:HGNC:24285]
H0YBM8,435.9007163909859,0.9089733068113219,0.16043426121136822,5.665705691216241,1.4642065896154822e-08,2.951701291350991e-07,ENSG00000147421,HMBOX1,homeobox containing 1 [Source:HGNC Symbol;Acc:HGNC:26137]
H0YBQ2,11.411713056654992,0.5720812424453644,0.18119024534912126,3.1573512213257726,0.0015920945742901435,0.0077505045801301185,ENSG00000175305,CCNE2,cyclin E2 [Source:HGNC Symbol;Acc:HGNC:1590]
H0YBS9,21.827465847590908,0.79556845404998,0.1832485253503186,4.341472612284773,1.4153092266373119e-05,0.00013618723986254423,ENSG00000123124,WWP1,WW domain containing E3 ubiquitin protein ligase 1 [Source:HGNC Symbol;Acc:HGNC:17004]
H0YBT6,22.726984907992225,0.76923435145723,0.25130515184835106,3.0609573492604754,0.0022063052018626438,0.010153976402729288,ENSG00000104714,ERICH1,glutamate rich 1 [Source:HGNC Symbol;Acc:HGNC:27234]
H0YBU4,17.439373238694916,0.6597932922242292,0.22652592359537355,2.9126613049496664,0.0035836306041566687,0.015091347974808319,ENSG00000168300,PCMTD1,protein-L-isoaspartate (D-aspartate) O-methyltransferase domain containing 1 [Source:HGNC Symbol;Acc:HGNC:30483]
H0YC27,14.646445054853016,0.9328158798718519,0.178291619367372,5.231967061501492,1.6771564113573323e-07,2.680290398266276e-06,ENSG00000176623,RMDN1,regulator of microtubule dynamics 1 [Source:HGNC Symbol;Acc:HGNC:24285]
H0YC45,65.26168034360838,0.7974150013054715,0.18190148467571604,4.383774012219082,1.1664077345220766e-05,0.00011504452673143952,ENSG00000147416,ATP6V1B2,ATPase H+ transporting V1 subunit B2 [Source:HGNC Symbol;Acc:HGNC:854]
H0YC91,12.995804535397715,0.7843004361482759,0.24080890986239373,3.2569411015416807,0.0011261979855206564,0.00579495342339537,ENSG00000165209,STRBP,spermatid perinuclear RNA binding protein [Source:HGNC Symbol;Acc:HGNC:16462]
H0YCT0,12.16028292983892,1.0893062655363808,0.2337810883428255,4.659514049053363,3.169567641536087e-06,3.673234091772825e-05,ENSG00000128284,APOL3,apolipoprotein L3 [Source:HGNC Symbol;Acc:HGNC:14868]
H0YCW3,32.06985541152427,0.6014895934458411,0.16049400989590282,3.7477385843619335,0.00017843608087328,0.00121570260351539,ENSG00000143393,PI4KB,phosphatidylinositol 4-kinase beta [Source:HGNC Symbol;Acc:HGNC:8984]
H0YD32,14.436559256842756,1.1420316280897846,0.2421481305846593,4.716252094667772,2.4022875471422394e-06,2.882483654226058e-05,ENSG00000128284,APOL3,apolipoprotein L3 [Source:HGNC Symbol;Acc:HGNC:14868]
H0YD46,11.820756460649534,0.6327915247385795,0.2165686012343304,2.9218987477039198,0.003479046210281155,0.014772215079233845,ENSG00000077514,POLD3,"DNA polymerase delta 3, accessory subunit [Source:HGNC Symbol;Acc:HGNC:20932]"
H0YD51,23.145100191582493,1.2819363425704615,0.2909272460626908,4.406381182648743,1.0511192305453496e-05,0.00010498814995673524,ENSG00000187609,EXD3,exonuclease 3'-5' domain containing 3 [Source:HGNC Symbol;Acc:HGNC:26023]
H0YDW8,30.5637005943168,3.1650893012636656,0.38124304314823615,8.302025068121715,1.0235160321401815e-16,1.111951850877811e-14,ENSG00000115523,GNLY,granulysin [Source:HGNC Symbol;Acc:HGNC:4414]
H0YEE7,38.20534164312504,1.8527372993574236,0.24325078227735802,7.6165728307706155,2.6049963251007207e-14,1.7515423461515638e-12,ENSG00000135218,CD36,CD36 molecule [Source:HGNC Symbol;Acc:HGNC:1663]
H0YEL3,11.480529758749137,0.943497689835191,0.2621945235140754,3.598464518594497,0.0003201015108870992,0.001998731234740681,ENSG00000110719,TCIRG1,"T cell immune regulator 1, ATPase H+ transporting V0 subunit a3 [Source:HGNC Symbol;Acc:HGNC:11647]"
H0YFG9,47.61634055447881,0.5020651379433114,0.2055932150080695,2.442031649359661,0.01460486618140714,0.04762447405084747,ENSG00000175768,TOMM5,translocase of outer mitochondrial membrane 5 [Source:HGNC Symbol;Acc:HGNC:31369]
H0YFX9,281.31005355044806,0.5156999128416113,0.13237714351793428,3.8956869678317614,9.792079088967111e-05,0.0007254098496072578,ENSG00000246705,H2AJ,H2A.J histone [Source:HGNC Symbol;Acc:HGNC:14456]
H0YGJ8,145.68033614245633,0.6541950035336063,0.1798915297080403,3.6366081526759446,0.0002762516832337942,0.00176695319664678,ENSG00000168010,ATG16L2,autophagy related 16 like 2 [Source:HGNC Symbol;Acc:HGNC:25464]
H0YH00,42.40043176683498,2.871347392136351,0.3871067091809061,7.417457057801826,1.193903789758162e-13,6.947323002460819e-12,ENSG00000187950,OVCH1,ovochymase 1 [Source:HGNC Symbol;Acc:HGNC:23080]
H0YHE8,17.650301499122616,1.8495273936458485,0.32532467357371997,5.685174054979072,1.3067949750074757e-08,2.666055169178064e-07,ENSG00000127329,PTPRB,protein tyrosine phosphatase receptor type B [Source:HGNC Symbol;Acc:HGNC:9665]
H0YHV0,17.433645536993136,0.5241737079160281,0.1783761563037678,2.9385861808984175,0.003297129775861305,0.014130373120257524,ENSG00000136048,DRAM1,DNA damage regulated autophagy modulator 1 [Source:HGNC Symbol;Acc:HGNC:25645]
H0YIE6,16.44918648780134,0.5725807760019822,0.2075974841850072,2.758129648101652,0.005813313658997228,0.02248219619896101,ENSG00000111670,GNPTAB,N-acetylglucosamine-1-phosphate transferase subunits alpha and beta [Source:HGNC Symbol;Acc:HGNC:29670]
H0YIH3,57.87621407750361,-0.5448176530676182,0.14812804958424136,-3.6780181376639067,0.0002350532486790339,0.001534595721245534,ENSG00000011465,DCN,decorin [Source:HGNC Symbol;Acc:HGNC:2705]
H0YJF5,27.865814049673055,0.6322703375119896,0.1802263446611043,3.5082015268128757,0.0004511471558765577,0.0026703165259531945,ENSG00000080824,HSP90AA1,heat shock protein 90 alpha family class A member 1 [Source:HGNC Symbol;Acc:HGNC:5253]
H0YJP3,13.587601688467197,0.9086591108475315,0.2500838884244728,3.6334172368003355,0.0002796921888645804,0.001784818151973222,ENSG00000140105,WARS1,tryptophanyl-tRNA synthetase 1 [Source:HGNC Symbol;Acc:HGNC:12729]
H0YJQ6,38.131701116780945,1.0077150545257028,0.15839119467118062,6.362191134536957,1.9889571687686784e-10,6.134889706297124e-09,ENSG00000169291,SHE,Src homology 2 domain containing E [Source:HGNC Symbol;Acc:HGNC:27004]
H0YJR4,91.31668979834187,1.6036908889481774,0.2084165107856696,7.694644166638858,1.4188848301127236e-14,9.840278629970442e-13,ENSG00000169291,SHE,Src homology 2 domain containing E [Source:HGNC Symbol;Acc:HGNC:27004]
H0YL97,47.5226209874253,3.002386088715866,0.34421520571782155,8.722409814681871,2.723425746263416e-18,3.7075574943267516e-16,ENSG00000167202,TBC1D2B,TBC1 domain family member 2B [Source:HGNC Symbol;Acc:HGNC:29183]
H0YLM1,10.977186590195194,0.8227710366598988,0.24075509952635615,3.4174604744761705,0.0006320827145155156,0.003567029730277682,ENSG00000138606,SHF,Src homology 2 domain containing F [Source:HGNC Symbol;Acc:HGNC:25116]
H0YMK1,150.37044363387287,1.9280333985352942,0.18691324557098088,10.315124498777791,6.020323066278087e-25,2.5051359415791873e-22,ENSG00000035664,DAPK2,death associated protein kinase 2 [Source:HGNC Symbol;Acc:HGNC:2675]
H0YNY8,32.279686463429,0.5724300464662699,0.22850219997051938,2.5051401979504924,0.012240286441198529,0.04128265440804287,ENSG00000143995,MEIS1,Meis homeobox 1 [Source:HGNC Symbol;Acc:HGNC:7000]
H3BLY0,14.784559142953844,0.9179351558526514,0.23202199978005997,3.956241893970345,7.61380672351839e-05,0.0005850693152629776,ENSG00000135048,CEMIP2,cell migration inducing hyaluronidase 2 [Source:HGNC Symbol;Acc:HGNC:11869]
H3BN99,18.745942419204614,1.178159230849531,0.23927704520610082,4.923828902328369,8.486704626036374e-07,1.1419510910470177e-05,ENSG00000214013,GANC,"glucosidase alpha, neutral C [Source:HGNC Symbol;Acc:HGNC:4139]"
H3BND9,23.9620583093097,0.5305176896103547,0.19203763634948004,2.7625714401363033,0.005734801012694132,0.022231552387758195,ENSG00000197111,PCBP2,poly(rC) binding protein 2 [Source:HGNC Symbol;Acc:HGNC:8648]
H3BNV7,10.103799395510935,0.7736561176591141,0.2731363068073914,2.8324909518699624,0.0046186873314537445,0.01860126559676422,ENSG00000166595,CIAO2B,cytosolic iron-sulfur assembly component 2B [Source:HGNC Symbol;Acc:HGNC:24261]
H3BP21,17.36959423683865,0.6123771231724935,0.19213997251412196,3.187140682699353,0.0014368686707237797,0.007117857516653692,ENSG00000102908,NFAT5,nuclear factor of activated T cells 5 [Source:HGNC Symbol;Acc:HGNC:7774]
H3BPH9,16.9573010999709,0.5304325635078572,0.19654512309281588,2.6987826264066967,0.0069593616855292435,0.026053600850901703,ENSG00000172775,PSME3IP1,proteasome activator subunit 3 interacting protein 1 [Source:HGNC Symbol;Acc:HGNC:29856]
H3BPS4,26.196608327563638,-1.0008542400646874,0.14149804528624826,-7.073272553270792,1.513218577320581e-12,7.176886560049052e-11,ENSG00000103494,RPGRIP1L,RPGRIP1 like [Source:HGNC Symbol;Acc:HGNC:29168]
H3BQN5,17.216430174758404,-0.6157509123597947,0.18845754317137417,-3.26731900457739,0.0010857126513869292,0.005623118052342771,ENSG00000176723,ZNF843,zinc finger protein 843 [Source:HGNC Symbol;Acc:HGNC:28710]
H3BRG0,19.26986624601604,0.6614626089268114,0.1899183773977582,3.482878371172412,0.0004960536809469791,0.002897237256251239,ENSG00000103978,TMEM87A,transmembrane protein 87A [Source:HGNC Symbol;Acc:HGNC:24522]
H3BRH9,38.01093776871609,0.761683724135433,0.15604975860826897,4.88103109500787,1.0553259846743626e-06,1.3837193380504396e-05,ENSG00000103528,SYT17,synaptotagmin 17 [Source:HGNC Symbol;Acc:HGNC:24119]
H3BRW1,12.494471494557624,0.5876606851864641,0.21357319623275764,2.7515657186963485,0.005931111776927432,0.022851980979796925,ENSG00000166546,BEAN1,brain expressed associated with NEDD4 1 [Source:HGNC Symbol;Acc:HGNC:24160]
H3BRY4,74.9252746725214,-0.6998370416268584,0.2299538412130039,-3.0433805233921123,0.002339363143227631,0.01065076687876593,ENSG00000140511,HAPLN3,hyaluronan and proteoglycan link protein 3 [Source:HGNC Symbol;Acc:HGNC:21446]
H3BS89,83.25768250070239,-1.3949876218323043,0.21523973680203043,-6.481087751539868,9.106368652654863e-11,3.0245761184585895e-09,ENSG00000261115,TMEM178B,transmembrane protein 178B [Source:HGNC Symbol;Acc:HGNC:44112]
H3BSM8,11.04692122100904,2.0043119869597716,0.2972505162428883,6.7428376989664,1.553226844720974e-11,6.108398323187572e-10,ENSG00000123358,NR4A1,nuclear receptor subfamily 4 group A member 1 [Source:HGNC Symbol;Acc:HGNC:7980]
H3BTF0,60.05051183402134,-1.554287753555032,0.47933360980710726,-3.242601231698537,0.0011844386191675745,0.00604247265952387,ENSG00000230062,ANKRD66,ankyrin repeat domain 66 [Source:HGNC Symbol;Acc:HGNC:44669]
H3BTX7,45.71437564034871,0.7362433580777288,0.20039141379368777,3.674026467200463,0.00023875798488045836,0.0015541819948505398,ENSG00000158717,RNF166,ring finger protein 166 [Source:HGNC Symbol;Acc:HGNC:28856]
H3BU86,12.360847554542103,1.04120825730252,0.24928334409185976,4.1768063610332495,2.9563048568525173e-05,0.00025618211124960874,ENSG00000254995,STX16-NPEPL1,STX16-NPEPL1 readthrough (NMD candidate) [Source:HGNC Symbol;Acc:HGNC:41993]
H3BUC6,68.6107182909898,1.7220851006499374,0.5295792401660713,3.251798730082219,0.0011467719633669298,0.005887083072647643,ENSG00000205364,MT1M,metallothionein 1M [Source:HGNC Symbol;Acc:HGNC:14296]
H3BV34,29.0585957781493,0.5878493818538626,0.1537159871305123,3.8242566230586674,0.00013116724090295092,0.0009286556439401861,ENSG00000140650,PMM2,phosphomannomutase 2 [Source:HGNC Symbol;Acc:HGNC:9115]
H7BXM4,39.814190169151566,1.9618545308498503,0.27686077798277864,7.086068836272222,1.379752005773986e-12,6.572149186898378e-11,ENSG00000169031,COL4A3,collagen type IV alpha 3 chain [Source:HGNC Symbol;Acc:HGNC:2204]
H7BXT2,122.58019367316464,-0.6629001999404163,0.14675456607196816,-4.5170669484677655,6.2702085745647555e-06,6.657832446001498e-05,ENSG00000130038,CRACR2A,calcium release activated channel regulator 2A [Source:HGNC Symbol;Acc:HGNC:28657]
H7BY79,21.023562034133594,-0.6063080487702673,0.2264035359592239,-2.6779972591923897,0.007406382438542476,0.027447548025477362,ENSG00000124215,CDH26,cadherin 26 [Source:HGNC Symbol;Acc:HGNC:15902]
H7BYC3,10.35413609424389,0.5568310774648427,0.1986622118434261,2.8029038451645967,0.005064476615639983,0.020095711997359513,ENSG00000112763,BTN2A1,butyrophilin subfamily 2 member A1 [Source:HGNC Symbol;Acc:HGNC:1136]
H7BYG8,17.191040062406014,0.5837353277275543,0.23784076782308533,2.454311483562641,0.014115465417149423,0.046255939719140174,ENSG00000198862,LTN1,listerin E3 ubiquitin protein ligase 1 [Source:HGNC Symbol;Acc:HGNC:13082]
H7BYT7,20.314914394396716,1.1345408099475405,0.2975894206164334,3.8124366370196463,0.00013760351176821077,0.0009698650842237521,ENSG00000165682,CLEC1B,C-type lectin domain family 1 member B [Source:HGNC Symbol;Acc:HGNC:24356]
H7BZD1,14.922937516246153,0.7204416989336148,0.2002687693964528,3.5973741742399468,0.0003214459088133138,0.0020037218973908487,ENSG00000115419,GLS,glutaminase [Source:HGNC Symbol;Acc:HGNC:4331]
H7C012,14.891932149784848,-0.8047706106584284,0.19129760073517463,-4.2069038376101915,2.5889323885377643e-05,0.00022902653388211735,ENSG00000163803,PLB1,phospholipase B1 [Source:HGNC Symbol;Acc:HGNC:30041]
H7C065,13.054892044881461,0.5316020328002111,0.1821589929097459,2.918340864255894,0.003518994421142571,0.01489661720661078,ENSG00000198369,SPRED2,sprouty related EVH1 domain containing 2 [Source:HGNC Symbol;Acc:HGNC:17722]
H7C0P7,11.749229872010437,1.160232546497069,0.21792199207305218,5.324072781548977,1.0146927632265559e-07,1.705642850624883e-06,ENSG00000163249,CCNYL1,cyclin Y like 1 [Source:HGNC Symbol;Acc:HGNC:26868]
H7C0Q5,14.756720266433486,0.5600378619259604,0.19027283489738359,2.943341135522554,0.003246904185439806,0.01394493182194537,ENSG00000146576,INTS15,integrator complex subunit 15 [Source:HGNC Symbol;Acc:HGNC:21702]
H7C126,12.015737917925057,1.2259441975027876,0.4008497508389346,3.058363376644293,0.0022254953308486537,0.010220965020103332,ENSG00000198130,HIBCH,3-hydroxyisobutyryl-CoA hydrolase [Source:HGNC Symbol;Acc:HGNC:4908]
H7C175,261.4656238718587,1.2723331377534837,0.18960525084866436,6.710431974107147,1.940490941743737e-11,7.442710822472413e-10,ENSG00000181409,AATK,apoptosis associated tyrosine kinase [Source:HGNC Symbol;Acc:HGNC:21]
H7C187,10.029001365760552,2.243131185350894,0.3696579823345687,6.068125923277613,1.2941142503340158e-09,3.32638644252522e-08,ENSG00000176771,NCKAP5,NCK associated protein 5 [Source:HGNC Symbol;Acc:HGNC:29847]
H7C1N1,22.261062052726693,1.488039084473439,0.2559981034113198,5.8126957373686565,6.147473671327434e-09,1.3598433735953382e-07,ENSG00000115875,SRSF7,serine and arginine rich splicing factor 7 [Source:HGNC Symbol;Acc:HGNC:10789]
H7C1P7,16.885429308826698,1.2085445189692106,0.2340414517826797,5.163805427473635,2.4197922935417604e-07,3.7227331326823577e-06,ENSG00000124839,RAB17,"RAB17, member RAS oncogene family [Source:HGNC Symbol;Acc:HGNC:16523]"
H7C1T2,17.306988961147027,0.6422622869308106,0.22782271070601978,2.8191319686279197,0.0048153715956135885,0.019287723423476587,ENSG00000144445,KANSL1L,KAT8 regulatory NSL complex subunit 1 like [Source:HGNC Symbol;Acc:HGNC:26310]
H7C1Z4,80.09684573853215,-2.911711073660915,0.3606917005477272,-8.072575746099357,6.88304441895306e-16,6.351408435798778e-14,ENSG00000162949,CAPN13,calpain 13 [Source:HGNC Symbol;Acc:HGNC:16663]
H7C2S5,17.19213262975417,0.6694919424980823,0.16730151826100131,4.001708708068214,6.28866897272692e-05,0.0004954994838317953,ENSG00000144445,KANSL1L,KAT8 regulatory NSL complex subunit 1 like [Source:HGNC Symbol;Acc:HGNC:26310]
H7C301,12.863108067096723,0.5823329587630434,0.1798042749352937,3.2387047469956314,0.0012007380278013324,0.006119587253485916,ENSG00000154743,TSEN2,tRNA splicing endonuclease subunit 2 [Source:HGNC Symbol;Acc:HGNC:28422]
H7C350,22.316421369168605,0.8681815300568704,0.22066378924256239,3.9344086904196627,8.340176682065234e-05,0.0006325111985772581,ENSG00000234409,CCDC188,coiled-coil domain containing 188 [Source:HGNC Symbol;Acc:HGNC:51899]
H7C3B6,10.125213218262418,0.9773737477934034,0.2995658081399722,3.2626345238196386,0.0011038177067728616,0.005698407234355966,ENSG00000188906,LRRK2,leucine rich repeat kinase 2 [Source:HGNC Symbol;Acc:HGNC:18618]
H7C3C8,11.45607147105995,1.7858492950610225,0.3556930777058646,5.020759207852242,5.146764580056219e-07,7.318294393846542e-06,ENSG00000144426,NBEAL1,neurobeachin like 1 [Source:HGNC Symbol;Acc:HGNC:20681]
H7C3K0,52.92363272676912,0.7318512636214234,0.2478584114854237,2.952698918852156,0.003150090400972795,0.013603307950470728,ENSG00000049540,ELN,elastin [Source:HGNC Symbol;Acc:HGNC:3327]
H7C3M6,16.42559809063189,-0.5330543859112504,0.21646361577285753,-2.4625588185249674,0.013794954403880445,0.045475922933210663,ENSG00000188859,FAM78B,family with sequence similarity 78 member B [Source:HGNC Symbol;Acc:HGNC:13495]
H7C3P2,29.001721514944855,-0.8289185102770735,0.3082418087944071,-2.6891826047839937,0.007162722566487323,0.026697090329780536,ENSG00000215018,COL28A1,collagen type XXVIII alpha 1 chain [Source:HGNC Symbol;Acc:HGNC:22442]
H7C476,74.66701909586719,1.113025829926022,0.2771045658359599,4.016627537580562,5.9036920016183566e-05,0.0004698665586564101,ENSG00000155636,RBM45,RNA binding motif protein 45 [Source:HGNC Symbol;Acc:HGNC:24468]
H7C498,47.71802926336611,1.1905282013752017,0.2453817489695376,4.85173900004681,1.223836120665741e-06,1.582091547782078e-05,ENSG00000116044,NFE2L2,NFE2 like bZIP transcription factor 2 [Source:HGNC Symbol;Acc:HGNC:7782]
H7C4M0,26.895706442371157,-0.5873811836176349,0.1925998321289876,-3.0497491982456926,0.00229032538314868,0.010462062137522987,ENSG00000168386,FILIP1L,filamin A interacting protein 1 like [Source:HGNC Symbol;Acc:HGNC:24589]
H7C4Y8,15.538448358135996,0.7652085152122782,0.26895905236233775,2.8450744025577555,0.004440105048294014,0.017987155902842798,ENSG00000124243,BCAS4,breast carcinoma amplified sequence 4 [Source:HGNC Symbol;Acc:HGNC:14367]
H7C4Z9,29.11911014533098,0.7247371615427,0.16369592643292993,4.427337792303841,9.540326657209722e-06,9.642638134651842e-05,ENSG00000059378,PARP12,poly(ADP-ribose) polymerase family member 12 [Source:HGNC Symbol;Acc:HGNC:21919]
H7C557,15.068655931941258,0.5638645003242007,0.2230296405346081,2.5282043183704284,0.01146476107407291,0.03902513362055934,ENSG00000162591,MEGF6,multiple EGF like domains 6 [Source:HGNC Symbol;Acc:HGNC:3232]
H7C5G6,23.302980769081405,-1.4435874851290202,0.4054206027518512,-3.5607156501925665,0.00036984542377469035,0.002255065240787122,ENSG00000182329,KIAA2012,KIAA2012 [Source:HGNC Symbol;Acc:HGNC:51250]
I3L0Y7,13.201795067341235,0.7103013197604848,0.15453643918323504,4.5963354889928265,4.299861717414749e-06,4.794193645898123e-05,ENSG00000166164,BRD7,bromodomain containing 7 [Source:HGNC Symbol;Acc:HGNC:14310]
I3L124,19.426921484291075,-0.8471927994148579,0.24040999635430169,-3.5239499698935837,0.0004251645185918678,0.0025403896757044304,ENSG00000181045,SLC26A11,solute carrier family 26 member 11 [Source:HGNC Symbol;Acc:HGNC:14471]
I3L165,11.291929497227796,-0.6293682171527646,0.24681451787905542,-2.5499643317625624,0.01077339406021864,0.037106855245710425,ENSG00000185359,HGS,hepatocyte growth factor-regulated tyrosine kinase substrate [Source:HGNC Symbol;Acc:HGNC:4897]
I3L1J2,37.97934847508309,1.3743432441645869,0.25044817781572254,5.487535410123112,4.0758033144499315e-08,7.478183552152977e-07,ENSG00000179776,CDH5,cadherin 5 [Source:HGNC Symbol;Acc:HGNC:1764]
I3L2S3,12.523551899193993,-0.9078052115223065,0.2995607096935936,-3.0304548699021887,0.00244185676793283,0.011026524879044961,ENSG00000186260,MRTFB,myocardin related transcription factor B [Source:HGNC Symbol;Acc:HGNC:29819]
I3L3B3,29.800307874147318,1.2791919942516288,0.2444892845423744,5.232098399101503,1.6759648829006975e-07,2.680290398266276e-06,ENSG00000132530,XAF1,XIAP associated factor 1 [Source:HGNC Symbol;Acc:HGNC:30932]
I3L3H3,21.616860155241806,-0.6577959528878716,0.2491498244151155,-2.6401622173808934,0.008286635239356995,0.030038371723993946,ENSG00000108405,P2RX1,purinergic receptor P2X 1 [Source:HGNC Symbol;Acc:HGNC:8533]
I3L3Q2,21.3082972799465,1.129638551294075,0.21080911298306915,5.358585002844732,8.387627172387808e-08,1.4350716032571042e-06,ENSG00000132530,XAF1,XIAP associated factor 1 [Source:HGNC Symbol;Acc:HGNC:30932]
I3L3W1,15.930174484461144,0.8545526047037294,0.2162970520843988,3.950828716658996,7.788104900563688e-05,0.0005959710807669381,ENSG00000174238,PITPNA,phosphatidylinositol transfer protein alpha [Source:HGNC Symbol;Acc:HGNC:9001]
I3L4A3,54.84734871535715,0.7367344377126864,0.18961947452821304,3.8853310797624294,0.00010219052738156857,0.0007527421145200779,ENSG00000175866,BAIAP2,BAR/IMD domain containing adaptor protein 2 [Source:HGNC Symbol;Acc:HGNC:947]
I6L899,32.74179391759543,1.0264640929761093,0.3839249725669652,2.673605955124659,0.00750405669147361,0.02771173246379086,ENSG00000186399,GOLGA8R,golgin A8 family member R [Source:HGNC Symbol;Acc:HGNC:44407]
J3KMZ9,10.512234268187756,1.8051007928236362,0.3097424919451592,5.827746724344281,5.618075548498193e-09,1.2642963076181546e-07,ENSG00000130164,LDLR,low density lipoprotein receptor [Source:HGNC Symbol;Acc:HGNC:6547]
J3KNE8,271.0180127459006,1.3317932874999638,0.23432448551400759,5.683542992012037,1.3193253898920914e-08,2.686648397846739e-07,ENSG00000138769,CDKL2,cyclin dependent kinase like 2 [Source:HGNC Symbol;Acc:HGNC:1782]
J3KQ47,44.132004529743256,0.6177911944065058,0.14202208877005926,4.349965556461714,1.3615891710654536e-05,0.00013187741580446865,ENSG00000115446,UNC50,unc-50 inner nuclear membrane RNA binding protein [Source:HGNC Symbol;Acc:HGNC:16046]
J3KR48,97.91309799356004,-1.5786952651533779,0.38874487229499605,-4.061006016190992,4.8861712229409976e-05,0.00039837197837612107,ENSG00000185055,EFCAB10,EF-hand calcium binding domain 10 [Source:HGNC Symbol;Acc:HGNC:34531]
J3KRC0,15.467533863164686,0.745419962148392,0.24945177317692133,2.988232766017301,0.0028059576470143713,0.01236662468969923,ENSG00000125450,NUP85,nucleoporin 85 [Source:HGNC Symbol;Acc:HGNC:8734]
J3KSK6,39.916209367700226,-0.6054291162210557,0.1691998403403652,-3.5781896425148183,0.00034598238374511603,0.0021289886972976533,ENSG00000243156,MICAL3,"microtubule associated monooxygenase, calponin and LIM domain containing 3 [Source:HGNC Symbol;Acc:HGNC:24694]"
J3KTE0,26.921104317711652,0.7522279806545343,0.2738497513250093,2.7468638441879687,0.0060168107009980175,0.02310145250693076,ENSG00000167524,RSKR,ribosomal protein S6 kinase related [Source:HGNC Symbol;Acc:HGNC:26314]
J3QKQ4,19.489420814892704,0.6622914433640594,0.2169049137619676,3.053372244442839,0.002262850500822029,0.010360162953109618,ENSG00000167851,CD300A,CD300a molecule [Source:HGNC Symbol;Acc:HGNC:19319]
J3QLQ5,14.869951766196786,1.3268786755053432,0.29540431774266795,4.491737580698503,7.064443597665385e-06,7.394363507494656e-05,ENSG00000179094,PER1,period circadian regulator 1 [Source:HGNC Symbol;Acc:HGNC:8845]
J3QQK8,65.46443414264971,-1.2962223063233076,0.4673649099053812,-2.773469464332977,0.005546204517307906,0.02168723305402634,ENSG00000007174,DNAH9,dynein axonemal heavy chain 9 [Source:HGNC Symbol;Acc:HGNC:2953]
J3QQQ8,31.43874318441348,0.5585777160827053,0.15704826693688761,3.5567263935945173,0.0003755048861576677,0.00228578105418747,ENSG00000171634,BPTF,bromodomain PHD finger transcription factor [Source:HGNC Symbol;Acc:HGNC:3581]
J3QR87,43.54029471248438,-0.5690002443743241,0.16102939699320032,-3.5335178234465525,0.00041006843958496633,0.0024648812664504896,ENSG00000076604,TRAF4,TNF receptor associated factor 4 [Source:HGNC Symbol;Acc:HGNC:12034]
J3QRA1,45.91620766428728,1.7230831055720044,0.3105138281096144,5.54913485193883,2.870866819678428e-08,5.458111796654142e-07,ENSG00000006210,CX3CL1,C-X3-C motif chemokine ligand 1 [Source:HGNC Symbol;Acc:HGNC:10647]
J3QRZ1,26.09408879528156,0.6435055609336877,0.17844088101904002,3.606267561888042,0.0003106328490564619,0.0019484348273865785,ENSG00000166579,NDEL1,nudE neurodevelopment protein 1 like 1 [Source:HGNC Symbol;Acc:HGNC:17620]
J3QSE9,38.61679033509922,0.5273190212218516,0.2131541799271778,2.4738854354252187,0.013365254809954456,0.04427780225007294,ENSG00000087095,NLK,nemo like kinase [Source:HGNC Symbol;Acc:HGNC:29858]
J9JID5,40.899455673718975,0.6545128879712764,0.13384496076792363,4.890082407406799,1.0079377185881557e-06,1.327463574697761e-05,ENSG00000130856,ZNF236,zinc finger protein 236 [Source:HGNC Symbol;Acc:HGNC:13028]
K4DIE0,41.81865649007954,0.8587278227648477,0.1933833548291506,4.440546724011033,8.97306190764273e-06,9.13206771163603e-05,ENSG00000137497,NUMA1,nuclear mitotic apparatus protein 1 [Source:HGNC Symbol;Acc:HGNC:8059]
K7EIH7,58.72282133450707,0.660816028995555,0.17625922279130535,3.7491146195395135,0.00017745997062032083,0.0012097997502505582,ENSG00000141458,NPC1,NPC intracellular cholesterol transporter 1 [Source:HGNC Symbol;Acc:HGNC:7897]
K7EIH9,54.0970338265484,3.112579860517118,0.4439819864418553,7.010599428733236,2.372992323678825e-12,1.0821459059293196e-10,ENSG00000167434,CA4,carbonic anhydrase 4 [Source:HGNC Symbol;Acc:HGNC:1375]
K7EJ44,112.02783446088925,0.5665553668680519,0.18117375996518423,3.1271380964711755,0.001765169928913951,0.008429852233059393,ENSG00000108518,PFN1,profilin 1 [Source:HGNC Symbol;Acc:HGNC:8881]
K7EJ61,17.462743012511023,0.95533158118006,0.19749220579460358,4.837312831340933,1.3160621304395165e-06,1.6904155052249912e-05,ENSG00000150477,KIAA1328,KIAA1328 [Source:HGNC Symbol;Acc:HGNC:29248]
K7EJ83,10.540435397725254,0.6549670876894459,0.23013918658457724,2.845960731023712,0.00442776547573564,0.017950356581226803,ENSG00000250506,CDK3,cyclin dependent kinase 3 [Source:HGNC Symbol;Acc:HGNC:1772]
K7EJB4,157.60766404725774,0.5571570097889307,0.2114856403644391,2.6344909698304773,0.008426354516571,0.03044974971464146,ENSG00000116285,ERRFI1,ERBB receptor feedback inhibitor 1 [Source:HGNC Symbol;Acc:HGNC:18185]
K7EKM1,11.98561727283227,0.7846754971929734,0.18462501788766417,4.250103838421357,2.1367143680509074e-05,0.00019433344946191605,ENSG00000142279,WTIP,WT1 interacting protein [Source:HGNC Symbol;Acc:HGNC:20964]
K7EKM5,21.189837624288785,0.7662732246936786,0.255941017809021,2.993944586347856,0.002753959568611986,0.012183716013273569,ENSG00000124731,TREM1,triggering receptor expressed on myeloid cells 1 [Source:HGNC Symbol;Acc:HGNC:17760]
K7EL06,16.296513930897362,1.9684653295686672,0.43046681579586127,4.572861965978268,4.811071023603998e-06,5.2787741469931624e-05,ENSG00000161649,CD300LG,CD300 molecule like family member g [Source:HGNC Symbol;Acc:HGNC:30455]
K7EMG7,15.836294906070275,1.0768958996864957,0.3093526456335834,3.4811271695475923,0.0004993083672477982,0.0029131605109214134,ENSG00000095066,HOOK2,hook microtubule tethering protein 2 [Source:HGNC Symbol;Acc:HGNC:19885]
K7EMH5,10.10613684166702,1.6940614938324856,0.37684861575042844,4.495336915220073,6.945987780641473e-06,7.291138244372539e-05,ENSG00000154263,ABCA10,ATP binding cassette subfamily A member 10 [Source:HGNC Symbol;Acc:HGNC:30]
K7EN80,50.6186958631278,0.5618249702827843,0.17347606720571426,3.238631007334007,0.001201048476890292,0.006119587253485916,ENSG00000196967,ZNF585A,zinc finger protein 585A [Source:HGNC Symbol;Acc:HGNC:26305]
K7ENM9,13.644341266598303,0.5957845455633269,0.2057448589972697,2.8957445083535878,0.003782602247743543,0.015722108927956297,ENSG00000120948,TARDBP,TAR DNA binding protein [Source:HGNC Symbol;Acc:HGNC:11571]
K7ENW9,11.078036416821083,0.9865202206839887,0.34833597013721335,2.832094027772635,0.004624424773022843,0.018620972054819388,ENSG00000167604,NFKBID,NFKB inhibitor delta [Source:HGNC Symbol;Acc:HGNC:15671]
K7EP30,54.8082023088275,0.62216812301257,0.12253961672255992,5.07728145111806,3.8287350961745336e-07,5.629261587402211e-06,ENSG00000134779,TPGS2,tubulin polyglutamylase complex subunit 2 [Source:HGNC Symbol;Acc:HGNC:24561]
K7EP82,36.21849177422127,0.7848560728055233,0.15802792498116333,4.966565706023647,6.814897007788764e-07,9.40524021337756e-06,ENSG00000141425,RPRD1A,regulation of nuclear pre-mRNA domain containing 1A [Source:HGNC Symbol;Acc:HGNC:25560]
K7EPT2,15.779536031966446,0.7378526723311285,0.18137162200151236,4.068181472871076,4.7381474833699763e-05,0.00038816903639762797,ENSG00000185722,ANKFY1,ankyrin repeat and FYVE domain containing 1 [Source:HGNC Symbol;Acc:HGNC:20763]
K7EQP2,104.52231525572688,1.8939871531160855,0.23947782907395682,7.908820455070913,2.598390396599115e-15,2.1145720223836486e-13,ENSG00000173812,EIF1,eukaryotic translation initiation factor 1 [Source:HGNC Symbol;Acc:HGNC:3249]
K7EQV7,20.27919920618663,0.5443320395502517,0.17043115374816672,3.1938529287583775,0.0014038761842643708,0.006983917860966865,ENSG00000196757,ZNF700,zinc finger protein 700 [Source:HGNC Symbol;Acc:HGNC:25292]
K7ERL2,12.837265269916369,0.5561363021527204,0.21705465110010394,2.5621948174528386,0.01040129553170606,0.03611306228845174,ENSG00000064932,SBNO2,strawberry notch homolog 2 [Source:HGNC Symbol;Acc:HGNC:29158]
K7ERU0,63.25164098876852,0.5161510196873963,0.18391661686831393,2.806440377581355,0.00500921815943748,0.01990131690159285,ENSG00000213015,ZNF580,zinc finger protein 580 [Source:HGNC Symbol;Acc:HGNC:29473]
K7ERW2,23.733320092970388,1.1126311314591377,0.21352497334823592,5.210777521768181,1.8805085021691765e-07,2.9772243005627434e-06,ENSG00000141458,NPC1,NPC intracellular cholesterol transporter 1 [Source:HGNC Symbol;Acc:HGNC:7897]
K7ES69,13.09349464688796,0.8544742303990582,0.32805694882007846,2.604652129675483,0.00919675827215068,0.032724315413683626,ENSG00000064666,CNN2,calponin 2 [Source:HGNC Symbol;Acc:HGNC:2156]
M0QX51,10.29551926658331,0.6055542859509304,0.24382020394122245,2.483609955871052,0.013005817527916965,0.04336577713352968,ENSG00000105127,AKAP8,A-kinase anchoring protein 8 [Source:HGNC Symbol;Acc:HGNC:378]
M0QXL1,88.98658541274617,1.5833768538401738,0.24363252765137797,6.4990371733362355,8.083568761859956e-11,2.7274721962451854e-09,ENSG00000087074,PPP1R15A,protein phosphatase 1 regulatory subunit 15A [Source:HGNC Symbol;Acc:HGNC:14375]
M0QXS0,76.7294488385007,0.5335672442742769,0.21477717999674484,2.484282754258919,0.012981268808026018,0.04330493152203991,ENSG00000142227,EMP3,epithelial membrane protein 3 [Source:HGNC Symbol;Acc:HGNC:3335]
M0QYB4,12.059348548390194,0.7230221411588732,0.2201459721976779,3.28428512200824,0.0010224142980488162,0.005343204959518624,ENSG00000105321,CCDC9,coiled-coil domain containing 9 [Source:HGNC Symbol;Acc:HGNC:24560]
M0QYJ8,26.811131015509616,0.5720744181501234,0.17345978425005812,3.2980233465840465,0.0009736803823931536,0.005135983533436644,ENSG00000130755,GMFG,glia maturation factor gamma [Source:HGNC Symbol;Acc:HGNC:4374]
M0QYN1,28.915068520182277,0.9993622704725301,0.2656049692721836,3.7625887543105985,0.0001681636003819447,0.0011556382826359618,ENSG00000104870,FCGRT,Fc gamma receptor and transporter [Source:HGNC Symbol;Acc:HGNC:3621]
M0QYY8,14.532405459782067,0.707350596043833,0.25191571781454813,2.8078859158941434,0.0049867889557416445,0.019840996505489126,ENSG00000167657,DAPK3,death associated protein kinase 3 [Source:HGNC Symbol;Acc:HGNC:2676]
M0QZB8,23.18012164308725,0.7569727745865634,0.22630525943515598,3.3449190552438814,0.0008230658755146564,0.004453359867173757,ENSG00000126456,IRF3,interferon regulatory factor 3 [Source:HGNC Symbol;Acc:HGNC:6118]
M0QZG9,14.49976995139154,0.6824563381736426,0.15734507411308907,4.337322550581653,1.4422889183793671e-05,0.00013811654279608583,ENSG00000167555,ZNF528,zinc finger protein 528 [Source:HGNC Symbol;Acc:HGNC:29384]
M0QZQ2,42.21592566521091,1.1848305542414206,0.2784944353589664,4.25441374695415,2.0959743198133322e-05,0.00019124790090675726,ENSG00000104973,MED25,mediator complex subunit 25 [Source:HGNC Symbol;Acc:HGNC:28845]
M0QZT5,10.156211166891106,0.6954532772770715,0.2605851924809136,2.668813491111969,0.007611970602828125,0.028030455781394466,ENSG00000083844,ZNF264,zinc finger protein 264 [Source:HGNC Symbol;Acc:HGNC:13057]
M0R1C2,11.211342855290964,0.6919451235508827,0.24339775590310742,2.8428574494595362,0.004471106314798637,0.018099445423379063,ENSG00000125755,SYMPK,symplekin scaffold protein [Source:HGNC Symbol;Acc:HGNC:22935]
M0R252,140.56228678804905,1.4048210355990591,0.2556660130091182,5.494750823798222,3.912624635467366e-08,7.214801313595091e-07,ENSG00000128016,ZFP36,ZFP36 ring finger protein [Source:HGNC Symbol;Acc:HGNC:12862]
M0R266,25.852521420906786,0.6219101660415896,0.15990434020897373,3.8892638262903656,0.0001005487649474976,0.0007416396194488669,ENSG00000104870,FCGRT,Fc gamma receptor and transporter [Source:HGNC Symbol;Acc:HGNC:3621]
M0R2L2,13.255517494819983,1.200965638225121,0.25863512135222827,4.643474683353457,3.425979900572385e-06,3.931142597670311e-05,ENSG00000104946,TBC1D17,TBC1 domain family member 17 [Source:HGNC Symbol;Acc:HGNC:25699]
M0R2Q6,76.66792520644081,1.3418192762952772,0.20412141129726705,6.573633151796861,4.9102122427658704e-11,1.7381993708179534e-09,ENSG00000105701,FKBP8,FKBP prolyl isomerase 8 [Source:HGNC Symbol;Acc:HGNC:3724]
O00141,14.661193024486138,0.6767479946100764,0.22978045920212328,2.94519384703111,0.003227523834020872,0.013882647660086535,ENSG00000118515,SGK1,serum/glucocorticoid regulated kinase 1 [Source:HGNC Symbol;Acc:HGNC:10810]
O00159,2213.8889618455714,0.7906615939344181,0.1194756706599053,6.617762340795592,3.646766760508366e-11,1.3337610967869237e-09,ENSG00000197879,MYO1C,myosin IC [Source:HGNC Symbol;Acc:HGNC:7597]
O00160,537.3125779418668,0.6841009892445825,0.19365780595405901,3.532524732862409,0.000411611721597771,0.0024732698906041062,ENSG00000142347,MYO1F,myosin IF [Source:HGNC Symbol;Acc:HGNC:7600]
O00161,97.67724201644857,0.9525273038005825,0.23979233838097863,3.9723008259222223,7.11817471976581e-05,0.0005519839144504753,ENSG00000092531,SNAP23,synaptosome associated protein 23 [Source:HGNC Symbol;Acc:HGNC:11131]
O00194,1231.5653047745886,-1.2292919226147596,0.19820676951505728,-6.202068302825416,5.572588095186656e-10,1.5400734066572245e-08,ENSG00000041353,RAB27B,"RAB27B, member RAS oncogene family [Source:HGNC Symbol;Acc:HGNC:9767]"
O00198,26.65588692982952,-1.4146382542594553,0.3727259278328724,-3.7953846207709194,0.00014741474057345289,0.0010324124495218296,ENSG00000135116,HRK,"harakiri, BCL2 interacting protein [Source:HGNC Symbol;Acc:HGNC:5185]"
O00204,52.48814321616903,0.8365101644104085,0.24046662313377834,3.478695519190763,0.0005038607253692321,0.0029341967448726965,ENSG00000088002,SULT2B1,sulfotransferase family 2B member 1 [Source:HGNC Symbol;Acc:HGNC:11459]
O00212,48.778473694897606,-0.5870941848222542,0.1682413937854318,-3.4895941576126632,0.0004837546044079013,0.0028374266078754935,ENSG00000173156,RHOD,ras homolog family member D [Source:HGNC Symbol;Acc:HGNC:670]
O00219,582.7230244799268,1.0023127350262384,0.2323338852632384,4.314104823283097,1.6025090251936512e-05,0.0001515511751355951,ENSG00000103044,HAS3,hyaluronan synthase 3 [Source:HGNC Symbol;Acc:HGNC:4820]
O00238,333.48902996391615,-1.1666974115624518,0.2936076977029544,-3.97366084298924,7.077632489834277e-05,0.0005498066464628571,ENSG00000138696,BMPR1B,bone morphogenetic protein receptor type 1B [Source:HGNC Symbol;Acc:HGNC:1077]
O00241,167.7618031443946,1.268825764656947,0.22564289489679382,5.623158509986728,1.8749720926158046e-08,3.7019368424842394e-07,ENSG00000101307,SIRPB1,signal regulatory protein beta 1 [Source:HGNC Symbol;Acc:HGNC:15928]
O00253,57.315758675121394,2.2489168317525836,0.3045301641970257,7.384873802838046,1.5259805475003783e-13,8.651407453617825e-12,ENSG00000159723,AGRP,agouti related neuropeptide [Source:HGNC Symbol;Acc:HGNC:330]
O00254,119.43486816923262,-2.698238870326592,0.3067406897476877,-8.796481720589638,1.4117255178855456e-18,2.0086577142869563e-16,ENSG00000164220,F2RL2,coagulation factor II thrombin receptor like 2 [Source:HGNC Symbol;Acc:HGNC:3539]
O00292,62.840681959832565,0.9878000035685529,0.2592240799296888,3.8106027952205714,0.00013862835295284985,0.000975840949895356,ENSG00000143768,LEFTY2,left-right determination factor 2 [Source:HGNC Symbol;Acc:HGNC:3122]
O00300,127.87463760065089,-1.8338624819705929,0.35992884474871745,-5.095069508115959,3.4861332694071314e-07,5.177318728855548e-06,ENSG00000164761,TNFRSF11B,TNF receptor superfamily member 11b [Source:HGNC Symbol;Acc:HGNC:11909]
O00358,15.46710752226365,-2.8450273045304693,0.45465057735486436,-6.257612870707663,3.9091472240116065e-10,1.1284336764182195e-08,ENSG00000178919,FOXE1,forkhead box E1 [Source:HGNC Symbol;Acc:HGNC:3806]
O00398,240.07949375988542,-0.7188608697449348,0.20516405599643672,-3.503834364424049,0.00045861051383654306,0.002706501544594895,ENSG00000078589,P2RY10,P2Y receptor family member 10 [Source:HGNC Symbol;Acc:HGNC:19906]
O00421,264.0678689886859,0.5676396177394629,0.1781161326136676,3.1869073812121695,0.0014380281594231603,0.007122001578243516,ENSG00000121797,CCRL2,C-C motif chemokine receptor like 2 [Source:HGNC Symbol;Acc:HGNC:1612]
O00458,63.61552039860191,0.888738698430062,0.2046014060439146,4.3437565538494285,1.4006672869494576e-05,0.000135128242985054,ENSG00000006652,IFRD1,interferon related developmental regulator 1 [Source:HGNC Symbol;Acc:HGNC:5456]
O00470,43.79485646259749,0.7544467508804253,0.17656161229189152,4.272994231799235,1.9286544802614515e-05,0.00017856652354192296,ENSG00000143995,MEIS1,Meis homeobox 1 [Source:HGNC Symbol;Acc:HGNC:7000]
O00471,96.27325321905167,0.5686516905199426,0.09200997181706402,6.180326754697271,6.396906094980445e-10,1.7546936196355562e-08,ENSG00000070367,EXOC5,exocyst complex component 5 [Source:HGNC Symbol;Acc:HGNC:10696]
O00487,77.65567188215849,-0.6657109678669493,0.15371155119783117,-4.330910479266196,1.4849404827875694e-05,0.00014183143095451302,ENSG00000115233,PSMD14,"proteasome 26S subunit, non-ATPase 14 [Source:HGNC Symbol;Acc:HGNC:16889]"
O00506,14.695078629253297,0.8399936950344522,0.20336353560515924,4.130503005540497,3.6197036249006576e-05,0.00030656276399216247,ENSG00000115694,STK25,serine/threonine kinase 25 [Source:HGNC Symbol;Acc:HGNC:11404]
O00534,1253.6701617963258,-0.678636189380473,0.0983145514694688,-6.902703406943995,5.1022086815868925e-12,2.197736528588229e-10,ENSG00000110002,VWA5A,von Willebrand factor A domain containing 5A [Source:HGNC Symbol;Acc:HGNC:6658]
O00559,12.563609564708322,0.537487761498062,0.15718988859427244,3.4193532822291637,0.0006277017275273665,0.003547753433851497,ENSG00000147654,EBAG9,estrogen receptor binding site associated antigen 9 [Source:HGNC Symbol;Acc:HGNC:3123]
O00562,41.34815318109572,-0.9275115522886782,0.17361674487742654,-5.342293181130089,9.177805707981833e-08,1.5533946821475927e-06,ENSG00000110697,PITPNM1,phosphatidylinositol transfer protein membrane associated 1 [Source:HGNC Symbol;Acc:HGNC:9003]
O00585,271.827534861223,-0.787960267593114,0.24914913330310043,-3.162604891081548,0.0015636439405572716,0.007637785928028808,ENSG00000137077,CCL21,C-C motif chemokine ligand 21 [Source:HGNC Symbol;Acc:HGNC:10620]
O00587,20.751374596829763,0.6686833015215381,0.16448914915785182,4.065212234029109,4.79887724039937e-05,0.00039285240779423795,ENSG00000100060,MFNG,MFNG O-fucosylpeptide 3-beta-N-acetylglucosaminyltransferase [Source:HGNC Symbol;Acc:HGNC:7038]
O00590,54.07295084755248,-0.8447042644627589,0.14823892688613002,-5.6982621380659335,1.2103485043616737e-08,2.492346023827484e-07,ENSG00000144648,ACKR2,atypical chemokine receptor 2 [Source:HGNC Symbol;Acc:HGNC:1565]
O00591,118.0715180753723,-2.499387595968493,0.42222415364697063,-5.91957512231353,3.227743812753347e-09,7.63612735187345e-08,ENSG00000094755,GABRP,gamma-aminobutyric acid type A receptor subunit pi [Source:HGNC Symbol;Acc:HGNC:4089]
O00626,173.50835740178582,-1.4790213816541153,0.23272451156651605,-6.355245400231035,2.0809414349176228e-10,6.382904367965681e-09,ENSG00000102962,CCL22,C-C motif chemokine ligand 22 [Source:HGNC Symbol;Acc:HGNC:10621]
O00631,67.939392201568,-2.387825537387041,0.44684681366706497,-5.34372286956969,9.105674924818778e-08,1.5435553788774277e-06,ENSG00000170290,SLN,sarcolipin [Source:HGNC Symbol;Acc:HGNC:11089]
O00716,551.1492791616677,-0.877458091335909,0.1405490921315071,-6.2430719261772305,4.2905947520215995e-10,1.2304912439672868e-08,ENSG00000112242,E2F3,E2F transcription factor 3 [Source:HGNC Symbol;Acc:HGNC:3115]
O00755,111.36292039306147,1.7982457259127087,0.20897205832531557,8.605196983384754,7.618580853637739e-18,9.65633230724866e-16,ENSG00000154764,WNT7A,Wnt family member 7A [Source:HGNC Symbol;Acc:HGNC:12786]
O00763,375.64765470812426,1.3404072453147673,0.20007363509870088,6.6995696092266925,2.09034277213613e-11,7.962075906164113e-10,ENSG00000076555,ACACB,acetyl-CoA carboxylase beta [Source:HGNC Symbol;Acc:HGNC:85]
O14494,97.21381029825652,-0.746803985559171,0.12088152475303167,-6.177982839684867,6.492576949201304e-10,1.774315886464505e-08,ENSG00000067113,PLPP1,phospholipid phosphatase 1 [Source:HGNC Symbol;Acc:HGNC:9228]
O14498,1166.972961922327,-0.8259864337120817,0.18879107824363298,-4.375134891947354,1.2135740863866398e-05,0.00011916368166149133,ENSG00000129009,ISLR,immunoglobulin superfamily containing leucine rich repeat [Source:HGNC Symbol;Acc:HGNC:6133]
O14508,97.86525355615012,0.8191679364436703,0.3172069055213008,2.582440426690718,0.009810429791765671,0.03447406287884004,ENSG00000120833,SOCS2,suppressor of cytokine signaling 2 [Source:HGNC Symbol;Acc:HGNC:19382]
O14513,382.8461668901686,1.7610685561026411,0.3092130373030518,5.695324399846255,1.2313756425780763e-08,2.528562236630996e-07,ENSG00000176771,NCKAP5,NCK associated protein 5 [Source:HGNC Symbol;Acc:HGNC:29847]
O14519,350.6529415146019,-0.7342332657138331,0.10245570940139505,-7.166347976151299,7.702484391967448e-13,3.869489539417998e-11,ENSG00000111328,CDK2AP1,cyclin dependent kinase 2 associated protein 1 [Source:HGNC Symbol;Acc:HGNC:14002]
O14523,35.70919704775399,0.5749293467472607,0.20331203640298734,2.827817560233797,0.004686650696954444,0.018826847808858526,ENSG00000172375,C2CD2L,C2CD2 like [Source:HGNC Symbol;Acc:HGNC:29000]
O14529,10.780033769612428,-1.7220878707479663,0.2961772542394543,-5.814382590486463,6.085808190882303e-09,1.351625517036438e-07,ENSG00000111249,CUX2,cut like homeobox 2 [Source:HGNC Symbol;Acc:HGNC:19347]
O14559,55.74042932651671,0.8805075615748132,0.18732788080926063,4.700355108759043,2.5970947196719717e-06,3.094345053897659e-05,ENSG00000004777,ARHGAP33,Rho GTPase activating protein 33 [Source:HGNC Symbol;Acc:HGNC:23085]
O14625,160.5394729567297,1.063975487682178,0.39870603133126387,2.6685713384610854,0.007617459994133368,0.028045987096931103,ENSG00000169248,CXCL11,C-X-C motif chemokine ligand 11 [Source:HGNC Symbol;Acc:HGNC:10638]
O14737,84.68398889922189,0.5301461109132551,0.1532336650946351,3.459723492131079,0.0005407303399083068,0.003114459889354348,ENSG00000105185,PDCD5,programmed cell death 5 [Source:HGNC Symbol;Acc:HGNC:8764]
O14756,507.4115915668049,2.0891158900546967,0.23820175083347062,8.770363285512623,1.7809075010333713e-18,2.5016645877573227e-16,ENSG00000025423,HSD17B6,hydroxysteroid 17-beta dehydrogenase 6 [Source:HGNC Symbol;Acc:HGNC:23316]
O14757,45.20795388829054,-0.7992172648117534,0.1639019017487015,-4.876192748740238,1.081529335196564e-06,1.4155518076216632e-05,ENSG00000149554,CHEK1,checkpoint kinase 1 [Source:HGNC Symbol;Acc:HGNC:1925]
O14777,55.54161004122057,-0.6619220936225113,0.18719821552179378,-3.5359423260391596,0.00040632339029718026,0.0024497146117042137,ENSG00000080986,NDC80,NDC80 kinetochore complex component [Source:HGNC Symbol;Acc:HGNC:16909]
O14792,222.0148535888679,-1.2072368997385408,0.21036135367442396,-5.738872082022158,9.53091721813643e-09,2.0230495508063603e-07,ENSG00000002587,HS3ST1,heparan sulfate-glucosamine 3-sulfotransferase 1 [Source:HGNC Symbol;Acc:HGNC:5194]
O14796,65.22200671789429,1.7205650537918864,0.31045067652707564,5.5421526956853935,2.987755868486518e-08,5.660821986563716e-07,ENSG00000198574,SH2D1B,SH2 domain containing 1B [Source:HGNC Symbol;Acc:HGNC:30416]
O14798,55.268839654935,-1.0716347274429754,0.3442971367392356,-3.1125287232772196,0.001854919626720293,0.008773099265358996,ENSG00000173535,TNFRSF10C,TNF receptor superfamily member 10c [Source:HGNC Symbol;Acc:HGNC:11906]
O14815,12.036693970509466,1.1196456446911354,0.3209448511642853,3.488592013953235,0.0004855716656217265,0.002847327177245827,ENSG00000135773,CAPN9,calpain 9 [Source:HGNC Symbol;Acc:HGNC:1486]
O14817,21.740820878149616,0.62778492221359,0.19117153708706075,3.2838827985553762,0.0010238749185678543,0.005348303518260412,ENSG00000214063,TSPAN4,tetraspanin 4 [Source:HGNC Symbol;Acc:HGNC:11859]
O14827,219.5317345002015,-0.5499723084531011,0.1655978611063808,-3.3211317149790744,0.0008965321649140417,0.00479493148319605,ENSG00000113319,RASGRF2,Ras protein specific guanine nucleotide releasing factor 2 [Source:HGNC Symbol;Acc:HGNC:9876]
O14910,557.7905958192515,0.9648727344691093,0.14038861123138088,6.872870427351536,6.292271635232404e-12,2.6841345965844375e-10,ENSG00000111052,LIN7A,"lin-7 homolog A, crumbs cell polarity complex component [Source:HGNC Symbol;Acc:HGNC:17787]"
O14926,17.515301486538142,0.504168294397937,0.18895235064968952,2.668229808543879,0.0076252082141927465,0.02806514385110261,ENSG00000186765,FSCN2,"fascin actin-bundling protein 2, retinal [Source:HGNC Symbol;Acc:HGNC:3960]"
O14967,71.73659492287871,-0.8764278409699837,0.3081899008652645,-2.8437915665287923,0.004458020045331686,0.018053098435502204,ENSG00000153132,CLGN,calmegin [Source:HGNC Symbol;Acc:HGNC:2060]
O14983,12.898601327881188,0.7174538012551225,0.2597892567701781,2.7616761762008353,0.005750548226961032,0.022280848664335665,ENSG00000196296,ATP2A1,ATPase sarcoplasmic/endoplasmic reticulum Ca2+ transporting 1 [Source:HGNC Symbol;Acc:HGNC:811]
O14986,604.1171081440232,0.6085543077333025,0.115522531591315,5.267840821617293,1.3803771921211129e-07,2.2550250811140016e-06,ENSG00000107242,PIP5K1B,phosphatidylinositol-4-phosphate 5-kinase type 1 beta [Source:HGNC Symbol;Acc:HGNC:8995]
O14994,43.01966529243776,1.3201229129295267,0.19264193882269656,6.852728543936318,7.245449835343037e-12,3.0706285695488207e-10,ENSG00000185666,SYN3,synapsin III [Source:HGNC Symbol;Acc:HGNC:11496]
O15018,512.6935001117906,1.018957894565037,0.23880532504945387,4.266897709898314,1.9820998459767525e-05,0.00018267124949089553,ENSG00000133401,PDZD2,PDZ domain containing 2 [Source:HGNC Symbol;Acc:HGNC:18486]
O15020,160.41338627531783,-1.892782124508344,0.21074805490985143,-8.981255486879778,2.676944446310169e-19,4.2780675955742375e-17,ENSG00000173898,SPTBN2,"spectrin beta, non-erythrocytic 2 [Source:HGNC Symbol;Acc:HGNC:11276]"
O15031,127.85844702602283,-0.6468772320542198,0.15585763376096712,-4.150436628893716,3.3184163727305144e-05,0.00028355038622316454,ENSG00000196576,PLXNB2,plexin B2 [Source:HGNC Symbol;Acc:HGNC:9104]
O15040,496.8052422610654,-0.5159016075700916,0.09889891752938632,-5.216453531119784,1.8238130260126529e-07,2.895779155916706e-06,ENSG00000196663,TECPR2,tectonin beta-propeller repeat containing 2 [Source:HGNC Symbol;Acc:HGNC:19957]
O15041,187.51234061276512,1.7560919369228616,0.23930106809784898,7.338420805563662,2.161287323795684e-13,1.1916257659747503e-11,ENSG00000170381,SEMA3E,semaphorin 3E [Source:HGNC Symbol;Acc:HGNC:10727]
O15042,896.5006915216046,0.6352922784654483,0.11138119491170893,5.703766052869517,1.1718889206675276e-08,2.4176649444716237e-07,ENSG00000163714,U2SURP,U2 snRNP associated SURP domain containing [Source:HGNC Symbol;Acc:HGNC:30855]
O15049,332.68901107555774,0.571831814392224,0.20970830786074843,2.726796187645244,0.006395252748092838,0.02430482579811123,ENSG00000145911,N4BP3,NEDD4 binding protein 3 [Source:HGNC Symbol;Acc:HGNC:29852]
O15061,147.7417240120781,-0.7034968952240092,0.2572994384080658,-2.7341563571868095,0.006254033853808387,0.02385858201208963,ENSG00000182253,SYNM,synemin [Source:HGNC Symbol;Acc:HGNC:24466]
O15072,139.3240930701741,-0.9213674305681374,0.19720219193710747,-4.6721967008459195,2.9799536707417244e-06,3.480926814329343e-05,ENSG00000156140,ADAMTS3,ADAM metallopeptidase with thrombospondin type 1 motif 3 [Source:HGNC Symbol;Acc:HGNC:219]
O15075,348.15601308182346,-1.814919490366411,0.22692398751129111,-7.997918202790728,1.265403851128341e-15,1.0909200487469316e-13,ENSG00000133083,DCLK1,doublecortin like kinase 1 [Source:HGNC Symbol;Acc:HGNC:2700]
O15105,186.50833414949494,0.5938313826135633,0.14957181944141235,3.970208992785359,7.180961516506983e-05,0.0005562659827363717,ENSG00000101665,SMAD7,SMAD family member 7 [Source:HGNC Symbol;Acc:HGNC:6773]
O15119,1444.3944690200196,0.9396843809780088,0.1735776705508682,5.413624793994614,6.176151460483279e-08,1.0918047737716033e-06,ENSG00000135111,TBX3,T-box transcription factor 3 [Source:HGNC Symbol;Acc:HGNC:11602]
O15131,33.59872498962653,0.5423556923459943,0.19272570114628293,2.8141326720837028,0.004890903832513962,0.01952996435311659,ENSG00000196911,KPNA5,karyopherin subunit alpha 5 [Source:HGNC Symbol;Acc:HGNC:6398]
O15146,94.52718342834497,-0.6908911254918029,0.22703903047230853,-3.043050016794665,0.0023419340424148376,0.010660271077691812,ENSG00000030304,MUSK,muscle associated receptor tyrosine kinase [Source:HGNC Symbol;Acc:HGNC:7525]
O15182,26.092731367073622,0.5285494930850111,0.17573661440274138,3.0076230549981853,0.0026329950189829202,0.011733294028823869,ENSG00000153140,CETN3,centrin 3 [Source:HGNC Symbol;Acc:HGNC:1868]
O15198,471.92104667152915,0.7072469239680115,0.14193972440637445,4.982727188783025,6.269431327943749e-07,8.756557220169185e-06,ENSG00000120693,SMAD9,SMAD family member 9 [Source:HGNC Symbol;Acc:HGNC:6774]
O15229,61.426407147311316,0.7952355610058887,0.18427925938023473,4.315382879659996,1.5932650821792782e-05,0.00015080630095442834,ENSG00000117009,KMO,kynurenine 3-monooxygenase [Source:HGNC Symbol;Acc:HGNC:6381]
O15232,322.82998875676736,1.5967006649639375,0.20376017540323182,7.836176337226554,4.6447347354239e-15,3.5691630611511735e-13,ENSG00000132031,MATN3,matrilin 3 [Source:HGNC Symbol;Acc:HGNC:6909]
O15235,261.353922834445,-0.5106123850189231,0.12144367123481699,-4.204520332983267,2.616364188616945e-05,0.0002310824822417225,ENSG00000128626,MRPS12,mitochondrial ribosomal protein S12 [Source:HGNC Symbol;Acc:HGNC:10380]
O15254,55.7710416110585,0.5419124761262168,0.1705132679979715,3.1781249781258296,0.0014823084077536077,0.007303581238739514,ENSG00000087008,ACOX3,"acyl-CoA oxidase 3, pristanoyl [Source:HGNC Symbol;Acc:HGNC:121]"
O15263,23.22716012922142,-3.792364181155313,0.627633360719554,-6.0423240995468035,1.5190992635207527e-09,3.828824589449906e-08,ENSG00000177257,DEFB4B,defensin beta 4B [Source:HGNC Symbol;Acc:HGNC:30193]
O15265,461.8350901770129,0.5931229685529874,0.12648430032969082,4.68930109908477,2.7413975523888175e-06,3.243496868046297e-05,ENSG00000163635,ATXN7,ataxin 7 [Source:HGNC Symbol;Acc:HGNC:10560]
O15321,36.592173531624276,-0.5685889872018268,0.09996734623858539,-5.687747135397728,1.2872623767947785e-08,2.633339992061203e-07,ENSG00000100926,TM9SF1,transmembrane 9 superfamily member 1 [Source:HGNC Symbol;Acc:HGNC:11864]
O15327,690.8967503452928,-0.5178822141340109,0.17048371726586106,-3.037722443172674,0.002383734001730186,0.01080593415707246,ENSG00000109452,INPP4B,inositol polyphosphate-4-phosphatase type II B [Source:HGNC Symbol;Acc:HGNC:6075]
O15335,23.11202043219169,0.5999266018682742,0.23474441460244422,2.5556586847201075,0.010598702299038854,0.03667106253869079,ENSG00000136457,CHAD,chondroadherin [Source:HGNC Symbol;Acc:HGNC:1909]
O15347,767.7275467937385,-1.9346297195737054,0.18352044719096086,-10.541766594327447,5.544740842225494e-26,3.0570928633610265e-23,ENSG00000029993,HMGB3,high mobility group box 3 [Source:HGNC Symbol;Acc:HGNC:5004]
O15350,95.99225819137816,-1.5359740831303392,0.3735147534306268,-4.112217975388801,3.918760372721014e-05,0.00032885974604257703,ENSG00000078900,TP73,tumor protein p73 [Source:HGNC Symbol;Acc:HGNC:12003]
O15354,36.20773638233379,-1.332012535815355,0.23996935159874164,-5.550761074033505,2.8442859686422246e-08,5.416915609018619e-07,ENSG00000170775,GPR37,G protein-coupled receptor 37 [Source:HGNC Symbol;Acc:HGNC:4494]
O15375,256.99091575748673,0.578901411383967,0.17573989554206304,3.2940807754458232,0.000987441180103993,0.005193662720251243,ENSG00000170190,SLC16A5,solute carrier family 16 member 5 [Source:HGNC Symbol;Acc:HGNC:10926]
O15391,26.818154362395727,-0.8792804158398999,0.14287767067988105,-6.154078602036682,7.551522707116826e-10,2.0409470806710108e-08,ENSG00000230797,YY2,YY2 transcription factor [Source:HGNC Symbol;Acc:HGNC:31684]
O15438,63.059203516299206,-0.6498880284821875,0.22035197206424534,-2.9493179588731233,0.00318476134129096,0.013726153336101393,ENSG00000108846,ABCC3,ATP binding cassette subfamily C member 3 [Source:HGNC Symbol;Acc:HGNC:54]
O15457,14.775076496981368,1.2165397592455542,0.32266166175738276,3.7703263307442465,0.00016303422380611432,0.0011263792098527884,ENSG00000057468,MSH4,mutS homolog 4 [Source:HGNC Symbol;Acc:HGNC:7327]
O15460,195.72291978738076,1.0490630736901612,0.15571331251653153,6.737144414539289,1.6152961916316872e-11,6.31626634933426e-10,ENSG00000072682,P4HA2,prolyl 4-hydroxylase subunit alpha 2 [Source:HGNC Symbol;Acc:HGNC:8547]
O15484,197.69416995737657,-1.4537662191416636,0.14157638195135328,-10.268423299877721,9.778977561691447e-25,3.783606511325319e-22,ENSG00000149260,CAPN5,calpain 5 [Source:HGNC Symbol;Acc:HGNC:1482]
O15492,1056.5480053376077,1.3968618946723381,0.25767247466056936,5.421075326390284,5.9241588883009305e-08,1.053640323569264e-06,ENSG00000143333,RGS16,regulator of G protein signaling 16 [Source:HGNC Symbol;Acc:HGNC:9997]
O15511,113.34857205310695,0.5119305533682676,0.16735495353410912,3.058950706612515,0.0022211369348187127,0.010205198741769145,ENSG00000162704,ARPC5,actin related protein 2/3 complex subunit 5 [Source:HGNC Symbol;Acc:HGNC:708]
O15522,23.348297836478068,0.9584515891410126,0.2567888242184628,3.732450553711057,0.00018962592874639534,0.0012800765939923486,ENSG00000136327,NKX2-8,NK2 homeobox 8 [Source:HGNC Symbol;Acc:HGNC:16364]
O15537,27.988311603899586,2.0861666297360997,0.3189162175576278,6.541425348991956,6.09352490934042e-11,2.1096797229292563e-09,ENSG00000102104,RS1,retinoschisin 1 [Source:HGNC Symbol;Acc:HGNC:10457]
O15539,6416.857297966902,-0.6770422535154523,0.17601300523189936,-3.8465467516075904,0.00011979428102210808,0.000859727651695923,ENSG00000143248,RGS5,regulator of G protein signaling 5 [Source:HGNC Symbol;Acc:HGNC:10001]
O43155,428.8807450453733,-0.6192858589112009,0.2316934939318481,-2.6728668483602815,0.007520609482660571,0.027758915737338283,ENSG00000185070,FLRT2,fibronectin leucine rich transmembrane protein 2 [Source:HGNC Symbol;Acc:HGNC:3761]
O43157,406.11979628774736,-0.5577529671179635,0.14358059597213843,-3.884598495650447,0.00010249913378929267,0.0007542595584214415,ENSG00000164050,PLXNB1,plexin B1 [Source:HGNC Symbol;Acc:HGNC:9103]
O43240,18.661834065967856,-1.1255984626486293,0.32251663299099126,-3.490047791364826,0.0004829341741032636,0.0028333679903360938,ENSG00000129451,KLK10,kallikrein related peptidase 10 [Source:HGNC Symbol;Acc:HGNC:6358]
O43255,579.5239503547518,-0.5032948072336118,0.07443385901736121,-6.761637967960541,1.3644029906809276e-11,5.501013447253597e-10,ENSG00000181788,SIAH2,siah E3 ubiquitin protein ligase 2 [Source:HGNC Symbol;Acc:HGNC:10858]
O43286,3502.6387568975797,-0.5595114854397701,0.19292886978074156,-2.900092070593892,0.0037305306406992924,0.015559485824744675,ENSG00000158470,B4GALT5,"beta-1,4-galactosyltransferase 5 [Source:HGNC Symbol;Acc:HGNC:928]"
O43295,210.98659339103796,-1.3353607508289282,0.27401076149691656,-4.873387977661436,1.0970048339550655e-06,1.4332550123249418e-05,ENSG00000196220,SRGAP3,SLIT-ROBO Rho GTPase activating protein 3 [Source:HGNC Symbol;Acc:HGNC:19744]
O43300,24.119249506282518,0.6934193921181423,0.22728432895657621,3.0508895853115483,0.0022816446332688204,0.010428889272976282,ENSG00000146006,LRRTM2,leucine rich repeat transmembrane neuronal 2 [Source:HGNC Symbol;Acc:HGNC:19409]
O43312,78.4810332527206,0.9740299955377105,0.1835164527504665,5.307589488241319,1.1108447246616423e-07,1.8559522392187771e-06,ENSG00000170873,MTSS1,MTSS I-BAR domain containing 1 [Source:HGNC Symbol;Acc:HGNC:20443]
O43361,122.73512092307504,-0.6031730757861808,0.14691460512047863,-4.105603219581493,4.0326116261444434e-05,0.00033700347405452654,ENSG00000186230,ZNF749,zinc finger protein 749 [Source:HGNC Symbol;Acc:HGNC:32783]
O43364,15.641121081512896,0.7871993120334841,0.27938655690990444,2.8175991026201643,0.004838418043450839,0.01935893895686952,ENSG00000105996,HOXA2,homeobox A2 [Source:HGNC Symbol;Acc:HGNC:5103]
O43365,164.0664775650398,0.7993989823289036,0.26009101143481433,3.073535597862266,0.0021153844827475664,0.009788397922529436,ENSG00000105997,HOXA3,homeobox A3 [Source:HGNC Symbol;Acc:HGNC:5104]
O43448,19.332391436174955,1.1208156014912118,0.2711885539258526,4.1329753238687985,3.5809718528013986e-05,0.00030386592243817636,ENSG00000170049,KCNAB3,potassium voltage-gated channel subfamily A regulatory beta subunit 3 [Source:HGNC Symbol;Acc:HGNC:6230]
O43497,21.84858622128086,-2.5267346878016403,0.2817958251178856,-8.966544081143196,3.059635080061402e-19,4.8544742486096516e-17,ENSG00000006283,CACNA1G,calcium voltage-gated channel subunit alpha1 G [Source:HGNC Symbol;Acc:HGNC:1394]
O43505,799.7752000101268,0.5201770306359075,0.08468192369006927,6.1427162724801105,8.112211197684642e-10,2.1738360358898797e-08,ENSG00000174684,B4GAT1,"beta-1,4-glucuronyltransferase 1 [Source:HGNC Symbol;Acc:HGNC:15685]"
O43511,20.548596683448174,-1.0536880430894264,0.37025414461326406,-2.845850771474872,0.004429294655421783,0.01795325571230877,ENSG00000091137,SLC26A4,solute carrier family 26 member 4 [Source:HGNC Symbol;Acc:HGNC:8818]
O43541,879.2477391202256,1.2018178903287307,0.30402074227427217,3.9530786002900786,7.715207948269981e-05,0.0005918302472735519,ENSG00000137834,SMAD6,SMAD family member 6 [Source:HGNC Symbol;Acc:HGNC:6772]
O43581,133.0673491427788,-0.8205377611486845,0.20947027742914479,-3.91720377334316,8.958202226473888e-05,0.00067244449252095,ENSG00000011347,SYT7,synaptotagmin 7 [Source:HGNC Symbol;Acc:HGNC:11514]
O43593,37.35246439206287,-1.9301138087843608,0.2217061113093935,-8.705731192456234,3.1553387246724e-18,4.269192652388044e-16,ENSG00000168453,HR,HR lysine demethylase and nuclear receptor corepressor [Source:HGNC Symbol;Acc:HGNC:5172]
O43609,1669.1517022535495,-0.6942070840272571,0.1592390650834288,-4.3595275045325526,1.3034357125282865e-05,0.00012702594433980924,ENSG00000164056,SPRY1,sprouty RTK signaling antagonist 1 [Source:HGNC Symbol;Acc:HGNC:11269]
O43653,163.49317570389445,-3.9768112503092445,0.7252686954522148,-5.483224734840719,4.1764191054616546e-08,7.656421193005098e-07,ENSG00000167653,PSCA,prostate stem cell antigen [Source:HGNC Symbol;Acc:HGNC:9500]
O43674,166.3751665755939,0.5801981099115745,0.08480156594377965,6.841832499841154,7.818647866701399e-12,3.26851942364299e-10,ENSG00000136521,NDUFB5,NADH:ubiquinone oxidoreductase subunit B5 [Source:HGNC Symbol;Acc:HGNC:7700]
O43692,756.2884604963382,-3.417151814066303,0.4392901246935361,-7.778804079536788,7.321334239183352e-15,5.24236056204382e-13,ENSG00000137558,PI15,peptidase inhibitor 15 [Source:HGNC Symbol;Acc:HGNC:8946]
O43731,161.910405372626,-1.140028717533362,0.1543161522991933,-7.38761756658523,1.4948294459802862e-13,8.496641392177637e-12,ENSG00000100196,KDELR3,KDEL endoplasmic reticulum protein retention receptor 3 [Source:HGNC Symbol;Acc:HGNC:6306]
O43736,606.954487369142,1.138381669541147,0.14553772532375145,7.821900933306435,5.203155101006216e-15,3.916395310497989e-13,ENSG00000078596,ITM2A,integral membrane protein 2A [Source:HGNC Symbol;Acc:HGNC:6173]
O43745,57.40899494862357,-1.9842936899323529,0.7718888823066115,-2.570698626987281,0.010149360658600563,0.03545042761558074,ENSG00000166869,CHP2,calcineurin like EF-hand protein 2 [Source:HGNC Symbol;Acc:HGNC:24927]
O43761,10.19586437122904,-0.6974222511454234,0.25951358929724677,-2.6874209286458455,0.007200614840680884,0.026811136197260887,ENSG00000127561,SYNGR3,synaptogyrin 3 [Source:HGNC Symbol;Acc:HGNC:11501]
O43791,75.26524549352376,0.7416644388296567,0.17067697381185784,4.345427635992743,1.3900459238129576e-05,0.00013422098425468898,ENSG00000121067,SPOP,speckle type BTB/POZ protein [Source:HGNC Symbol;Acc:HGNC:11254]
O43818,428.9471772712125,-0.6726120301801459,0.14450389971985791,-4.654628916479787,3.2456471382487588e-06,3.7515462257305095e-05,ENSG00000114767,RRP9,"ribosomal RNA processing 9, U3 small nucleolar RNA binding protein [Source:HGNC Symbol;Acc:HGNC:16829]"
O43820,35.668138169972636,-0.5880690488670272,0.15680934775637279,-3.7502167905237513,0.00017668175372317983,0.0012055561579766933,ENSG00000186792,HYAL3,hyaluronidase 3 [Source:HGNC Symbol;Acc:HGNC:5322]
O43825,129.699343463739,0.9733665824421994,0.21566830196937478,4.513257504945807,6.383943335852766e-06,6.768821458120043e-05,ENSG00000162630,B3GALT2,"beta-1,3-galactosyltransferase 2 [Source:HGNC Symbol;Acc:HGNC:917]"
O43827,30.83199180162208,2.069059394419182,0.267749213516623,7.727602136507213,1.0959122850288141e-14,7.697213227396645e-13,ENSG00000171819,ANGPTL7,angiopoietin like 7 [Source:HGNC Symbol;Acc:HGNC:24078]
O43852,53.54561644343279,-1.272301118794871,0.24492619650354255,-5.194630615090079,2.0512671512518197e-07,3.2244223630582775e-06,ENSG00000128595,CALU,calumenin [Source:HGNC Symbol;Acc:HGNC:1458]
O43866,51.6273050744676,1.997481652366717,0.3186012051730691,6.269535770530604,3.6212610156612687e-10,1.0549972316960848e-08,ENSG00000073754,CD5L,CD5 molecule like [Source:HGNC Symbol;Acc:HGNC:1690]
O43895,93.53282350806093,-2.933496545360461,0.2718422330141072,-10.791172927159657,3.789221853439353e-27,2.3876428215929e-24,ENSG00000122121,XPNPEP2,X-prolyl aminopeptidase 2 [Source:HGNC Symbol;Acc:HGNC:12823]
O43903,58.0224132375141,0.7144920725661562,0.16015096138956603,4.461366115862143,8.143881929766e-06,8.381015962625263e-05,ENSG00000148935,GAS2,growth arrest specific 2 [Source:HGNC Symbol;Acc:HGNC:4167]
O43915,551.0711651964311,1.76428111635195,0.2623746981734791,6.724280689540528,1.7646197839834447e-11,6.875781751938319e-10,ENSG00000165197,VEGFD,vascular endothelial growth factor D [Source:HGNC Symbol;Acc:HGNC:3708]
O60237,4763.247491583097,-0.6817678677786231,0.15791447182912807,-4.317323547878072,1.5793257192675478e-05,0.00014987284601001075,ENSG00000077157,PPP1R12B,protein phosphatase 1 regulatory subunit 12B [Source:HGNC Symbol;Acc:HGNC:7619]
O60243,1272.5360751633,-1.2122763547639832,0.168253981631035,-7.2050381394384475,5.802760544381934e-13,2.960462129154684e-11,ENSG00000136720,HS6ST1,heparan sulfate 6-O-sulfotransferase 1 [Source:HGNC Symbol;Acc:HGNC:5201]
O60245,23.424181545806842,-1.6860432799412717,0.23050678264255972,-7.314506152974122,2.5832967170074594e-13,1.406716686342778e-11,ENSG00000169851,PCDH7,protocadherin 7 [Source:HGNC Symbol;Acc:HGNC:8659]
O60269,1550.9278758227315,1.4244998577502956,0.20204874538915182,7.050278164344288,1.7856047308526095e-12,8.378665262600734e-11,ENSG00000204175,GPRIN2,G protein regulated inducer of neurite outgrowth 2 [Source:HGNC Symbol;Acc:HGNC:23730]
O60271,2567.885195651714,0.5887248157282224,0.09714235067407813,6.060434111826781,1.3575465331411408e-09,3.465200375219296e-08,ENSG00000008294,SPAG9,sperm associated antigen 9 [Source:HGNC Symbol;Acc:HGNC:14524]
O60279,168.28446969289013,-1.081714453972608,0.24949567707443743,-4.335603993851472,1.4536043143760272e-05,0.00013904955452728797,ENSG00000173705,SUSD5,sushi domain containing 5 [Source:HGNC Symbol;Acc:HGNC:29061]
O60281,49.263580451378346,0.5510265326743459,0.15878713649436318,3.4702214854407107,0.0005200293521548409,0.0030117456230102048,ENSG00000188994,ZNF292,zinc finger protein 292 [Source:HGNC Symbol;Acc:HGNC:18410]
O60287,1000.6758163322091,-1.4141786061705828,0.14515524092817572,-9.742525293112445,1.9855765319207631e-22,5.0918493994163385e-20,ENSG00000142207,URB1,URB1 ribosome biogenesis homolog [Source:HGNC Symbol;Acc:HGNC:17344]
O60303,537.6796299374637,-0.5178157699420289,0.1539643214914438,-3.363219250576864,0.0007703915192816455,0.004209666641783303,ENSG00000047578,KATNIP,katanin interacting protein [Source:HGNC Symbol;Acc:HGNC:29068]
O60356,187.2259134592907,1.6505774950898622,0.21762645906217415,7.584452286742879,3.3389451135630845e-14,2.2047034591173734e-12,ENSG00000176046,NUPR1,"nuclear protein 1, transcriptional regulator [Source:HGNC Symbol;Acc:HGNC:29990]"
O60391,110.00777133279105,-1.1015608372154084,0.3643597873727599,-3.023277747410835,0.002500526276952097,0.01124362885583671,ENSG00000116032,GRIN3B,glutamate ionotropic receptor NMDA type subunit 3B [Source:HGNC Symbol;Acc:HGNC:16768]
O60437,182.01393100479942,1.151907200589641,0.1704488898784932,6.758079805687168,1.3983250784713847e-11,5.58671400011013e-10,ENSG00000118898,PPL,periplakin [Source:HGNC Symbol;Acc:HGNC:9273]
O60462,2209.317877865537,-0.5519969597250526,0.12100317815214019,-4.561838524861005,5.070763888729107e-06,5.527959802374283e-05,ENSG00000118257,NRP2,neuropilin 2 [Source:HGNC Symbol;Acc:HGNC:8005]
O60476,1594.7917105133033,-0.5002551584889177,0.08642509216342226,-5.788309227868443,7.109843517860016e-09,1.548081229871067e-07,ENSG00000198162,MAN1A2,mannosidase alpha class 1A member 2 [Source:HGNC Symbol;Acc:HGNC:6822]
O60477,51.16663505678564,1.2766719952000327,0.4380291260836443,2.914582431114968,0.003561647362029555,0.015025732644584082,ENSG00000078725,BRINP1,BMP/retinoic acid inducible neural specific 1 [Source:HGNC Symbol;Acc:HGNC:2687]
O60487,2139.891289769385,-0.5941006691565544,0.17166272838666696,-3.4608599941296174,0.0005384527674466936,0.003105773788233842,ENSG00000149573,MPZL2,myelin protein zero like 2 [Source:HGNC Symbol;Acc:HGNC:3496]
O60496,413.6187654537037,0.8810711999113969,0.2051282352774852,4.2952214682661145,1.745190257373405e-05,0.0001635022342230802,ENSG00000147443,DOK2,docking protein 2 [Source:HGNC Symbol;Acc:HGNC:2991]
O60502,3184.2971959819142,0.6646291454518652,0.14315530389513445,4.642714083012432,3.4386204485466603e-06,3.94154549751809e-05,ENSG00000198408,OGA,O-GlcNAcase [Source:HGNC Symbol;Acc:HGNC:7056]
O60504,50.77476896492929,1.0821236778373264,0.21655919769482732,4.996895487959105,5.826062231502463e-07,8.194386253415518e-06,ENSG00000120896,SORBS3,sorbin and SH3 domain containing 3 [Source:HGNC Symbol;Acc:HGNC:30907]
O60507,299.8858649464464,-0.9896913837972852,0.14184185780468542,-6.977428236734453,3.006322907020687e-12,1.3475903534844358e-10,ENSG00000169902,TPST1,tyrosylprotein sulfotransferase 1 [Source:HGNC Symbol;Acc:HGNC:12020]
O60522,114.74200403051759,-0.847012744213768,0.20893876031351477,-4.053880395111069,5.037497916491879e-05,0.00040902588194187373,ENSG00000180113,TDRD6,tudor domain containing 6 [Source:HGNC Symbol;Acc:HGNC:21339]
O60547,41.17558194172395,-1.466632208054322,0.20301658944819778,-7.224198830453467,5.040646242316512e-13,2.634275171280767e-11,ENSG00000112699,GMDS,"GDP-mannose 4,6-dehydratase [Source:HGNC Symbol;Acc:HGNC:4369]"
O60565,54.43088162775699,-6.655429972703836,0.6436117543521669,-10.3407526784574,4.60903127681211e-25,2.0744403220166178e-22,ENSG00000166923,GREM1,"gremlin 1, DAN family BMP antagonist [Source:HGNC Symbol;Acc:HGNC:2001]"
O60566,28.6868487488799,-1.0001834382312624,0.22425474468355128,-4.460032449447765,8.194724470123044e-06,8.421549555642758e-05,ENSG00000156970,BUB1B,BUB1 mitotic checkpoint serine/threonine kinase B [Source:HGNC Symbol;Acc:HGNC:1149]
O60583,397.53155280101004,0.6885903005032491,0.18626029345788356,3.6969248126893475,0.00021822694022328852,0.0014435443730307154,ENSG00000082258,CCNT2,cyclin T2 [Source:HGNC Symbol;Acc:HGNC:1600]
O60635,328.34941883085816,-1.829432963019317,0.3878587680647955,-4.716750306167354,2.3964149496193932e-06,2.8801381634281252e-05,ENSG00000117472,TSPAN1,tetraspanin 1 [Source:HGNC Symbol;Acc:HGNC:20657]
O60667,20.620041365569104,-0.7143067180231516,0.20531215495173305,-3.4791253259753585,0.0005030532674695063,0.0029319071777939992,ENSG00000162894,FCMR,Fc mu receptor [Source:HGNC Symbol;Acc:HGNC:14315]
O60669,713.8838687759428,-1.0614997605585408,0.1670009673439809,-6.356249172929115,2.0673957905732157e-10,6.350187571769039e-09,ENSG00000118596,SLC16A7,solute carrier family 16 member 7 [Source:HGNC Symbol;Acc:HGNC:10928]
O60682,73.88993263133362,-0.9987844368345091,0.3588803770834811,-2.7830566969176376,0.005384939503678376,0.021150392843120733,ENSG00000178860,MSC,musculin [Source:HGNC Symbol;Acc:HGNC:7321]
O60687,16.6182449701067,-1.1243676471563535,0.21793839763906434,-5.159107616357074,2.481296639777059e-07,3.805460089961284e-06,ENSG00000102359,SRPX2,sushi repeat containing protein X-linked 2 [Source:HGNC Symbol;Acc:HGNC:30668]
O60688,36.09930790891074,0.746402112972241,0.18672595016249238,3.997313240729037,6.406550018203284e-05,0.000502811580432225,ENSG00000100027,YPEL1,yippee like 1 [Source:HGNC Symbol;Acc:HGNC:12845]
O60701,1096.0771408253834,-0.8114627128212318,0.14826196243465417,-5.473168569307725,4.420592420301898e-08,8.061108947547735e-07,ENSG00000109814,UGDH,UDP-glucose 6-dehydrogenase [Source:HGNC Symbol;Acc:HGNC:12525]
O60704,254.6502672938924,0.5872122903895753,0.1762061391473866,3.3325302582017593,0.0008606011164413367,0.004625809656835788,ENSG00000128294,TPST2,tyrosylprotein sulfotransferase 2 [Source:HGNC Symbol;Acc:HGNC:12021]
O60716,28.701394673520756,0.5444062629225945,0.15198543531928882,3.581963375496564,0.0003410216100005684,0.0021064282066687503,ENSG00000198561,CTNND1,catenin delta 1 [Source:HGNC Symbol;Acc:HGNC:2515]
O60725,786.8718625259754,-0.6504766639913693,0.09771600382686348,-6.656807877079232,2.7983859423216987e-11,1.0407353047548523e-09,ENSG00000116237,ICMT,isoprenylcysteine carboxyl methyltransferase [Source:HGNC Symbol;Acc:HGNC:5350]
O60729,16.70837199489916,-0.6868697555642554,0.18889456218116363,-3.6362600788131605,0.000276625046614196,0.0017683155878346316,ENSG00000081377,CDC14B,cell division cycle 14B [Source:HGNC Symbol;Acc:HGNC:1719]
O60749,324.4803201062481,0.5818887026348456,0.11135244049145705,5.22564840129829,1.7354586308774742e-07,2.7634515989438135e-06,ENSG00000205302,SNX2,sorting nexin 2 [Source:HGNC Symbol;Acc:HGNC:11173]
O60825,1300.5511002712033,0.5898550107133225,0.15872953524315533,3.716101164220841,0.00020232060208788273,0.0013533450283427862,ENSG00000123836,PFKFB2,"6-phosphofructo-2-kinase/fructose-2,6-biphosphatase 2 [Source:HGNC Symbol;Acc:HGNC:8873]"
O60840,33.46028231579136,1.1279357082638357,0.2007284207619033,5.619212785028342,1.9182948426429887e-08,3.7807037050624196e-07,ENSG00000102001,CACNA1F,calcium voltage-gated channel subunit alpha1 F [Source:HGNC Symbol;Acc:HGNC:1393]
O60861,2285.2575257846747,-1.2936311665053482,0.1805868834655451,-7.163483535902346,7.8652312743259e-13,3.9333290368250205e-11,ENSG00000007237,GAS7,growth arrest specific 7 [Source:HGNC Symbol;Acc:HGNC:4169]
O60890,38.899849346631534,0.7949192825935867,0.16639692824953425,4.7772473383733365,1.7771113164485404e-06,2.2128338495033783e-05,ENSG00000079482,OPHN1,oligophrenin 1 [Source:HGNC Symbol;Acc:HGNC:8148]
O60896,1464.0263569288122,1.2935230036822394,0.22942188652141435,5.638184844938503,1.7185198518189235e-08,3.4088514384423307e-07,ENSG00000122679,RAMP3,receptor activity modifying protein 3 [Source:HGNC Symbol;Acc:HGNC:9845]
O60909,10.355973916319435,-1.1088403869641037,0.2683054351931425,-4.132754098573863,3.5844215108916205e-05,0.00030404166154309153,ENSG00000117411,B4GALT2,"beta-1,4-galactosyltransferase 2 [Source:HGNC Symbol;Acc:HGNC:925]"
O60938,17.45379004794783,-1.478091166752053,0.30619792379110755,-4.8272409833857255,1.384375658892493e-06,1.7678645501572115e-05,ENSG00000139330,KERA,keratocan [Source:HGNC Symbol;Acc:HGNC:6309]
O75027,15.676122554004941,0.6169447372621891,0.22035270674434618,2.799805577055925,0.005113339389567029,0.020245886337075632,ENSG00000131269,ABCB7,ATP binding cassette subfamily B member 7 [Source:HGNC Symbol;Acc:HGNC:48]
O75044,341.1203500900456,0.778840672138962,0.15773616308073007,4.937616440817999,7.908318848669854e-07,1.0759411714285314e-05,ENSG00000266028,SRGAP2,SLIT-ROBO Rho GTPase activating protein 2 [Source:HGNC Symbol;Acc:HGNC:19751]
O75074,50.81834301086961,-0.758299531898405,0.18313578105327674,-4.14064104533349,3.4633657158697385e-05,0.0002947937765256319,ENSG00000130881,LRP3,LDL receptor related protein 3 [Source:HGNC Symbol;Acc:HGNC:6695]
O75077,96.29285916723963,-1.4204474985044697,0.1985017203170587,-7.155844776738695,8.315919953933772e-13,4.139939021761973e-11,ENSG00000114948,ADAM23,ADAM metallopeptidase domain 23 [Source:HGNC Symbol;Acc:HGNC:202]
O75081,33.94791834890085,1.1422906893179559,0.1747030696929697,6.538469480390151,6.215156452168393e-11,2.1484178745473627e-09,ENSG00000129993,CBFA2T3,CBFA2/RUNX1 partner transcriptional co-repressor 3 [Source:HGNC Symbol;Acc:HGNC:1537]
O75084,680.8436827877252,-0.5505753343874793,0.1736996603944747,-3.1696972414172486,0.0015259784863935807,0.007486551512846934,ENSG00000155760,FZD7,frizzled class receptor 7 [Source:HGNC Symbol;Acc:HGNC:4045]
O75112,94.22244735901883,-0.7273136532523302,0.2672662252734615,-2.7213077616079517,0.006502419271971956,0.024644157866311998,ENSG00000122367,LDB3,LIM domain binding 3 [Source:HGNC Symbol;Acc:HGNC:15710]
O75113,1007.1593735478109,0.8368907146878873,0.08147634910245799,10.271578487586405,9.464325293541462e-25,3.7272541075672037e-22,ENSG00000102921,N4BP1,NEDD4 binding protein 1 [Source:HGNC Symbol;Acc:HGNC:29850]
O75121,269.5641721053475,1.3823697417006249,0.15459631975233415,8.941802391642982,3.8287377996486767e-19,5.9885803853512e-17,ENSG00000198948,MFAP3L,microfibril associated protein 3 like [Source:HGNC Symbol;Acc:HGNC:29083]
O75129,14.456120182395274,-0.8924077754510316,0.26118924707576735,-3.4167094757624406,0.0006338288027191358,0.0035759683845402457,ENSG00000148219,ASTN2,astrotactin 2 [Source:HGNC Symbol;Acc:HGNC:17021]
O75144,14.720421135393467,-1.356051146080691,0.4246950629110177,-3.1929995531047917,0.0014080316445044545,0.007000164537398836,ENSG00000160223,ICOSLG,inducible T cell costimulator ligand [Source:HGNC Symbol;Acc:HGNC:17087]
O75147,21.17236477285444,0.8848742483859201,0.28715644300211807,3.0815058131201094,0.0020595645511585375,0.00958262375764776,ENSG00000124006,OBSL1,obscurin like cytoskeletal adaptor 1 [Source:HGNC Symbol;Acc:HGNC:29092]
O75159,1259.0430716560118,-0.5096433342868216,0.1534464796447104,-3.3213100454754554,0.0008959594727012447,0.004793665747441352,ENSG00000171150,SOCS5,suppressor of cytokine signaling 5 [Source:HGNC Symbol;Acc:HGNC:16852]
O75167,2028.2844033211277,0.6001789840453192,0.09576268256036452,6.267357680451288,3.672259879457225e-10,1.068443527461077e-08,ENSG00000112419,PHACTR2,phosphatase and actin regulator 2 [Source:HGNC Symbol;Acc:HGNC:20956]
O75325,123.73969954981548,-1.3246605109370957,0.19743382845523877,-6.709389780370978,1.9543997527639253e-11,7.483043775599931e-10,ENSG00000170382,LRRN2,leucine rich repeat neuronal 2 [Source:HGNC Symbol;Acc:HGNC:16914]
O75330,75.76742450862692,-0.9333665452885271,0.2225131147697352,-4.1946585766614675,2.7328290968651784e-05,0.0002399275991332191,ENSG00000072571,HMMR,hyaluronan mediated motility receptor [Source:HGNC Symbol;Acc:HGNC:5012]
O75339,366.6239736768327,-2.828969069538566,0.2888524944023206,-9.793819074999265,1.1968778859146583e-22,3.219017670239253e-20,ENSG00000138615,CILP,cartilage intermediate layer protein [Source:HGNC Symbol;Acc:HGNC:1980]
O75387,158.91237230456025,0.5194573642099605,0.17246141243618926,3.012020815973311,0.0025951480112392845,0.01159274746604642,ENSG00000149150,SLC43A1,solute carrier family 43 member 1 [Source:HGNC Symbol;Acc:HGNC:9225]
O75417,47.96727604497921,-0.9713785926574524,0.18155648265519747,-5.3502831650591265,8.781671567074973e-08,1.4955288396932158e-06,ENSG00000051341,POLQ,DNA polymerase theta [Source:HGNC Symbol;Acc:HGNC:9186]
O75420,1706.5679320246277,0.5401848966901461,0.1264024587635275,4.273531559229546,1.924010374662049e-05,0.0001782113599445478,ENSG00000146830,GIGYF1,GRB10 interacting GYF protein 1 [Source:HGNC Symbol;Acc:HGNC:9126]
O75446,272.4461889676934,-0.9962120209758726,0.14678869636286357,-6.786708007224368,1.1472105993703423e-11,4.693985632377279e-10,ENSG00000164105,SAP30,Sin3A associated protein 30 [Source:HGNC Symbol;Acc:HGNC:10532]
O75486,15.275446774512703,0.6654828750396522,0.21405856379346555,3.1088822761687944,0.0018779652916408754,0.008870560407335162,ENSG00000196284,SUPT3H,"SPT3 homolog, SAGA and STAGA complex component [Source:HGNC Symbol;Acc:HGNC:11466]"
O75509,1922.1963394509507,-1.4446738161751662,0.14497777654057045,-9.96479495442455,2.173218329772246e-23,6.750444654196777e-21,ENSG00000146072,TNFRSF21,TNF receptor superfamily member 21 [Source:HGNC Symbol;Acc:HGNC:13469]
O75556,56.315649326516954,-1.0306925169261751,0.37901414890270685,-2.719403800386235,0.006539971536180427,0.02475245104838221,ENSG00000124939,SCGB2A1,secretoglobin family 2A member 1 [Source:HGNC Symbol;Acc:HGNC:7051]
O75558,49.04044015884131,1.6555719112385472,0.1916830597594073,8.637027775519405,5.769436087950556e-18,7.57375854069414e-16,ENSG00000135604,STX11,syntaxin 11 [Source:HGNC Symbol;Acc:HGNC:11429]
O75578,431.9002577234806,0.9350871134331326,0.19532512988819006,4.787336447534448,1.6900936964226452e-06,2.115398773036607e-05,ENSG00000143127,ITGA10,integrin subunit alpha 10 [Source:HGNC Symbol;Acc:HGNC:6135]
O75604,120.65263724803859,-0.8329503786402093,0.22454315350420817,-3.7095336270165946,0.00020764137886871326,0.001383063415756751,ENSG00000036672,USP2,ubiquitin specific peptidase 2 [Source:HGNC Symbol;Acc:HGNC:12618]
O75618,152.85955201059764,0.5091547886159098,0.14454048463972496,3.5225756291395167,0.0004273750846373343,0.002549453642572835,ENSG00000158796,DEDD,death effector domain containing [Source:HGNC Symbol;Acc:HGNC:2755]
O75635,18.98512634338548,-2.4453982894153503,0.6577613653641533,-3.717759081306814,0.0002009978127096463,0.0013462015032862748,ENSG00000166396,SERPINB7,serpin family B member 7 [Source:HGNC Symbol;Acc:HGNC:13902]
O75643,60.60776575527726,1.039201077018796,0.20376652425360325,5.099959774184643,3.3972567353844065e-07,5.062371624470791e-06,ENSG00000144028,SNRNP200,small nuclear ribonucleoprotein U5 subunit 200 [Source:HGNC Symbol;Acc:HGNC:30859]
O75691,795.2465614276949,-0.6630906227177864,0.14370482651722782,-4.6142543628365384,3.9450903894592065e-06,4.4549423169039086e-05,ENSG00000120800,UTP20,UTP20 small subunit processome component [Source:HGNC Symbol;Acc:HGNC:17897]
O75712,66.53543336254954,-1.9044705598499052,0.29559803265500734,-6.442771431001417,1.1731130197797626e-10,3.821541290727162e-09,ENSG00000188910,GJB3,gap junction protein beta 3 [Source:HGNC Symbol;Acc:HGNC:4285]
O75751,916.4894102061793,0.7172500998386314,0.17709777369247723,4.050023243567736,5.1212545912322275e-05,0.000414778364873432,ENSG00000146477,SLC22A3,solute carrier family 22 member 3 [Source:HGNC Symbol;Acc:HGNC:10967]
O75764,80.97676205659774,1.0380613417182352,0.2016069884681335,5.148935310257431,2.619692043340317e-07,4.003789904631141e-06,ENSG00000204219,TCEA3,transcription elongation factor A3 [Source:HGNC Symbol;Acc:HGNC:11615]
O75795,13.68454209424252,-1.8669079336648349,0.5335605439271192,-3.498961748415644,0.0004670735826470153,0.0027512929465003406,ENSG00000197888,UGT2B17,UDP glucuronosyltransferase family 2 member B17 [Source:HGNC Symbol;Acc:HGNC:12547]
O75808,180.71410430187024,-0.5176722700054571,0.1538862507884535,-3.363992997120308,0.0007682349251568926,0.0042010049688594375,ENSG00000103326,CAPN15,calpain 15 [Source:HGNC Symbol;Acc:HGNC:11182]
O75840,1062.8409615320752,0.6110701642573889,0.1343565487675215,4.548123406434991,5.412639491712588e-06,5.8418295807649495e-05,ENSG00000118263,KLF7,KLF transcription factor 7 [Source:HGNC Symbol;Acc:HGNC:6350]
O75874,976.9415785556533,-0.5253232525712547,0.14960473438469507,-3.511407942615194,0.0004457398126966109,0.002643276641358176,ENSG00000138413,IDH1,isocitrate dehydrogenase (NADP(+)) 1 [Source:HGNC Symbol;Acc:HGNC:5382]
O75881,1141.3878376169632,-1.5129588949019661,0.23196557732555936,-6.52234229037594,6.921782851184925e-11,2.370388183230316e-09,ENSG00000172817,CYP7B1,cytochrome P450 family 7 subfamily B member 1 [Source:HGNC Symbol;Acc:HGNC:2652]
O75897,431.04106231398913,1.1076719418397332,0.1500378390186569,7.382617272313529,1.5520771620955943e-13,8.7543503153085e-12,ENSG00000198075,SULT1C4,sulfotransferase family 1C member 4 [Source:HGNC Symbol;Acc:HGNC:11457]
O75899,44.796223284133404,-3.092135075052282,0.44212206153813804,-6.993849310063325,2.6744481440491434e-12,1.2086532657553241e-10,ENSG00000136928,GABBR2,gamma-aminobutyric acid type B receptor subunit 2 [Source:HGNC Symbol;Acc:HGNC:4507]
O75907,71.14813358451462,0.5386570691428529,0.14330377340443243,3.7588477703420478,0.0001706976517064405,0.0011705740083127608,ENSG00000185000,DGAT1,diacylglycerol O-acyltransferase 1 [Source:HGNC Symbol;Acc:HGNC:2843]
O75914,79.33263329827648,-0.6361421001016694,0.1723387895792587,-3.6912299410638907,0.00022317226794935294,0.00147008398965204,ENSG00000077264,PAK3,p21 (RAC1) activated kinase 3 [Source:HGNC Symbol;Acc:HGNC:8592]
O75923,353.6955905919136,-0.5845202355184032,0.22067463100798357,-2.648787642007007,0.008078107333863991,0.029413006297017742,ENSG00000135636,DYSF,dysferlin [Source:HGNC Symbol;Acc:HGNC:3097]
O75936,18.982900936808594,-2.235679491915409,0.34489254419659493,-6.4822494122721075,9.036509310659027e-11,3.0149951034383385e-09,ENSG00000129151,BBOX1,gamma-butyrobetaine hydroxylase 1 [Source:HGNC Symbol;Acc:HGNC:964]
O75949,17.385030596245667,-2.140794696626254,0.32656396921880715,-6.555514075075014,5.5450518528765864e-11,1.9319205934176973e-09,ENSG00000130054,NALF2,NALCN channel auxiliary factor 2 [Source:HGNC Symbol;Acc:HGNC:30701]
O75976,3844.6541739200497,-0.8678977087442752,0.13848769139314443,-6.266966399782434,3.681495517026021e-10,1.069719395685005e-08,ENSG00000108582,CPD,carboxypeptidase D [Source:HGNC Symbol;Acc:HGNC:2301]
O76050,32.99407276501815,0.7254638678907444,0.1916597298154349,3.7851658696866255,0.0001536060910767331,0.0010700027582458218,ENSG00000107954,NEURL1,neuralized E3 ubiquitin protein ligase 1 [Source:HGNC Symbol;Acc:HGNC:7761]
O76054,22.84981967642171,-1.4911700573369164,0.20954912752539015,-7.116088121895129,1.110333199419958e-12,5.3818216219797255e-11,ENSG00000100003,SEC14L2,SEC14 like lipid binding 2 [Source:HGNC Symbol;Acc:HGNC:10699]
O76090,56.10575527747858,0.5269449855128114,0.2027698586456112,2.5987342943004847,0.00935681675966609,0.03312814846968629,ENSG00000167995,BEST1,bestrophin 1 [Source:HGNC Symbol;Acc:HGNC:12703]
O94829,310.3504276777589,-0.5625565703269688,0.09932024519815835,-5.664067473903096,1.4782623389558613e-08,2.9773148514458963e-07,ENSG00000117408,IPO13,importin 13 [Source:HGNC Symbol;Acc:HGNC:16853]
O94844,687.1954587130546,0.6743741644853569,0.09583610051325323,7.036744617881206,1.967830403272425e-12,9.155808378432502e-11,ENSG00000072422,RHOBTB1,Rho related BTB domain containing 1 [Source:HGNC Symbol;Acc:HGNC:18738]
O94885,2832.204527626998,0.5292527179857197,0.12869159938349742,4.112566169984112,3.912852675352176e-05,0.00032861406284164847,ENSG00000111961,SASH1,SAM and SH3 domain containing 1 [Source:HGNC Symbol;Acc:HGNC:19182]
O94985,15.265006207522248,-0.9633676402833532,0.2755484790157325,-3.496182028384013,0.00047196661977443944,0.0027778894669083236,ENSG00000171603,CLSTN1,calsyntenin 1 [Source:HGNC Symbol;Acc:HGNC:17447]
O94991,39.54706643834579,1.1715816440469466,0.33710825636405706,3.475386977119028,0.0005101168986073726,0.0029660211130732913,ENSG00000165300,SLITRK5,SLIT and NTRK like family member 5 [Source:HGNC Symbol;Acc:HGNC:20295]
O95049,265.03413447321753,-1.1296524605110654,0.2480454177128525,-4.554216203335783,5.258125656970482e-06,5.708849300609358e-05,ENSG00000105289,TJP3,tight junction protein 3 [Source:HGNC Symbol;Acc:HGNC:11829]
O95050,5524.0583229040585,1.2223198006231892,0.19091588333385118,6.402399733738972,1.5295357469341094e-10,4.805182530325477e-09,ENSG00000241644,INMT,indolethylamine N-methyltransferase [Source:HGNC Symbol;Acc:HGNC:6069]
O95057,44.35254916659267,-1.7981392896954544,0.32268589743980763,-5.5724136194420195,2.5123406947489132e-08,4.851765471277804e-07,ENSG00000176490,DIRAS1,DIRAS family GTPase 1 [Source:HGNC Symbol;Acc:HGNC:19127]
O95084,2841.623845298657,-0.7709550379787982,0.1652611898658609,-4.665070114795654,3.0851182526486714e-06,3.588565292400517e-05,ENSG00000150687,PRSS23,serine protease 23 [Source:HGNC Symbol;Acc:HGNC:14370]
O95136,677.2088080573967,-0.5453931942632705,0.1613124094447569,-3.380974818617696,0.0007222916188782756,0.003992335679885085,ENSG00000267534,S1PR2,sphingosine-1-phosphate receptor 2 [Source:HGNC Symbol;Acc:HGNC:3169]
O95149,24.68503706207372,0.8140673241234005,0.25442214146133674,3.199671693067289,0.001375842123765068,0.006864891899890229,ENSG00000169371,SNUPN,snurportin 1 [Source:HGNC Symbol;Acc:HGNC:14245]
O95154,19.177103871639623,0.5748347232937553,0.21937501137732884,2.6203290870947447,0.008784495088725046,0.03152184423799905,ENSG00000162482,AKR7A3,aldo-keto reductase family 7 member A3 [Source:HGNC Symbol;Acc:HGNC:390]
O95171,2182.2762809989463,1.493859565847649,0.25241168622170135,5.918345494255538,3.251962942218789e-09,7.670458901357558e-08,ENSG00000136155,SCEL,sciellin [Source:HGNC Symbol;Acc:HGNC:10573]
O95232,1631.405113746889,0.5287465237377079,0.12085205156931157,4.37515554656893,1.2134591791267448e-05,0.00011916368166149133,ENSG00000108848,LUC7L3,LUC7 like 3 pre-mRNA splicing factor [Source:HGNC Symbol;Acc:HGNC:24309]
O95235,37.53401342761698,-1.4007958523128332,0.2535901425151263,-5.523857664259476,3.3163616203532443e-08,6.235212205905408e-07,ENSG00000112984,KIF20A,kinesin family member 20A [Source:HGNC Symbol;Acc:HGNC:9787]
O95238,123.02122681681837,-2.1661809481372316,0.31049820628810715,-6.976468476366208,3.0269221796542164e-12,1.3540718407726994e-10,ENSG00000124664,SPDEF,SAM pointed domain containing ETS transcription factor [Source:HGNC Symbol;Acc:HGNC:17257]
O95239,68.7788952817681,-1.3438301756089142,0.2591998633096291,-5.184532732579539,2.1655711145383735e-07,3.380007456477657e-06,ENSG00000090889,KIF4A,kinesin family member 4A [Source:HGNC Symbol;Acc:HGNC:13339]
O95251,39.26762113786161,0.5564093468135262,0.15701797691505132,3.543602826538458,0.00039469936045544797,0.0023887759866861825,ENSG00000136504,KAT7,lysine acetyltransferase 7 [Source:HGNC Symbol;Acc:HGNC:17016]
O95273,94.05562737329575,0.9767625134810806,0.12509315627509385,7.808280984877147,5.797322741068189e-15,4.319397153091819e-13,ENSG00000166946,CCNDBP1,cyclin D1 binding protein 1 [Source:HGNC Symbol;Acc:HGNC:1587]
O95274,27.389987394478474,-0.8514438039869311,0.24303585270839814,-3.5033670732051188,0.0004594158885800151,0.0027098042275324028,ENSG00000124466,LYPD3,LY6/PLAUR domain containing 3 [Source:HGNC Symbol;Acc:HGNC:24880]
O95279,500.1876843845831,-0.5102614355591288,0.19553934715999974,-2.6095077178589956,0.009067260069621443,0.03234613689251456,ENSG00000164626,KCNK5,potassium two pore domain channel subfamily K member 5 [Source:HGNC Symbol;Acc:HGNC:6280]
O95297,1997.806037905824,-0.8525815699439083,0.1034821348421758,-8.238925213943547,1.7376450894575111e-16,1.7824197582742303e-14,ENSG00000197965,MPZL1,myelin protein zero like 1 [Source:HGNC Symbol;Acc:HGNC:7226]
O95373,4261.5557202731,-0.5068412458297888,0.10214006526655801,-4.9622177595742665,6.969279607963481e-07,9.571426781245893e-06,ENSG00000205339,IPO7,importin 7 [Source:HGNC Symbol;Acc:HGNC:9852]
O95377,41.61087279261962,-2.8470715459460743,0.4245084623490187,-6.70674862449572,1.990086446651662e-11,7.593316002500996e-10,ENSG00000189280,GJB5,gap junction protein beta 5 [Source:HGNC Symbol;Acc:HGNC:4287]
O95388,549.3929741084527,-2.8075574743853564,0.3189036970706393,-8.803778382548709,1.322854826361969e-18,1.9068130941560041e-16,ENSG00000104415,CCN4,cellular communication network factor 4 [Source:HGNC Symbol;Acc:HGNC:12769]
O95390,289.4073732574603,-0.6376572903254444,0.10150309436086935,-6.282146316233575,3.3393033506264606e-10,9.780211964769716e-09,ENSG00000135414,GDF11,growth differentiation factor 11 [Source:HGNC Symbol;Acc:HGNC:4216]
O95395,80.98436637082541,-2.875334610095395,0.3509821610196665,-8.192252853370181,2.563813071323028e-16,2.5469519583314442e-14,ENSG00000140297,GCNT3,"glucosaminyl (N-acetyl) transferase 3, mucin type [Source:HGNC Symbol;Acc:HGNC:4205]"
O95398,279.0811521557479,0.6094167125587756,0.14296381730052388,4.262733914538126,2.0194092934311485e-05,0.0001854895983229094,ENSG00000079337,RAPGEF3,Rap guanine nucleotide exchange factor 3 [Source:HGNC Symbol;Acc:HGNC:16629]
O95405,448.2769359534555,0.6901557167206632,0.08857751441140731,7.791545307030909,6.619456869886024e-15,4.85001667137762e-13,ENSG00000157077,ZFYVE9,zinc finger FYVE-type containing 9 [Source:HGNC Symbol;Acc:HGNC:6775]
O95425,82.92687941003767,-1.4417576846686089,0.25941096296202965,-5.557813240451373,2.7317544670650185e-08,5.23424092238505e-07,ENSG00000197321,SVIL,supervillin [Source:HGNC Symbol;Acc:HGNC:11480]
O95450,876.0133774025342,-1.6247494960639295,0.2066371743506821,-7.862813170812052,3.756010189926821e-15,2.937413075483905e-13,ENSG00000087116,ADAMTS2,ADAM metallopeptidase with thrombospondin type 1 motif 2 [Source:HGNC Symbol;Acc:HGNC:218]
O95470,1070.8383757947347,-0.5492265400588074,0.07089684084636819,-7.746840811270684,9.42069366917892e-15,6.680513767847971e-13,ENSG00000166224,SGPL1,sphingosine-1-phosphate lyase 1 [Source:HGNC Symbol;Acc:HGNC:10817]
O95486,1259.143086410266,-0.7440065738274745,0.12681099254792158,-5.867051103998859,4.4361397991819315e-09,1.0159358995966596e-07,ENSG00000113615,SEC24A,"SEC24 homolog A, COPII coat complex component [Source:HGNC Symbol;Acc:HGNC:10703]"
O95497,205.99175783171444,-1.1329594740659288,0.207703731828831,-5.454690024537462,4.90583479617371e-08,8.875576751010254e-07,ENSG00000112299,VNN1,vanin 1 [Source:HGNC Symbol;Acc:HGNC:12705]
O95502,250.5685345076269,-0.6863858268152307,0.20532840524454737,-3.3428683478924457,0.000829172278862989,0.004480903072297074,ENSG00000221890,NPTXR,neuronal pentraxin receptor [Source:HGNC Symbol;Acc:HGNC:7954]
O95528,584.857725629434,-0.6800158698083749,0.13810553375941892,-4.923885750971925,8.48423823516666e-07,1.1419510910470177e-05,ENSG00000197496,SLC2A10,solute carrier family 2 member 10 [Source:HGNC Symbol;Acc:HGNC:13444]
O95600,156.52432663636586,0.8991580921857412,0.1687839027715054,5.327273972346726,9.969772556958342e-08,1.67714236438718e-06,ENSG00000102349,KLF8,KLF transcription factor 8 [Source:HGNC Symbol;Acc:HGNC:6351]
O95602,607.9507322563032,-0.5347096125597569,0.11140039321425001,-4.799889813058204,1.5875295017098003e-06,2.0017939182794704e-05,ENSG00000068654,POLR1A,RNA polymerase I subunit A [Source:HGNC Symbol;Acc:HGNC:17264]
O95631,965.5841801741914,-1.9269650672671863,0.24476252883646551,-7.872794403732687,3.4680632459954103e-15,2.731595243827957e-13,ENSG00000065320,NTN1,netrin 1 [Source:HGNC Symbol;Acc:HGNC:8029]
O95661,158.29200172775208,-0.605120119262784,0.16257181668032747,-3.72217110947748,0.00019751709444625325,0.0013252744922803122,ENSG00000162595,DIRAS3,DIRAS family GTPase 3 [Source:HGNC Symbol;Acc:HGNC:687]
O95711,514.4577127832607,0.6304736785561241,0.18714627075870388,3.3688818697810032,0.0007547376819577799,0.004139513762222551,ENSG00000112799,LY86,lymphocyte antigen 86 [Source:HGNC Symbol;Acc:HGNC:16837]
O95714,282.4363385276641,-0.6030441474651155,0.22471127636453914,-2.6836399010382714,0.007282549873350292,0.027070513215383004,ENSG00000128731,HERC2,HECT and RLD domain containing E3 ubiquitin protein ligase 2 [Source:HGNC Symbol;Acc:HGNC:4868]
O95716,619.326792641263,-0.7022424010156202,0.16457084570565136,-4.267113035753848,1.9801883925126838e-05,0.00018257138297857328,ENSG00000105514,RAB3D,"RAB3D, member RAS oncogene family [Source:HGNC Symbol;Acc:HGNC:9779]"
O95727,81.15178065922395,0.5242951438207106,0.18372031470414582,2.8537679388640815,0.004320407798417394,0.01758299937004931,ENSG00000109943,CRTAM,cytotoxic and regulatory T cell molecule [Source:HGNC Symbol;Acc:HGNC:24313]
O95751,64.6046714299689,-1.0551287360409698,0.18549640661710742,-5.688135718008353,1.2843373569653696e-08,2.6299699229818255e-07,ENSG00000182195,LDOC1,LDOC1 regulator of NFKB signaling [Source:HGNC Symbol;Acc:HGNC:6548]
O95755,564.8792366841743,-1.2940127359903446,0.29011401301359113,-4.460359299947788,8.182236156835543e-06,8.412635720412637e-05,ENSG00000100228,RAB36,"RAB36, member RAS oncogene family [Source:HGNC Symbol;Acc:HGNC:9775]"
O95757,276.671815018531,-1.345124876871956,0.20311404517276235,-6.6225104016210965,3.5314920117169166e-11,1.2937462595748317e-09,ENSG00000164070,HSPA4L,heat shock protein family A (Hsp70) member 4 like [Source:HGNC Symbol;Acc:HGNC:17041]
O95810,7450.785100351053,1.6905795895643343,0.19833097003870012,8.52403227410451,1.5409266160298676e-17,1.8469345429305814e-15,ENSG00000168497,CAVIN2,caveolae associated protein 2 [Source:HGNC Symbol;Acc:HGNC:10690]
O95816,610.047091893247,-0.7937056841062661,0.13107245214259683,-6.055472916938907,1.400057297402434e-09,3.553148865007282e-08,ENSG00000112208,BAG2,BAG cochaperone 2 [Source:HGNC Symbol;Acc:HGNC:938]
O95832,1594.2105991339356,-1.1831405067232383,0.26719473305115043,-4.428008341379782,9.510722441477847e-06,9.617123921336655e-05,ENSG00000163347,CLDN1,claudin 1 [Source:HGNC Symbol;Acc:HGNC:2032]
O95847,115.54703989251055,0.749402498553641,0.1762149813050915,4.252774043406422,2.1113859275796613e-05,0.000192415310937363,ENSG00000153291,SLC25A27,solute carrier family 25 member 27 [Source:HGNC Symbol;Acc:HGNC:21065]
O95858,129.76284281618368,0.690196592002049,0.1490058987058393,4.632008517760789,3.621352509227207e-06,4.1274061105166315e-05,ENSG00000099282,TSPAN15,tetraspanin 15 [Source:HGNC Symbol;Acc:HGNC:23298]
O95859,967.8059983330671,1.437259632075292,0.17606582065239398,8.163195029845502,3.2627705303721367e-16,3.156014968281891e-14,ENSG00000106025,TSPAN12,tetraspanin 12 [Source:HGNC Symbol;Acc:HGNC:21641]
O95886,13.475642110267614,-0.8397558912290848,0.21171888409896134,-3.9663721769691898,7.297488269154255e-05,0.0005637086034603431,ENSG00000116544,DLGAP3,DLG associated protein 3 [Source:HGNC Symbol;Acc:HGNC:30368]
O95977,249.6239517197477,0.5475237541756264,0.16219806134142326,3.3756491886983855,0.0007364175364289504,0.004063285551264466,ENSG00000125910,S1PR4,sphingosine-1-phosphate receptor 4 [Source:HGNC Symbol;Acc:HGNC:3170]
O95989,39.35466984421057,-0.5706957367612866,0.2305260406166699,-2.4756237309878046,0.01330036669233791,0.0441357639230846,ENSG00000272325,NUDT3,nudix hydrolase 3 [Source:HGNC Symbol;Acc:HGNC:8050]
O95990,23.415387261476496,2.462430094169811,0.3670566896016511,6.708582526699534,1.9652401640829756e-11,7.511508939113682e-10,ENSG00000168309,FAM107A,family with sequence similarity 107 member A [Source:HGNC Symbol;Acc:HGNC:30827]
O96013,315.6589499294854,0.8783370875474853,0.12144995120658386,7.232090905112445,4.756136419488802e-13,2.5093739855360295e-11,ENSG00000130669,PAK4,p21 (RAC1) activated kinase 4 [Source:HGNC Symbol;Acc:HGNC:16059]
P00167,247.92963327569507,0.7443880525628221,0.1919393847156823,3.878245487060803,0.00010521252097056693,0.0007711388958075385,ENSG00000166347,CYB5A,cytochrome b5 type A [Source:HGNC Symbol;Acc:HGNC:2570]
P00325,4488.634929346873,0.7346588366398497,0.14763335789942214,4.976238751816165,6.483167492249861e-07,8.994122606354557e-06,ENSG00000196616,ADH1B,"alcohol dehydrogenase 1B (class I), beta polypeptide [Source:HGNC Symbol;Acc:HGNC:250]"
P00326,94.37324521443053,-0.974007403135082,0.32592357545447415,-2.9884533568242406,0.0028039329481712957,0.012360171344986959,ENSG00000248144,ADH1C,"alcohol dehydrogenase 1C (class I), gamma polypeptide [Source:HGNC Symbol;Acc:HGNC:251]"
P00367,18.206278862679557,0.5974014777636601,0.18734270992285476,3.1888162502275224,0.0014285665285260687,0.007081502859095059,ENSG00000148672,GLUD1,glutamate dehydrogenase 1 [Source:HGNC Symbol;Acc:HGNC:4335]
P00488,3165.6084159928546,-1.7142797734119255,0.28580543988544865,-5.998065586501824,1.996818758283139e-09,4.8985362508538763e-08,ENSG00000124491,F13A1,coagulation factor XIII A chain [Source:HGNC Symbol;Acc:HGNC:3531]
P00519,2489.7725870429167,-0.8880461399476474,0.16323565744331875,-5.440270550299396,5.3199717514392646e-08,9.546513995625838e-07,ENSG00000097007,ABL1,"ABL proto-oncogene 1, non-receptor tyrosine kinase [Source:HGNC Symbol;Acc:HGNC:76]"
P00749,883.8511074636428,-1.1759489629668114,0.2397599333396704,-4.904693401381757,9.357338405849588e-07,1.2431731397747398e-05,ENSG00000122861,PLAU,"plasminogen activator, urokinase [Source:HGNC Symbol;Acc:HGNC:9052]"
P00973,21.820194344008524,0.7991105087438087,0.27058195960941855,2.9533029840471037,0.003143932206768799,0.01358735663101687,ENSG00000089127,OAS1,2'-5'-oligoadenylate synthetase 1 [Source:HGNC Symbol;Acc:HGNC:8086]
P01023,31316.665895205217,-1.1857978358701258,0.19050753844006987,-6.224414244075469,4.833584363197996e-10,1.3614287298335709e-08,ENSG00000175899,A2M,alpha-2-macroglobulin [Source:HGNC Symbol;Acc:HGNC:7]
P01037,24.17316311253635,-5.086703167143642,0.9476668347421512,-5.367607033043077,7.978815952184348e-08,1.3715105768470272e-06,ENSG00000170373,CST1,cystatin SN [Source:HGNC Symbol;Acc:HGNC:2473]
P01040,128.30828882151297,0.6330686671091049,0.18242255501616755,3.4703420695593152,0.0005197959218121195,0.0030117456230102048,ENSG00000121552,CSTA,cystatin A [Source:HGNC Symbol;Acc:HGNC:2481]
P01127,1142.5733034015618,0.6993623216725,0.22268521010571532,3.1405872053222206,0.0016860950137754915,0.00812079917750703,ENSG00000100311,PDGFB,platelet derived growth factor subunit B [Source:HGNC Symbol;Acc:HGNC:8800]
P01135,312.3581602828312,-0.6965792106723284,0.12536706744344223,-5.556317339771717,2.7552575909788552e-08,5.265550338946938e-07,ENSG00000163235,TGFA,transforming growth factor alpha [Source:HGNC Symbol;Acc:HGNC:11765]
P01148,125.32964469257685,0.8290226840115971,0.180550247357167,4.591645240848732,4.397654364107195e-06,4.882873448299797e-05,ENSG00000147437,GNRH1,gonadotropin releasing hormone 1 [Source:HGNC Symbol;Acc:HGNC:4419]
P01282,15.31994145851092,1.2137253956473628,0.3028422075676718,4.007781495834425,6.129178637985734e-05,0.00048518630898111047,ENSG00000146469,VIP,vasoactive intestinal peptide [Source:HGNC Symbol;Acc:HGNC:12693]
P01579,19.225252023730675,1.5515600832842473,0.36584542284032967,4.241026363643789,2.224999975286476e-05,0.0002011896246616152,ENSG00000111537,IFNG,interferon gamma [Source:HGNC Symbol;Acc:HGNC:5438]
P01583,119.23329930532145,1.8496595483525229,0.3528908207194384,5.241449875578012,1.593197576110305e-07,2.5628285443863364e-06,ENSG00000115008,IL1A,interleukin 1 alpha [Source:HGNC Symbol;Acc:HGNC:5991]
P01584,190.5410748788599,1.0708443304951696,0.36968980242448696,2.8966022959583824,0.0037722763487137577,0.015691018972941007,ENSG00000125538,IL1B,interleukin 1 beta [Source:HGNC Symbol;Acc:HGNC:5992]
P01591,22346.40381174043,-1.1955896199350724,0.32120826860598767,-3.7221632715864192,0.00019752322735673287,0.0013252744922803122,ENSG00000132465,JCHAIN,joining chain of multimeric IgA and IgM [Source:HGNC Symbol;Acc:HGNC:5713]
P01593,241.53514897408908,-3.2368086353604517,0.5356002387722263,-6.043329336036692,1.5096605335304135e-09,3.809955683700455e-08,ENSG00000239975,IGKV1D-33,immunoglobulin kappa variable 1D-33 [Source:HGNC Symbol;Acc:HGNC:5753]
P01594,252.69634382217717,-3.115937862477264,0.5462570031028728,-5.704160943984202,1.1691756776919502e-08,2.4165886031694724e-07,ENSG00000242076,IGKV1-33,immunoglobulin kappa variable 1-33 [Source:HGNC Symbol;Acc:HGNC:5737]
P01597,470.63940747434793,-3.28809153636398,0.44901163223148377,-7.322954017968147,2.425709373161983e-13,1.3274589209854684e-11,ENSG00000242371,IGKV1-39,immunoglobulin kappa variable 1-39 [Source:HGNC Symbol;Acc:HGNC:5740]
P01599,1666.7693757825398,-3.069637382871243,0.46491948886834344,-6.602513889755452,4.042433872328704e-11,1.4543529628113743e-09,ENSG00000240382,IGKV1-17,immunoglobulin kappa variable 1-17 [Source:HGNC Symbol;Acc:HGNC:5733]
P01601,339.023196698518,-3.953419868679561,0.548491811748711,-7.207801071952559,5.686261635089274e-13,2.916391025587415e-11,ENSG00000241244,IGKV1D-16,immunoglobulin kappa variable 1D-16 [Source:HGNC Symbol;Acc:HGNC:5748]
P01602,10904.723831173585,-3.098376746355732,0.4535322034667452,-6.831657647840915,8.393897820707821e-12,3.49281174599793e-10,ENSG00000243466,IGKV1-5,immunoglobulin kappa variable 1-5 [Source:HGNC Symbol;Acc:HGNC:5741]
P01611,194.2108254191167,-3.035501348588733,0.505887640601346,-6.0003469248239565,1.968963925585063e-09,4.835582451542648e-08,ENSG00000278857,IGKV1D-12,immunoglobulin kappa variable 1D-12 [Source:HGNC Symbol;Acc:HGNC:5746]
P01614,449.2548657063735,-4.360169461729892,0.6051215552240374,-7.205443970865659,5.785503016197816e-13,2.9604056500980654e-11,ENSG00000251039,IGKV2D-40,immunoglobulin kappa variable 2D-40 [Source:HGNC Symbol;Acc:HGNC:5804]
P01615,201.23227834069846,-3.0390332620805323,0.5099359732170563,-5.959636938159206,2.5279894675156205e-09,6.073233084595806e-08,ENSG00000242534,IGKV2D-28,immunoglobulin kappa variable 2D-28 [Source:HGNC Symbol;Acc:HGNC:5799]
P01619,15652.485125575322,-3.0737543850740128,0.44977100250835195,-6.834043030635207,8.255424409801655e-12,3.441684875874588e-10,ENSG00000239951,IGKV3-20,immunoglobulin kappa variable 3-20 [Source:HGNC Symbol;Acc:HGNC:5817]
P01624,5534.356850488808,-3.584794463607118,0.5051478909660847,-7.096524656870831,1.2793313114303843e-12,6.120254390951345e-11,ENSG00000244437,IGKV3-15,immunoglobulin kappa variable 3-15 [Source:HGNC Symbol;Acc:HGNC:5816]
P01700,2792.463082626888,-3.118671497531234,0.45135595961781433,-6.909560915451231,4.861560816321677e-12,2.110568154392879e-10,ENSG00000211648,IGLV1-47,immunoglobulin lambda variable 1-47 [Source:HGNC Symbol;Acc:HGNC:5880]
P01704,8283.877972362508,-2.323522042460076,0.4561589512684908,-5.093667538472731,3.5120241071800974e-07,5.209941199233122e-06,ENSG00000211666,IGLV2-14,immunoglobulin lambda variable 2-14 [Source:HGNC Symbol;Acc:HGNC:5888]
P01705,4092.652932759556,-2.6058875375926855,0.44853058698536485,-5.8098324020825665,6.253541392005656e-09,1.3805365551480756e-07,ENSG00000211660,IGLV2-23,immunoglobulin lambda variable 2-23 [Source:HGNC Symbol;Acc:HGNC:5890]
P01706,4344.000125698969,-2.7100176353251584,0.5331223983251852,-5.083293524786679,3.70945781135008e-07,5.475795352845694e-06,ENSG00000211668,IGLV2-11,immunoglobulin lambda variable 2-11 [Source:HGNC Symbol;Acc:HGNC:5887]
P01709,1526.9235022112432,-2.4025071563575944,0.46525406371170647,-5.16386065968099,2.419078020928817e-07,3.7227331326823577e-06,ENSG00000278196,IGLV2-8,immunoglobulin lambda variable 2-8 [Source:HGNC Symbol;Acc:HGNC:5895]
P01714,3620.703403201399,-3.308002204020548,0.41664591150226493,-7.939600780176058,2.028330277352291e-15,1.6629292169787146e-13,ENSG00000211663,IGLV3-19,immunoglobulin lambda variable 3-19 [Source:HGNC Symbol;Acc:HGNC:5903]
P01715,5433.712262656035,-3.0446301539782232,0.49140360683787326,-6.195783082607135,5.799595398226414e-10,1.600804466989804e-08,ENSG00000211673,IGLV3-1,immunoglobulin lambda variable 3-1 [Source:HGNC Symbol;Acc:HGNC:5896]
P01717,4220.8524376237265,-3.3354966832452937,0.5193952581077378,-6.42188512732516,1.3459698017646996e-10,4.299330315666927e-09,ENSG00000211659,IGLV3-25,immunoglobulin lambda variable 3-25 [Source:HGNC Symbol;Acc:HGNC:5908]
P01718,468.6718251691331,-3.488551339875481,0.574748747729143,-6.06969802658796,1.2815098459724131e-09,3.2978317553180394e-08,ENSG00000211658,IGLV3-27,immunoglobulin lambda variable 3-27 [Source:HGNC Symbol;Acc:HGNC:5910]
P01721,2335.633395829207,-3.2953885329857213,0.49571350879849285,-6.647768266338076,2.9757030593503505e-11,1.0974273456674354e-09,ENSG00000211640,IGLV6-57,immunoglobulin lambda variable 6-57 [Source:HGNC Symbol;Acc:HGNC:5927]
P01764,12.967617180357498,-3.745523409179346,0.49213993815766655,-7.610687771451288,2.72641149097657e-14,1.8220690612726445e-12,ENSG00000211949,IGHV3-23,immunoglobulin heavy variable 3-23 [Source:HGNC Symbol;Acc:HGNC:5588]
P01772,3836.1830073294764,-3.6751046318838743,0.6182735845482387,-5.944139817277179,2.779123191823328e-09,6.654808129475752e-08,ENSG00000211955,IGHV3-33,immunoglobulin heavy variable 3-33 [Source:HGNC Symbol;Acc:HGNC:5596]
P01814,955.2782021198451,-3.4534511318820753,0.5968869362889757,-5.78577100941966,7.21804866926058e-09,1.5698899936082134e-07,ENSG00000274576,IGHV2-70,immunoglobulin heavy variable 2-70 [Source:HGNC Symbol;Acc:HGNC:5577]
P01833,13720.191394004427,-0.6555132377798069,0.2085904071412596,-3.142585734232191,0.0016746266302131213,0.008076146009779179,ENSG00000162896,PIGR,polymeric immunoglobulin receptor [Source:HGNC Symbol;Acc:HGNC:8968]
P01871,66.39929463659652,-1.4323365600232503,0.37140098295006324,-3.8565771922467835,0.00011498579805918534,0.000830624562855314,ENSG00000211899,IGHM,immunoglobulin heavy constant mu [Source:HGNC Symbol;Acc:HGNC:5541]
P02452,9997.240483821075,-3.6142246869312626,0.36815988842719455,-9.816997452849874,9.513491954430412e-23,2.622631894537604e-20,ENSG00000108821,COL1A1,collagen type I alpha 1 chain [Source:HGNC Symbol;Acc:HGNC:2197]
P02461,25532.577745699524,-3.5874208137046923,0.31541243049377254,-11.3737458225367,5.650931884840037e-30,6.559244830961167e-27,ENSG00000168542,COL3A1,collagen type III alpha 1 chain [Source:HGNC Symbol;Acc:HGNC:2201]
P02462,2913.797667489818,-1.6557960212103349,0.29018619378473565,-5.705977943384269,1.1567697858080584e-08,2.3976880503957633e-07,ENSG00000187498,COL4A1,collagen type IV alpha 1 chain [Source:HGNC Symbol;Acc:HGNC:2202]
P02533,59.031045584015395,-7.87719333422611,0.846293224936626,-9.307877107034608,1.3041277147982458e-20,2.5679671984071886e-18,ENSG00000186847,KRT14,keratin 14 [Source:HGNC Symbol;Acc:HGNC:6416]
P02538,458.0456954631397,-7.450626944658806,0.7571099683324274,-9.84087815019684,7.505284351234488e-23,2.123627406645015e-20,ENSG00000205420,KRT6A,keratin 6A [Source:HGNC Symbol;Acc:HGNC:6443]
P02545,17.82669213189525,1.2898842177289835,0.277717672781659,4.644588170458593,3.407555001727736e-06,3.9120363356638985e-05,ENSG00000160789,LMNA,lamin A/C [Source:HGNC Symbol;Acc:HGNC:6636]
P02649,1411.8151609753909,-1.1234320398523152,0.2511180233413563,-4.473721260242568,7.68699359774121e-06,7.966586316004919e-05,ENSG00000130203,APOE,apolipoprotein E [Source:HGNC Symbol;Acc:HGNC:613]
P02750,534.5587083049288,-0.7530684909314076,0.21599418599084885,-3.4865220444559246,0.0004893450517473328,0.0028664052513242178,ENSG00000171236,LRG1,leucine rich alpha-2-glycoprotein 1 [Source:HGNC Symbol;Acc:HGNC:29480]
P03372,158.9598980060691,0.5017933703177758,0.17084649038210487,2.9371008394465425,0.0033129635785026255,0.014184449380760418,ENSG00000091831,ESR1,estrogen receptor 1 [Source:HGNC Symbol;Acc:HGNC:3467]
P03951,42.049927494040034,2.552096134361402,0.28035558037844993,9.103068791840514,8.781476820054264e-20,1.561828143463522e-17,ENSG00000088926,F11,coagulation factor XI [Source:HGNC Symbol;Acc:HGNC:3529]
P03956,553.3306384806035,-7.6690015357425425,0.5928139756467334,-12.936607183351246,2.797118714701717e-38,1.2337531226806336e-34,ENSG00000196611,MMP1,matrix metallopeptidase 1 [Source:HGNC Symbol;Acc:HGNC:7155]
P04040,1375.108577893748,1.0150177025276605,0.15359326194753262,6.608478065101515,3.882910555240515e-11,1.4100135446340941e-09,ENSG00000121691,CAT,catalase [Source:HGNC Symbol;Acc:HGNC:1516]
P04114,23.517327544420375,-1.0281575124927262,0.2847714100648083,-3.610466065602366,0.00030564729058760724,0.0019242778608675678,ENSG00000084674,APOB,apolipoprotein B [Source:HGNC Symbol;Acc:HGNC:603]
P04216,705.6889005531009,-2.65616702854726,0.30952131361409985,-8.581531906584226,9.361791183055762e-18,1.1664686031136258e-15,ENSG00000154096,THY1,Thy-1 cell surface antigen [Source:HGNC Symbol;Acc:HGNC:11801]
P04259,33.989956064952935,-5.209461927677074,0.7505604654997411,-6.940762493010459,3.899892034622851e-12,1.7123223275983258e-10,ENSG00000185479,KRT6B,keratin 6B [Source:HGNC Symbol;Acc:HGNC:6444]
P04430,1782.667380103715,-2.990321458640911,0.5209700625906146,-5.739910358324652,9.472667918638636e-09,2.0126225267596962e-07,ENSG00000240864,IGKV1-16,immunoglobulin kappa variable 1-16 [Source:HGNC Symbol;Acc:HGNC:5732]
P04432,416.8471629584863,-3.334047730521259,0.4553439803807182,-7.322041959868723,2.4422575625911553e-13,1.3332066407273599e-11,ENSG00000251546,IGKV1D-39,immunoglobulin kappa variable 1D-39 [Source:HGNC Symbol;Acc:HGNC:5756]
P04433,9633.569220191594,-3.49209036280816,0.5305990173168601,-6.581411289577971,4.6600351909054046e-11,1.6549503397782255e-09,ENSG00000241351,IGKV3-11,immunoglobulin kappa variable 3-11 [Source:HGNC Symbol;Acc:HGNC:5815]
P04732,159.9863947721146,1.6829326766859405,0.42465738888725035,3.963036369379579,7.400250281572469e-05,0.0005700493178826378,ENSG00000169715,MT1E,metallothionein 1E [Source:HGNC Symbol;Acc:HGNC:7397]
P04843,127.84791950373139,0.6029367548127957,0.2351765104997483,2.5637626544060867,0.010354432392175917,0.03598434478049916,ENSG00000163902,RPN1,ribophorin I [Source:HGNC Symbol;Acc:HGNC:10381]
P04899,22.15798974255651,0.5716573990629984,0.21768274771285898,2.6261033778251477,0.008636858196618108,0.03106282952841092,ENSG00000114353,GNAI2,G protein subunit alpha i2 [Source:HGNC Symbol;Acc:HGNC:4385]
P05019,82.59069859658607,-1.8651009373679612,0.33000157464082985,-5.651794054006914,1.587817667642302e-08,3.180538677764153e-07,ENSG00000017427,IGF1,insulin like growth factor 1 [Source:HGNC Symbol;Acc:HGNC:5464]
P05026,156.3778248057546,-0.7688793085716751,0.1408688249729799,-5.45812253860394,4.811955326857835e-08,8.720038026172777e-07,ENSG00000143153,ATP1B1,ATPase Na+/K+ transporting subunit beta 1 [Source:HGNC Symbol;Acc:HGNC:804]
P05091,2078.374609117,0.9998159798944171,0.13568304190541275,7.368761533157608,1.7222040272483464e-13,9.615566485300008e-12,ENSG00000111275,ALDH2,aldehyde dehydrogenase 2 family member [Source:HGNC Symbol;Acc:HGNC:404]
P05106,504.0215755964893,-1.3505441377030705,0.21207645755342328,-6.368194533628801,1.9126623649661156e-10,5.907822940751081e-09,ENSG00000259207,ITGB3,integrin subunit beta 3 [Source:HGNC Symbol;Acc:HGNC:6156]
P05120,67.9573934188065,-3.452071214625323,0.46813651887919777,-7.374069476336083,1.6549687136286727e-13,9.28719593139103e-12,ENSG00000197632,SERPINB2,serpin family B member 2 [Source:HGNC Symbol;Acc:HGNC:8584]
P05154,30.618873504997108,-3.165264780087266,0.3006414944536439,-10.528369631209772,6.393216519337277e-26,3.438926758962544e-23,ENSG00000188488,SERPINA5,serpin family A member 5 [Source:HGNC Symbol;Acc:HGNC:8723]
P05162,57.90753027343031,0.806208652436977,0.196998195716761,4.092467189882913,4.268076496388582e-05,0.00035297172648071797,ENSG00000100079,LGALS2,galectin 2 [Source:HGNC Symbol;Acc:HGNC:6562]
P05187,11.142541251483548,1.0662804032228907,0.32631342573710326,3.267657163704772,0.0010844163876483391,0.005619294880920224,ENSG00000163283,ALPP,"alkaline phosphatase, placental [Source:HGNC Symbol;Acc:HGNC:439]"
P05412,9072.29701573476,1.3289007251161384,0.18783148330818664,7.074962629857581,1.4948904004382592e-12,7.105239847255468e-11,ENSG00000177606,JUN,"Jun proto-oncogene, AP-1 transcription factor subunit [Source:HGNC Symbol;Acc:HGNC:6204]"
P05413,18.31495448996243,-0.7009735817676216,0.22766703053182388,-3.0789419975749968,0.002077371222715186,0.009652654823061444,ENSG00000121769,FABP3,fatty acid binding protein 3 [Source:HGNC Symbol;Acc:HGNC:3557]
P05452,357.93453792432047,1.608319220288048,0.19858079476128254,8.099067295109966,5.538214398791219e-16,5.175414421650065e-14,ENSG00000163815,CLEC3B,C-type lectin domain family 3 member B [Source:HGNC Symbol;Acc:HGNC:11891]
P05546,478.31591054048596,-1.5759885166740681,0.5416302134803922,-2.9097130799759587,0.0036176069470163466,0.015211192299237083,ENSG00000099937,SERPIND1,serpin family D member 1 [Source:HGNC Symbol;Acc:HGNC:4838]
P05997,281.69961527128334,-2.7984829991016484,0.3062946760055133,-9.136570819961872,6.446401341966577e-20,1.1749498776506686e-17,ENSG00000204262,COL5A2,collagen type V alpha 2 chain [Source:HGNC Symbol;Acc:HGNC:2210]
P06126,72.3892660787137,-1.8222459159201734,0.28470112435409495,-6.400557497109736,1.548106378626868e-10,4.856605700460448e-09,ENSG00000158477,CD1A,CD1a molecule [Source:HGNC Symbol;Acc:HGNC:1634]
P06241,266.70153168060045,0.8554236131421409,0.14941486114938718,5.725157501480899,1.0333782459355326e-08,2.1684228197775675e-07,ENSG00000010810,FYN,"FYN proto-oncogene, Src family tyrosine kinase [Source:HGNC Symbol;Acc:HGNC:4037]"
P06310,1603.5315351914799,-2.8513428506016045,0.4320288814518467,-6.599889435677487,4.114645284541095e-11,1.473123167293333e-09,ENSG00000243238,IGKV2-30,immunoglobulin kappa variable 2-30 [Source:HGNC Symbol;Acc:HGNC:5785]
P06312,10427.668692885676,-2.7285409234647795,0.48986497320974143,-5.56998575665977,2.54760161034583e-08,4.91125925826634e-07,ENSG00000211598,IGKV4-1,immunoglobulin kappa variable 4-1 [Source:HGNC Symbol;Acc:HGNC:5834]
P06315,177.62240798160283,-3.0674333708735078,0.6012810628153265,-5.101496721867689,3.369778593276775e-07,5.024820628541311e-06,ENSG00000211599,IGKV5-2,immunoglobulin kappa variable 5-2 [Source:HGNC Symbol;Acc:HGNC:5835]
P06703,80.4633032470548,0.7381597123492489,0.17794728721025702,4.148193118994066,3.351096661649428e-05,0.00028601039387003284,ENSG00000197956,S100A6,S100 calcium binding protein A6 [Source:HGNC Symbol;Acc:HGNC:10496]
P06731,199.37355812314203,-1.0381132035466156,0.42698354158673374,-2.4312721743063777,0.015045907356406693,0.04877288997637185,ENSG00000105388,CEACAM5,CEA cell adhesion molecule 5 [Source:HGNC Symbol;Acc:HGNC:1817]
P06753,132.41271872702245,0.9385689699141913,0.1680416628588598,5.585334933887833,2.3325024015918125e-08,4.532247397771439e-07,ENSG00000143549,TPM3,tropomyosin 3 [Source:HGNC Symbol;Acc:HGNC:12012]
P06865,37.114109413697754,0.7754536283104055,0.19266403790251338,4.024900737846985,5.699935299175936e-05,0.0004554578735073409,ENSG00000213614,HEXA,hexosaminidase subunit alpha [Source:HGNC Symbol;Acc:HGNC:4878]
P07204,4854.493069759123,0.8301868836870056,0.20060913395484475,4.138330430527021,3.498422889238771e-05,0.00029766287962682046,ENSG00000178726,THBD,thrombomodulin [Source:HGNC Symbol;Acc:HGNC:11784]
P07332,25.133462393540487,1.0713384218658075,0.26548548669428323,4.035393554674779,5.4510848937077264e-05,0.00043843262671710507,ENSG00000182511,FES,"FES proto-oncogene, tyrosine kinase [Source:HGNC Symbol;Acc:HGNC:3657]"
P07476,63.30367229522231,-3.507955691095132,0.4579779254353204,-7.6596610803036524,1.8642439409871265e-14,1.2813729745655685e-12,ENSG00000163207,IVL,involucrin [Source:HGNC Symbol;Acc:HGNC:6187]
P07814,759.3650590246237,-0.6036286374959398,0.10097294468916988,-5.978122549105805,2.257239055387773e-09,5.464451166577601e-08,ENSG00000136628,EPRS1,glutamyl-prolyl-tRNA synthetase 1 [Source:HGNC Symbol;Acc:HGNC:3418]
P07900,14361.214768239804,-0.5381819973715247,0.11704344101417595,-4.598138885085768,4.26281800387182e-06,4.756702568388086e-05,ENSG00000080824,HSP90AA1,heat shock protein 90 alpha family class A member 1 [Source:HGNC Symbol;Acc:HGNC:5253]
P07996,19231.197484271106,-0.9317322062661154,0.35744753122092093,-2.6066264972753643,0.009143904192879073,0.032562516239262894,ENSG00000137801,THBS1,thrombospondin 1 [Source:HGNC Symbol;Acc:HGNC:11785]
P08034,60.75549623753415,0.7187220286321929,0.2684507461528112,2.6772957011006855,0.007421910008399662,0.02749014799181821,ENSG00000169562,GJB1,gap junction protein beta 1 [Source:HGNC Symbol;Acc:HGNC:4283]
P08123,13268.303269841133,-2.682378874333352,0.27964769414967855,-9.591993534899796,8.639923772163391e-22,1.984842488242619e-19,ENSG00000164692,COL1A2,collagen type I alpha 2 chain [Source:HGNC Symbol;Acc:HGNC:2198]
P08138,183.74243366995523,-2.8237942339114257,0.25427818876586616,-11.10513743871093,1.184349990096206e-28,9.36111562707857e-26,ENSG00000064300,NGFR,nerve growth factor receptor [Source:HGNC Symbol;Acc:HGNC:7809]
P08151,90.55862254944546,-0.9372096641065903,0.2108522199226186,-4.444865055015974,8.794705303507678e-06,8.967102670529741e-05,ENSG00000111087,GLI1,GLI family zinc finger 1 [Source:HGNC Symbol;Acc:HGNC:4317]
P08172,76.58080711557902,1.8433355625716341,0.5472335833906781,3.3684620581037144,0.0007558880012466482,0.004143761864154506,ENSG00000181072,CHRM2,cholinergic receptor muscarinic 2 [Source:HGNC Symbol;Acc:HGNC:1951]
P08173,18.356056812761683,1.6786137096553586,0.33587096150674095,4.997793504162963,5.799003440827495e-07,8.161532985578148e-06,ENSG00000180720,CHRM4,cholinergic receptor muscarinic 4 [Source:HGNC Symbol;Acc:HGNC:1953]
P08174,169.92109218669725,1.1692558588866313,0.19412678920027862,6.023155607237299,1.7104884766936286e-09,4.267320459841774e-08,ENSG00000196352,CD55,CD55 molecule (Cromer blood group) [Source:HGNC Symbol;Acc:HGNC:2665]
P08235,650.7215083702262,0.5446904474037804,0.12422163449476047,4.384827567429528,1.1607768946622924e-05,0.00011464296298648544,ENSG00000151623,NR3C2,nuclear receptor subfamily 3 group C member 2 [Source:HGNC Symbol;Acc:HGNC:7979]
P08238,17411.398490075015,-0.5860055489853139,0.1186957612830943,-4.9370385483915165,7.931779759989098e-07,1.0778032706518765e-05,ENSG00000096384,HSP90AB1,heat shock protein 90 alpha family class B member 1 [Source:HGNC Symbol;Acc:HGNC:5258]
P08247,12.682297964708967,0.6212852424079632,0.19095524216186668,3.253564737863124,0.0011396675410754696,0.005857429026072805,ENSG00000102003,SYP,synaptophysin [Source:HGNC Symbol;Acc:HGNC:11506]
P08253,2635.6920250102917,-1.9658798061937242,0.22824409957559327,-8.613058606330522,7.11367045841863e-18,9.228522840586144e-16,ENSG00000087245,MMP2,matrix metallopeptidase 2 [Source:HGNC Symbol;Acc:HGNC:7166]
P08254,10.274021820085531,-3.3352566714395744,0.4896251930006058,-6.811856740867187,9.63470286438718e-12,3.971658634975605e-10,ENSG00000149968,MMP3,matrix metallopeptidase 3 [Source:HGNC Symbol;Acc:HGNC:7173]
P08294,1349.2859306825926,-0.8191757664166307,0.15774421460758536,-5.193063773872563,2.0686128444496005e-07,3.2493723412743227e-06,ENSG00000109610,SOD3,superoxide dismutase 3 [Source:HGNC Symbol;Acc:HGNC:11181]
P08473,10.122237864147763,2.0404357444890295,0.3343167019346833,6.103301847263608,1.0389935743744164e-09,2.7441873400303447e-08,ENSG00000196549,MME,membrane metalloendopeptidase [Source:HGNC Symbol;Acc:HGNC:7154]
P08476,1709.2287886669674,0.6628369521045024,0.25491480156257584,2.600229363071296,0.0093161470419102,0.03303447113135528,ENSG00000122641,INHBA,inhibin subunit beta A [Source:HGNC Symbol;Acc:HGNC:6066]
P08493,315.9992013154733,-0.6418808574437734,0.18000159755723388,-3.5659731144312703,0.0003625085368247232,0.0022176874538508864,ENSG00000111341,MGP,matrix Gla protein [Source:HGNC Symbol;Acc:HGNC:7060]
P08572,288.2602316803991,-1.1671357685520674,0.2559972590963301,-4.559172909397759,5.1355475767016245e-06,5.5902944845299915e-05,ENSG00000134871,COL4A2,collagen type IV alpha 2 chain [Source:HGNC Symbol;Acc:HGNC:2203]
P08582,41.876161509707174,-0.8792093572763094,0.18319215752375742,-4.799383167711688,1.5915504597277113e-06,2.0057173622191397e-05,ENSG00000163975,MELTF,melanotransferrin [Source:HGNC Symbol;Acc:HGNC:7037]
P08588,621.6227365540069,1.6998588424870675,0.2591387407480229,6.559647691349819,5.393505174054356e-11,1.8820943529840944e-09,ENSG00000043591,ADRB1,adrenoceptor beta 1 [Source:HGNC Symbol;Acc:HGNC:285]
P08913,283.9371286303627,-1.496269437648447,0.19558914015699452,-7.650063988457789,2.0087932786506218e-14,1.3727336455239797e-12,ENSG00000150594,ADRA2A,adrenoceptor alpha 2A [Source:HGNC Symbol;Acc:HGNC:281]
P08949,139.09988555605054,0.5006626679056616,0.20644552555182966,2.4251563048769813,0.015301797007002191,0.049365978816914326,ENSG00000197696,NMB,neuromedin B [Source:HGNC Symbol;Acc:HGNC:7842]
P09012,29.437228368084153,0.7979184916535749,0.23649686073250034,3.373907328757712,0.000741093122724474,0.00407989708651162,ENSG00000077312,SNRPA,small nuclear ribonucleoprotein polypeptide A [Source:HGNC Symbol;Acc:HGNC:11151]
P09017,41.63670915026307,-0.9253212644362449,0.23594801705786303,-3.9217166390057963,8.792035028276692e-05,0.0006618406857449012,ENSG00000198353,HOXC4,homeobox C4 [Source:HGNC Symbol;Acc:HGNC:5126]
P09067,111.91348698662871,0.6556985997047593,0.15714888859705123,4.172467305104842,3.013188478304066e-05,0.0002605994458843838,ENSG00000120075,HOXB5,homeobox B5 [Source:HGNC Symbol;Acc:HGNC:5116]
P09210,418.8384196307103,-1.8208306659057887,0.6784849997828024,-2.6836712182121576,0.0072818678069741846,0.027070513215383004,ENSG00000244067,GSTA2,glutathione S-transferase alpha 2 [Source:HGNC Symbol;Acc:HGNC:4627]
P09228,47.11090715293026,-4.410969202857747,0.48823617634420474,-9.034498909699861,1.6475551579470255e-19,2.785815347163042e-17,ENSG00000170369,CST2,cystatin SA [Source:HGNC Symbol;Acc:HGNC:2474]
P09237,1361.869392418721,-3.814430245349708,0.3527525785276339,-10.813330582219665,2.9766265980781382e-27,1.930780088059272e-24,ENSG00000137673,MMP7,matrix metallopeptidase 7 [Source:HGNC Symbol;Acc:HGNC:7174]
P09238,191.38447210979342,-6.193918281883186,0.47544526376065466,-13.027615908697506,8.52292853928052e-39,4.6991166501323144e-35,ENSG00000166670,MMP10,matrix metallopeptidase 10 [Source:HGNC Symbol;Acc:HGNC:7156]
P09497,20.113975592889517,0.6407471882678457,0.22796951086052558,2.8106705403244137,0.004943838078135836,0.019702883498184547,ENSG00000175416,CLTB,clathrin light chain B [Source:HGNC Symbol;Acc:HGNC:2091]
P09529,566.2605723825812,-1.8327811725750043,0.2457941801287247,-7.456568628334324,8.880484968855097e-14,5.336518133600281e-12,ENSG00000163083,INHBB,inhibin subunit beta B [Source:HGNC Symbol;Acc:HGNC:6067]
P09619,1836.410288878993,-0.6662956269818526,0.15916673881958662,-4.186148638360241,2.837275868021841e-05,0.0002474230209306196,ENSG00000113721,PDGFRB,platelet derived growth factor receptor beta [Source:HGNC Symbol;Acc:HGNC:8804]
P09630,15.275905048969703,-1.2165281166127935,0.41539260017586394,-2.9286225033805473,0.0034046763930693775,0.014509884841768222,ENSG00000197757,HOXC6,homeobox C6 [Source:HGNC Symbol;Acc:HGNC:5128]
P09914,1012.1725547283818,0.7324323824535556,0.21799963352450746,3.3597872189597777,0.0007800252386319353,0.004254928669994732,ENSG00000185745,IFIT1,interferon induced protein with tetratricopeptide repeats 1 [Source:HGNC Symbol;Acc:HGNC:5407]
P0C091,28.13645417208253,1.6568662260168523,0.41448310010751377,3.9974277011223713,6.403453982913967e-05,0.0005027475049454775,ENSG00000183090,FREM3,FRAS1 related extracellular matrix 3 [Source:HGNC Symbol;Acc:HGNC:25172]
P0C0S8,14.769838710657018,-1.1973154837582858,0.2561690045644914,-4.673928002311684,2.954929570882058e-06,3.457189217837289e-05,ENSG00000278677,H2AC17,H2A clustered histone 17 [Source:HGNC Symbol;Acc:HGNC:4735]
P0C7U0,45.05732247869955,-0.7570879269911228,0.25679110881771905,-2.948263787156802,0.0031956425336998715,0.013764980554339251,ENSG00000225968,ELFN1,extracellular leucine rich repeat and fibronectin type III domain containing 1 [Source:HGNC Symbol;Acc:HGNC:33154]
P0CAP1,295.8648595569404,2.227740208654047,0.2889821038200486,7.708920999624526,1.268859244673771e-14,8.827577849222506e-13,ENSG00000263155,MYZAP,myocardial zonula adherens protein [Source:HGNC Symbol;Acc:HGNC:43444]
P0CG21,175.88285859556586,-1.299981001338023,0.356994131774143,-3.6414632220354615,0.0002710928575583473,0.001736979047237592,ENSG00000257108,NHLRC4,NHL repeat containing 4 [Source:HGNC Symbol;Acc:HGNC:26700]
P0CG34,85.01362204055584,1.7521689287584052,0.3456766631346951,5.068808848330214,4.003130035514826e-07,5.85444494716472e-06,ENSG00000158164,TMSB15A,thymosin beta 15A [Source:HGNC Symbol;Acc:HGNC:30744]
P0CW24,16.092705331595763,-0.8168685363488148,0.21920906479506094,-3.726435935085564,0.00019420640450762492,0.0013065979392956558,ENSG00000235961,PNMA6A,PNMA family member 6A [Source:HGNC Symbol;Acc:HGNC:28248]
P0DH78,18.176259702788805,0.7015922658726341,0.2504351985224092,2.8014922423528854,0.005086686409616673,0.020165698737675014,ENSG00000233198,RNF224,ring finger protein 224 [Source:HGNC Symbol;Acc:HGNC:41912]
P0DJI9,176.43818092562583,-4.204410365326139,0.47676678588873844,-8.81858906653642,1.1591098552675928e-18,1.692914486627251e-16,ENSG00000134339,SAA2,serum amyloid A2 [Source:HGNC Symbol;Acc:HGNC:10514]
P0DJJ0,333.9627826441536,0.7002208936000349,0.10146176146229927,6.901327983155704,5.151862982204824e-12,2.2147989514531226e-10,ENSG00000171943,SRGAP2C,SLIT-ROBO Rho GTPase activating protein 2C [Source:HGNC Symbol;Acc:HGNC:30584]
P0DKB5,15.881733421539906,-1.6164231434302712,0.23959340491895872,-6.74652603220451,1.514269091289517e-11,6.006419161744426e-10,ENSG00000261594,TPBGL,trophoblast glycoprotein like [Source:HGNC Symbol;Acc:HGNC:44159]
P0DMB2,34.36051165736712,-0.9235754304952151,0.2374594832705145,-3.8894021741093208,0.00010049146617014724,0.0007414649698616351,ENSG00000253250,C8orf88,chromosome 8 open reading frame 88 [Source:HGNC Symbol;Acc:HGNC:44672]
P0DMS8,39.551946781361174,-0.9990465868889229,0.2588946870135113,-3.8588918081458514,0.00011390234518862998,0.0008236073182918182,ENSG00000282608,ADORA3,adenosine A3 receptor [Source:HGNC Symbol;Acc:HGNC:268]
P0DN25,14.3416474818986,-0.8735416997740428,0.21744807784001421,-4.017242683638457,5.8883075869463e-05,0.00046898062666129905,ENSG00000223658,C1GALT1C1L,C1GALT1 specific chaperone 1 like [Source:HGNC Symbol;Acc:HGNC:51617]
P0DOY2,29547.843994445866,-3.1439605763731717,0.40087240452479533,-7.842796213673289,4.406227509652571e-15,3.3977252271985243e-13,ENSG00000211677,IGLC2,immunoglobulin lambda constant 2 [Source:HGNC Symbol;Acc:HGNC:5856]
P0DOY3,14843.541264712056,-2.855845375846973,0.42493295934395775,-6.720696319381847,1.80858176758333e-11,7.01113634656626e-10,ENSG00000211679,IGLC3,immunoglobulin lambda constant 3 (Kern-Oz+ marker) [Source:HGNC Symbol;Acc:HGNC:5857]
P0DP02,3743.262160768622,-2.74469859896516,0.6800989179129084,-4.035734400795854,5.443176523522242e-05,0.0004379562752636247,ENSG00000211955,IGHV3-33,immunoglobulin heavy variable 3-33 [Source:HGNC Symbol;Acc:HGNC:5596]
P0DP09,905.5069684603656,-3.7741803999544374,0.7777000129858065,-4.853002876345996,1.216059263670836e-06,1.5729601760115317e-05,ENSG00000276566,IGKV1D-13,immunoglobulin kappa variable 1D-13 [Source:HGNC Symbol;Acc:HGNC:5747]
P0DPD7,31.067996923999925,-1.2612442737652896,0.21084962497477644,-5.981724055312737,2.2078808476624996e-09,5.3626216095097755e-08,ENSG00000284753,EEF1AKMT4,EEF1A lysine methyltransferase 4 [Source:HGNC Symbol;Acc:HGNC:53611]
P10301,705.3540796578361,1.1063571090520394,0.14180243748233223,7.802102197219884,6.0884308049957426e-15,4.5058474152139635e-13,ENSG00000232893,IQCA1-AS1,IQCA1 antisense RNA 1 [Source:HGNC Symbol;Acc:HGNC:41137]
P10600,145.46045244520687,-1.5142803795681778,0.21592241270346724,-7.013076412997408,2.331340366440564e-12,1.0667091377900455e-10,ENSG00000177410,ZFAS1,ZNFX1 antisense RNA 1 [Source:HGNC Symbol;Acc:HGNC:33101]
P10643,193.78904909565216,-1.200280335536206,0.2367672258924868,-5.069453050403348,3.989605335959039e-07,5.842414082286896e-06,ENSG00000228340,MIR646HG,MIR646 host gene [Source:HGNC Symbol;Acc:HGNC:27659]
P10644,32.10014714425852,1.0559235400178635,0.19347193869953233,5.457760681551571,4.82176942767853e-08,8.730648847128268e-07,ENSG00000228340,MIR646HG,MIR646 host gene [Source:HGNC Symbol;Acc:HGNC:27659]
P10747,230.33539709913944,-0.9894177123343033,0.2470163880990613,-4.005473968542994,6.189325006961748e-05,0.0004887195621322391,ENSG00000235888,CD28,long intergenic non-protein coding RNA 2940 [Source:HGNC Symbol;Acc:HGNC:55955]
P10828,170.09727907502628,0.716680934342951,0.13226970094241317,5.418330345019647,6.01581862200364e-08,1.0673601278332122e-06,ENSG00000283904,MIR155,microRNA 155 [Source:HGNC Symbol;Acc:HGNC:31542]
P11047,4533.294190845774,-0.6679019131099263,0.15095788425218243,-4.4244255039648275,9.669926391751388e-06,9.742734169985212e-05,ENSG00000234300,LAMC1,long intergenic non-protein coding RNA 229 [Source:HGNC Symbol;Acc:HGNC:13240]
P11217,36.7647238316298,-0.7391614316845746,0.18070306813969134,-4.0904752713615835,4.3049011131177205e-05,0.00035544848052676233,ENSG00000182057,OGFRP1,opioid growth factor receptor pseudogene 1 [Source:HGNC Symbol;Acc:HGNC:50511]
P11233,1740.3664781939372,0.6465374516907544,0.15831875750589203,4.083770374882413,4.431081827526986e-05,0.0003653199200907669,ENSG00000224271,EPIC1,epigenetically induced MYC interacting lncRNA 1 [Source:HGNC Symbol;Acc:HGNC:27672]
P11388,260.38678412370234,-1.2946680352099573,0.2632216557870606,-4.918546809299421,8.718906876169227e-07,1.168206392752346e-05,ENSG00000243715,CACNA2D3-AS1,CACNA2D3 antisense RNA 1 [Source:HGNC Symbol;Acc:HGNC:40702]
P11473,340.85898674048707,-0.6471240528367882,0.15926659575798327,-4.063149901314764,4.84149157606484e-05,0.0003957533551465307,ENSG00000241219,LOLI1,lncRNA oncogene in liver cancer 1 [Source:HGNC Symbol;Acc:HGNC:56775]
P11511,19.821853960576192,-3.6325345395238506,0.4606895166188068,-7.8849950096206705,3.1454808672975265e-15,2.5134215596876687e-13,ENSG00000243832,CYP19A1,long intergenic non-protein coding RNA 2000 [Source:HGNC Symbol;Acc:HGNC:52835]
P11836,25.472736927167404,-1.9237560116799657,0.4306714413191557,-4.466876201002464,7.937002870697856e-06,8.194881147489255e-05,ENSG00000241158,ADAMTS9-AS1,ADAMTS9 antisense RNA 1 [Source:HGNC Symbol;Acc:HGNC:40625]
P11912,137.50895871479932,-2.411885907271615,0.374644134360235,-6.437805069043179,1.2121352845732333e-10,3.9197113733105695e-09,ENSG00000240057,NEPRO-AS1,NEPRO antisense RNA 1 [Source:HGNC Symbol;Acc:HGNC:41049]
P12109,2532.1858568928387,-1.375843501711791,0.20093606447767542,-6.847170542969657,7.532490243733648e-12,3.170258393803471e-10,ENSG00000241696,COL6A1,long intergenic non-protein coding RNA 2053 [Source:HGNC Symbol;Acc:HGNC:52893]
P12110,6181.295118023481,-1.1278705513039549,0.1761603728118878,-6.402521369027456,1.5283172953055813e-10,4.805182530325477e-09,ENSG00000243187,CCDC39-AS1,CCDC39 antisense RNA 1 [Source:HGNC Symbol;Acc:HGNC:41089]
P12111,5483.893513292746,-2.6552640369186555,0.34049093835159666,-7.798339802443686,6.272691611158267e-15,4.611264693082814e-13,ENSG00000242808,SOX2-OT,SOX2 overlapping transcript [Source:HGNC Symbol;Acc:HGNC:20209]
P12532,18.95097900576817,-2.3685691264124804,0.34579941607838993,-6.849546344738607,7.408454616848309e-12,3.1240164076476595e-10,ENSG00000248174,CKMT1A,long intergenic non-protein coding RNA 2268 [Source:HGNC Symbol;Acc:HGNC:53183]
P12980,122.84945097565148,0.546400827737814,0.16330137929581487,3.3459657848206383,0.0008199651301792414,0.00444094081065152,ENSG00000248329,APELA,apelin receptor early endogenous ligand [Source:HGNC Symbol;Acc:HGNC:48925]
P13497,10.31127797102492,1.0012751065489123,0.29409218813958965,3.404630068152852,0.0006625373982511914,0.003715128345037319,ENSG00000254130,BMP1,long intergenic non-protein coding RNA 1947 [Source:HGNC Symbol;Acc:HGNC:52771]
P13521,117.58231102196768,-2.097085740478671,0.28224113996853767,-7.430120714196521,1.0849861621918768e-13,6.347025151453488e-12,ENSG00000204758,RPL26L1-AS1,RPL26L1 antisense RNA 1 [Source:HGNC Symbol;Acc:HGNC:55914]
P13611,1168.8650719812047,-1.8857679121252904,0.20820809875654056,-9.057130454518651,1.3392738207250049e-19,2.3075269408022856e-17,ENSG00000250981,MARCHF11-AS1,MARCHF11 antisense RNA 1 [Source:HGNC Symbol;Acc:HGNC:41287]
P13647,395.20616263034725,-4.55205275440165,0.5517803899674528,-8.249754498651459,1.5872025027312625e-16,1.6511398110960028e-14,ENSG00000248461,KRT5,long intergenic non-protein coding RNA 2119 [Source:HGNC Symbol;Acc:HGNC:52975]
P14091,403.212951580084,-1.5930308450645716,0.264804015735648,-6.015886279666103,1.789051383282e-09,4.4332291243709246e-08,ENSG00000216863,LY86-AS1,LY86 antisense RNA 1 [Source:HGNC Symbol;Acc:HGNC:26593]
P14210,1393.752404489079,-0.968144338809117,0.16764253386141004,-5.775051930493255,7.692935490540765e-09,1.6649656458134057e-07,ENSG00000226803,ZNF451-AS1,ZNF451 regulatory antisense RNA 1 [Source:HGNC Symbol;Acc:HGNC:53824]
P14222,239.06844441456875,1.2055535297789661,0.23507497566666924,5.128378834710218,2.922478961599215e-07,4.414544590349937e-06,ENSG00000230910,ADGRB3-DT,ADGRB3 divergent transcript [Source:HGNC Symbol;Acc:HGNC:55774]
P14415,127.24087796784188,-0.752000430166156,0.19553171771417943,-3.8459255560031482,0.0001200982251479779,0.0008610002299191279,ENSG00000129244,ATP1B2,ATPase Na+/K+ transporting subunit beta 2 [Source:HGNC Symbol;Acc:HGNC:805]
P14543,3571.0823500316833,-0.9614261193133499,0.19657967907028748,-4.8907706221739735,1.0044195886491154e-06,1.324056760793042e-05,ENSG00000204110,NID1,long intergenic non-protein coding RNA 2520 [Source:HGNC Symbol;Acc:HGNC:53511]
P14635,11.34334323634754,-0.7266395052361277,0.21382983919827536,-3.3982137757787196,0.0006782739627030781,0.0037831699477626924,ENSG00000203808,BVES-AS1,BVES antisense RNA 1 [Source:HGNC Symbol;Acc:HGNC:21223]
P14651,317.98294892659226,0.5819455498423713,0.20136562086496587,2.8899945648250416,0.003852484871629771,0.015958622496987356,ENSG00000120093,HOXB3,homeobox B3 [Source:HGNC Symbol;Acc:HGNC:5114]
P15056,19.44606768779682,0.7404550262416759,0.1947577181408983,3.801929049641004,0.00014357384658034018,0.0010077586290524578,ENSG00000226851,ZNF277-AS1,ZNF277 antisense RNA 1 [Source:HGNC Symbol;Acc:HGNC:55828]
P15088,2106.451816909884,-1.1963323590432302,0.20973716829066263,-5.703959716788501,1.1705575186473313e-08,2.417179355453955e-07,ENSG00000230442,ASB15-AS1,ASB15 antisense RNA 1 [Source:HGNC Symbol;Acc:HGNC:40904]
P15090,46.314773538586174,1.321065847633681,0.307931642165345,4.29012698514539,1.7857098312453483e-05,0.0001664498927230977,ENSG00000230442,ASB15-AS1,ASB15 antisense RNA 1 [Source:HGNC Symbol;Acc:HGNC:40904]
P15382,43.92449506817589,-1.4843700495678698,0.40079502731839645,-3.703564037456653,0.0002125914843837456,0.0014109216360514972,ENSG00000234456,MAGI2-AS3,MAGI2 antisense RNA 3 [Source:HGNC Symbol;Acc:HGNC:40862]
P15428,1524.9099210259483,1.8946331661425413,0.30261594556870886,6.260850407541943,3.8288368583647254e-10,1.1081518119996805e-08,ENSG00000228742,HPGD,long intergenic non-protein coding RNA 2577 [Source:HGNC Symbol;Acc:HGNC:53749]
P16219,121.38309104558492,0.684317908278695,0.17803746757816274,3.843673568195767,0.00012120620488302624,0.0008665702401337143,ENSG00000253138,ACADS,long intergenic non-protein coding RNA 967 [Source:HGNC Symbol;Acc:HGNC:48725]
P16402,13.963661552184975,-1.5826766517667676,0.374823463139903,-4.222458857054082,2.416515199346487e-05,0.00021602685936922346,ENSG00000254101,H1-3,long intergenic non-protein coding RNA 2055 [Source:HGNC Symbol;Acc:HGNC:52895]
P16415,60.054332293016635,0.6922278573620769,0.18630511655059612,3.715560099360363,0.00020275406429088924,0.00135583327285363,ENSG00000253931,ZNF823,long intergenic non-protein coding RNA 2990 [Source:HGNC Symbol;Acc:HGNC:56101]
P16519,91.43313460417036,-1.3493286758163632,0.37383908049659653,-3.6093836792663727,0.0003069253641250529,0.0019301203251821833,ENSG00000233086,LNCARSR,lncRNA regulator of Akt signaling associated with HCC and RCC [Source:HGNC Symbol;Acc:HGNC:53864]
P16871,5389.49673272902,0.8419943456388901,0.20928898917651542,4.023118220179025,5.7432649321505664e-05,0.0004585878523303714,ENSG00000232283,HSD17B3-AS1,HSD17B3 antisense RNA 1 [Source:HGNC Symbol;Acc:HGNC:53136]
P17030,254.91036445574238,0.6539486067819493,0.1557967650306336,4.19744663281915,2.6994124095474923e-05,0.0002374664590353426,ENSG00000231651,DLG3-AS1,DLG3 antisense RNA 1 [Source:HGNC Symbol;Acc:HGNC:40182]
P17039,117.2539106678393,0.579706487694451,0.17690492719831694,3.2769380529722536,0.001049393901487549,0.005467359580299174,ENSG00000291306,LNX2BP,"ligand of numb-protein X 2B, pseudogene [Source:HGNC Symbol;Acc:HGNC:56859]"
P17098,446.050235826478,-0.5586255074089833,0.06844379614627565,-8.161813617338066,3.300311898268406e-16,3.178387711983032e-14,ENSG00000278129,ZNF8,zinc finger protein 8 [Source:HGNC Symbol;Acc:HGNC:13154]
P17174,246.08576697023267,-0.5625419947250905,0.10976378886368887,-5.125023475854029,2.975006759701108e-07,4.487742755023819e-06,ENSG00000224294,PINCR,p53-induced noncoding RNA [Source:HGNC Symbol;Acc:HGNC:53590]
P17301,1776.1635804636305,-1.058762806229098,0.23683886708128907,-4.470392969181464,7.807600864008944e-06,8.07639913015259e-05,ENSG00000164171,ITGA2,integrin subunit alpha 2 [Source:HGNC Symbol;Acc:HGNC:6137]
P17342,1094.1045107339646,1.1344462557119168,0.2407104530436754,4.71290814905358,2.442062908692776e-06,2.925434839126045e-05,ENSG00000177133,PRDM16-DT,PRDM16 divergent transcript [Source:HGNC Symbol;Acc:HGNC:48664]
P17535,2442.293954175453,1.231651561489546,0.2315690841723085,5.318721909238476,1.0449871254477271e-07,1.7525586360930932e-06,ENSG00000130522,JUND,"JunD proto-oncogene, AP-1 transcription factor subunit [Source:HGNC Symbol;Acc:HGNC:6206]"
P17542,433.73368074733725,1.4796561418657477,0.19346997225762813,7.647988597917462,2.0414731064701206e-14,1.3895878978423468e-12,ENSG00000162367,TAL1,"TAL bHLH transcription factor 1, erythroid differentiation factor [Source:HGNC Symbol;Acc:HGNC:11556]"
P17947,100.51048185877745,0.6983831357737614,0.2218954123405304,3.147352747888236,0.0016475606763805036,0.007970016046697878,ENSG00000233387,IATPR,ITGB1 adjacent tumor promoting lncRNA [Source:HGNC Symbol;Acc:HGNC:53719]
P18031,19.548405023065264,0.7206114773106024,0.2358313227651896,3.0556224205556206,0.0022459389445370036,0.010295559651386215,ENSG00000196396,PTPN1,protein tyrosine phosphatase non-receptor type 1 [Source:HGNC Symbol;Acc:HGNC:9642]
P18075,66.84934168463421,-0.7419950917466605,0.19645202051650812,-3.776978672939175,0.00015874231859136094,0.0011009129227087654,ENSG00000101144,BMP7,bone morphogenetic protein 7 [Source:HGNC Symbol;Acc:HGNC:1074]
P18428,16.260067919738944,-4.844608333129151,0.5310398969007523,-9.122870732318209,7.316021013476439e-20,1.3225207166492574e-17,ENSG00000129988,LBP,lipopolysaccharide binding protein [Source:HGNC Symbol;Acc:HGNC:6517]
P18509,64.8829341749181,-1.7161538969065748,0.5175650963093982,-3.315822317122918,0.0009137390442310076,0.004868712462302644,ENSG00000141433,ADCYAP1,adenylate cyclase activating polypeptide 1 [Source:HGNC Symbol;Acc:HGNC:241]
P19174,458.6543918493927,0.7788506401625821,0.1567643294961046,4.968289933469435,6.754591903311805e-07,9.339546698159157e-06,ENSG00000124181,PLCG1,phospholipase C gamma 1 [Source:HGNC Symbol;Acc:HGNC:9065]
P19235,60.388119572731156,1.210003504058151,0.24510566817158266,4.936660637366842,7.947158191715647e-07,1.079227997291237e-05,ENSG00000187266,EPOR,erythropoietin receptor [Source:HGNC Symbol;Acc:HGNC:3416]
P19256,243.6173934937286,1.1832021089045428,0.22531275837858408,5.251376430785403,1.5096679626284508e-07,2.4427158655765116e-06,ENSG00000233532,CD58,long intergenic non-protein coding RNA 460 [Source:HGNC Symbol;Acc:HGNC:42809]
P19338,10.124845316066434,0.6384151413290511,0.2600555313059435,2.454918524989898,0.014091652257535595,0.04621223775281636,ENSG00000115053,NCL,nucleolin [Source:HGNC Symbol;Acc:HGNC:7667]
P19419,637.132483897691,-0.8666760640611109,0.1277784683241251,-6.782645585191123,1.1799485631632937e-11,4.810089761922973e-10,ENSG00000257185,ELK1,long intergenic non-protein coding RNA 2293 [Source:HGNC Symbol;Acc:HGNC:53209]
P20132,123.50430294062976,-2.3725978951634836,0.33786453445235903,-7.022334850886915,2.1819083944999624e-12,1.0066905383326815e-10,ENSG00000135094,SDS,serine dehydratase [Source:HGNC Symbol;Acc:HGNC:10691]
P20248,149.64094675233423,-0.5111020780207451,0.16380075951245698,-3.1202668384567294,0.0018068727929545227,0.008586247053613239,ENSG00000145386,CCNA2,cyclin A2 [Source:HGNC Symbol;Acc:HGNC:1578]
P20337,38.1733959816554,-2.2524925242268465,0.35250381529213237,-6.389980552012257,1.6590685391471885e-10,5.189942916645688e-09,ENSG00000169213,RAB3B,"RAB3B, member RAS oncogene family [Source:HGNC Symbol;Acc:HGNC:9778]"
P20393,328.1042712552665,-0.9990758000517551,0.38787913636026833,-2.575739982889406,0.010002583404739878,0.035004280293261386,ENSG00000260302,NR1D1,long intergenic non-protein coding RNA 1882 [Source:HGNC Symbol;Acc:HGNC:52701]
P20718,58.47478557327536,1.4777453249990633,0.28990800797203625,5.097290465814255,3.445494492815927e-07,5.13078565459571e-06,ENSG00000100450,GZMH,granzyme H [Source:HGNC Symbol;Acc:HGNC:4710]
P20719,364.13702403708766,0.607780203732914,0.18719293615421653,3.2468116384060663,0.0011670560090568556,0.005968982658566766,ENSG00000106004,HOXA5,homeobox A5 [Source:HGNC Symbol;Acc:HGNC:5106]
P20800,13.370687856765153,-1.6381015916167248,0.4988004887339877,-3.2840817693952404,0.001023152321036488,0.005345795140520897,ENSG00000127129,EDN2,endothelin 2 [Source:HGNC Symbol;Acc:HGNC:3177]
P20809,43.7872221380684,-3.309828580259681,0.4743344618810945,-6.97783704589734,2.9975904687344165e-12,1.3464126313130107e-10,ENSG00000095752,IL11,interleukin 11 [Source:HGNC Symbol;Acc:HGNC:5966]
P20827,437.40493564899515,1.0141835948584026,0.20160711517261418,5.030495049691415,4.892150193957881e-07,7.0241849204132224e-06,ENSG00000259439,EFNA1,long intergenic non-protein coding RNA 1833 [Source:HGNC Symbol;Acc:HGNC:52644]
P20929,16.550988307112902,-0.8480210993021847,0.30792243249118834,-2.754008834112637,0.005887017909926337,0.022717811546021947,ENSG00000183091,NEB,nebulin [Source:HGNC Symbol;Acc:HGNC:7720]
P20930,28.952433707444335,-1.0744729033948694,0.33304931991069503,-3.2261675348353274,0.001254598954807602,0.006350453373726613,ENSG00000163166,IWS1,"interacts with SUPT6H, CTD assembly factor 1 [Source:HGNC Symbol;Acc:HGNC:25467]"
P21128,21.44606508733501,0.6917948554161054,0.25122099388541963,2.7537302703755278,0.00589203052026453,0.02273317723826346,ENSG00000111405,ENDOU,"endonuclease, poly(U) specific [Source:HGNC Symbol;Acc:HGNC:14369]"
P21145,218.7852930460588,0.7826756102800768,0.1627888870893263,4.807917937608378,1.525103416765966e-06,1.9330247559400354e-05,ENSG00000224173,MAL,long intergenic non-protein coding RNA 2831 [Source:HGNC Symbol;Acc:HGNC:54365]
P21217,135.35480240240165,-1.6971774889531228,0.15122803995352932,-11.222637610555863,3.157112571639431e-29,2.901123360622334e-26,ENSG00000171124,FUT3,fucosyltransferase 3 (Lewis blood group) [Source:HGNC Symbol;Acc:HGNC:4014]
P21359,13.571228866559968,0.5114543028741863,0.17096378255254502,2.991594449058197,0.0027752467443198092,0.012260675420518643,ENSG00000196712,NF1,neurofibromin 1 [Source:HGNC Symbol;Acc:HGNC:7765]
P21453,2508.0403105863475,0.6190487392847323,0.18531541037474752,3.340514089102913,0.0008362343764304615,0.004511328996525782,ENSG00000170989,S1PR1,sphingosine-1-phosphate receptor 1 [Source:HGNC Symbol;Acc:HGNC:3165]
P21506,316.70041654637436,0.5893183082728931,0.18228984184510413,3.2328642249503425,0.0012255579575897704,0.006217726063189509,ENSG00000256223,ZNF10,zinc finger protein 10 [Source:HGNC Symbol;Acc:HGNC:12879]
P21695,641.8951494353132,1.657510026815462,0.31672216355421184,5.233325032309442,1.6648759986312914e-07,2.6664615304149964e-06,ENSG00000232401,GPD1,long intergenic non-protein coding RNA 112 [Source:HGNC Symbol;Acc:HGNC:1263]
P21781,1307.472813284175,-1.6289783825011541,0.2233252154659418,-7.294198190305032,3.00442902232538e-13,1.62800190806791e-11,ENSG00000140285,FGF7,fibroblast growth factor 7 [Source:HGNC Symbol;Acc:HGNC:3685]
P22223,106.3777402732706,-2.5996784220980604,0.23410349919264606,-11.104825135308037,1.188497495049424e-28,9.36111562707857e-26,ENSG00000062038,CDH3,cadherin 3 [Source:HGNC Symbol;Acc:HGNC:1762]
P22234,47.46284756334245,-0.5565091220569444,0.11319512606410996,-4.916370001140828,8.816369596382519e-07,1.1791159192154038e-05,ENSG00000128050,PAICS,phosphoribosylaminoimidazole carboxylase and phosphoribosylaminoimidazolesuccinocarboxamide synthase [Source:HGNC Symbol;Acc:HGNC:8587]
P22459,45.73805596083084,1.9090533624939015,0.3057037892442391,6.244781483453193,4.243930038050723e-10,1.2186931387912843e-08,ENSG00000250634,KCNA4,long intergenic non-protein coding RNA 1182 [Source:HGNC Symbol;Acc:HGNC:49564]
P22460,145.58299379740046,-0.7658167015915013,0.289948230612161,-2.6412187443760224,0.00826083643351989,0.02995962616425714,ENSG00000130037,KCNA5,potassium voltage-gated channel subfamily A member 5 [Source:HGNC Symbol;Acc:HGNC:6224]
P22528,30.675011060968252,-6.917177208756903,0.8533261496766006,-8.106135281777574,5.225526190529349e-16,4.9460838886667066e-14,ENSG00000169469,SPRR1B,small proline rich protein 1B [Source:HGNC Symbol;Acc:HGNC:11260]
P22626,49.2167795502074,0.626536440748602,0.1696637610931691,3.6928123997236275,0.0002217876353485732,0.0014635860293170056,ENSG00000122566,HNRNPA2B1,heterogeneous nuclear ribonucleoprotein A2/B1 [Source:HGNC Symbol;Acc:HGNC:5033]
P22674,138.07626820868566,-2.1794711170125236,0.5404436478586049,-4.032744441808545,5.512922212965074e-05,0.0004424380876445842,ENSG00000152669,CCNO,cyclin O [Source:HGNC Symbol;Acc:HGNC:18576]
P22692,21011.778013268395,-1.5415924042075912,0.1639602196823232,-9.402234317534235,5.341649841784612e-21,1.1009789309412883e-18,ENSG00000271874,RAI14-DT,RAI14 divergent transcript [Source:HGNC Symbol;Acc:HGNC:55983]
P22732,77.34828614408332,-2.3413701599589305,0.2921442411993763,-8.01443201600213,1.1064714184975925e-15,9.760848265418361e-14,ENSG00000142583,SLC2A5,solute carrier family 2 member 5 [Source:HGNC Symbol;Acc:HGNC:11010]
P22735,48.24894467220722,1.3973858599068865,0.2756802435788373,5.068864717203686,4.001955346719732e-07,5.85444494716472e-06,ENSG00000092295,TGM1,transglutaminase 1 [Source:HGNC Symbol;Acc:HGNC:11777]
P22894,10.62488811586573,-3.6086822805772165,0.566298522203164,-6.372402785968377,1.860893768680892e-10,5.76406617619219e-09,ENSG00000118113,MMP8,matrix metallopeptidase 8 [Source:HGNC Symbol;Acc:HGNC:7175]
P23142,4520.1421856669,-0.7344386425174024,0.15752138446387828,-4.662469448304137,3.124374810941018e-06,3.626576951604906e-05,ENSG00000077942,FBLN1,fibulin 1 [Source:HGNC Symbol;Acc:HGNC:3600]
P23219,400.4836219292293,-0.535967768086164,0.12593440013562665,-4.255928225401056,2.081834897475443e-05,0.00019003636932501416,ENSG00000283215,PTGS1,long intergenic non-protein coding RNA 2537 [Source:HGNC Symbol;Acc:HGNC:27784]
P23352,3113.9793659888287,1.5801538351361302,0.21388306511181293,7.387933375230356,1.4912842867620364e-13,8.496641392177637e-12,ENSG00000250903,GMDS-DT,GMDS divergent transcript [Source:HGNC Symbol;Acc:HGNC:48993]
P23467,1563.9713200582573,1.4989492593827407,0.170316930293444,8.800941026826617,1.356736366435964e-18,1.9429521964531657e-16,ENSG00000127329,PTPRB,protein tyrosine phosphatase receptor type B [Source:HGNC Symbol;Acc:HGNC:9665]
P23497,768.0371175657199,0.595584308007691,0.10342922551856844,5.758375401358554,8.492731935977431e-09,1.8219718882883878e-07,ENSG00000067066,SP100,SP100 nuclear antigen [Source:HGNC Symbol;Acc:HGNC:11206]
P23510,113.43017434622332,-0.7750692815027941,0.17694956711105067,-4.380170543262043,1.1858646083808433e-05,0.00011680686946507868,ENSG00000117586,TNFSF4,TNF superfamily member 4 [Source:HGNC Symbol;Acc:HGNC:11934]
P23771,94.69499720345763,1.8398162703867642,0.2327501698826622,7.904682824997646,2.6861666808389057e-15,2.1699897428286164e-13,ENSG00000188185,GATA3,long intergenic non-protein coding RNA 265 [Source:HGNC Symbol;Acc:HGNC:28019]
P24298,13.164038077573519,0.6137812334227148,0.25299181900252077,2.426091230312073,0.015262433062947604,0.04928945654857907,ENSG00000167701,GPT,glutamic--pyruvic transaminase [Source:HGNC Symbol;Acc:HGNC:4552]
P24530,2917.6071180465556,1.3963405623515537,0.18514928020406338,7.541701273764439,4.6387940732126064e-14,2.9567619794980005e-12,ENSG00000136160,EDNRB,endothelin receptor type B [Source:HGNC Symbol;Acc:HGNC:3180]
P24588,331.94388149182913,0.5795932752525528,0.17766770097037204,3.262232088820725,0.001105386029566095,0.005702616801547345,ENSG00000196873,ZNG1C,Zn regulated GTPase metalloprotein activator 1C [Source:HGNC Symbol;Acc:HGNC:18519]
P24593,11852.643371044931,-2.07024080245865,0.22562206365317297,-9.175701919121842,4.4864195667478566e-20,8.60378235870063e-18,ENSG00000115461,IGFBP5,insulin like growth factor binding protein 5 [Source:HGNC Symbol;Acc:HGNC:5474]
P24941,80.1327120869765,0.5895366501711174,0.20920147537070413,2.81803294707392,0.004831885141841279,0.01933630827765697,ENSG00000226968,CDK2,long intergenic non-protein coding RNA 423 [Source:HGNC Symbol;Acc:HGNC:42758]
P25063,3027.1771817984295,-1.5499895787824003,0.24517320019693978,-6.322018791357878,2.581679752133892e-10,7.74644425218515e-09,ENSG00000272398,CD24,CD24 molecule [Source:HGNC Symbol;Acc:HGNC:1645]
P25067,412.86128388049417,-0.6697528403026312,0.17637419165177828,-3.7973403820041174,0.0001462568945088333,0.001025285934996125,ENSG00000277512,SNORD65,"small nucleolar RNA, C/D box 65 [Source:HGNC Symbol;Acc:HGNC:32726]"
P25100,40.911582028799224,0.7080985249067744,0.2501082317718477,2.8311684101333854,0.0046378294335981405,0.018659165686448986,ENSG00000232677,ADRA1D,long intergenic non-protein coding RNA 665 [Source:HGNC Symbol;Acc:HGNC:44323]
P25103,137.31476309008545,-2.0001901788872494,0.2658691204741186,-7.523213584640271,5.3446006253240653e-14,3.348574494059572e-12,ENSG00000161551,ZNF577,zinc finger protein 577 [Source:HGNC Symbol;Acc:HGNC:28673]
P25791,10.84904042516456,-1.3634763850983256,0.4700704223597928,-2.9005789776211834,0.0037247396183926976,0.015546065015903209,ENSG00000135363,LMO2,LIM domain only 2 [Source:HGNC Symbol;Acc:HGNC:6642]
P25815,25.655490643776385,-1.7364266238839425,0.3812851570580679,-4.554141675175393,5.2599899242034166e-06,5.708849300609358e-05,ENSG00000163993,S100P,S100 calcium binding protein P [Source:HGNC Symbol;Acc:HGNC:10504]
P25929,75.41848991363929,0.8216708605765608,0.2530410146059268,3.2471845003316524,0.001165528071766112,0.005962550706269968,ENSG00000225930,NPY1R,long intergenic non-protein coding RNA 2249 [Source:HGNC Symbol;Acc:HGNC:32351]
P26022,547.7227373519198,-1.9548391598252872,0.43402096384220534,-4.504020134234801,6.667988487178725e-06,7.022722927232072e-05,ENSG00000163661,PTX3,pentraxin 3 [Source:HGNC Symbol;Acc:HGNC:9692]
P26441,20.88710404736869,-1.0161685330032495,0.23285947086180472,-4.363870317331073,1.2778134441961706e-05,0.00012493594502065657,ENSG00000242689,CNTF,ciliary neurotrophic factor [Source:HGNC Symbol;Acc:HGNC:2169]
P26447,19.394172987215864,1.0853242021037004,0.23644074310230384,4.590258801690956,4.42696760395064e-06,4.911083678950072e-05,ENSG00000196154,S100A4,S100 calcium binding protein A4 [Source:HGNC Symbol;Acc:HGNC:10494]
P26842,37.88024283556393,-1.6737636379298078,0.3642715998426201,-4.594823309456298,4.331161092335781e-06,4.824213471230975e-05,ENSG00000139193,CD27,CD27 molecule [Source:HGNC Symbol;Acc:HGNC:11922]
P27144,232.1439189108964,-1.6176059625407444,0.2409783576061804,-6.712660749328875,1.911070824202519e-11,7.368313978489922e-10,ENSG00000162433,AK4,adenylate kinase 4 [Source:HGNC Symbol;Acc:HGNC:363]
P27658,4503.523159387737,-0.9918848313467613,0.1758297709787934,-5.641165462624593,1.6890294918015068e-08,3.358868928060453e-07,ENSG00000144810,COL8A1,collagen type VIII alpha 1 chain [Source:HGNC Symbol;Acc:HGNC:2215]
P27986,142.19800719252572,0.6266861699059604,0.16711304210560118,3.7500733755414983,0.00017678283372162085,0.0012055561579766933,ENSG00000145675,PIK3R1,phosphoinositide-3-kinase regulatory subunit 1 [Source:HGNC Symbol;Acc:HGNC:8979]
P28221,10.758759977425454,1.2916132308896437,0.2723746532104551,4.742046352938926,2.1157019859388156e-06,2.5907657744527837e-05,ENSG00000179546,HTR1D,5-hydroxytryptamine receptor 1D [Source:HGNC Symbol;Acc:HGNC:5289]
P28300,380.5490100439633,-1.1711498956356743,0.16137556274865578,-7.2572939526150755,3.949108871050051e-13,2.108805013126824e-11,ENSG00000113083,LOX,lysyl oxidase [Source:HGNC Symbol;Acc:HGNC:6664]
P28325,44.47682653743241,-0.9255568702152099,0.22260426233501276,-4.157857807871956,3.212458689670685e-05,0.00027577876193848693,ENSG00000170367,CST5,cystatin D [Source:HGNC Symbol;Acc:HGNC:2477]
P28347,172.132095079752,1.1830213065041595,0.2482825356443544,4.764818852175516,1.8902338933555048e-06,2.3393500720573685e-05,ENSG00000187079,TEAD1,TEA domain transcription factor 1 [Source:HGNC Symbol;Acc:HGNC:11714]
P28562,25263.657122067787,0.9866021452657497,0.21650749573836728,4.556896018316071,5.191510833232485e-06,5.6456400353111065e-05,ENSG00000120129,DUSP1,dual specificity phosphatase 1 [Source:HGNC Symbol;Acc:HGNC:3064]
P28676,154.8129674294805,0.8334216003588374,0.12398785412440812,6.72180034281899,1.79492795863497e-11,6.981541657801697e-10,ENSG00000187097,ENTPD5,ectonucleoside triphosphate diphosphohydrolase 5 (inactive) [Source:HGNC Symbol;Acc:HGNC:3367]
P28907,1049.0782586986018,-0.7323022894719506,0.241291272958973,-3.0349306897496646,0.0024059096985610496,0.010890790741392733,ENSG00000004468,CD38,CD38 molecule [Source:HGNC Symbol;Acc:HGNC:1667]
P29120,52.33651585870738,-3.7269615998717542,0.35603143351958616,-10.468068965227266,1.2108785176338476e-25,6.069253369976562e-23,ENSG00000259361,PCSK1,long intergenic non-protein coding RNA 927 [Source:HGNC Symbol;Acc:HGNC:27522]
P29275,14.385115864442652,-0.9334023576524318,0.23297037573443902,-4.006528103454705,6.16177967450352e-05,0.000486893188611611,ENSG00000231890,DARS1-AS1,DARS1 antisense RNA 1 [Source:HGNC Symbol;Acc:HGNC:40170]
P29320,336.1417032129139,-1.5093146306959868,0.22646969359312855,-6.664532488870652,2.6550916638919372e-11,9.941492624019149e-10,ENSG00000215498,FAM230B,family with sequence similarity 230 member B [Source:HGNC Symbol;Acc:HGNC:32943]
P29323,148.6405568004388,-1.938278502039433,0.17110324548188707,-11.32812236600514,9.522415803903994e-30,1.0000350387585651e-26,ENSG00000235513,L3MBTL2-AS1,L3MBTL2 antisense RNA 1 [Source:HGNC Symbol;Acc:HGNC:40847]
P29353,45.06288865675207,-1.7603739026437295,0.19855211447249088,-8.866054674464959,7.578327389772819e-19,1.1526374638210328e-16,ENSG00000228791,THRB-AS1,THRB antisense RNA 1 [Source:HGNC Symbol;Acc:HGNC:44515]
P29373,87.52920501179082,-2.5210451013831703,0.2870335694700062,-8.783101941832657,1.5902692175181406e-18,2.248192136099043e-16,ENSG00000231160,KLF3-AS1,KLF3 antisense RNA 1 [Source:HGNC Symbol;Acc:HGNC:25796]
P29475,202.4970381570228,1.1773274036846673,0.23448342994620494,5.020940728966516,5.141902560836383e-07,7.316098004947457e-06,ENSG00000146666,NOS1,long intergenic non-protein coding RNA 525 [Source:HGNC Symbol;Acc:HGNC:40290]
P29536,283.53628413316454,-1.3202893258450852,0.2526250119162052,-5.226281102692319,1.7295335505572407e-07,2.7560067141610828e-06,ENSG00000163431,LMOD1,leiomodin 1 [Source:HGNC Symbol;Acc:HGNC:6647]
P29558,15.669802042820915,-0.6552598927276756,0.2620961318971604,-2.5000746404940544,0.012416714253656277,0.04178184561338656,ENSG00000223745,CCDC18-AS1,CCDC18 antisense RNA 1 [Source:HGNC Symbol;Acc:HGNC:52262]
P29973,15.497450225846128,-1.4301782934033604,0.31043671162229053,-4.606988284115905,4.085430107704883e-06,4.578255873746113e-05,ENSG00000234183,H2AZ2-DT,H2AZ2 divergent transcript [Source:HGNC Symbol;Acc:HGNC:52775]
P30038,408.08695452320046,-0.8852113726707419,0.12840752652924117,-6.89376547152133,5.433457648821262e-12,2.331312742939769e-10,ENSG00000242125,SNHG3,small nucleolar RNA host gene 3 [Source:HGNC Symbol;Acc:HGNC:10118]
P30304,29.954249007756925,-0.9579088208370593,0.22024381819041558,-4.3493108170186305,1.3656603814023376e-05,0.00013215565621521347,ENSG00000249637,ANKHD1-DT,ANKHD1 divergent transcript [Source:HGNC Symbol;Acc:HGNC:55564]
P30405,495.2475215393039,-0.8077647771726238,0.19693918419552803,-4.101595020169511,4.1031194699318903e-05,0.00034185945141623693,ENSG00000108179,PPIF,peptidylprolyl isomerase F [Source:HGNC Symbol;Acc:HGNC:9259]
P30411,508.23095356512994,-1.6546171168970611,0.2620832063538916,-6.31332751119821,2.7309868536991745e-10,8.150092567182895e-09,ENSG00000168398,BDKRB2,bradykinin receptor B2 [Source:HGNC Symbol;Acc:HGNC:1030]
P30559,167.68180796553645,-1.4814878354809105,0.4624430885716783,-3.2036111514969283,0.001357156409869605,0.006785474373898044,ENSG00000180914,OXTR,oxytocin receptor [Source:HGNC Symbol;Acc:HGNC:8529]
P30679,435.58781234881144,-0.5462211671890692,0.20561756986235696,-2.6564907247698564,0.007895862296667768,0.028883415495987233,ENSG00000060558,GNA15,G protein subunit alpha 15 [Source:HGNC Symbol;Acc:HGNC:4383]
P30825,818.3400076541635,-1.168356255028329,0.18411516380403137,-6.345790487262119,2.2128622010729164e-10,6.740671682660511e-09,ENSG00000139514,SLC7A1,solute carrier family 7 member 1 [Source:HGNC Symbol;Acc:HGNC:11057]
P30837,620.1935589416737,-1.450178499219917,0.169736495470295,-8.543704730098588,1.299859148655294e-17,1.5709936241937118e-15,ENSG00000137124,ALDH1B1,aldehyde dehydrogenase 1 family member B1 [Source:HGNC Symbol;Acc:HGNC:407]
P30872,285.75447108461896,1.7724269303209577,0.26891302685660223,6.5910787254873435,4.3664226066758785e-11,1.5531787768972552e-09,ENSG00000139874,SSTR1,somatostatin receptor 1 [Source:HGNC Symbol;Acc:HGNC:11330]
P30874,112.49353608791553,-1.9061490760812425,0.3236020929265191,-5.890410222143017,3.852381144263521e-09,8.933797450640136e-08,ENSG00000180616,SSTR2,somatostatin receptor 2 [Source:HGNC Symbol;Acc:HGNC:11331]
P31213,297.5269078247132,-1.909576232321695,0.5387446275871345,-3.5444923894166296,0.00039336986103117097,0.0023813831773761857,ENSG00000277893,SRD5A2,steroid 5 alpha-reductase 2 [Source:HGNC Symbol;Acc:HGNC:11285]
P31371,50.809279511926064,1.302689342066614,0.27881012784792636,4.672317150462877,2.978206141203303e-06,3.4807291064174696e-05,ENSG00000102678,FGF9,fibroblast growth factor 9 [Source:HGNC Symbol;Acc:HGNC:3687]
P31415,11.847059489194612,-0.8038771401762033,0.26931182618684624,-2.9849307086072048,0.002836425679518862,0.012470999189814388,ENSG00000143318,CASQ1,calsequestrin 1 [Source:HGNC Symbol;Acc:HGNC:1512]
P31483,496.77392007630874,1.0737316951052998,0.23901258347801352,4.492364709342054,7.043666440114247e-06,7.37962088694915e-05,ENSG00000116001,TIA1,TIA1 cytotoxic granule associated RNA binding protein [Source:HGNC Symbol;Acc:HGNC:11802]
P31645,1787.717692240603,2.433261516802614,0.554385329150275,4.389115997229139,1.138123538049609e-05,0.00011275910381018004,ENSG00000108576,SLC6A4,solute carrier family 6 member 4 [Source:HGNC Symbol;Acc:HGNC:11050]
P31751,192.87701041212645,0.5717154107263533,0.1176577797246176,4.8591381892848435,1.1789782455423641e-06,1.5294815427759586e-05,ENSG00000105221,AKT2,AKT serine/threonine kinase 2 [Source:HGNC Symbol;Acc:HGNC:392]
P32242,16.40455057959315,-2.083785890603068,0.4176028046084285,-4.989875229781948,6.041830450130313e-07,8.476242286715898e-06,ENSG00000115507,OTX1,orthodenticle homeobox 1 [Source:HGNC Symbol;Acc:HGNC:8521]
P32245,17.51554915266408,-5.288900947610751,0.5781432200878359,-9.14808089733755,5.795389251130094e-20,1.0740463407094378e-17,ENSG00000166603,MC4R,melanocortin 4 receptor [Source:HGNC Symbol;Acc:HGNC:6932]
P32249,1179.476118327441,-0.788230690926721,0.2335129002824363,-3.375533814077714,0.0007367263813709136,0.004063972890133599,ENSG00000169508,GPR183,G protein-coupled receptor 183 [Source:HGNC Symbol;Acc:HGNC:3128]
P32745,11.488856628341194,-1.5729489748111714,0.3385727498494919,-4.645822723507445,3.387237905900755e-06,3.8988593307273096e-05,ENSG00000278195,SSTR3,somatostatin receptor 3 [Source:HGNC Symbol;Acc:HGNC:11332]
P32926,108.59834380807894,-6.176127574356536,0.7732994021494805,-7.986722293059108,1.3857377600668182e-15,1.1799637282051586e-13,ENSG00000134757,DSG3,desmoglein 3 [Source:HGNC Symbol;Acc:HGNC:3050]
P32970,12.335449989885758,-0.7744420962946964,0.31575885553479865,-2.4526377731608795,0.014181306143974061,0.04645099148955948,ENSG00000125726,CD70,CD70 molecule [Source:HGNC Symbol;Acc:HGNC:11937]
P33151,2572.5883723486904,1.1735828684631406,0.16485118058466594,7.11904436656673,1.0867792620907378e-12,5.290911665816585e-11,ENSG00000179776,CDH5,cadherin 5 [Source:HGNC Symbol;Acc:HGNC:1764]
P33402,1466.919615366656,0.679963885004726,0.24010196977019338,2.8319796195571976,0.0046260797138521674,0.018624157776603784,ENSG00000196465,MYL6B,myosin light chain 6B [Source:HGNC Symbol;Acc:HGNC:29823]
P33764,198.73471155841986,2.329949682750632,0.2447453596562093,9.51989319030801,1.733571477022334e-21,3.6761716686779384e-19,ENSG00000231887,PRH1,proline rich protein HaeIII subfamily 1 [Source:HGNC Symbol;Acc:HGNC:9366]
P34820,127.62830046754185,-0.666617513172947,0.12131353459955266,-5.4949970370033645,3.907169746424071e-08,7.210771680973763e-07,ENSG00000116985,BMP8B,bone morphogenetic protein 8b [Source:HGNC Symbol;Acc:HGNC:1075]
P34932,1661.8727242346831,-0.6994773999172457,0.10692905203691143,-6.541509408273714,6.09010020906899e-11,2.1096797229292563e-09,ENSG00000170606,HSPA4,heat shock protein family A (Hsp70) member 4 [Source:HGNC Symbol;Acc:HGNC:5237]
P34972,37.04307753816536,-1.5134442491096676,0.36203553351165413,-4.1803748776525795,2.910289137605924e-05,0.00025279053422907073,ENSG00000188822,CNR2,cannabinoid receptor 2 [Source:HGNC Symbol;Acc:HGNC:2160]
P34995,58.537527372542954,-1.5236539710485548,0.2763023917401498,-5.514443655201813,3.4988497413333e-08,6.528226074057919e-07,ENSG00000160951,PTGER1,prostaglandin E receptor 1 [Source:HGNC Symbol;Acc:HGNC:9593]
P35052,581.2471197804267,-1.111534346634469,0.16674094873359305,-6.66623498952498,2.624489281464015e-11,9.843620172348194e-10,ENSG00000063660,GPC1,glypican 1 [Source:HGNC Symbol;Acc:HGNC:4449]
P35237,114.75010284367133,1.0837847599589852,0.14320393180856797,7.5681215331976075,3.7865965890256404e-14,2.470156189021415e-12,ENSG00000124570,SERPINB6,serpin family B member 6 [Source:HGNC Symbol;Acc:HGNC:8950]
P35348,45.43375574875521,1.9722912014967344,0.3484637699068532,5.659960580762648,1.5140776903405234e-08,3.043889642914303e-07,ENSG00000120907,ADRA1A,adrenoceptor alpha 1A [Source:HGNC Symbol;Acc:HGNC:277]
P35367,522.8546251794216,-0.826254798807224,0.22119743565522448,-3.7353724122511482,0.00018743759381608893,0.0012687994763720151,ENSG00000196639,HRH1,histamine receptor H1 [Source:HGNC Symbol;Acc:HGNC:5182]
P35555,177.44745364398236,-2.015033117029167,0.2381218619498746,-8.462192847514933,2.623961347233056e-17,3.045728607993569e-15,ENSG00000166147,FBN1,fibrillin 1 [Source:HGNC Symbol;Acc:HGNC:3603]
P35556,41.329063752190045,-1.252085778727345,0.28246699039055556,-4.432679999160742,9.306894664875226e-06,9.4413180744783e-05,ENSG00000138829,FBN2,fibrillin 2 [Source:HGNC Symbol;Acc:HGNC:3604]
P35568,934.3572162192368,-0.5631460091575826,0.14572534406807475,-3.864434239349006,0.00011134698208452781,0.0008085763394442463,ENSG00000169047,IRS1,insulin receptor substrate 1 [Source:HGNC Symbol;Acc:HGNC:6125]
P35590,519.3599379763594,1.3028206563535634,0.1345283006074946,9.68436121225323,3.5139829769213056e-22,8.333051674518545e-20,ENSG00000066056,TIE1,tyrosine kinase with immunoglobulin like and EGF like domains 1 [Source:HGNC Symbol;Acc:HGNC:11809]
P35610,2466.5873575498827,-0.5953635932080271,0.10752097118537852,-5.5371857847298624,3.073704548264307e-08,5.803722611936732e-07,ENSG00000057252,SOAT1,sterol O-acyltransferase 1 [Source:HGNC Symbol;Acc:HGNC:11177]
P35625,35405.658495344964,0.5501924081578172,0.179409782681269,3.0666800880934306,0.0021645037819469576,0.00998242710310711,ENSG00000100234,TIMP3,TIMP metallopeptidase inhibitor 3 [Source:HGNC Symbol;Acc:HGNC:11822]
P35789,37.03575939283932,-0.5002350874072548,0.14182887813366812,-3.527032674797039,0.0004202448983208967,0.0025178160792091973,ENSG00000184635,ZNF93,zinc finger protein 93 [Source:HGNC Symbol;Acc:HGNC:13169]
P35790,62.79112705541762,0.5874749307520444,0.17694867150431803,3.320030185915854,0.0009000771529357009,0.0048075324608486195,ENSG00000110721,CHKA,choline kinase alpha [Source:HGNC Symbol;Acc:HGNC:1937]
P35858,28.227250458813042,1.599019371246626,0.195289642525577,8.187937417301601,2.6574093498563857e-16,2.6280944305709744e-14,ENSG00000099769,IGFALS,insulin like growth factor binding protein acid labile subunit [Source:HGNC Symbol;Acc:HGNC:5468]
P35916,329.58844125465487,1.1777167491713512,0.13725469164449108,8.580520891932808,9.444447463866833e-18,1.1701564290343772e-15,ENSG00000037280,FLT4,fms related receptor tyrosine kinase 4 [Source:HGNC Symbol;Acc:HGNC:3767]
P35998,12.86062087623106,1.0033505644373448,0.2277360105545059,4.4057615745279985,1.0541286098492658e-05,0.00010524106999373339,ENSG00000161057,PSMC2,"proteasome 26S subunit, ATPase 2 [Source:HGNC Symbol;Acc:HGNC:9548]"
P36021,12.323500378496544,-1.2193249520954212,0.26950042796953555,-4.524389668996201,6.057003961946633e-06,6.462562427516742e-05,ENSG00000147100,SLC16A2,solute carrier family 16 member 2 [Source:HGNC Symbol;Acc:HGNC:10923]
P36222,523.6874511535411,-2.576114406536905,0.3226019698850077,-7.985426770503501,1.4003697518636781e-15,1.187836711830829e-13,ENSG00000133048,CHI3L1,chitinase 3 like 1 [Source:HGNC Symbol;Acc:HGNC:1932]
P36269,180.63041390359308,-2.2439932168718286,0.19355520549492086,-11.59355653150188,4.4429305628494725e-31,6.124024414567641e-28,ENSG00000099998,GGT5,gamma-glutamyltransferase 5 [Source:HGNC Symbol;Acc:HGNC:4260]
P36896,1091.4060715272037,-0.5282943371441546,0.14894231975042022,-3.5469726672003445,0.0003896850181958477,0.002361020162442644,ENSG00000135503,ACVR1B,activin A receptor type 1B [Source:HGNC Symbol;Acc:HGNC:172]
P36952,155.66082740799794,-4.551325531252344,0.5635439498297831,-8.076256577019521,6.678528315004622e-16,6.188582498282014e-14,ENSG00000206075,SERPINB5,serpin family B member 5 [Source:HGNC Symbol;Acc:HGNC:8949]
P36956,15.686852794373557,-0.6923070557847905,0.22626453286610362,-3.059724151263585,0.0022154093713616188,0.010189497033578548,ENSG00000072310,SREBF1,sterol regulatory element binding transcription factor 1 [Source:HGNC Symbol;Acc:HGNC:11289]
P38117,22.976187351979,0.6396225393380035,0.14892416273241738,4.294954744766695,1.7472897600642666e-05,0.00016362941982359802,ENSG00000105379,ETFB,electron transfer flavoprotein subunit beta [Source:HGNC Symbol;Acc:HGNC:3482]
P38405,181.2980127209667,-0.8072148419549723,0.1340470798237767,-6.021875620238554,1.7240736588829515e-09,4.2963525958197304e-08,ENSG00000141404,GNAL,G protein subunit alpha L [Source:HGNC Symbol;Acc:HGNC:4388]
P39060,1706.1371712485316,-1.8477188480520863,0.22388245903614243,-8.253075546904729,1.5436939950534254e-16,1.613489448668637e-14,ENSG00000182871,COL18A1,collagen type XVIII alpha 1 chain [Source:HGNC Symbol;Acc:HGNC:2195]
P39687,95.58811265061165,0.9439622775448532,0.19227356148472172,4.909475178259813,9.132045720168919e-07,1.2155210060867431e-05,ENSG00000140350,ANP32A,acidic nuclear phosphoprotein 32 family member A [Source:HGNC Symbol;Acc:HGNC:13233]
P39900,72.89889089677384,-2.4654587478026455,0.45992378258214506,-5.360581124900407,8.295466360068416e-08,1.4215090528745055e-06,ENSG00000262406,MMP12,matrix metallopeptidase 12 [Source:HGNC Symbol;Acc:HGNC:7158]
P40197,20.45853717977054,-0.8090865991704916,0.3058001707558969,-2.6458016592029314,0.008149758584941914,0.02962010148851499,ENSG00000178732,GP5,glycoprotein V platelet [Source:HGNC Symbol;Acc:HGNC:4443]
P40199,12707.929962353079,-0.9674598837063096,0.17676692747295022,-5.473081970349659,4.4227540702515464e-08,8.061108947547735e-07,ENSG00000086548,CEACAM6,CEA cell adhesion molecule 6 [Source:HGNC Symbol;Acc:HGNC:1818]
P40222,2813.046873931132,-0.6430522584682304,0.11221201865889725,-5.730689690406377,1.0002310157741654e-08,2.1109181647735353e-07,ENSG00000084652,TXLNA,taxilin alpha [Source:HGNC Symbol;Acc:HGNC:30685]
P40238,23.08123738661382,0.7764286762008866,0.17548720799983958,4.424417511968145,9.670284346648058e-06,9.742734169985212e-05,ENSG00000117400,MPL,"MPL proto-oncogene, thrombopoietin receptor [Source:HGNC Symbol;Acc:HGNC:7217]"
P40933,277.9372957812324,0.7018545463956266,0.12715697998654632,5.519591189330585,3.3978922992370306e-08,6.355989547699192e-07,ENSG00000164136,IL15,interleukin 15 [Source:HGNC Symbol;Acc:HGNC:5977]
P41134,2921.7168239862267,0.9330067758923523,0.20525749502964727,4.545543030024747,5.479380113506389e-06,5.898455997807251e-05,ENSG00000125968,ID1,inhibitor of DNA binding 1 [Source:HGNC Symbol;Acc:HGNC:5360]
P41161,1172.2808576033226,1.1216132383593747,0.13643006132976163,8.221159086400702,2.0154570302327227e-16,2.0112619613010166e-14,ENSG00000244405,ETV5,ETS variant transcription factor 5 [Source:HGNC Symbol;Acc:HGNC:3494]
P41208,981.2501139201203,-0.7533913499690753,0.23269012693713773,-3.2377452360606913,0.0012047834348488942,0.006134909691100788,ENSG00000147400,CETN2,centrin 2 [Source:HGNC Symbol;Acc:HGNC:1867]
P41226,59.098062208954346,0.9205305877347475,0.14738522771891163,6.2457452621395255,4.217841132191074e-10,1.2127805518819028e-08,ENSG00000182179,UBA7,ubiquitin like modifier activating enzyme 7 [Source:HGNC Symbol;Acc:HGNC:12471]
P41231,312.71519378842646,-0.5672210993148357,0.1588653293961416,-3.5704524169677767,0.0003563651885552072,0.0021867773701715466,ENSG00000175591,P2RY2,purinergic receptor P2Y2 [Source:HGNC Symbol;Acc:HGNC:8541]
P41279,870.9278987542034,0.6205174943535056,0.19705695757036215,3.148924564776864,0.0016387249037942495,0.007940322412338448,ENSG00000107968,MAP3K8,mitogen-activated protein kinase kinase kinase 8 [Source:HGNC Symbol;Acc:HGNC:6860]
P41440,230.98435528222967,0.9147120552651853,0.16432877747589186,5.566353436782426,2.6012537358251395e-08,4.997216889363033e-07,ENSG00000173638,SLC19A1,solute carrier family 19 member 1 [Source:HGNC Symbol;Acc:HGNC:10937]
P41595,41.16576056941368,-1.951188409431466,0.3214190833406686,-6.070543133754826,1.2747837035556852e-09,3.284355116614145e-08,ENSG00000135914,HTR2B,5-hydroxytryptamine receptor 2B [Source:HGNC Symbol;Acc:HGNC:5294]
P41597,423.81401508055063,-0.7342502507753915,0.24492556082286482,-2.997850646165985,0.0027189088232241142,0.012050404981387583,ENSG00000121807,CCR2,C-C motif chemokine receptor 2 [Source:HGNC Symbol;Acc:HGNC:1603]
P42263,13.16328553200658,-1.325115124891617,0.3467419419675406,-3.82161764848068,0.00013257913781686978,0.0009380495044636658,ENSG00000125675,GRIA3,glutamate ionotropic receptor AMPA type subunit 3 [Source:HGNC Symbol;Acc:HGNC:4573]
P42285,33.79670222896135,0.5315240033168815,0.18978133330897157,2.800718037171439,0.0050989049041242724,0.020203242679762253,ENSG00000039123,MTREX,Mtr4 exosome RNA helicase [Source:HGNC Symbol;Acc:HGNC:18734]
P42357,26.961737664288894,1.2680570465854044,0.27600110814792733,4.594391142465154,4.3401461988023675e-06,4.8317811341942156e-05,ENSG00000084110,HAL,histidine ammonia-lyase [Source:HGNC Symbol;Acc:HGNC:4806]
P42681,10.959619452855124,1.2465295274936568,0.30699693794086225,4.060397266026737,4.898928962449011e-05,0.0003989205473238978,ENSG00000074966,TXK,TXK tyrosine kinase [Source:HGNC Symbol;Acc:HGNC:12434]
P42684,1465.0002045209533,-0.6094595126693015,0.1816704154914158,-3.354753777717316,0.0007943565401646569,0.004321346605029932,ENSG00000143322,ABL2,"ABL proto-oncogene 2, non-receptor tyrosine kinase [Source:HGNC Symbol;Acc:HGNC:77]"
P42685,744.8323925901467,-0.7411061505800934,0.12390153862186637,-5.981412005236404,2.2121155158375183e-09,5.36699621411228e-08,ENSG00000111816,FRK,fyn related Src family tyrosine kinase [Source:HGNC Symbol;Acc:HGNC:3955]
P42696,15.650172779064274,0.6453923115905268,0.19941223265198335,3.2364730237832164,0.0012101666410340667,0.006156635548181155,ENSG00000188739,RBM34,RNA binding motif protein 34 [Source:HGNC Symbol;Acc:HGNC:28965]
P42702,5567.645518148967,1.6646132204488846,0.18192043478484954,9.150226704424712,5.681419339013278e-20,1.0618476449372783e-17,ENSG00000113594,LIFR,LIF receptor subunit alpha [Source:HGNC Symbol;Acc:HGNC:6597]
P42765,57.47251204766278,0.8276459904850115,0.13720909787374083,6.032005189966394,1.619375763095496e-09,4.0537699295468864e-08,ENSG00000167315,ACAA2,acetyl-CoA acyltransferase 2 [Source:HGNC Symbol;Acc:HGNC:83]
P42772,672.6988462955053,1.0679218359865246,0.1888261932178536,5.655581028180957,1.5531993201126786e-08,3.116643578029449e-07,ENSG00000147883,CDKN2B,cyclin dependent kinase inhibitor 2B [Source:HGNC Symbol;Acc:HGNC:1788]
P42857,104.82333808452135,-1.4474223143879212,0.24894963884255325,-5.814116947979728,6.0954790829617344e-09,1.3524114255094376e-07,ENSG00000168824,NSG1,neuronal vesicle trafficking associated 1 [Source:HGNC Symbol;Acc:HGNC:18790]
P42892,1882.6231017232901,-0.6017170329475595,0.12213078301884832,-4.9268253103289865,8.357641235201397e-07,1.1266468203003154e-05,ENSG00000117298,ECE1,endothelin converting enzyme 1 [Source:HGNC Symbol;Acc:HGNC:3146]
P43005,921.9798307437316,1.5517281645720546,0.15939789399785567,9.734935171683821,2.1395407560000104e-22,5.2428257592026924e-20,ENSG00000106688,SLC1A1,solute carrier family 1 member 1 [Source:HGNC Symbol;Acc:HGNC:10939]
P43007,38.97168541992081,-1.8757619929945493,0.29209246984427284,-6.421808799092285,1.3466450249438768e-10,4.299330315666927e-09,ENSG00000115902,SLC1A4,solute carrier family 1 member 4 [Source:HGNC Symbol;Acc:HGNC:10942]
P43026,22.356988999992605,0.8623118871759341,0.2986969172405838,2.886912577277755,0.003890423109298797,0.01608236012230097,ENSG00000125965,GDF5,growth differentiation factor 5 [Source:HGNC Symbol;Acc:HGNC:4220]
P43354,387.1605386289075,1.427923783204953,0.4121260619617238,3.4647742887407382,0.0005306766684134763,0.0030677701822256374,ENSG00000153234,NR4A2,nuclear receptor subfamily 4 group A member 2 [Source:HGNC Symbol;Acc:HGNC:7981]
P43699,2777.3521553834858,0.8390808341476671,0.17948039381894523,4.675055677636345,2.9387387963286162e-06,3.4400714126449736e-05,ENSG00000136352,NKX2-1,NK2 homeobox 1 [Source:HGNC Symbol;Acc:HGNC:11825]
P45452,92.5377204915638,-5.624911538954832,0.495568275648486,-11.350427005429754,7.38013985419629e-30,8.13808021722225e-27,ENSG00000137745,MMP13,matrix metallopeptidase 13 [Source:HGNC Symbol;Acc:HGNC:7159]
P45877,645.1084779961344,-0.6010915155099239,0.1073922035937754,-5.597161575933655,2.178896228263693e-08,4.2638311817326955e-07,ENSG00000168938,PPIC,peptidylprolyl isomerase C [Source:HGNC Symbol;Acc:HGNC:9256]
P45880,25.472785082941748,0.715153429895969,0.23281040993759522,3.0718275445142926,0.0021275260304162175,0.009834512486857946,ENSG00000165637,VDAC2,voltage dependent anion channel 2 [Source:HGNC Symbol;Acc:HGNC:12672]
P45974,108.92783571495984,-0.6288863855812685,0.16335217760125198,-3.8498806371372707,0.00011817540118400587,0.0008494916224615598,ENSG00000111667,USP5,ubiquitin specific peptidase 5 [Source:HGNC Symbol;Acc:HGNC:12628]
P46013,323.3408477430123,-1.191261644809491,0.2346826189693499,-5.076053991732011,3.8535383480852427e-07,5.661954345681009e-06,ENSG00000148773,MKI67,marker of proliferation Ki-67 [Source:HGNC Symbol;Acc:HGNC:7107]
P46199,165.64560197775037,0.5480869213963567,0.19442398548498951,2.8190293498467125,0.004816911348187844,0.01929038730214903,ENSG00000085760,MTIF2,mitochondrial translational initiation factor 2 [Source:HGNC Symbol;Acc:HGNC:7441]
P46721,134.33451693385874,6.553754981095088,0.49381434576255717,13.27169823504147,3.378367398012685e-40,2.4835504865257253e-36,ENSG00000084453,SLCO1A2,solute carrier organic anion transporter family member 1A2 [Source:HGNC Symbol;Acc:HGNC:10956]
P46821,2070.245501517659,-1.916476725641713,0.2318113408305801,-8.267398474876062,1.3691374705093559e-16,1.4472943746451624e-14,ENSG00000131711,MAP1B,microtubule associated protein 1B [Source:HGNC Symbol;Acc:HGNC:6836]
P47712,286.14787967126733,-0.7431533741745785,0.11649909784970415,-6.379048317896187,1.7819181549024286e-10,5.542795908070262e-09,ENSG00000116711,PLA2G4A,phospholipase A2 group IVA [Source:HGNC Symbol;Acc:HGNC:9035]
P47870,44.125223865829646,1.1822795757732913,0.2972591229294819,3.9772692730906045,6.971120907551139e-05,0.0005421054319292413,ENSG00000145864,GABRB2,gamma-aminobutyric acid type A receptor subunit beta2 [Source:HGNC Symbol;Acc:HGNC:4082]
P47900,706.3402023072207,0.9835971246545464,0.2077015779734351,4.7356266343838165,2.1837929604384357e-06,2.662320063543906e-05,ENSG00000169860,P2RY1,purinergic receptor P2Y1 [Source:HGNC Symbol;Acc:HGNC:8539]
P47928,2720.526743138185,0.803913103747046,0.17529236230606005,4.586127388387953,4.515431549986653e-06,4.9966546614854815e-05,ENSG00000172201,ID4,inhibitor of DNA binding 4 [Source:HGNC Symbol;Acc:HGNC:5363]
P47972,66.3845551039501,-3.0755297254252385,0.31309938744334087,-9.822854495305563,8.976504948730363e-23,2.5059220270797393e-20,ENSG00000106236,NPTX2,neuronal pentraxin 2 [Source:HGNC Symbol;Acc:HGNC:7953]
P47989,41.41199712388191,-0.9394255731702333,0.2403060298580828,-3.9092883924928086,9.25684013612866e-05,0.0006918005840805878,ENSG00000158125,XDH,xanthine dehydrogenase [Source:HGNC Symbol;Acc:HGNC:12805]
P47992,38.17174040392823,1.375721827788657,0.2626219618321774,5.23841120594393,1.619648689202512e-07,2.6034790227166327e-06,ENSG00000143184,XCL1,X-C motif chemokine ligand 1 [Source:HGNC Symbol;Acc:HGNC:10645]
P48048,13.631618453908278,0.5504161260812233,0.22204311857929465,2.4788704536441744,0.013179916577987992,0.043841610891545583,ENSG00000151704,KCNJ1,potassium inwardly rectifying channel subfamily J member 1 [Source:HGNC Symbol;Acc:HGNC:6255]
P48060,1027.1838877931357,-0.7420893345302969,0.11395511958049613,-6.51211930856776,7.409782615292254e-11,2.514082243040852e-09,ENSG00000139278,GLIPR1,GLI pathogenesis related 1 [Source:HGNC Symbol;Acc:HGNC:17001]
P48061,3158.9179359755913,-1.0732550031004051,0.1488706409173855,-7.209312705894771,5.623498703066432e-13,2.8976785139585767e-11,ENSG00000107562,CXCL12,C-X-C motif chemokine ligand 12 [Source:HGNC Symbol;Acc:HGNC:10672]
P48357,1578.6106911794845,0.6667290009492423,0.15840274820527417,4.2090747067420065,2.5641860350451052e-05,0.0002272019237319596,ENSG00000116678,LEPR,leptin receptor [Source:HGNC Symbol;Acc:HGNC:6554]
P48431,421.11115045291507,-1.9541981867882576,0.4545262747036268,-4.299417427655838,1.7124766303694172e-05,0.000160984482549732,ENSG00000181449,SOX2,SRY-box transcription factor 2 [Source:HGNC Symbol;Acc:HGNC:11195]
P48436,418.42953566788844,-1.0598763169270604,0.19791433891673985,-5.3552275329224,8.544882017973038e-08,1.4597120683530394e-06,ENSG00000125398,SOX9,SRY-box transcription factor 9 [Source:HGNC Symbol;Acc:HGNC:11204]
P48448,24.184683372619958,-2.6149368207252515,0.454283155271922,-5.756182659161154,8.603728907100831e-09,1.843990644482038e-07,ENSG00000132746,ALDH3B2,aldehyde dehydrogenase 3 family member B2 [Source:HGNC Symbol;Acc:HGNC:411]
P48507,727.5146847629451,-0.5849920576076616,0.11535987902929648,-5.071018299690645,3.956927174138286e-07,5.802265418779639e-06,ENSG00000023909,GCLM,glutamate-cysteine ligase modifier subunit [Source:HGNC Symbol;Acc:HGNC:4312]
P48594,17.217767916925744,-6.946069798083837,0.7660393384164738,-9.067510569943416,1.2176716209423367e-19,2.1145299156112042e-17,ENSG00000206073,SERPINB4,serpin family B member 4 [Source:HGNC Symbol;Acc:HGNC:10570]
P48723,1528.6445808045687,-0.6312247320028204,0.1335947433088204,-4.724921927082626,2.302037808274618e-06,2.786702951644283e-05,ENSG00000155304,HSPA13,heat shock protein family A (Hsp70) member 13 [Source:HGNC Symbol;Acc:HGNC:11375]
P48960,2742.563713331128,0.6077536615362451,0.17198277168065085,3.5338054829396683,0.0004096224216824452,0.002463174085654653,ENSG00000123146,ADGRE5,adhesion G protein-coupled receptor E5 [Source:HGNC Symbol;Acc:HGNC:1711]
P49184,29.440554478090398,0.6127627959719997,0.1517803504115607,4.037168146670236,5.410029381761209e-05,0.000435925421941402,ENSG00000013563,DNASE1L1,deoxyribonuclease 1 like 1 [Source:HGNC Symbol;Acc:HGNC:2957]
P49238,261.46582908304293,1.9234751180586003,0.2846045232855713,6.758413730932137,1.3951067662778052e-11,5.583971800996499e-10,ENSG00000168329,CX3CR1,C-X3-C motif chemokine receptor 1 [Source:HGNC Symbol;Acc:HGNC:2558]
P49279,554.8739746669263,1.2678641507795356,0.32550933796641246,3.8950162188906527,9.819215922926761e-05,0.0007269318159255683,ENSG00000018280,SLC11A1,solute carrier family 11 member 1 [Source:HGNC Symbol;Acc:HGNC:10907]
P49321,102.75181635803217,0.9393255100587501,0.19416612241212097,4.837741509123901,1.313227716806042e-06,1.68775781272963e-05,ENSG00000132780,NASP,nuclear autoantigenic sperm protein [Source:HGNC Symbol;Acc:HGNC:7644]
P49326,669.4948182156211,1.1268802261920638,0.201211403548526,5.600478930709784,2.137603892707193e-08,4.1945428023454917e-07,ENSG00000131781,FMO5,flavin containing dimethylaniline monoxygenase 5 [Source:HGNC Symbol;Acc:HGNC:3773]
P49407,1420.2124615479431,1.361331983281041,0.1508738495378903,9.022981699284857,1.8303815674546085e-19,3.035130457792777e-17,ENSG00000137486,ARRB1,arrestin beta 1 [Source:HGNC Symbol;Acc:HGNC:711]
P49418,32.66507415531651,-1.1229103972283707,0.2390933731883202,-4.696535007450492,2.6461190141521852e-06,3.1459573443726306e-05,ENSG00000078053,AMPH,amphiphysin [Source:HGNC Symbol;Acc:HGNC:471]
P49448,29.356418345349446,-0.6546257027827249,0.16741424554944218,-3.9102150514986813,9.221398555261519e-05,0.0006896192734409547,ENSG00000182890,GLUD2,glutamate dehydrogenase 2 [Source:HGNC Symbol;Acc:HGNC:4336]
P49638,30.900844957527095,1.8840899242885434,0.25131878933357654,7.496812829970235,6.538824410031672e-14,4.005756487189958e-12,ENSG00000137561,TTPA,alpha tocopherol transfer protein [Source:HGNC Symbol;Acc:HGNC:12404]
P49641,189.47203519058706,0.8949946411120133,0.14815075553617438,6.04110750480432,1.5305994990739501e-09,3.853406547097819e-08,ENSG00000196547,MAN2A2,mannosidase alpha class 2A member 2 [Source:HGNC Symbol;Acc:HGNC:6825]
P49756,199.34979007143627,0.8371971421364693,0.18037271091046647,4.64148450123388,3.459149718593587e-06,3.9630175529279464e-05,ENSG00000119707,RBM25,RNA binding motif protein 25 [Source:HGNC Symbol;Acc:HGNC:23244]
P49788,939.1665497788632,-1.904398909701163,0.21080301269141816,-9.03402131395958,1.6547647160531355e-19,2.785815347163042e-17,ENSG00000118849,RARRES1,retinoic acid receptor responder 1 [Source:HGNC Symbol;Acc:HGNC:9867]
P49961,1383.617927326424,-0.7008570094634481,0.10837099333587805,-6.467201119872153,9.983473845139674e-11,3.2862019728464236e-09,ENSG00000138185,ENTPD1,ectonucleoside triphosphate diphosphohydrolase 1 [Source:HGNC Symbol;Acc:HGNC:3363]
P50052,299.1914432527443,1.1445950744447004,0.4468949664248775,2.56121719965066,0.010430612275990344,0.03619775344369647,ENSG00000180772,AGTR2,angiotensin II receptor type 2 [Source:HGNC Symbol;Acc:HGNC:338]
P50120,13.605227754901398,2.291426480061819,0.32494200057474115,7.05180147844495,1.7661606736145765e-12,8.305097547099333e-11,ENSG00000114113,RBP2,retinol binding protein 2 [Source:HGNC Symbol;Acc:HGNC:9920]
P50150,15.06809519766266,-1.812020106571163,0.3831371823961791,-4.729429013489644,2.2515216008104483e-06,2.735815833844277e-05,ENSG00000168243,GNG4,G protein subunit gamma 4 [Source:HGNC Symbol;Acc:HGNC:4407]
P50221,129.21664286394642,-1.961363977047867,0.3891367434237561,-5.040294986772841,4.6481482416156795e-07,6.704399039934088e-06,ENSG00000005102,MEOX1,mesenchyme homeobox 1 [Source:HGNC Symbol;Acc:HGNC:7013]
P50222,481.79323621299307,-0.7060445046108108,0.20508854278275518,-3.442632606535729,0.0005760813534196357,0.0032956934288759132,ENSG00000106511,MEOX2,mesenchyme homeobox 2 [Source:HGNC Symbol;Acc:HGNC:7014]
P50225,28.976645928961563,2.1068880044445235,0.2061305142032381,10.221135927343582,1.5946117264270432e-24,6.063373623210692e-22,ENSG00000196502,SULT1A1,sulfotransferase family 1A member 1 [Source:HGNC Symbol;Acc:HGNC:11453]
P50454,19.277634224003048,0.7888912704653932,0.2532357636785012,3.1152443043824585,0.0018379261770980462,0.00870567523834199,ENSG00000149257,SERPINH1,serpin family H member 1 [Source:HGNC Symbol;Acc:HGNC:1546]
P50479,80.43163387045396,-1.8154422351634176,0.2763500542832545,-6.569357259118241,5.053290979172087e-11,1.7802760264322876e-09,ENSG00000131435,PDLIM4,PDZ and LIM domain 4 [Source:HGNC Symbol;Acc:HGNC:16501]
P50539,32.06956165484765,0.546731337860809,0.15529017276556498,3.5207078987939964,0.0004303964511041337,0.002564009544205987,ENSG00000119950,MXI1,"MAX interactor 1, dimerization protein [Source:HGNC Symbol;Acc:HGNC:7534]"
P50549,241.17723223887893,0.551955097805918,0.1526171586374907,3.616599226021295,0.00029849892375087057,0.0018878965484375393,ENSG00000006468,ETV1,ETS variant transcription factor 1 [Source:HGNC Symbol;Acc:HGNC:3490]
P50607,437.2192074905092,-0.8198514389571423,0.20033296262092434,-4.09244404031746,4.2685027411085285e-05,0.00035297172648071797,ENSG00000166402,TUB,TUB bipartite transcription factor [Source:HGNC Symbol;Acc:HGNC:12406]
P50616,1113.5636097107924,0.5564853749375089,0.15216279069443117,3.6571711940735003,0.00025501406984197625,0.001647358024690962,ENSG00000141232,TOB1,"transducer of ERBB2, 1 [Source:HGNC Symbol;Acc:HGNC:11979]"
P50748,87.44151653119766,-0.8387887940944198,0.20360583634701168,-4.119669696819723,3.7941590485757744e-05,0.0003197871059816973,ENSG00000184445,KNTC1,kinetochore associated 1 [Source:HGNC Symbol;Acc:HGNC:17255]
P50750,935.1911674026178,0.5125434979830441,0.13585510319494823,3.772721715485054,0.00016147636203604892,0.0011170638922029558,ENSG00000136807,CDK9,cyclin dependent kinase 9 [Source:HGNC Symbol;Acc:HGNC:1780]
P51160,12.064096882900172,0.8723849542550378,0.20099296068189249,4.340375659403037,1.422393377803767e-05,0.000136626583423712,ENSG00000095464,PDE6C,phosphodiesterase 6C [Source:HGNC Symbol;Acc:HGNC:8787]
P51172,35.87113033254311,0.6564149134514284,0.26722943217727607,2.456372069884774,0.014034776295973496,0.046066921434054595,ENSG00000162572,SCNN1D,sodium channel epithelial 1 subunit delta [Source:HGNC Symbol;Acc:HGNC:10601]
P51397,1577.3711680361562,-0.6641119098705695,0.111328468500853,-5.965337696758858,2.4412860744944776e-09,5.8713329429554204e-08,ENSG00000112977,DAP,death associated protein [Source:HGNC Symbol;Acc:HGNC:2672]
P51512,108.37929215178829,-2.0116309129608023,0.30273609437460225,-6.64483340553252,3.0356022378421104e-11,1.1176489441297145e-09,ENSG00000156103,MMP16,matrix metallopeptidase 16 [Source:HGNC Symbol;Acc:HGNC:7162]
P51610,71.9989627875831,-0.5014988072708133,0.17455534318056387,-2.8730074836612247,0.004065844849887736,0.0167197729478695,ENSG00000172534,HCFC1,host cell factor C1 [Source:HGNC Symbol;Acc:HGNC:4839]
P51674,95.9203197760602,2.535346974406734,0.2645683888897558,9.582955034976607,9.430729076108737e-22,2.1441783406649699e-19,ENSG00000150625,GPM6A,glycoprotein M6A [Source:HGNC Symbol;Acc:HGNC:4460]
P51679,258.2077810002815,-0.9253156685190663,0.2663465857983037,-3.4741037349725223,0.0005125628320933112,0.0029778874338740476,ENSG00000183813,CCR4,C-C motif chemokine receptor 4 [Source:HGNC Symbol;Acc:HGNC:1605]
P51786,14.387562770535679,-0.8130149011161567,0.31130346377790646,-2.611647462092445,0.009010711853106802,0.03218173914306355,ENSG00000147117,ZNF157,zinc finger protein 157 [Source:HGNC Symbol;Acc:HGNC:12942]
P51793,213.28071203496643,0.6528693931854703,0.10724954038115005,6.087386396857858,1.1476875529408986e-09,2.9883236472914495e-08,ENSG00000073464,CLCN4,chloride voltage-gated channel 4 [Source:HGNC Symbol;Acc:HGNC:2022]
P51826,80.16172316399931,2.442365944043993,0.23660350665684135,10.322610930641387,5.568785251651467e-25,2.361807498844643e-22,ENSG00000144218,AFF3,ALF transcription elongation factor 3 [Source:HGNC Symbol;Acc:HGNC:6473]
P51854,12.952527106252047,2.3576679582036184,0.4547015810493251,5.185088542605844,2.159122629437149e-07,3.3723293533715925e-06,ENSG00000007350,TKTL1,transketolase like 1 [Source:HGNC Symbol;Acc:HGNC:11835]
P51884,2280.3265720531735,-1.431078974058146,0.250762589450132,-5.706907785552031,1.150470696766592e-08,2.387268718003781e-07,ENSG00000139329,LUM,lumican [Source:HGNC Symbol;Acc:HGNC:6724]
P51955,17.954825427441783,-1.3810595111871,0.31176923533662443,-4.429749169112014,9.434275360480807e-06,9.557349967847667e-05,ENSG00000117650,NEK2,NIMA related kinase 2 [Source:HGNC Symbol;Acc:HGNC:7745]
P51993,25.66708743846481,-3.0533577900315847,0.43945755256678964,-6.948015279740878,3.704608888641648e-12,1.6384914226563542e-10,ENSG00000156413,FUT6,fucosyltransferase 6 [Source:HGNC Symbol;Acc:HGNC:4017]
P52179,81.44362011800561,-0.680009711265787,0.19529835026439762,-3.4819019738015213,0.00049786591085159,0.0029070518395342775,ENSG00000101605,MYOM1,myomesin 1 [Source:HGNC Symbol;Acc:HGNC:7613]
P52198,60.62792008821094,-0.8665400520541131,0.1962922919135675,-4.4145393770004615,1.0122529050680183e-05,0.00010151989799167837,ENSG00000108830,RND2,Rho family GTPase 2 [Source:HGNC Symbol;Acc:HGNC:18315]
P52429,282.2557739821319,1.0645706236086663,0.13389814963326505,7.9505999636621505,1.8561039846325155e-15,1.5388916269581016e-13,ENSG00000153933,DGKE,diacylglycerol kinase epsilon [Source:HGNC Symbol;Acc:HGNC:2852]
P52747,13.282210462373774,0.756010041617014,0.26628257874446426,2.839126934933706,0.004523715770793415,0.018275513392393843,ENSG00000166478,ZNF143,zinc finger protein 143 [Source:HGNC Symbol;Acc:HGNC:12928]
P52790,128.2472471537453,0.6335943856451682,0.25200781119653676,2.514185503365363,0.011930766023080481,0.0403745763193213,ENSG00000160883,HK3,hexokinase 3 [Source:HGNC Symbol;Acc:HGNC:4925]
P52797,10.05365841692033,-0.7689574973548104,0.21204132350508761,-3.6264511305804996,0.0002873431698834584,0.0018251918976410688,ENSG00000143590,EFNA3,ephrin A3 [Source:HGNC Symbol;Acc:HGNC:3223]
P52798,108.19967904549792,-0.8001185495511554,0.11963916872123884,-6.687764200497283,2.2660586760184994e-11,8.586882824898966e-10,ENSG00000243364,EFNA4,ephrin A4 [Source:HGNC Symbol;Acc:HGNC:3224]
P52803,316.36029273998525,-0.7616107050360383,0.14359829112204264,-5.303758833653205,1.1344216253064974e-07,1.8892513211907258e-06,ENSG00000184349,EFNA5,ephrin A5 [Source:HGNC Symbol;Acc:HGNC:3225]
P52823,461.03617600324344,1.0348701603182613,0.40311926815948845,2.5671562786942483,0.010253638886139628,0.035711371257234406,ENSG00000159167,STC1,stanniocalcin 1 [Source:HGNC Symbol;Acc:HGNC:11373]
P52888,16.32512778307632,1.1407904072858308,0.2504335683437123,4.555261560303814,5.2320433970450095e-06,5.6841125654399334e-05,ENSG00000172009,THOP1,thimet oligopeptidase 1 [Source:HGNC Symbol;Acc:HGNC:11793]
P52926,18.06405669683753,-1.8703039181125876,0.39335059421676,-4.75480130349552,1.986416851059242e-06,2.4446672563203416e-05,ENSG00000149948,HMGA2,high mobility group AT-hook 2 [Source:HGNC Symbol;Acc:HGNC:5009]
P53355,1445.2046128335849,1.23218425430244,0.15931681471869996,7.734175808611689,1.0407512838975905e-14,7.333140196510371e-13,ENSG00000196730,DAPK1,death associated protein kinase 1 [Source:HGNC Symbol;Acc:HGNC:2674]
P53420,1150.6056293865238,0.9610896551919902,0.19875423763702288,4.835568119796221,1.327658975070284e-06,1.7033269945433415e-05,ENSG00000081052,COL4A4,collagen type IV alpha 4 chain [Source:HGNC Symbol;Acc:HGNC:2206]
P53539,3350.7186486066203,2.849853103776676,0.6095522727671975,4.6753219224975355,2.934928582746174e-06,3.43743573892109e-05,ENSG00000125740,FOSB,"FosB proto-oncogene, AP-1 transcription factor subunit [Source:HGNC Symbol;Acc:HGNC:3797]"
P53794,1051.26659622347,-0.6200922801775076,0.14722723228471046,-4.211804233189434,2.533390578273841e-05,0.00022510634896555717,ENSG00000198743,SLC5A3,solute carrier family 5 member 3 [Source:HGNC Symbol;Acc:HGNC:11038]
P53990,76.002639911412,0.5166022130443503,0.15334207310982165,3.3689528422794073,0.0007545433720575876,0.004139477494367671,ENSG00000182149,IST1,IST1 factor associated with ESCRT-III [Source:HGNC Symbol;Acc:HGNC:28977]
P54257,21.097785507124424,0.5366113173676053,0.21633562598893058,2.4804574600905656,0.013121391970846536,0.04366510037398192,ENSG00000173805,HAP1,huntingtin associated protein 1 [Source:HGNC Symbol;Acc:HGNC:4812]
P54687,2020.0115753611055,-1.0062210301913128,0.22830960175700374,-4.4072654958343005,1.0468384098430046e-05,0.00010465536849808532,ENSG00000060982,BCAT1,branched chain amino acid transaminase 1 [Source:HGNC Symbol;Acc:HGNC:976]
P54707,304.2188721856386,-3.0080285120910206,0.5576890098697798,-5.393738192533855,6.900674376695957e-08,1.2011639518836043e-06,ENSG00000075673,ATP12A,ATPase H+/K+ transporting non-gastric alpha2 subunit [Source:HGNC Symbol;Acc:HGNC:13816]
P54750,24.942341679706594,-1.622947580349661,0.29933425960821475,-5.421857098729243,5.898302687203771e-08,1.0498883572525582e-06,ENSG00000115252,PDE1A,phosphodiesterase 1A [Source:HGNC Symbol;Acc:HGNC:8774]
P54753,197.7686958955672,-1.003711527576701,0.18974722043435716,-5.289729806207802,1.2249718380153679e-07,2.0206079966784535e-06,ENSG00000182580,EPHB3,EPH receptor B3 [Source:HGNC Symbol;Acc:HGNC:3394]
P54821,1582.7696434843062,-1.3635849009194676,0.17338227326192956,-7.8646154261658126,3.702330707717361e-15,2.905736705622729e-13,ENSG00000116132,PRRX1,paired related homeobox 1 [Source:HGNC Symbol;Acc:HGNC:9142]
P54851,17804.349652163703,1.9432978216144254,0.15453106556606266,12.575450861585225,2.8815166988870104e-36,9.078424182464875e-33,ENSG00000213853,EMP2,epithelial membrane protein 2 [Source:HGNC Symbol;Acc:HGNC:3334]
P54868,23.3346566247115,3.359967100448905,0.6730811186012016,4.991920004280606,5.978201633109833e-07,8.392314374067745e-06,ENSG00000134240,HMGCS2,3-hydroxy-3-methylglutaryl-CoA synthase 2 [Source:HGNC Symbol;Acc:HGNC:5008]
P54886,620.412591876814,-1.0862885712938455,0.09106408285441,-11.928836674614784,8.37354752272902e-33,1.846702170662658e-29,ENSG00000059573,ALDH18A1,aldehyde dehydrogenase 18 family member A1 [Source:HGNC Symbol;Acc:HGNC:9722]
P55040,1412.5375855487407,-0.8026195720801715,0.25966302595838503,-3.0910044628718283,0.0019948063570175557,0.009340437239419358,ENSG00000164949,GEM,GTP binding protein overexpressed in skeletal muscle [Source:HGNC Symbol;Acc:HGNC:4234]
P55055,13.230837801721645,0.6410132973483618,0.22986872309269493,2.788605986599891,0.005293542343908556,0.02083594196904503,ENSG00000131408,NR1H2,nuclear receptor subfamily 1 group H member 2 [Source:HGNC Symbol;Acc:HGNC:7965]
P55058,2077.673234773302,-1.6863677646843107,0.2296724931609932,-7.3424890437455215,2.0965769128192009e-13,1.1588447928650289e-11,ENSG00000100979,PLTP,phospholipid transfer protein [Source:HGNC Symbol;Acc:HGNC:9093]
P55060,900.7003005343996,-0.537454438262173,0.18089855965834348,-2.971026631042523,0.002968060420560834,0.01292862028738863,ENSG00000124207,CSE1L,chromosome segregation 1 like [Source:HGNC Symbol;Acc:HGNC:2431]
P55061,471.13095000260915,0.8699895951934937,0.22723997230609744,3.8285059902295617,0.00012892349374043992,0.0009153365768456996,ENSG00000139644,TMBIM6,transmembrane BAX inhibitor motif containing 6 [Source:HGNC Symbol;Acc:HGNC:11723]
P55064,356.2741287311614,-1.6869438039836637,0.2991642348232542,-5.638855209347827,1.7118439646830807e-08,3.401171783524384e-07,ENSG00000161798,AQP5,aquaporin 5 [Source:HGNC Symbol;Acc:HGNC:638]
P55085,267.51416480814936,-0.9570550279605288,0.13722729329344338,-6.974232348327285,3.0754544439827965e-12,1.3702236829817494e-10,ENSG00000164251,F2RL1,F2R like trypsin receptor 1 [Source:HGNC Symbol;Acc:HGNC:3538]
P55107,480.2320030733212,0.8424273491584858,0.22251013259218708,3.786017919024267,0.00015308064069360076,0.0010673539202834875,ENSG00000266524,GDF10,growth differentiation factor 10 [Source:HGNC Symbol;Acc:HGNC:4215]
P55157,14.150704403775558,-1.8701354431947612,0.3416383810657822,-5.474020329216664,4.3993856267615074e-08,8.031792269254825e-07,ENSG00000138823,MTTP,microsomal triglyceride transfer protein [Source:HGNC Symbol;Acc:HGNC:7467]
P55287,1752.8692038579284,-0.6845540291640252,0.16795545831249853,-4.075806979076211,4.585504449678376e-05,0.0003770645605264985,ENSG00000140937,CDH11,cadherin 11 [Source:HGNC Symbol;Acc:HGNC:1750]
P55317,517.4553085458418,-0.773278529992004,0.2410150652143844,-3.2084240431367554,0.0013346455795602518,0.006686568289782325,ENSG00000129514,FOXA1,forkhead box A1 [Source:HGNC Symbol;Acc:HGNC:5021]
P55318,19.537144756159147,-1.3331893213199097,0.24858310337462775,-5.363153421215132,8.178148650326477e-08,1.4035866952085612e-06,ENSG00000170608,FOXA3,forkhead box A3 [Source:HGNC Symbol;Acc:HGNC:5023]
P55345,84.95266810131909,0.5217363609874842,0.11198178757179691,4.659117989637144,3.1756714652832034e-06,3.67644401550424e-05,ENSG00000160310,PRMT2,protein arginine methyltransferase 2 [Source:HGNC Symbol;Acc:HGNC:5186]
P55809,437.0958577204031,-0.6577122373806634,0.08936482161802228,-7.35985621044447,1.841084353674376e-13,1.0227525021646017e-11,ENSG00000083720,OXCT1,3-oxoacid CoA-transferase 1 [Source:HGNC Symbol;Acc:HGNC:8527]
P55916,41.11337983430122,0.6775738252639097,0.19248743821169664,3.520093734733576,0.0004313943133553002,0.0025692601098400727,ENSG00000175564,UCP3,uncoupling protein 3 [Source:HGNC Symbol;Acc:HGNC:12519]
P56159,560.4131479278867,-0.8383385277527715,0.2351878548890344,-3.564548552680638,0.0003644829806158719,0.0022266780206377946,ENSG00000151892,GFRA1,GDNF family receptor alpha 1 [Source:HGNC Symbol;Acc:HGNC:4243]
P56199,276.4373935453616,0.798817957289264,0.16588197560126092,4.8155802002830255,1.4677279861500943e-06,1.866740081116158e-05,ENSG00000213949,ITGA1,integrin subunit alpha 1 [Source:HGNC Symbol;Acc:HGNC:6134]
P56539,15.068566164572813,1.9656552752697074,0.3219935394412812,6.104641971017449,1.0303137384388426e-09,2.7277958208319608e-08,ENSG00000182533,CAV3,caveolin 3 [Source:HGNC Symbol;Acc:HGNC:1529]
P56597,21.623304865604876,-0.962669542804881,0.37382481308729776,-2.575188989876049,0.010018532820314037,0.035054533209456736,ENSG00000112981,NME5,NME/NM23 family member 5 [Source:HGNC Symbol;Acc:HGNC:7853]
P56704,151.8284482393138,2.002593316036785,0.2563832727884444,7.810935925173372,5.6764869267422386e-15,4.243703141775367e-13,ENSG00000154342,WNT3A,Wnt family member 3A [Source:HGNC Symbol;Acc:HGNC:15983]
P56705,87.84344887372193,-0.502386241440948,0.196560245266656,-2.555889369996485,0.010591678722534923,0.036664398453427276,ENSG00000162552,WNT4,Wnt family member 4 [Source:HGNC Symbol;Acc:HGNC:12783]
P56706,190.92639271321767,-0.6321058951593005,0.18083750104901786,-3.4954359106519712,0.0004732880995323642,0.002783676529517257,ENSG00000188064,WNT7B,Wnt family member 7B [Source:HGNC Symbol;Acc:HGNC:12787]
P56856,5805.810468114243,2.092530756590085,0.3077411954506986,6.7996445959257885,1.0487755470231118e-11,4.3152417750089007e-10,ENSG00000066405,CLDN18,claudin 18 [Source:HGNC Symbol;Acc:HGNC:2039]
P57077,11.987328567947934,-1.3327521668042832,0.32941278680191005,-4.045842238679471,5.2135336470895005e-05,0.00042163282380972434,ENSG00000156265,MAP3K7CL,MAP3K7 C-terminal like [Source:HGNC Symbol;Acc:HGNC:16457]
P57078,380.04032171151385,-0.6876466980985212,0.19371829602195814,-3.549725101962366,0.0003856336138635487,0.002338400802899836,ENSG00000183421,RIPK4,receptor interacting serine/threonine kinase 4 [Source:HGNC Symbol;Acc:HGNC:496]
P57087,657.2867201149355,1.0130481772097637,0.1301385464394178,7.784382144466002,7.00547126368535e-15,5.082192870043313e-13,ENSG00000154721,JAM2,junctional adhesion molecule 2 [Source:HGNC Symbol;Acc:HGNC:14686]
P57739,229.87715460002218,-1.8498679626508894,0.39962052460494196,-4.629061443927679,3.673267742317558e-06,4.180095293553737e-05,ENSG00000165376,CLDN2,claudin 2 [Source:HGNC Symbol;Acc:HGNC:2041]
P57740,41.29323980427084,0.753276499642084,0.16627240455564615,4.5303759313229035,5.887882352381812e-06,6.297350019370925e-05,ENSG00000111581,NUP107,nucleoporin 107 [Source:HGNC Symbol;Acc:HGNC:29914]
P57796,78.17615158594218,1.0930801338459575,0.18035904468156427,6.060578418874764,1.3563290393852841e-09,3.465200375219296e-08,ENSG00000175544,CABP4,calcium binding protein 4 [Source:HGNC Symbol;Acc:HGNC:1386]
P58004,535.846000866748,-0.5344023907123286,0.14472226870026167,-3.6926065042494898,0.0002219673339539971,0.0014643337071556842,ENSG00000130766,SESN2,sestrin 2 [Source:HGNC Symbol;Acc:HGNC:20746]
P58005,2631.8882214032237,-0.6620231476922617,0.12819223710200944,-5.164299825468015,2.413405895864027e-07,3.721683517760969e-06,ENSG00000149212,SESN3,sestrin 3 [Source:HGNC Symbol;Acc:HGNC:23060]
P58397,409.33451794576587,-1.0444839388415914,0.23802224248818554,-4.388177877508381,1.1430427389929793e-05,0.00011319561996295988,ENSG00000151388,ADAMTS12,ADAM metallopeptidase with thrombospondin type 1 motif 12 [Source:HGNC Symbol;Acc:HGNC:14605]
P58557,20.17665072717694,0.7707521957445499,0.2267486396316231,3.3991480477974094,0.0006759611585731379,0.0037721779835961492,ENSG00000182362,YBEY,ybeY metalloendoribonuclease [Source:HGNC Symbol;Acc:HGNC:1299]
P58872,18.996690263451757,-1.4395427904786884,0.2312419830705506,-6.225265721058499,4.80740526004282e-10,1.3557866445650174e-08,ENSG00000141314,RHBDL3,rhomboid like 3 [Source:HGNC Symbol;Acc:HGNC:16502]
P58876,144.36196538626223,-1.204076845823809,0.2213490974420288,-5.4397187959582975,5.3364735002887654e-08,9.560963790873398e-07,ENSG00000158373,H2BC5,H2B clustered histone 5 [Source:HGNC Symbol;Acc:HGNC:4747]
P60508,32.45489992419459,0.6142686781950358,0.2233200828989786,2.7506199631535484,0.005948260729661929,0.02290204995320604,ENSG00000244476,ERVFRD-1,"endogenous retrovirus group FRD member 1, envelope [Source:HGNC Symbol;Acc:HGNC:33823]"
P60606,159.29044957220188,-1.622640995872406,0.3740712521113691,-4.337785880935086,1.4392526446660723e-05,0.00013788565519316055,ENSG00000178531,CTXN1,cortexin 1 [Source:HGNC Symbol;Acc:HGNC:31108]
P60903,3529.1250145249032,0.9875749049945065,0.192981876258756,5.117448975728352,3.0969580521550647e-07,4.6462797879066526e-06,ENSG00000197747,S100A10,S100 calcium binding protein A10 [Source:HGNC Symbol;Acc:HGNC:10487]
P60953,80.55434824861223,0.8360308253033482,0.2213080168721997,3.7776798017495086,0.00015829621654164466,0.0010981644415254581,ENSG00000070831,CDC42,cell division cycle 42 [Source:HGNC Symbol;Acc:HGNC:1736]
P61225,1383.0120729953107,-0.5772401091707106,0.09823822448370396,-5.875921640526644,4.204972103364591e-09,9.690329651787115e-08,ENSG00000181467,RAP2B,"RAP2B, member of RAS oncogene family [Source:HGNC Symbol;Acc:HGNC:9862]"
P61328,40.29021859691601,1.7778242083968672,0.26283422625597425,6.764051370788537,1.341854700726338e-11,5.42001164282393e-10,ENSG00000114279,FGF12,fibroblast growth factor 12 [Source:HGNC Symbol;Acc:HGNC:3668]
P61626,60.528022253336694,0.8285034621697783,0.2818688084292208,2.9393229665488914,0.0032893012138952536,0.014105045493145231,ENSG00000090382,LYZ,lysozyme [Source:HGNC Symbol;Acc:HGNC:6740]
P61647,516.1871095307825,1.9485774364793516,0.23158728379062227,8.414008768465274,3.962310835686689e-17,4.5043712974347545e-15,ENSG00000148488,ST8SIA6,"ST8 alpha-N-acetyl-neuraminide alpha-2,8-sialyltransferase 6 [Source:HGNC Symbol;Acc:HGNC:23317]"
P61769,38.451544364114454,0.6718214203087018,0.19820426645837452,3.3895406608202006,0.0007000982536617933,0.003886223731753634,ENSG00000166710,B2M,beta-2-microglobulin [Source:HGNC Symbol;Acc:HGNC:914]
P61925,420.131661350577,0.7531243095415727,0.12818981034582996,5.875071563877011,4.226607194257203e-09,9.724886150093866e-08,ENSG00000171033,PKIA,cAMP-dependent protein kinase inhibitor alpha [Source:HGNC Symbol;Acc:HGNC:9017]
P61981,4913.658308956946,-0.5391505539240131,0.143576491561206,-3.755145066308963,0.0001732411076071995,0.0011854357391154755,ENSG00000170027,YWHAG,tyrosine 3-monooxygenase/tryptophan 5-monooxygenase activation protein gamma [Source:HGNC Symbol;Acc:HGNC:12852]
P62166,666.3617075907302,-1.9421191699338762,0.20863447617222752,-9.308716399923563,1.2938649399624622e-20,2.5679671984071886e-18,ENSG00000107130,NCS1,neuronal calcium sensor 1 [Source:HGNC Symbol;Acc:HGNC:3953]
P62273,178.08933420566643,-0.8172910084978948,0.11773164565615675,-6.941982369675258,3.86635478223087e-12,1.705371767346392e-10,ENSG00000213741,RPS29,ribosomal protein S29 [Source:HGNC Symbol;Acc:HGNC:10419]
P62312,151.22703203767395,0.635625190821866,0.132135773236268,4.81039445453824,1.5063272881194596e-06,1.9103244400337296e-05,ENSG00000164167,LSM6,"LSM6 homolog, U6 small nuclear RNA and mRNA degradation associated [Source:HGNC Symbol;Acc:HGNC:17017]"
P62328,78172.8722515046,0.5527299752023758,0.10151698704053232,5.444704293496115,5.189151748121052e-08,9.326939906524995e-07,ENSG00000205542,TMSB4X,thymosin beta 4 X-linked [Source:HGNC Symbol;Acc:HGNC:11881]
P62508,70.00059705446337,-0.7140473817135905,0.2678458269104394,-2.6658895154351203,0.007678492309267357,0.028204775048065005,ENSG00000196482,ESRRG,estrogen related receptor gamma [Source:HGNC Symbol;Acc:HGNC:3474]
P62736,123.56465402112477,-1.0292144343574579,0.2611143325686806,-3.941623672023996,8.093188744268012e-05,0.0006163231511259901,ENSG00000107796,ACTA2,"actin alpha 2, smooth muscle [Source:HGNC Symbol;Acc:HGNC:130]"
P62745,12507.930938400064,0.5528423460838036,0.1716380149435595,3.2209784427161847,0.0012775375715048485,0.006441429721529018,ENSG00000143878,RHOB,ras homolog family member B [Source:HGNC Symbol;Acc:HGNC:668]
P62807,90.9802041610738,-0.9378065261314339,0.19638786250875065,-4.775277423723918,1.794596813239942e-06,2.2308153538380808e-05,ENSG00000278588,H2BC10,H2B clustered histone 10 [Source:HGNC Symbol;Acc:HGNC:4756]
P62834,1597.463260889901,0.5186261911290703,0.0812315131708849,6.384544259788047,1.7190865869388159e-10,5.354906156546419e-09,ENSG00000116473,RAP1A,"RAP1A, member of RAS oncogene family [Source:HGNC Symbol;Acc:HGNC:9855]"
P62857,35.83675893981576,0.5387253006433937,0.16287331293899923,3.3076339574744327,0.0009408770110103974,0.004983213640927786,ENSG00000233927,RPS28,ribosomal protein S28 [Source:HGNC Symbol;Acc:HGNC:10418]
P62877,21.028095760037633,0.8022996446665194,0.1769709507831418,4.533510393181128,5.801141037767153e-06,6.210600215869747e-05,ENSG00000100387,RBX1,ring-box 1 [Source:HGNC Symbol;Acc:HGNC:9928]
P62995,45.86964392707272,0.5139702465053005,0.15961236430561185,3.2201154888050847,0.001281389634482075,0.006459375314026899,ENSG00000136527,TRA2B,transformer 2 beta homolog [Source:HGNC Symbol;Acc:HGNC:10781]
P63027,1436.482038331173,0.5695284728927025,0.083465634521417,6.823508575215628,8.884343505120906e-12,3.682994580111588e-10,ENSG00000220205,VAMP2,vesicle associated membrane protein 2 [Source:HGNC Symbol;Acc:HGNC:12643]
P63096,20.79744979037946,0.7744725912412337,0.18885926792175264,4.100792085893873,4.117383740381413e-05,0.0003427889052864163,ENSG00000127955,GNAI1,G protein subunit alpha i1 [Source:HGNC Symbol;Acc:HGNC:4384]
P63261,22.685056270008243,0.823383939093624,0.27236088675832787,3.0231357699471424,0.002501699773083828,0.01124362885583671,ENSG00000184009,ACTG1,actin gamma 1 [Source:HGNC Symbol;Acc:HGNC:144]
P68431,85.12939805489766,-0.5020241367043818,0.17718810086559278,-2.833283579720715,0.004607249372927588,0.01856876419417855,ENSG00000287080,H3C3,H3 clustered histone 3 [Source:HGNC Symbol;Acc:HGNC:4768]
P78310,1223.1005391544961,0.7651042910529776,0.10979880301998922,6.968238906153539,3.2093290811526347e-12,1.4269867652366976e-10,ENSG00000154639,CXADR,CXADR Ig-like cell adhesion molecule [Source:HGNC Symbol;Acc:HGNC:2559]
P78363,32.129496851695116,-0.7405194326105604,0.1954654905451572,-3.788491925327774,0.00015156451798186167,0.0010572105810885725,ENSG00000198691,ABCA4,ATP binding cassette subfamily A member 4 [Source:HGNC Symbol;Acc:HGNC:34]
P78369,40.79943043956922,-2.8559165591533855,0.29951654363549957,-9.535087860218264,1.4975870304155102e-21,3.27007766027561e-19,ENSG00000134873,CLDN10,claudin 10 [Source:HGNC Symbol;Acc:HGNC:2033]
P78380,2308.0470412604036,1.3557328851859574,0.28698519302076086,4.724051686833481,2.3119161645252168e-06,2.7953398625240755e-05,ENSG00000173391,OLR1,oxidized low density lipoprotein receptor 1 [Source:HGNC Symbol;Acc:HGNC:8133]
P78396,197.59766483791987,-1.9372561187632953,0.4254052308572169,-4.55390761147814,5.2658489716241256e-06,5.712397108716108e-05,ENSG00000133101,CCNA1,cyclin A1 [Source:HGNC Symbol;Acc:HGNC:1577]
P78414,66.12583429740334,0.6879097796864071,0.19419983502347768,3.5422778788830724,0.0003966873514000561,0.002397517908406916,ENSG00000170549,IRX1,iroquois homeobox 1 [Source:HGNC Symbol;Acc:HGNC:14358]
P78527,453.9205993536929,-0.9336139078524865,0.27116260012503135,-3.4430039667048598,0.0005752908756697876,0.00329202516139634,ENSG00000253729,PRKDC,"protein kinase, DNA-activated, catalytic subunit [Source:HGNC Symbol;Acc:HGNC:9413]"
P78539,309.7465331124378,-1.4899268423543612,0.27016989887398657,-5.514777362556209,3.492217557471157e-08,6.521533892824868e-07,ENSG00000101955,SRPX,sushi repeat containing protein X-linked [Source:HGNC Symbol;Acc:HGNC:11309]
P80162,362.7776059065068,-3.9178124933816263,0.5205244738139737,-7.526663376027509,5.2053337961288956e-14,3.270610585180247e-12,ENSG00000124875,CXCL6,C-X-C motif chemokine ligand 6 [Source:HGNC Symbol;Acc:HGNC:10643]
P80217,252.1891482050132,0.565849756537173,0.1586032925149796,3.567704979918561,0.0003601216399560986,0.002206758168266685,ENSG00000068079,IFI35,interferon induced protein 35 [Source:HGNC Symbol;Acc:HGNC:5399]
P80723,840.6218571097154,-1.5233850234136554,0.1769676942271531,-8.608266215291593,7.417384376371629e-18,9.566257019678357e-16,ENSG00000176788,BASP1,brain abundant membrane attached signal protein 1 [Source:HGNC Symbol;Acc:HGNC:957]
P80748,6784.976387578381,-3.321511598296079,0.4636062510987426,-7.164509948742336,7.806529940621704e-13,3.912845711601615e-11,ENSG00000211662,IGLV3-21,immunoglobulin lambda variable 3-21 [Source:HGNC Symbol;Acc:HGNC:5905]
P82987,416.0468332108532,0.9063645877378386,0.21021884798450272,4.311528658955716,1.621297552914111e-05,0.00015306548044506765,ENSG00000156218,ADAMTSL3,ADAMTS like 3 [Source:HGNC Symbol;Acc:HGNC:14633]
P83110,1326.2811779647366,-0.9763488480932077,0.23270448220619408,-4.1956598293112695,2.7207834142999806e-05,0.0002389651828712536,ENSG00000170801,HTRA3,HtrA serine peptidase 3 [Source:HGNC Symbol;Acc:HGNC:30406]
P84103,618.8324903824565,0.5313402748035689,0.1203718202616731,4.4141583441083005,1.0140372060224638e-05,0.00010165262064372463,ENSG00000112081,SRSF3,serine and arginine rich splicing factor 3 [Source:HGNC Symbol;Acc:HGNC:10785]
P84243,5509.585471525828,0.5912984481130786,0.10959613790342425,5.395248951510762,6.84286079227618e-08,1.1929838095878172e-06,ENSG00000163041,H3-3A,H3.3 histone A [Source:HGNC Symbol;Acc:HGNC:4764]
P98066,165.4355959333919,-1.3405559782771883,0.3460427034313398,-3.873961118047892,0.00010708050451889468,0.0007819713399535441,ENSG00000123610,TNFAIP6,TNF alpha induced protein 6 [Source:HGNC Symbol;Acc:HGNC:11898]
P98088,687.3313763953977,-2.8613517868606664,0.8371859606336968,-3.417821035477953,0.0006312459932692274,0.0035632196405322608,ENSG00000215182,MUC5AC,"mucin 5AC, oligomeric mucus/gel-forming [Source:HGNC Symbol;Acc:HGNC:7515]"
P98095,1644.192102233619,-2.221069748493762,0.2829820828172032,-7.848799918291991,4.200371064736016e-15,3.250350296901337e-13,ENSG00000163520,FBLN2,fibulin 2 [Source:HGNC Symbol;Acc:HGNC:3601]
P98160,2963.1895944471917,-1.1654383735762464,0.204401819274352,-5.701702547040312,1.186166809868579e-08,2.4448339088637047e-07,ENSG00000142798,HSPG2,heparan sulfate proteoglycan 2 [Source:HGNC Symbol;Acc:HGNC:5273]
P98174,81.03915746621493,-1.0353461614031176,0.18221625846157405,-5.681963674067276,1.3315694752783376e-08,2.7090805542240275e-07,ENSG00000102302,FGD1,"FYVE, RhoGEF and PH domain containing 1 [Source:HGNC Symbol;Acc:HGNC:3663]"
Q00403,143.03153647443912,0.5341595064389595,0.1583852874587075,3.372532354548523,0.0007448033519769116,0.004093170477074211,ENSG00000137947,GTF2B,general transcription factor IIB [Source:HGNC Symbol;Acc:HGNC:4648]
Q008S8,406.4256706071488,-1.5739293422141336,0.42367794957603394,-3.714919182811221,0.000203268649218565,0.0013580390154093404,ENSG00000203734,ECT2L,epithelial cell transforming 2 like [Source:HGNC Symbol;Acc:HGNC:21118]
Q00G26,168.36567981198394,1.0013003041856192,0.23710776341866496,4.222975619813879,2.4109790872132333e-05,0.00021570682673184845,ENSG00000214456,PLIN5,perilipin 5 [Source:HGNC Symbol;Acc:HGNC:33196]
Q01082,996.5494502537287,1.0401860125830082,0.17263804177623085,6.025242188110958,1.688565801727351e-09,4.2173986626608154e-08,ENSG00000115306,SPTBN1,"spectrin beta, non-erythrocytic 1 [Source:HGNC Symbol;Acc:HGNC:11275]"
Q01118,2234.1018381192757,0.6367781181340559,0.15086651339009216,4.220804894506663,2.4343156208175884e-05,0.00021726587090858398,ENSG00000136546,SCN7A,sodium voltage-gated channel alpha subunit 7 [Source:HGNC Symbol;Acc:HGNC:10594]
Q01196,3297.3274770487574,-0.7494422583712882,0.1331436618255538,-5.628824144503515,1.8144226615110088e-08,3.5888141145259e-07,ENSG00000159216,RUNX1,RUNX family transcription factor 1 [Source:HGNC Symbol;Acc:HGNC:10471]
Q01344,22.13687031958377,-0.963450006819741,0.2817871426623214,-3.4190701453482846,0.0006283552585797169,0.0035505372464045806,ENSG00000091181,IL5RA,interleukin 5 receptor subunit alpha [Source:HGNC Symbol;Acc:HGNC:6017]
Q01432,314.78744310304177,-0.6684027666356652,0.13672295546380434,-4.888738429975033,1.014842314459577e-06,1.3346053907627615e-05,ENSG00000133805,AMPD3,adenosine monophosphate deaminase 3 [Source:HGNC Symbol;Acc:HGNC:470]
Q01543,19.395913660142813,0.5299377138179245,0.207288709176322,2.556519918155088,0.01057250180810937,0.03661525673304712,ENSG00000151702,FLI1,"Fli-1 proto-oncogene, ETS transcription factor [Source:HGNC Symbol;Acc:HGNC:3749]"
Q01581,1039.3921910351817,0.5722087113312923,0.16767755887628988,3.4125539229340744,0.0006435719310111581,0.003619734279427705,ENSG00000112972,HMGCS1,3-hydroxy-3-methylglutaryl-CoA synthase 1 [Source:HGNC Symbol;Acc:HGNC:5007]
Q01650,43.65488263570593,-2.2809855456996178,0.39754306605938144,-5.737706780575326,9.59670757650947e-09,2.0350556624263448e-07,ENSG00000103257,SLC7A5,solute carrier family 7 member 5 [Source:HGNC Symbol;Acc:HGNC:11063]
Q01892,45.003381029466965,-1.152668948076985,0.3017457607612476,-3.8200004704921753,0.00013345141949789514,0.000943313335130314,ENSG00000269404,SPIB,Spi-B transcription factor [Source:HGNC Symbol;Acc:HGNC:11242]
Q01955,215.72055713149632,1.4638270204936006,0.22174418051351502,6.601422491014966,4.072311647903102e-11,1.4627159785481272e-09,ENSG00000169031,COL4A3,collagen type IV alpha 3 chain [Source:HGNC Symbol;Acc:HGNC:2204]
Q02223,51.825316713852345,-1.8452293090051657,0.3467401119272261,-5.321649401187374,1.028306091007263e-07,1.7258951697925556e-06,ENSG00000048462,TNFRSF17,TNF receptor superfamily member 17 [Source:HGNC Symbol;Acc:HGNC:11913]
Q02224,120.65882927502436,-0.722857614425948,0.1969672280625772,-3.669938504674968,0.00024260882607321082,0.001575528577802883,ENSG00000138778,CENPE,centromere protein E [Source:HGNC Symbol;Acc:HGNC:1856]
Q02325,23.88366331758919,0.8451372018883143,0.2632082716621391,3.210906695869931,0.0013231688890975688,0.0066366082966017245,ENSG00000183281,PLGLB1,plasminogen like B1 [Source:HGNC Symbol;Acc:HGNC:9072]
Q02388,220.46985957057979,-2.241687764510199,0.22652162706953338,-9.896131303268836,4.3269023236101756e-23,1.2895338357418759e-20,ENSG00000114270,COL7A1,collagen type VII alpha 1 chain [Source:HGNC Symbol;Acc:HGNC:2214]
Q02446,10.874745135272255,0.9110104413689334,0.2711343321393599,3.359996626693091,0.0007794342420066738,0.004252756747455513,ENSG00000105866,SP4,Sp4 transcription factor [Source:HGNC Symbol;Acc:HGNC:11209]
Q02809,133.43344624813162,-0.8744257375944371,0.19088956710329902,-4.5807937587350995,4.632144733055086e-06,5.105313340469609e-05,ENSG00000083444,PLOD1,"procollagen-lysine,2-oxoglutarate 5-dioxygenase 1 [Source:HGNC Symbol;Acc:HGNC:9081]"
Q02930,584.1482522663331,0.7388925650416802,0.2207758595976883,3.3467996292173283,0.0008175027778064592,0.004430869073910949,ENSG00000146592,CREB5,cAMP responsive element binding protein 5 [Source:HGNC Symbol;Acc:HGNC:16844]
Q03001,588.8002116738725,-2.5690289576029346,0.2449328873387292,-10.48870564306909,9.735286066023778e-26,4.9930697418625214e-23,ENSG00000151914,DST,dystonin [Source:HGNC Symbol;Acc:HGNC:1090]
Q03135,45.829715441709816,2.042677342517308,0.24630860687433587,8.293162664670753,1.1027637156304446e-16,1.1863585846104306e-14,ENSG00000105974,CAV1,caveolin 1 [Source:HGNC Symbol;Acc:HGNC:1527]
Q03252,568.5082818042904,-0.7091197434017031,0.13024866165063817,-5.444353396150452,5.199390511068577e-08,9.337732763119414e-07,ENSG00000176619,LMNB2,lamin B2 [Source:HGNC Symbol;Acc:HGNC:6638]
Q03692,285.7573564042753,-3.776625013961893,0.3214962546324607,-11.747026472452648,7.314773486116029e-32,1.240923188175407e-28,ENSG00000123500,COL10A1,collagen type X alpha 1 chain [Source:HGNC Symbol;Acc:HGNC:2185]
Q03701,781.6325405400182,-0.514888387359997,0.14637732000389617,-3.517542112031372,0.0004355632322141086,0.0025926886702429017,ENSG00000115816,CEBPZ,CCAAT enhancer binding protein zeta [Source:HGNC Symbol;Acc:HGNC:24218]
Q03924,1134.922516289856,0.5826015751682536,0.17817401153686532,3.2698459788997325,0.0010760605715698928,0.005583495275468186,ENSG00000152926,ZNF117,zinc finger protein 117 [Source:HGNC Symbol;Acc:HGNC:12897]
Q04759,303.9456561874339,0.6696259612583975,0.14960925387406301,4.4758325031289194,7.611414067105636e-06,7.894270641011042e-05,ENSG00000065675,PRKCQ,protein kinase C theta [Source:HGNC Symbol;Acc:HGNC:9410]
Q05209,1671.152550931114,0.6541277367974888,0.13227431573070225,4.945236217507484,7.605158784705029e-07,1.039183220804738e-05,ENSG00000127947,PTPN12,protein tyrosine phosphatase non-receptor type 12 [Source:HGNC Symbol;Acc:HGNC:9645]
Q05682,568.7073934912873,-1.4686578607619971,0.2494802128145552,-5.886871123737924,3.935753732625096e-09,9.107986654702398e-08,ENSG00000122786,CALD1,caldesmon 1 [Source:HGNC Symbol;Acc:HGNC:1441]
Q05707,4523.795687314054,-2.468043921932795,0.23978718368852175,-10.29264318454455,7.605930825701002e-25,3.1063184894446274e-22,ENSG00000187955,COL14A1,collagen type XIV alpha 1 chain [Source:HGNC Symbol;Acc:HGNC:2191]
Q05BQ5,709.9593721571069,0.5350483364247701,0.11489789521593038,4.656728788801926,3.2127321949459544e-06,3.715448129383224e-05,ENSG00000011258,MBTD1,mbt domain containing 1 [Source:HGNC Symbol;Acc:HGNC:19866]
Q06055,49.72498484099042,0.7631196342173774,0.29653251099649486,2.57347712617723,0.01006823018593013,0.03519491972111319,ENSG00000135390,ATP5MC2,ATP synthase membrane subunit c locus 2 [Source:HGNC Symbol;Acc:HGNC:842]
Q06278,154.36733021833612,-0.756603023216492,0.1968450763440779,-3.8436471831989225,0.00012121924325802614,0.0008665702401337143,ENSG00000138356,AOX1,aldehyde oxidase 1 [Source:HGNC Symbol;Acc:HGNC:553]
Q06418,57.59844180606498,0.5976150514312879,0.19108410925387287,3.1274973819895258,0.001763013900220395,0.008423203759848482,ENSG00000092445,TYRO3,TYRO3 protein tyrosine kinase [Source:HGNC Symbol;Acc:HGNC:12446]
Q06455,341.44142748677467,0.5970600648742579,0.17574856989008797,3.3972399618822244,0.0006806924816331415,0.0037947401390134735,ENSG00000079102,RUNX1T1,RUNX1 partner transcriptional co-repressor 1 [Source:HGNC Symbol;Acc:HGNC:1535]
Q06481,4344.669777043667,0.6279117975792234,0.10943977843485538,5.737509766186079,9.60787411504303e-09,2.0354664335558021e-07,ENSG00000084234,APLP2,amyloid beta precursor like protein 2 [Source:HGNC Symbol;Acc:HGNC:598]
Q06828,30.022762663573378,-1.3349699887897712,0.2602681080633157,-5.129210792376498,2.909593970065427e-07,4.398093585731523e-06,ENSG00000122176,FMOD,fibromodulin [Source:HGNC Symbol;Acc:HGNC:3774]
Q07011,106.08120274112235,-0.9731489260472007,0.3348863424875056,-2.9059080726276805,0.003661890138154646,0.015354727344899309,ENSG00000049249,TNFRSF9,TNF receptor superfamily member 9 [Source:HGNC Symbol;Acc:HGNC:11924]
Q07065,1634.1242058634207,-1.036006433412373,0.15880798083905373,-6.523642123895076,6.86203279553451e-11,2.3535812017530025e-09,ENSG00000136026,CKAP4,cytoskeleton associated protein 4 [Source:HGNC Symbol;Acc:HGNC:16991]
Q07866,222.25272311822553,0.8653658986670523,0.18461092756071865,4.687511785468024,2.7654678017659126e-06,3.264969320136266e-05,ENSG00000126214,KLC1,kinesin light chain 1 [Source:HGNC Symbol;Acc:HGNC:6387]
Q07869,676.2560592608595,-0.523967384729848,0.12273214967243884,-4.269194226030183,1.9618038636290843e-05,0.0001811793233185755,ENSG00000186951,PPARA,peroxisome proliferator activated receptor alpha [Source:HGNC Symbol;Acc:HGNC:9232]
Q07954,5582.064312329485,-0.8243383990221782,0.2697592680917289,-3.0558297583379797,0.0022443865059794442,0.010291662191607084,ENSG00000123384,LRP1,LDL receptor related protein 1 [Source:HGNC Symbol;Acc:HGNC:6692]
Q07960,1334.506196844059,-0.5905146701857527,0.10451001343325214,-5.650316661406797,1.6015253667561343e-08,3.2050853392413595e-07,ENSG00000175220,ARHGAP1,Rho GTPase activating protein 1 [Source:HGNC Symbol;Acc:HGNC:673]
Q07973,131.1954064778211,-3.7543854762906053,0.5913708415035543,-6.348614461181613,2.172627570106177e-10,6.636444381041777e-09,ENSG00000019186,CYP24A1,cytochrome P450 family 24 subfamily A member 1 [Source:HGNC Symbol;Acc:HGNC:2602]
Q08116,474.7526735581607,-1.653734854088776,0.3723523607444301,-4.441316957901182,8.9409983277483e-06,9.107841899314596e-05,ENSG00000090104,RGS1,regulator of G protein signaling 1 [Source:HGNC Symbol;Acc:HGNC:9991]
Q08174,88.7963074617444,0.8065898237583161,0.18455272024295072,4.370511703628628,1.2395571008185507e-05,0.00012160672731962776,ENSG00000156453,PCDH1,protocadherin 1 [Source:HGNC Symbol;Acc:HGNC:8655]
Q08211,409.523627520547,-0.5787958034575308,0.18254425489012613,-3.17071497980536,0.0015206426597286027,0.007464111555231383,ENSG00000135829,DHX9,DExH-box helicase 9 [Source:HGNC Symbol;Acc:HGNC:2750]
Q08462,21.46292418398637,-1.7946760739323184,0.26710606514973345,-6.718964142301542,1.830209363115205e-11,7.081304788446093e-10,ENSG00000078295,ADCY2,adenylate cyclase 2 [Source:HGNC Symbol;Acc:HGNC:233]
Q08722,21.6121313961538,0.5713265608114018,0.16513550533664215,3.4597439214946912,0.0005406893199586988,0.003114459889354348,ENSG00000196776,CD47,CD47 molecule [Source:HGNC Symbol;Acc:HGNC:1682]
Q08752,118.82188840911546,-0.7315372784953247,0.14039747894295546,-5.210473037001995,1.88359754807911e-07,2.979975633094454e-06,ENSG00000171497,PPID,peptidylprolyl isomerase D [Source:HGNC Symbol;Acc:HGNC:9257]
Q08AI8,351.1088209237169,0.8273831537855905,0.184547239599029,4.483313625190326,7.349279224505926e-06,7.652549764742856e-05,ENSG00000172478,MAB21L4,mab-21 like 4 [Source:HGNC Symbol;Acc:HGNC:26216]
Q08AJ9,13.091497720505217,-1.2975928421370708,0.28663416710039435,-4.526999887220652,5.982697200290596e-06,6.389462666111807e-05,ENSG00000278463,H2AC4,H2A clustered histone 4 [Source:HGNC Symbol;Acc:HGNC:4734]
Q08AM6,17.090593698920664,-0.8054805219976918,0.19502629508094596,-4.130112412089744,3.625858997549192e-05,0.0003068484049575974,ENSG00000103043,VAC14,VAC14 component of PIKFYVE complex [Source:HGNC Symbol;Acc:HGNC:25507]
Q09327,871.526179234038,1.371492244467176,0.18139831946031423,7.560666761123037,4.0100840019215996e-14,2.593501248632814e-12,ENSG00000128268,MGAT3,"beta-1,4-mannosyl-glycoprotein 4-beta-N-acetylglucosaminyltransferase [Source:HGNC Symbol;Acc:HGNC:7046]"
Q09328,2238.790014397788,-0.5383302860422167,0.11245546444882154,-4.787053156382727,1.6924801827711098e-06,2.1171842286349433e-05,ENSG00000152127,MGAT5,"alpha-1,6-mannosylglycoprotein 6-beta-N-acetylglucosaminyltransferase [Source:HGNC Symbol;Acc:HGNC:7049]"
Q0D2J5,59.79493711919107,0.8669652806959726,0.1936713171918352,4.476477432315011,7.588468537468628e-06,7.875580476486265e-05,ENSG00000197054,ZNF763,zinc finger protein 763 [Source:HGNC Symbol;Acc:HGNC:27614]
Q0D2K0,15.71449413224168,-1.8891983061283595,0.3080026380155193,-6.133708199061492,8.585393191309072e-10,2.289507393484042e-08,ENSG00000172548,NIPAL4,NIPA like domain containing 4 [Source:HGNC Symbol;Acc:HGNC:28018]
Q0VAM2,406.51430065396414,0.7215487488413689,0.19360738751301798,3.7268657880777023,0.00019387562765890059,0.0013055482915423698,ENSG00000138670,RASGEF1B,RasGEF domain family member 1B [Source:HGNC Symbol;Acc:HGNC:24881]
Q0VF96,2430.8184035505055,0.8834140676369485,0.15331174788237048,5.762207266169544,8.302095597124298e-09,1.7828083378673737e-07,ENSG00000128849,CGNL1,cingulin like 1 [Source:HGNC Symbol;Acc:HGNC:25931]
Q10471,152.88430488020686,-1.2922667269098522,0.21593782056012192,-5.984439055455116,2.171368710571643e-09,5.285581185755741e-08,ENSG00000143641,GALNT2,polypeptide N-acetylgalactosaminyltransferase 2 [Source:HGNC Symbol;Acc:HGNC:4124]
Q10472,1230.1683307049339,-0.5506886135607589,0.09909463631660885,-5.5571989971414855,2.7413816299644e-08,5.247570912850627e-07,ENSG00000141429,GALNT1,polypeptide N-acetylgalactosaminyltransferase 1 [Source:HGNC Symbol;Acc:HGNC:4123]
Q10587,953.3462296447804,0.6577883023917779,0.27068676436434774,2.430071909634956,0.015095827421356624,0.04887307368623003,ENSG00000167074,TEF,"TEF transcription factor, PAR bZIP family member [Source:HGNC Symbol;Acc:HGNC:11722]"
Q10981,208.5647668994499,-2.807265640935913,0.2882427482200354,-9.739241171795012,2.0507999738320843e-22,5.13958438896509e-20,ENSG00000176920,FUT2,fucosyltransferase 2 [Source:HGNC Symbol;Acc:HGNC:4013]
Q11201,3192.6489050555506,-0.5959062800367828,0.1576326134623744,-3.780348919857379,0.0001566087282250142,0.0010878264227636104,ENSG00000008513,ST3GAL1,"ST3 beta-galactoside alpha-2,3-sialyltransferase 1 [Source:HGNC Symbol;Acc:HGNC:10862]"
Q12765,1657.3257358973246,-0.6617854620948622,0.14001670055125362,-4.726475195382949,2.2845068353874187e-06,2.769791849787473e-05,ENSG00000136193,SCRN1,secernin 1 [Source:HGNC Symbol;Acc:HGNC:22192]
Q12778,1637.0461227073647,-0.5134869505872484,0.15218846571105207,-3.3740201544719195,0.0007407894372498416,0.004079243507892137,ENSG00000150907,FOXO1,forkhead box O1 [Source:HGNC Symbol;Acc:HGNC:3819]
Q12789,566.5504313165044,-0.693297723900603,0.19507292030614945,-3.554043907337494,0.0003793558740266334,0.002306676163711986,ENSG00000077235,GTF3C1,general transcription factor IIIC subunit 1 [Source:HGNC Symbol;Acc:HGNC:4664]
Q12794,784.306439052869,1.3638274038019549,0.15926132615279245,8.563456281241333,1.0953341406117613e-17,1.349525091455407e-15,ENSG00000114378,HYAL1,hyaluronidase 1 [Source:HGNC Symbol;Acc:HGNC:5320]
Q12796,1563.6180414069847,0.5079852547121568,0.15306643646305054,3.3187239897283543,0.0009042976451202715,0.004825400499753803,ENSG00000146278,PNRC1,proline rich nuclear receptor coactivator 1 [Source:HGNC Symbol;Acc:HGNC:17278]
Q12797,1429.2779746379756,-0.5280652003801387,0.12370086272949928,-4.26888858111585,1.964493606669806e-05,0.0001813517873649891,ENSG00000198363,ASPH,aspartate beta-hydroxylase [Source:HGNC Symbol;Acc:HGNC:757]
Q12802,35.875500346251684,0.693502606822412,0.1804372558164135,3.843455741357642,0.00012131388551689363,0.0008669657910530046,ENSG00000170776,AKAP13,A-kinase anchoring protein 13 [Source:HGNC Symbol;Acc:HGNC:371]
Q12834,10.827231270836227,-1.3832505296119846,0.3006738590064846,-4.600501467545777,4.214750510560176e-06,4.706435835944006e-05,ENSG00000117399,CDC20,cell division cycle 20 [Source:HGNC Symbol;Acc:HGNC:1723]
Q12841,9070.70153724229,-1.2623061933217712,0.17022019495866136,-7.41572522360421,1.209610540568092e-13,7.0201975951812365e-12,ENSG00000163430,FSTL1,follistatin like 1 [Source:HGNC Symbol;Acc:HGNC:3972]
Q12851,253.12051322449219,1.8556883561585327,0.16700633780410762,11.111484633207082,1.1031006609800111e-28,9.356839222020448e-26,ENSG00000168067,MAP4K2,mitogen-activated protein kinase kinase kinase kinase 2 [Source:HGNC Symbol;Acc:HGNC:6864]
Q12866,10.808519601178974,-1.2766508408379265,0.2874918811990339,-4.440650064667693,8.9687536319104e-06,9.131897165196304e-05,ENSG00000153208,MERTK,"MER proto-oncogene, tyrosine kinase [Source:HGNC Symbol;Acc:HGNC:7027]"
Q12870,16.32263709766551,1.0759151726807756,0.2780654301870161,3.8692877858177357,0.00010915374133485527,0.0007944807298346198,ENSG00000125878,TCF15,transcription factor 15 [Source:HGNC Symbol;Acc:HGNC:11627]
Q12889,61.834570963969234,0.6258266598757874,0.226578318047758,2.7620765537851515,0.005743500985722773,0.02225745400441575,ENSG00000085465,OVGP1,oviductal glycoprotein 1 [Source:HGNC Symbol;Acc:HGNC:8524]
Q12891,1732.4274936091072,0.6504891765684904,0.18545035860702433,3.5076188660648495,0.00045213631204322655,0.002674018296004644,ENSG00000068001,HYAL2,hyaluronidase 2 [Source:HGNC Symbol;Acc:HGNC:5321]
Q12918,204.12768462022777,1.017786313215014,0.19813418144035186,5.1368537514129935,2.7937619918178887e-07,4.239998896763035e-06,ENSG00000111796,KLRB1,killer cell lectin like receptor B1 [Source:HGNC Symbol;Acc:HGNC:6373]
Q12934,73.92946017070956,1.3256219383879027,0.1668705680399394,7.944012859539277,1.957432881998692e-15,1.6107919693880284e-13,ENSG00000125864,BFSP1,beaded filament structural protein 1 [Source:HGNC Symbol;Acc:HGNC:1040]
Q12946,1282.5016548605129,0.9724154622707196,0.20921157162721624,4.6480003697090835,3.351683133823549e-06,3.863984309113673e-05,ENSG00000103241,FOXF1,forkhead box F1 [Source:HGNC Symbol;Acc:HGNC:3809]
Q12952,145.79733440626018,-1.1827505881009692,0.1959668525529224,-6.035462491196353,1.5850804609311877e-09,3.976947040429626e-08,ENSG00000176678,FOXL1,forkhead box L1 [Source:HGNC Symbol;Acc:HGNC:3817]
Q12955,377.28216603004705,0.9278540411129224,0.17604471015675588,5.270559054496617,1.360088564019933e-07,2.226829487074655e-06,ENSG00000151150,ANK3,ankyrin 3 [Source:HGNC Symbol;Acc:HGNC:494]
Q13023,314.74185848908473,-0.6722993704829369,0.20349453125101016,-3.303771193996642,0.0009539365417621514,0.005048744058560712,ENSG00000151320,AKAP6,A-kinase anchoring protein 6 [Source:HGNC Symbol;Acc:HGNC:376]
Q13049,419.8830975289605,-0.8736649080664859,0.11997097374639591,-7.282302383519097,3.2817046298871523e-13,1.769552907274603e-11,ENSG00000119401,TRIM32,tripartite motif containing 32 [Source:HGNC Symbol;Acc:HGNC:16380]
Q13093,580.8592150513351,-2.232903598145552,0.2631326202060847,-8.485848681158377,2.141499687505741e-17,2.512161388736788e-15,ENSG00000146070,PLA2G7,phospholipase A2 group VII [Source:HGNC Symbol;Acc:HGNC:9040]
Q13106,434.2141435405661,-0.6972316681575449,0.16357199162504069,-4.262537010344796,2.0211900985934813e-05,0.0001855758802430501,ENSG00000179909,ZNF154,zinc finger protein 154 [Source:HGNC Symbol;Acc:HGNC:12939]
Q13115,737.9335484527933,-0.522144939868452,0.1656241775252007,-3.1525888772429047,0.0016182954905820592,0.007855486313821523,ENSG00000120875,DUSP4,dual specificity phosphatase 4 [Source:HGNC Symbol;Acc:HGNC:3070]
Q13158,86.37963168371857,-0.8443280750391042,0.19897508418192306,-4.243385942066668,2.2017230042976045e-05,0.0001994938337583376,ENSG00000168040,FADD,Fas associated via death domain [Source:HGNC Symbol;Acc:HGNC:3573]
Q13201,598.9619074192876,-1.1866032376923867,0.23505828933305273,-5.0481233444658296,4.461710677969334e-07,6.452365068323652e-06,ENSG00000138722,MMRN1,multimerin 1 [Source:HGNC Symbol;Acc:HGNC:7178]
Q13207,13.49874171583423,1.6514622746054053,0.26272478632592555,6.285902056293498,3.2595540825458403e-10,9.584827431528795e-09,ENSG00000121068,TBX2,T-box transcription factor 2 [Source:HGNC Symbol;Acc:HGNC:11597]
Q13219,612.9483406217595,-3.3333291960926723,0.3814513120625566,-8.73854431924465,2.3613326701971238e-18,3.2345857582936255e-16,ENSG00000182752,PAPPA,pappalysin 1 [Source:HGNC Symbol;Acc:HGNC:8602]
Q13237,13.555751891558343,1.9324209796679435,0.39162038990595277,4.934423818259341,8.038771398691994e-07,1.0896562042209787e-05,ENSG00000138669,PRKG2,protein kinase cGMP-dependent 2 [Source:HGNC Symbol;Acc:HGNC:9416]
Q13241,311.0578705680299,1.7622945267474575,0.2352453221046549,7.491305293473405,6.819198986077483e-14,4.165944998308942e-12,ENSG00000134539,KLRD1,killer cell lectin like receptor D1 [Source:HGNC Symbol;Acc:HGNC:6378]
Q13257,53.13760815414787,-0.5542582552975283,0.16603423376056206,-3.338216720395289,0.0008431795705958081,0.00454213049582803,ENSG00000164109,MAD2L1,mitotic arrest deficient 2 like 1 [Source:HGNC Symbol;Acc:HGNC:6763]
Q13258,79.63517606143625,1.0330059685400947,0.24244005720657422,4.260871658101897,2.036311496758903e-05,0.00018657587764653446,ENSG00000168229,PTGDR,prostaglandin D2 receptor [Source:HGNC Symbol;Acc:HGNC:9591]
Q13286,16.699310502607627,1.0307011133817559,0.24266509260006525,4.24742224906838,2.1624417322792383e-05,0.00019641882192622043,ENSG00000188603,CLN3,"CLN3 lysosomal/endosomal transmembrane protein, battenin [Source:HGNC Symbol;Acc:HGNC:2074]"
Q13291,212.71381701895413,-0.5645802150761652,0.21664460430266277,-2.6060202001958,0.009160105924606018,0.03260968136582101,ENSG00000117090,SLAMF1,signaling lymphocytic activation molecule family member 1 [Source:HGNC Symbol;Acc:HGNC:10903]
Q13304,100.85039930921828,1.7197732606613163,0.32268118371346033,5.329636022993111,9.840979154677555e-08,1.6592733507435688e-06,ENSG00000144230,GPR17,G protein-coupled receptor 17 [Source:HGNC Symbol;Acc:HGNC:4471]
Q13310,25.96076745402948,-0.9072785765683739,0.21609084118105526,-4.198598013731621,2.685726027427575e-05,0.0002363567510330716,ENSG00000090621,PABPC4,poly(A) binding protein cytoplasmic 4 [Source:HGNC Symbol;Acc:HGNC:8557]
Q13323,69.95771277987554,-1.2099453107684992,0.20606466063001777,-5.871677885326081,4.314063532911075e-09,9.900349339731617e-08,ENSG00000100290,BIK,BCL2 interacting killer [Source:HGNC Symbol;Acc:HGNC:1051]
Q13326,110.56247209761125,1.8167546808807233,0.29331625299731473,6.193842524291879,5.871489075993552e-10,1.6186227510245222e-08,ENSG00000102683,SGCG,sarcoglycan gamma [Source:HGNC Symbol;Acc:HGNC:10809]
Q13332,695.37788549011,0.5748209773488252,0.16121048155868017,3.56565510996003,0.0003629484222419113,0.002219147353513477,ENSG00000105426,PTPRS,protein tyrosine phosphatase receptor type S [Source:HGNC Symbol;Acc:HGNC:9681]
Q13349,17.938156607441613,1.2919815518377085,0.34364874265069073,3.7595992404109317,0.00017018575905723484,0.001167789897401449,ENSG00000156886,ITGAD,integrin subunit alpha D [Source:HGNC Symbol;Acc:HGNC:6146]
Q13415,38.82982092026397,-0.7279031847010135,0.17877344782229698,-4.07165154315622,4.668097672069483e-05,0.0003829993529011175,ENSG00000085840,ORC1,origin recognition complex subunit 1 [Source:HGNC Symbol;Acc:HGNC:8487]
Q13423,100.13414203525251,0.5001599281220296,0.0900369978695743,5.555048923849625,2.7753401691056935e-08,5.294753640956485e-07,ENSG00000112992,NNT,nicotinamide nucleotide transhydrogenase [Source:HGNC Symbol;Acc:HGNC:7863]
Q13428,71.93124934791746,0.8717482326694592,0.19325275693167604,4.510922620253553,6.454626523337034e-06,6.833909426100574e-05,ENSG00000070814,TCOF1,treacle ribosome biogenesis factor 1 [Source:HGNC Symbol;Acc:HGNC:11654]
Q13433,1243.4638490725808,-0.5889623801395807,0.08520106876231902,-6.912617279280597,4.757923482810921e-12,2.0696497927004352e-10,ENSG00000141424,SLC39A6,solute carrier family 39 member 6 [Source:HGNC Symbol;Acc:HGNC:18607]
Q13449,25.428362124660822,-1.8694625809533054,0.3444259530121844,-5.427763397629827,5.7064616707786976e-08,1.0182063566937975e-06,ENSG00000185565,LSAMP,limbic system associated membrane protein [Source:HGNC Symbol;Acc:HGNC:6705]
Q13451,8055.46453492254,-1.2976099452301337,0.39227273340285895,-3.3079279662741823,0.000939889817366824,0.004979209691861395,ENSG00000096060,FKBP5,FKBP prolyl isomerase 5 [Source:HGNC Symbol;Acc:HGNC:3721]
Q13467,1001.2746471976225,0.8359128875179094,0.15126574734144602,5.526121426756562,3.273875849879081e-08,6.171116067797714e-07,ENSG00000163251,FZD5,frizzled class receptor 5 [Source:HGNC Symbol;Acc:HGNC:4043]
Q13480,1069.744834649005,0.9061286434498855,0.1159914681321305,7.812028402103491,5.627487492021452e-15,4.2213812635728266e-13,ENSG00000109458,GAB1,GRB2 associated binding protein 1 [Source:HGNC Symbol;Acc:HGNC:4066]
Q13491,449.4994863238954,0.7585298643887657,0.1620086438076264,4.682033295022612,2.8404333102616246e-06,3.339174638833149e-05,ENSG00000046653,GPM6B,glycoprotein M6B [Source:HGNC Symbol;Acc:HGNC:4461]
Q13507,53.44664260516803,1.9029466073006323,0.27284604303705745,6.974433589429691,3.071055704195288e-12,1.3702236829817494e-10,ENSG00000138741,TRPC3,transient receptor potential cation channel subfamily C member 3 [Source:HGNC Symbol;Acc:HGNC:12335]
Q13519,21.040754472807475,-2.1919845801179814,0.3425106738904162,-6.399755532346682,1.5562592349362118e-10,4.8752473248981845e-09,ENSG00000168081,PNOC,prepronociceptin [Source:HGNC Symbol;Acc:HGNC:9163]
Q13608,756.8430045457137,-0.631394289949846,0.1537369784730273,-4.106977359780895,4.0087050490164334e-05,0.00033513260481807586,ENSG00000124587,PEX6,peroxisomal biogenesis factor 6 [Source:HGNC Symbol;Acc:HGNC:8859]
Q13625,420.04637262353214,0.7691665122529868,0.1837818842068781,4.185213986527408,2.8489758757065934e-05,0.00024814894930028916,ENSG00000143514,TP53BP2,tumor protein p53 binding protein 2 [Source:HGNC Symbol;Acc:HGNC:12000]
Q13627,64.1462534160341,0.7574052990858207,0.19870347566351101,3.8117365413800215,0.00013799391458695564,0.0009719954622487127,ENSG00000157540,DYRK1A,dual specificity tyrosine phosphorylation regulated kinase 1A [Source:HGNC Symbol;Acc:HGNC:3091]
Q13636,5116.265203507237,-0.6161876129895133,0.12883539282331644,-4.782751070853231,1.7291220640573629e-06,2.160569858397795e-05,ENSG00000168461,RAB31,"RAB31, member RAS oncogene family [Source:HGNC Symbol;Acc:HGNC:9771]"
Q13639,24.228249350712975,-1.6324402348759997,0.2645646312856473,-6.1702890025139965,6.816528375342884e-10,1.858241245856761e-08,ENSG00000164270,HTR4,5-hydroxytryptamine receptor 4 [Source:HGNC Symbol;Acc:HGNC:5299]
Q13641,551.8465821027739,-1.3020793162942856,0.12836887510213002,-10.143263429381568,3.5503658463634655e-24,1.2234338808703104e-21,ENSG00000146242,TPBG,trophoblast glycoprotein [Source:HGNC Symbol;Acc:HGNC:12004]
Q13642,10.494913062131104,1.3965432539336613,0.31060720685122306,4.496171444607169,6.918795595571342e-06,7.269514914946659e-05,ENSG00000022267,FHL1,four and a half LIM domains 1 [Source:HGNC Symbol;Acc:HGNC:3702]
Q13797,1028.3778561467107,-0.728039100782879,0.14468033788786722,-5.032052809740721,4.85255542540368e-07,6.971873443117443e-06,ENSG00000144668,ITGA9,integrin subunit alpha 9 [Source:HGNC Symbol;Acc:HGNC:6145]
Q13835,396.05889482893053,-1.613957713441096,0.34227465060268847,-4.715387805083392,2.41250802731523e-06,2.893173030691141e-05,ENSG00000081277,PKP1,plakophilin 1 [Source:HGNC Symbol;Acc:HGNC:9023]
Q13875,14.554063558909307,-1.0932355120243553,0.3561678259169908,-3.0694392712472216,0.002144610020783909,0.00990517893159546,ENSG00000168314,MOBP,myelin associated oligodendrocyte basic protein [Source:HGNC Symbol;Acc:HGNC:7189]
Q13946,1083.1182494628397,0.6525920731410427,0.142440565657864,4.581504363781735,4.6164297000319324e-06,5.0930835720112175e-05,ENSG00000205268,PDE7A,phosphodiesterase 7A [Source:HGNC Symbol;Acc:HGNC:8791]
Q13972,552.9914566852483,0.7070600222632806,0.23706287913330001,2.9825843035750106,0.002858259184048445,0.012544487173135204,ENSG00000058335,RASGRF1,Ras protein specific guanine nucleotide releasing factor 1 [Source:HGNC Symbol;Acc:HGNC:9875]
Q13976,64.06240162466791,0.8694752813256859,0.1783217179603149,4.875879905549057,1.0832450005486144e-06,1.4169564200533297e-05,ENSG00000185532,PRKG1,protein kinase cGMP-dependent 1 [Source:HGNC Symbol;Acc:HGNC:9414]
Q14032,18.6458610377165,-3.363927682848695,0.3804571251582186,-8.841804924667285,9.418456026868869e-19,1.394057914205141e-16,ENSG00000136881,BAAT,bile acid-CoA:amino acid N-acyltransferase [Source:HGNC Symbol;Acc:HGNC:932]
Q14088,32.8711548038195,-0.8481903556936011,0.20434550094288756,-4.15076599083364,3.313644253175344e-05,0.0002832523657346086,ENSG00000134594,RAB33A,"RAB33A, member RAS oncogene family [Source:HGNC Symbol;Acc:HGNC:9773]"
Q14112,102.62782490333773,-0.9596239639882713,0.2814621971116747,-3.40942397890657,0.0006510021889762484,0.0036550001689353096,ENSG00000087303,NID2,nidogen 2 [Source:HGNC Symbol;Acc:HGNC:13389]
Q14123,265.3921573174908,0.8702587401759746,0.18234509747086003,4.77259192732093,1.818700509514042e-06,2.258424607929205e-05,ENSG00000154678,PDE1C,phosphodiesterase 1C [Source:HGNC Symbol;Acc:HGNC:8776]
Q14146,347.5280240714433,-0.6923837021546164,0.183861530279259,-3.765788858076978,0.00016602405343956432,0.001143145324557025,ENSG00000135763,URB2,URB2 ribosome biogenesis homolog [Source:HGNC Symbol;Acc:HGNC:28967]
Q14152,6137.4969945081275,-0.5639401718852258,0.12218799353209785,-4.615348493606969,3.9243624123728144e-06,4.433805770618343e-05,ENSG00000107581,EIF3A,eukaryotic translation initiation factor 3 subunit A [Source:HGNC Symbol;Acc:HGNC:3271]
Q14154,253.38544135812117,0.5927894229120995,0.09654672887682329,6.139922396214945,8.256180472779712e-10,2.2097306328481042e-08,ENSG00000081791,DELE1,DAP3 binding cell death enhancer 1 [Source:HGNC Symbol;Acc:HGNC:28969]
Q14157,118.41456134248004,0.9096694657137702,0.22898241573923775,3.972660794834526,7.107422688499373e-05,0.0005513440027160224,ENSG00000143569,UBAP2L,ubiquitin associated protein 2 like [Source:HGNC Symbol;Acc:HGNC:29877]
Q14159,473.2896139704021,0.5251914219939415,0.20606045248243082,2.5487249769031766,0.010811752560928891,0.03720430503646837,ENSG00000164808,SPIDR,scaffold protein involved in DNA repair [Source:HGNC Symbol;Acc:HGNC:28971]
Q14165,2635.347400402875,-0.5676086490516093,0.07345758218732648,-7.727026021685996,1.1008814957901293e-14,7.707568415287463e-13,ENSG00000110917,MLEC,malectin [Source:HGNC Symbol;Acc:HGNC:28973]
Q14166,149.59817089740386,-0.7229232903312348,0.18220054479235928,-3.967733966740319,7.255926528163083e-05,0.0005612844744023453,ENSG00000100304,TTLL12,tubulin tyrosine ligase like 12 [Source:HGNC Symbol;Acc:HGNC:28974]
Q14195,4491.8218802061765,-0.6708475766826134,0.1424027400875936,-4.710917614857461,2.466039170392804e-06,2.950951050669718e-05,ENSG00000113657,DPYSL3,dihydropyrimidinase like 3 [Source:HGNC Symbol;Acc:HGNC:3015]
Q14206,1448.4752791473977,-0.8069406069806031,0.13796835857477124,-5.848736734396138,4.953203160673606e-09,1.1289754958671116e-07,ENSG00000172348,RCAN2,regulator of calcineurin 2 [Source:HGNC Symbol;Acc:HGNC:3041]
Q14209,58.94856110555049,-1.0787403193786018,0.2156521126447236,-5.002224676350722,5.667248638967601e-07,8.001632617400222e-06,ENSG00000007968,E2F2,E2F transcription factor 2 [Source:HGNC Symbol;Acc:HGNC:3114]
Q14242,399.72682186623086,0.7929058678329143,0.1539557071473485,5.1502206870060165,2.6018013413151155e-07,3.981965772474917e-06,ENSG00000110876,SELPLG,selectin P ligand [Source:HGNC Symbol;Acc:HGNC:10722]
Q14246,220.12982641387504,2.099877913354777,0.32472143169129025,6.4667056387923045,1.0016249171025865e-10,3.2920768884918695e-09,ENSG00000174837,ADGRE1,adhesion G protein-coupled receptor E1 [Source:HGNC Symbol;Acc:HGNC:3336]
Q14249,53.58745744853197,-0.7766428744335,0.18772757825660713,-4.137073953896626,3.517627625634482e-05,0.00029918148729557605,ENSG00000167136,ENDOG,endonuclease G [Source:HGNC Symbol;Acc:HGNC:3346]
Q14257,18.661922387252925,1.1440038434207056,0.26677278867640924,4.288307848400394,1.800394522789878e-05,0.00016774778540603282,ENSG00000117906,RCN2,reticulocalbin 2 [Source:HGNC Symbol;Acc:HGNC:9935]
Q14315,1595.0918464721026,-2.4371532680741876,0.3005145490097287,-8.109934364593071,5.064711229373773e-16,4.835374088857541e-14,ENSG00000128591,FLNC,filamin C [Source:HGNC Symbol;Acc:HGNC:3756]
Q14324,10.27407208908886,-2.1314709922794473,0.38204461773317266,-5.579115352877731,2.4174489122185253e-08,4.680809333631901e-07,ENSG00000086967,MYBPC2,myosin binding protein C2 [Source:HGNC Symbol;Acc:HGNC:7550]
Q14432,653.4548466998732,-1.0735291244122918,0.174098532227784,-6.166215824311066,6.994360475837583e-10,1.904365752273112e-08,ENSG00000172572,PDE3A,phosphodiesterase 3A [Source:HGNC Symbol;Acc:HGNC:8778]
Q14439,294.12922611648276,-0.9533135067271002,0.19283537412801657,-4.943665087579985,7.666736844920865e-07,1.0456708044377552e-05,ENSG00000166073,GPR176,G protein-coupled receptor 176 [Source:HGNC Symbol;Acc:HGNC:32370]
Q14451,186.7500559272861,0.7799044950797988,0.16981887515866234,4.5925666057505765,4.378277061914487e-06,4.864409185061063e-05,ENSG00000141738,GRB7,growth factor receptor bound protein 7 [Source:HGNC Symbol;Acc:HGNC:4567]
Q14500,135.79239295449938,-0.6588345013816542,0.24650421456224408,-2.6727109009135983,0.00752410621019042,0.02776717509363111,ENSG00000184185,KCNJ12,potassium inwardly rectifying channel subfamily J member 12 [Source:HGNC Symbol;Acc:HGNC:6258]
Q14511,208.83172428977352,1.22278571992087,0.22974861828634408,5.32227670852352,1.0247653335382827e-07,1.7212623507885215e-06,ENSG00000111859,NEDD9,"neural precursor cell expressed, developmentally down-regulated 9 [Source:HGNC Symbol;Acc:HGNC:7733]"
Q14512,260.36155444733635,-1.2321398423882042,0.46567592972486316,-2.6459169644353175,0.008146981211409584,0.029614887693493814,ENSG00000137440,FGFBP1,fibroblast growth factor binding protein 1 [Source:HGNC Symbol;Acc:HGNC:19695]
Q14515,24740.682690353013,-0.7618626669831022,0.170584000847482,-4.466202358943841,7.962030326745563e-06,8.216874909969427e-05,ENSG00000152583,SPARCL1,SPARC like 1 [Source:HGNC Symbol;Acc:HGNC:11220]
Q14517,1390.269532497542,-1.42260987751976,0.27792995502571194,-5.118591399722103,3.078260499098333e-07,4.621372161137824e-06,ENSG00000083857,FAT1,FAT atypical cadherin 1 [Source:HGNC Symbol;Acc:HGNC:3595]
Q14520,79.49039264893595,-1.5036951924671902,0.4762587558967359,-3.157307186165889,0.0015923350426400669,0.0077505045801301185,ENSG00000148702,HABP2,hyaluronan binding protein 2 [Source:HGNC Symbol;Acc:HGNC:4798]
Q14542,53.37476831267881,1.4687346404433186,0.22837223172993487,6.431318857452834,1.265014756137736e-10,4.078747870155209e-09,ENSG00000174669,SLC29A2,solute carrier family 29 member 2 [Source:HGNC Symbol;Acc:HGNC:11004]
Q14558,51.441477054787505,0.7996833912349369,0.13141570864991636,6.085143088679345,1.1638731928557072e-09,3.0268937966084633e-08,ENSG00000161542,PRPSAP1,phosphoribosyl pyrophosphate synthetase associated protein 1 [Source:HGNC Symbol;Acc:HGNC:9466]
Q14563,357.31905974010664,-0.7060994883749406,0.14616966061454026,-4.830684325367457,1.3606458366688399e-06,1.7415950831047356e-05,ENSG00000075213,SEMA3A,semaphorin 3A [Source:HGNC Symbol;Acc:HGNC:10723]
Q14574,304.3228761371374,-3.4543205507274446,0.5558087906033486,-6.214944076321043,5.13429323295991e-10,1.4387764035539753e-08,ENSG00000134762,DSC3,desmocollin 3 [Source:HGNC Symbol;Acc:HGNC:3037]
Q14592,133.96401298204813,-0.510929713119923,0.19342584169592839,-2.6414759715670297,0.008254566219818696,0.029941809771691037,ENSG00000197714,ZNF460,zinc finger protein 460 [Source:HGNC Symbol;Acc:HGNC:21628]
Q14623,52.124564665691835,1.9755769855843863,0.271980915558625,7.263660325308943,3.7675340296761347e-13,2.0167280458853755e-11,ENSG00000163501,IHH,Indian hedgehog signaling molecule [Source:HGNC Symbol;Acc:HGNC:5956]
Q14627,169.84126478162503,-3.826139898272411,0.3664699371452855,-10.440528704965924,1.6190644208134023e-25,7.762357986221472e-23,ENSG00000123496,IL13RA2,interleukin 13 receptor subunit alpha 2 [Source:HGNC Symbol;Acc:HGNC:5975]
Q14677,553.8252761404343,-0.6873970583350636,0.20480948871623017,-3.356275447215599,0.0007899984503512994,0.004301882919517915,ENSG00000113282,CLINT1,clathrin interactor 1 [Source:HGNC Symbol;Acc:HGNC:23186]
Q14684,147.48824595397082,-0.656799947719793,0.19320649932521797,-3.3994712911506353,0.0006751626734688137,0.0037696297723243586,ENSG00000160208,RRP1B,ribosomal RNA processing 1B [Source:HGNC Symbol;Acc:HGNC:23818]
Q14689,15.312294541124926,1.2294064709319026,0.30177226380055633,4.073954496177379,4.62215163686444e-05,0.00037951203350487106,ENSG00000160305,DIP2A,disco interacting protein 2 homolog A [Source:HGNC Symbol;Acc:HGNC:17217]
Q14703,325.13191727021575,-0.7344415456819291,0.19708567798940793,-3.7265089638903164,0.00019415017062776352,0.0013065979392956558,ENSG00000140943,MBTPS1,"membrane bound transcription factor peptidase, site 1 [Source:HGNC Symbol;Acc:HGNC:15456]"
Q14714,790.7389044551516,-0.5583158172992422,0.15284374578925428,-3.652853536245215,0.000259342171014107,0.0016723778478202093,ENSG00000123096,SSPN,sarcospan [Source:HGNC Symbol;Acc:HGNC:11322]
Q14728,13.801282292706338,0.6309934345424962,0.22565658189133211,2.7962553950514035,0.005169852863320376,0.0204256422514632,ENSG00000109736,MFSD10,major facilitator superfamily domain containing 10 [Source:HGNC Symbol;Acc:HGNC:16894]
Q14765,68.75572132597836,1.09678049607284,0.2607686614555155,4.205952087766265,2.5998531269921353e-05,0.00022990040442134944,ENSG00000138378,STAT4,signal transducer and activator of transcription 4 [Source:HGNC Symbol;Acc:HGNC:11365]
Q14766,35.98866852194149,-1.1797610764439774,0.29373514312616594,-4.016411056191677,5.9091151135723274e-05,0.00047008016985706775,ENSG00000049323,LTBP1,latent transforming growth factor beta binding protein 1 [Source:HGNC Symbol;Acc:HGNC:6714]
Q14849,80.52905509784327,1.075923628585544,0.17458133121915692,6.162879049392208,7.143407065558313e-10,1.940156396845111e-08,ENSG00000131748,STARD3,StAR related lipid transfer domain containing 3 [Source:HGNC Symbol;Acc:HGNC:17579]
Q14865,11.476219700554722,-1.0842965025429325,0.4041891692041259,-2.6826461101814805,0.007304223745507828,0.02713735688737022,ENSG00000150347,ARID5B,AT-rich interaction domain 5B [Source:HGNC Symbol;Acc:HGNC:17362]
Q14934,247.494498793268,-0.6759080310082322,0.14340062785849514,-4.713424488456247,2.4358801776248196e-06,2.919614208550966e-05,ENSG00000100968,NFATC4,nuclear factor of activated T cells 4 [Source:HGNC Symbol;Acc:HGNC:7778]
Q14973,12.317469521470708,1.0180683041673764,0.30102675355797764,3.381986126264012,0.0007196377899625829,0.003979661940781044,ENSG00000100652,SLC10A1,solute carrier family 10 member 1 [Source:HGNC Symbol;Acc:HGNC:10905]
Q14993,11.760316032711648,-1.255862927439469,0.34215754468425186,-3.6704230169713137,0.00024214939292172759,0.0015730081624435288,ENSG00000082293,COL19A1,collagen type XIX alpha 1 chain [Source:HGNC Symbol;Acc:HGNC:2196]
Q14CN2,37.384292714939534,-4.201736247365066,0.5967466447007636,-7.041072261867531,1.907660341631928e-12,8.894617584429291e-11,ENSG00000016602,CLCA4,chloride channel accessory 4 [Source:HGNC Symbol;Acc:HGNC:2018]
Q14CX5,206.82597987169743,0.5197687418384253,0.14737799247511654,3.5267731165912277,0.00042065706297604317,0.0025185974083379165,ENSG00000138111,MFSD13A,major facilitator superfamily domain containing 13A [Source:HGNC Symbol;Acc:HGNC:26196]
Q14D04,764.467708061878,1.1008217082238108,0.2011940636180042,5.4714422902351565,4.463877062749094e-08,8.12263570477463e-07,ENSG00000197415,VEPH1,ventricular zone expressed PH domain containing 1 [Source:HGNC Symbol;Acc:HGNC:25735]
Q15006,206.25017006613123,0.651916900266711,0.0902579419492429,7.222820354504875,5.092026396671388e-13,2.6485742960422353e-11,ENSG00000104412,EMC2,ER membrane protein complex subunit 2 [Source:HGNC Symbol;Acc:HGNC:28963]
Q15020,43.92006486164414,0.87266497003783,0.2058081613382146,4.240186416143803,2.233342346093786e-05,0.00020165056639112025,ENSG00000075856,SART3,"spliceosome associated factor 3, U4/U6 recycling protein [Source:HGNC Symbol;Acc:HGNC:16860]"
Q15022,192.9729706355023,0.5378153155193462,0.20538718289174285,2.6185437082645135,0.008830597802094987,0.0316409429613977,ENSG00000178691,SUZ12,SUZ12 polycomb repressive complex 2 subunit [Source:HGNC Symbol;Acc:HGNC:17101]
Q15034,24.791759372392416,0.8283105192908342,0.15778634441359563,5.249570375492286,1.524543491444027e-07,2.461367654488036e-06,ENSG00000138641,HERC3,HECT and RLD domain containing E3 ubiquitin protein ligase 3 [Source:HGNC Symbol;Acc:HGNC:4876]
Q15035,1979.6542758760788,-0.9585330139637379,0.14847150322183694,-6.456006662312546,1.075018782202315e-10,3.5280452712336095e-09,ENSG00000065308,TRAM2,translocation associated membrane protein 2 [Source:HGNC Symbol;Acc:HGNC:16855]
Q15038,17.526457943963695,0.5866391970662492,0.16368081008972982,3.5840438274019633,0.0003383152791452615,0.0020929046749704337,ENSG00000183283,DAZAP2,DAZ associated protein 2 [Source:HGNC Symbol;Acc:HGNC:2684]
Q15043,1292.9001651210904,-1.3408859265871187,0.2562120587648453,-5.233500456814177,1.6632959535902783e-07,2.6658669302674416e-06,ENSG00000104635,SLC39A14,solute carrier family 39 member 14 [Source:HGNC Symbol;Acc:HGNC:20858]
Q15050,302.15392749044844,-0.7423919285026145,0.15790535582583012,-4.701499354597408,2.5825808067518566e-06,3.0803805901625446e-05,ENSG00000179041,RRS1,ribosome biogenesis regulator 1 homolog [Source:HGNC Symbol;Acc:HGNC:17083]
Q15058,48.92773686968009,-1.0157396551494111,0.2312035765159146,-4.393269647710203,1.1165849173662601e-05,0.00011077446589111785,ENSG00000118193,KIF14,kinesin family member 14 [Source:HGNC Symbol;Acc:HGNC:19181]
Q15077,109.13801554935438,-1.4676404711493023,0.16250996086863456,-9.031080084596624,1.6998563188689483e-19,2.8400478224496804e-17,ENSG00000171631,P2RY6,pyrimidinergic receptor P2Y6 [Source:HGNC Symbol;Acc:HGNC:8543]
Q15084,1943.0044348675192,-1.0183106137799036,0.16090535325520292,-6.328631044144433,2.4734574575357456e-10,7.462329790491564e-09,ENSG00000143870,PDIA6,protein disulfide isomerase family A member 6 [Source:HGNC Symbol;Acc:HGNC:30168]
Q15118,694.8655441208604,-1.5264432883113446,0.2304745065284306,-6.623046129065243,3.518711525927398e-11,1.2912090514609456e-09,ENSG00000152256,PDK1,pyruvate dehydrogenase kinase 1 [Source:HGNC Symbol;Acc:HGNC:8809]
Q15124,41.465854413664815,-0.8790837188208833,0.2578826164314462,-3.408852178504917,0.0006523681900600297,0.0036599664369330698,ENSG00000154330,PGM5,phosphoglucomutase 5 [Source:HGNC Symbol;Acc:HGNC:8908]
Q15154,506.08532347354065,0.7112483730030965,0.12067864899695332,5.89373827860016,3.775550079650032e-09,8.774076022824215e-08,ENSG00000078674,PCM1,pericentriolar material 1 [Source:HGNC Symbol;Acc:HGNC:8727]
Q15172,2936.1273527702742,0.666855630952518,0.06849713498840175,9.735525888278875,2.127145591839026e-22,5.2428257592026924e-20,ENSG00000066027,PPP2R5A,protein phosphatase 2 regulatory subunit B'alpha [Source:HGNC Symbol;Acc:HGNC:9309]
Q15198,76.0933697188018,-0.5678447386145052,0.22445114838681984,-2.5299257441796636,0.01140866686777291,0.038876195782117394,ENSG00000104213,PDGFRL,platelet derived growth factor receptor like [Source:HGNC Symbol;Acc:HGNC:8805]
Q15223,516.8398548376406,-1.655485129923591,0.1722338635434626,-9.611844592372135,7.126075768185425e-22,1.6542997367532775e-19,ENSG00000110400,NECTIN1,nectin cell adhesion molecule 1 [Source:HGNC Symbol;Acc:HGNC:9706]
Q15306,495.4943283285001,-1.632683614168301,0.3313584575292569,-4.927242920981261,8.339804392290504e-07,1.1256183969863817e-05,ENSG00000137265,IRF4,interferon regulatory factor 4 [Source:HGNC Symbol;Acc:HGNC:6119]
Q15327,1351.4134431353957,1.6356230006578898,0.46377751679582924,3.5267406060521624,0.00042070871458070635,0.0025185974083379165,ENSG00000148677,ANKRD1,ankyrin repeat domain 1 [Source:HGNC Symbol;Acc:HGNC:15819]
Q15334,47.962593926601706,-0.6261900553091876,0.19114848785919505,-3.2759351764815188,0.001053127297396022,0.005482924791494775,ENSG00000131899,LLGL1,LLGL scribble cell polarity complex component 1 [Source:HGNC Symbol;Acc:HGNC:6628]
Q15391,353.4536063442084,0.5507126193078313,0.189318967360294,2.9089141304038866,0.0036268646304589655,0.0152443058052491,ENSG00000174944,P2RY14,purinergic receptor P2Y14 [Source:HGNC Symbol;Acc:HGNC:16442]
Q15397,564.6082766227986,-0.818023139328534,0.14658001809652665,-5.580727509460703,2.395146299341232e-08,4.6457833320731336e-07,ENSG00000080608,PUM3,pumilio RNA binding family member 3 [Source:HGNC Symbol;Acc:HGNC:29676]
Q15398,39.29878325156314,-1.2577886117451078,0.24486106296212967,-5.136744064284479,2.795392398609528e-07,4.239998896763035e-06,ENSG00000126787,DLGAP5,DLG associated protein 5 [Source:HGNC Symbol;Acc:HGNC:16864]
Q15434,3207.9157558493516,0.6737095796356233,0.10612947571868803,6.347996869610388,2.1813652077725472e-10,6.653918159365942e-09,ENSG00000076067,RBMS2,RNA binding motif single stranded interacting protein 2 [Source:HGNC Symbol;Acc:HGNC:9909]
Q15465,147.48330787368613,1.1008805641609416,0.1749823591450602,6.291380282787895,3.1465543655012784e-10,9.264901198500026e-09,ENSG00000164690,SHH,sonic hedgehog signaling molecule [Source:HGNC Symbol;Acc:HGNC:10848]
Q15475,41.66372554367731,-2.1209778021201724,0.4290297029688222,-4.943661913017489,7.666861751953614e-07,1.0456708044377552e-05,ENSG00000126778,SIX1,SIX homeobox 1 [Source:HGNC Symbol;Acc:HGNC:10887]
Q15506,159.07342969962406,-0.9733854692634984,0.25908682427675134,-3.756985605040833,0.00017197238484999673,0.0011774849349524459,ENSG00000064199,SPA17,sperm autoantigenic protein 17 [Source:HGNC Symbol;Acc:HGNC:11210]
Q15560,15.979704874407044,1.07713523185102,0.20430180972131118,5.272274549698526,1.3474330650895635e-07,2.207748054790879e-06,ENSG00000171703,TCEA2,transcription elongation factor A2 [Source:HGNC Symbol;Acc:HGNC:11614]
Q15599,565.0747248212047,1.887182298357042,0.22420679544129668,8.417150312694947,3.857526016078134e-17,4.40797299267291e-15,ENSG00000065054,NHERF2,NHERF family PDZ scaffold protein 2 [Source:HGNC Symbol;Acc:HGNC:11076]
Q15631,115.01258243807752,0.5644255345875775,0.1403381406511404,4.021896912476951,5.773132513812361e-05,0.00046063916229963027,ENSG00000211460,TSN,translin [Source:HGNC Symbol;Acc:HGNC:12379]
Q15645,24.31374287751276,-1.306563369150241,0.3251067120184168,-4.018875405673649,5.8476581439457705e-05,0.00046591131758157525,ENSG00000071539,TRIP13,thyroid hormone receptor interactor 13 [Source:HGNC Symbol;Acc:HGNC:12307]
Q15646,18.95274545638541,1.487817607304192,0.2998304337169088,4.962196761883572,6.970033286787388e-07,9.571426781245893e-06,ENSG00000135114,OASL,2'-5'-oligoadenylate synthetase like [Source:HGNC Symbol;Acc:HGNC:8090]
Q15672,27.083379025418683,-2.1112751961122624,0.35145899240248685,-6.00717364401493,1.8878529760924557e-09,4.6467309748597115e-08,ENSG00000122691,TWIST1,twist family bHLH transcription factor 1 [Source:HGNC Symbol;Acc:HGNC:12428]
Q15758,86.94602791729403,-0.9569652946580443,0.22855560636969457,-4.187012998097838,2.8264964463135806e-05,0.0002466780871665995,ENSG00000105281,SLC1A5,solute carrier family 1 member 5 [Source:HGNC Symbol;Acc:HGNC:10943]
Q15768,167.15675157871542,-1.5068240526993735,0.346864798366852,-4.3441250302537835,1.3983186272847675e-05,0.00013496069586931404,ENSG00000108947,EFNB3,ephrin B3 [Source:HGNC Symbol;Acc:HGNC:3228]
Q15771,723.6953983298895,-0.5346714191229899,0.1757587890359552,-3.042075005498652,0.0023495334075875093,0.010686040373465648,ENSG00000137502,RAB30,"RAB30, member RAS oncogene family [Source:HGNC Symbol;Acc:HGNC:9770]"
Q15785,707.4232999283456,-0.8500527209681571,0.1420312878399813,-5.984968058065232,2.1643233125130337e-09,5.27425263360911e-08,ENSG00000025772,TOMM34,translocase of outer mitochondrial membrane 34 [Source:HGNC Symbol;Acc:HGNC:15746]
Q15828,249.3599473683955,0.881202633054529,0.21205628315413377,4.155512960745539,3.24558544778256e-05,0.0002784058400054321,ENSG00000175315,CST6,cystatin E/M [Source:HGNC Symbol;Acc:HGNC:2478]
Q15906,82.64418056081796,0.6042572407313668,0.18423279571922324,3.2798570871837307,0.0010385968305757672,0.005418787438258332,ENSG00000163159,VPS72,vacuolar protein sorting 72 homolog [Source:HGNC Symbol;Acc:HGNC:11644]
Q16222,640.7743102136485,-0.9304599743546756,0.20634580407817368,-4.5092265312173385,6.5064405147855895e-06,6.875564883233416e-05,ENSG00000117143,UAP1,UDP-N-acetylglucosamine pyrophosphorylase 1 [Source:HGNC Symbol;Acc:HGNC:12457]
Q16270,1259.5631050442207,-1.4516833643774536,0.2328728735062957,-6.233801913120669,4.552486836706343e-10,1.295490899312538e-08,ENSG00000163453,IGFBP7,insulin like growth factor binding protein 7 [Source:HGNC Symbol;Acc:HGNC:5476]
Q16348,895.8922615473797,0.5149876510384593,0.15438354116650307,3.335767836048298,0.0008506416959881405,0.004577855530337347,ENSG00000163406,SLC15A2,solute carrier family 15 member 2 [Source:HGNC Symbol;Acc:HGNC:10921]
Q16513,1764.4670680374886,0.5576120232695791,0.08980822707843936,6.208919175996599,5.335025115357574e-10,1.4900846516958767e-08,ENSG00000065243,PKN2,protein kinase N2 [Source:HGNC Symbol;Acc:HGNC:9406]
Q16534,808.4316661170319,0.9845024469635194,0.18887345719174867,5.212497624608152,1.8631495472644092e-07,2.953982754519718e-06,ENSG00000108924,HLF,"HLF transcription factor, PAR bZIP family member [Source:HGNC Symbol;Acc:HGNC:4977]"
Q16543,408.4939652090572,0.7198003479594887,0.1767346298940028,4.072774805883779,4.6456337072424426e-05,0.00038129812348167033,ENSG00000105401,CDC37,"cell division cycle 37, HSP90 cochaperone [Source:HGNC Symbol;Acc:HGNC:1735]"
Q16558,304.5290567818504,-1.2213795967420455,0.1961742987098469,-6.225991910125477,4.785187578073263e-10,1.351248743237231e-08,ENSG00000145936,KCNMB1,potassium calcium-activated channel subfamily M regulatory beta subunit 1 [Source:HGNC Symbol;Acc:HGNC:6285]
Q16602,5410.372367920651,0.9510615442330671,0.20631550180650027,4.609743504029335,4.031660695328594e-06,4.528583174112509e-05,ENSG00000064989,CALCRL,calcitonin receptor like receptor [Source:HGNC Symbol;Acc:HGNC:16709]
Q16611,524.3548630282237,-0.5604781441552432,0.14749919188322028,-3.7998726433633028,0.00014477046860418997,0.0010155114232178134,ENSG00000030110,BAK1,BCL2 antagonist/killer 1 [Source:HGNC Symbol;Acc:HGNC:949]
Q16612,45.621949486618306,0.8234836044433178,0.24648571642186645,3.340897867825757,0.0008350793576126271,0.0045073030231984525,ENSG00000134986,NREP,neuronal regeneration related protein [Source:HGNC Symbol;Acc:HGNC:16834]
Q16621,42.94059940307366,0.9856892837989152,0.3050139957492883,3.2316198519923662,0.0012309069167531358,0.006243427125591917,ENSG00000123405,NFE2,"nuclear factor, erythroid 2 [Source:HGNC Symbol;Acc:HGNC:7780]"
Q16625,86.07417983521343,0.6446225100234136,0.1647441641531376,3.912870075471724,9.120561148708054e-05,0.0006830046029664089,ENSG00000197822,OCLN,occludin [Source:HGNC Symbol;Acc:HGNC:8104]
Q16630,19.783935420919452,1.5863752029924894,0.35165225768606434,4.511204373977651,6.446057528617936e-06,6.828114924886645e-05,ENSG00000111605,CPSF6,cleavage and polyadenylation specific factor 6 [Source:HGNC Symbol;Acc:HGNC:13871]
Q16633,860.3368700714407,-2.8232492868281067,0.35747355663576713,-7.8977849813510534,2.839033499348156e-15,2.2851111238913956e-13,ENSG00000110777,POU2AF1,POU class 2 homeobox associating factor 1 [Source:HGNC Symbol;Acc:HGNC:9211]
Q16647,1871.8138809582374,-0.6724549945733242,0.21432865439705334,-3.1374945942952244,0.0017039841622027182,0.008198007572691698,ENSG00000124212,PTGIS,prostaglandin I2 synthase [Source:HGNC Symbol;Acc:HGNC:9603]
Q16651,380.7143071470259,0.6374609298755008,0.1461118802012598,4.362827505863582,1.2839217439841283e-05,0.00012545684599834278,ENSG00000052344,PRSS8,serine protease 8 [Source:HGNC Symbol;Acc:HGNC:9491]
Q16678,2636.450984794707,-2.6812058421200264,0.3257997016214515,-8.229614173297602,1.8781740517931406e-16,1.891381303116252e-14,ENSG00000138061,CYP1B1,cytochrome P450 family 1 subfamily B member 1 [Source:HGNC Symbol;Acc:HGNC:2597]
Q16696,33.40408421214657,-2.5958473525586747,0.5350904499405331,-4.8512309514160865,1.2269756977572243e-06,1.5852209747122333e-05,ENSG00000197838,CYP2A13,cytochrome P450 family 2 subfamily A member 13 [Source:HGNC Symbol;Acc:HGNC:2608]
Q16698,58.42444742965787,1.0025902847264883,0.13490895811536124,7.431606460626349,1.0728660006631481e-13,6.309596474300019e-12,ENSG00000104325,DECR1,"2,4-dienoyl-CoA reductase 1 [Source:HGNC Symbol;Acc:HGNC:2753]"
Q16706,393.81264956776715,-0.6384472329081737,0.250708888595205,-2.546567999585414,0.010878801415601077,0.037382531383556586,ENSG00000112893,MAN2A1,mannosidase alpha class 2A member 1 [Source:HGNC Symbol;Acc:HGNC:6824]
Q16739,2923.877279432154,-0.8546347109683736,0.16645208690406504,-5.134418719910335,2.8301737040932517e-07,4.283915639675537e-06,ENSG00000148154,UGCG,UDP-glucose ceramide glucosyltransferase [Source:HGNC Symbol;Acc:HGNC:12524]
Q16740,10.233371085873708,0.7094679026673358,0.287443315249384,2.468201085322878,0.013579401276947392,0.04489283702020653,ENSG00000125656,CLPP,caseinolytic mitochondrial matrix peptidase proteolytic subunit [Source:HGNC Symbol;Acc:HGNC:2084]
Q16769,36.42355410709412,-0.7537465249856028,0.2218996360532921,-3.39679027145669,0.0006818120153646665,0.0037991319993914557,ENSG00000115828,QPCT,glutaminyl-peptide cyclotransferase [Source:HGNC Symbol;Acc:HGNC:9753]
Q16775,42.54563034749953,0.7421249013722441,0.10371776423857869,7.1552342727438445,8.353014585185758e-13,4.149040172560512e-11,ENSG00000063854,HAGH,hydroxyacylglutathione hydrolase [Source:HGNC Symbol;Acc:HGNC:4805]
Q16787,138.70102933265161,1.348333257007907,0.26626591451918685,5.063859786344329,4.1085187783458726e-07,5.984760445022449e-06,ENSG00000053747,LAMA3,laminin subunit alpha 3 [Source:HGNC Symbol;Acc:HGNC:6483]
Q16798,268.8326634955025,0.6014919193529827,0.18816021899144697,3.1967007828595486,0.0013900904306841583,0.006931280659802946,ENSG00000151376,ME3,malic enzyme 3 [Source:HGNC Symbol;Acc:HGNC:6985]
Q16799,91.9339230434989,0.7994146082724496,0.24721011477394508,3.233745548815645,0.0012217825668787365,0.006201425254302337,ENSG00000139970,RTN1,reticulon 1 [Source:HGNC Symbol;Acc:HGNC:10467]
Q16825,953.5335359528823,1.5125492603883313,0.12945725659896062,11.683773471841633,1.5429071055645385e-31,2.430519521865738e-28,ENSG00000070778,PTPN21,protein tyrosine phosphatase non-receptor type 21 [Source:HGNC Symbol;Acc:HGNC:9651]
Q16828,3658.880627591086,1.2025465860097726,0.19898822302110955,6.0433053160246635,1.5098854028993367e-09,3.809955683700455e-08,ENSG00000139318,DUSP6,dual specificity phosphatase 6 [Source:HGNC Symbol;Acc:HGNC:3072]
Q16854,29.1833898320831,0.7506689438109325,0.20398397921702038,3.680038729964617,0.0002331985325818854,0.0015239647842570088,ENSG00000114956,DGUOK,deoxyguanosine kinase [Source:HGNC Symbol;Acc:HGNC:2858]
Q16878,124.65492260524243,1.3135844912689791,0.19170137258027345,6.852243536852748,7.270064834130908e-12,3.071532755783966e-10,ENSG00000129596,CDO1,cysteine dioxygenase type 1 [Source:HGNC Symbol;Acc:HGNC:1795]
Q16880,72.27108746937805,-0.8713135866362441,0.21947708264280882,-3.9699524713214642,7.188697021010145e-05,0.0005566696773221831,ENSG00000174607,UGT8,UDP glycosyltransferase 8 [Source:HGNC Symbol;Acc:HGNC:12555]
Q17RD7,24.212342180293465,-2.2986136312422296,0.2896572519823663,-7.935632943801332,2.09424527156917e-15,1.7106105636735732e-13,ENSG00000139973,SYT16,synaptotagmin 16 [Source:HGNC Symbol;Acc:HGNC:23142]
Q17RR3,10.094246412327578,-5.860236477977257,0.9978317303774269,-5.872970661857626,4.280542506891228e-09,9.83365462989366e-08,ENSG00000203837,PNLIPRP3,pancreatic lipase related protein 3 [Source:HGNC Symbol;Acc:HGNC:23492]
Q17RW2,30.044890440752326,-0.8462809671452807,0.23038205419573043,-3.6733805942466695,0.00023936255529438794,0.0015571981694579445,ENSG00000171502,COL24A1,collagen type XXIV alpha 1 chain [Source:HGNC Symbol;Acc:HGNC:20821]
Q19T08,151.02970961912115,1.2354326089946306,0.2215556979013568,5.576171683676048,2.4586928230230997e-08,4.7564922385045124e-07,ENSG00000249751,ECSCR,endothelial cell surface expressed chemotaxis and apoptosis regulator [Source:HGNC Symbol;Acc:HGNC:35454]
Q1KLZ0,29.272971521778018,2.1807392642277783,0.4056063308500979,5.376492175694677,7.5950998087335e-08,1.3116862269522991e-06,ENSG00000075624,ACTB,actin beta [Source:HGNC Symbol;Acc:HGNC:132]
Q2HXU8,12.390348610460252,1.5029797604101494,0.3344482757857395,4.493907935028543,6.992786999134227e-06,7.333282191103482e-05,ENSG00000256660,CLEC12B,C-type lectin domain family 12 member B [Source:HGNC Symbol;Acc:HGNC:31966]
Q2I0M4,13.130334654070738,-2.612212970713904,0.5436804917243729,-4.8046840202576275,1.5499608912214524e-06,1.9589018621775307e-05,ENSG00000184709,LRRC26,leucine rich repeat containing 26 [Source:HGNC Symbol;Acc:HGNC:31409]
Q2I0M5,250.40586769362898,-0.8663820985052174,0.27646513584748644,-3.1337842865769594,0.0017256766595932429,0.008282496855423151,ENSG00000101282,RSPO4,R-spondin 4 [Source:HGNC Symbol;Acc:HGNC:16175]
Q2KJY2,21.46833495211041,-3.642796496466999,0.38208963767701853,-9.533879323747234,1.5151312142264104e-21,3.2759513527989467e-19,ENSG00000162849,KIF26B,kinesin family member 26B [Source:HGNC Symbol;Acc:HGNC:25484]
Q2L4T1,89.86490104947546,-2.314834574506975,0.3576354240715808,-6.472609866643582,9.63244326415616e-11,3.1801482596961072e-09,ENSG00000198807,PAX9,paired box 9 [Source:HGNC Symbol;Acc:HGNC:8623]
Q2M329,212.1853049392841,-1.171812215802941,0.31539808882249376,-3.7153434257568936,0.00020292789208865494,0.001356584338321672,ENSG00000173013,CCDC96,coiled-coil domain containing 96 [Source:HGNC Symbol;Acc:HGNC:26900]
Q2M3G4,119.21479134760638,1.1116608258828486,0.23308730113542453,4.76928953429758,1.848767825371747e-06,2.2931791687710073e-05,ENSG00000164403,SHROOM1,shroom family member 1 [Source:HGNC Symbol;Acc:HGNC:24084]
Q2M3R5,69.9165450220856,-0.5366303299118502,0.14981718023150864,-3.5819011483369874,0.0003411028685563304,0.0021064282066687503,ENSG00000176273,SLC35G1,solute carrier family 35 member G1 [Source:HGNC Symbol;Acc:HGNC:26607]
Q2M3V2,24.947586913013186,-1.5763008861350798,0.4036053644356227,-3.9055498886623656,9.401135990655954e-05,0.0007013959849050285,ENSG00000198944,SOWAHA,sosondowah ankyrin repeat domain family member A [Source:HGNC Symbol;Acc:HGNC:27033]
Q2MKA7,141.723612994994,0.923482244161566,0.2109590912135858,4.37754182030764,1.200253360152608e-05,0.00011806595720252283,ENSG00000169218,RSPO1,R-spondin 1 [Source:HGNC Symbol;Acc:HGNC:21679]
Q2NKJ3,199.07895045132761,0.7652867211736278,0.15647352471636056,4.890838386627147,1.004073819059398e-06,1.324056760793042e-05,ENSG00000178971,CTC1,CST telomere replication complex component 1 [Source:HGNC Symbol;Acc:HGNC:26169]
Q2NL82,263.5785439089207,-0.5564368348836883,0.11494435971792408,-4.840923349777198,1.2923721828141132e-06,1.6638631710322506e-05,ENSG00000167721,TSR1,TSR1 ribosome maturation factor [Source:HGNC Symbol;Acc:HGNC:25542]
Q2Q1W2,118.73776604106222,1.5838759185047355,0.24018069540306627,6.594517997571402,4.266396589187625e-11,1.5249774777624615e-09,ENSG00000206557,TRIM71,tripartite motif containing 71 [Source:HGNC Symbol;Acc:HGNC:32669]
Q2QL34,26.309391004960716,-0.6782412323877076,0.1944836253835953,-3.487395049583014,0.0004877503121258766,0.0028578228968183005,ENSG00000156968,MPV17L,MPV17 mitochondrial inner membrane protein like [Source:HGNC Symbol;Acc:HGNC:26827]
Q2T9J0,48.199922367570736,-0.7262814774580002,0.20336306406930188,-3.571353926937778,0.00035514059938621844,0.0021804762747393265,ENSG00000156521,TYSND1,trypsin like peroxisomal matrix peptidase 1 [Source:HGNC Symbol;Acc:HGNC:28531]
Q2TAC6,169.5360083024346,-1.3760690398359343,0.40550031391137814,-3.393509185141281,0.0006900324441459437,0.0038362237972567703,ENSG00000196169,KIF19,kinesin family member 19 [Source:HGNC Symbol;Acc:HGNC:26735]
Q2TAL5,112.4784638825458,-0.6713916813090132,0.20215936944034849,-3.3211009866506425,0.0008966308804162742,0.00479493148319605,ENSG00000188176,SMTNL2,smoothelin like 2 [Source:HGNC Symbol;Acc:HGNC:24764]
Q2TB90,128.3158318232369,-0.6184668330490932,0.21228293406798177,-2.913408163329015,0.0035750697606870816,0.015063925965264213,ENSG00000156510,HKDC1,hexokinase domain containing 1 [Source:HGNC Symbol;Acc:HGNC:23302]
Q2TBF2,36.86496480028229,-1.570166859581403,0.25182946391953065,-6.235040313166583,4.516617638087214e-10,1.286944255689605e-08,ENSG00000075035,WSCD2,WSC domain containing 2 [Source:HGNC Symbol;Acc:HGNC:29117]
Q2UY09,50.74121234644263,-0.9282461516053161,0.33282234090093293,-2.789013949882696,0.005286878774074274,0.02081342814770333,ENSG00000215018,COL28A1,collagen type XXVIII alpha 1 chain [Source:HGNC Symbol;Acc:HGNC:22442]
Q2VWP7,215.4234649329707,1.2731934292733673,0.22786970424042893,5.587374739074575,2.3052792232508864e-08,4.487257545417039e-07,ENSG00000166450,PRTG,protogenin [Source:HGNC Symbol;Acc:HGNC:26373]
Q2WGJ9,35.39464712441471,-1.997062256482684,0.5536343287746832,-3.607186463495915,0.00030953522461033456,0.0019428799742679552,ENSG00000214814,FER1L6,fer-1 like family member 6 [Source:HGNC Symbol;Acc:HGNC:28065]
Q2YD98,512.9424718570583,0.7744807972737013,0.16301542899481822,4.75096622478796,2.024469486957636e-06,2.4859493354879567e-05,ENSG00000163945,UVSSA,UV stimulated scaffold protein A [Source:HGNC Symbol;Acc:HGNC:29304]
Q32MQ0,63.799964218303735,-1.0352122656868064,0.20588985499060083,-5.02799064934047,4.956460387668866e-07,7.107267710640388e-06,ENSG00000141579,ZNF750,zinc finger protein 750 [Source:HGNC Symbol;Acc:HGNC:25843]
Q3B7T3,27.677766963771866,-0.9535049496468179,0.17041063054514108,-5.595337254469218,2.20193314384688e-08,4.30509162716304e-07,ENSG00000166546,BEAN1,brain expressed associated with NEDD4 1 [Source:HGNC Symbol;Acc:HGNC:24160]
Q3KP66,46.357342554408774,-1.3654257698107835,0.22564269170425602,-6.051274071842802,1.4370471953397892e-09,3.638649695295489e-08,ENSG00000163362,INAVA,innate immunity activator [Source:HGNC Symbol;Acc:HGNC:25599]
Q3SXP7,95.72348804756,-2.35478963284919,0.36233378077771305,-6.498951402750445,8.088178182390275e-11,2.7274721962451854e-09,ENSG00000138944,SHISAL1,shisa like 1 [Source:HGNC Symbol;Acc:HGNC:29335]
Q3SY56,142.69396218564503,0.8113087688345075,0.2578989669951049,3.1458395444054132,0.0016561083575463847,0.008006096825367815,ENSG00000189120,SP6,Sp6 transcription factor [Source:HGNC Symbol;Acc:HGNC:14530]
Q3YBM2,1880.6534948615806,-1.095438929688073,0.14391382436226854,-7.61176999181516,2.7036740031979065e-14,1.8123655460950344e-12,ENSG00000106565,TMEM176B,transmembrane protein 176B [Source:HGNC Symbol;Acc:HGNC:29596]
Q3YBR2,32.45307640324693,0.5990723244493222,0.14614518580256644,4.099158799925396,4.146544689944557e-05,0.00034456630215537774,ENSG00000154144,TBRG1,transforming growth factor beta regulator 1 [Source:HGNC Symbol;Acc:HGNC:29551]
Q3ZCU0,126.54107742414512,0.5595615329066056,0.19010567364799905,2.943423634702737,0.0032460389493965077,0.01394493182194537,ENSG00000179240,GVQW3,GVQW motif containing 3 [Source:HGNC Symbol;Acc:HGNC:51239]
Q494U1,22.427831091101407,-1.1047117565427276,0.23492839459942846,-4.702333910834187,2.572044209400933e-06,3.0727986454023934e-05,ENSG00000187583,PLEKHN1,pleckstrin homology domain containing N1 [Source:HGNC Symbol;Acc:HGNC:25284]
Q494V2,42.482829023051465,-1.140891633879782,0.43393805312426703,-2.629157838695157,0.008559662167662435,0.030835476877756833,ENSG00000163885,CFAP100,cilia and flagella associated protein 100 [Source:HGNC Symbol;Acc:HGNC:26842]
Q495A1,167.64259315013027,-0.789765243870715,0.21921097807573603,-3.6027631955451427,0.00031485233886638706,0.0019709774287139654,ENSG00000181847,TIGIT,T cell immunoreceptor with Ig and ITIM domains [Source:HGNC Symbol;Acc:HGNC:26838]
Q49A59,114.28437933912198,0.9254794041839554,0.19975111981460625,4.633162532670228,3.6012158276840374e-06,4.1108288749349775e-05,ENSG00000146278,PNRC1,proline rich nuclear receptor coactivator 1 [Source:HGNC Symbol;Acc:HGNC:17278]
Q49A92,81.89816445248884,-0.8506774678179014,0.2035611907761347,-4.178976673178481,2.9282371531664814e-05,0.0002541493198580621,ENSG00000165084,C8orf34,chromosome 8 open reading frame 34 [Source:HGNC Symbol;Acc:HGNC:30905]
Q49AM1,352.3825632658168,1.0326370557410618,0.21298134763045262,4.84848587554628,1.2440738717688769e-06,1.605430378466402e-05,ENSG00000120832,MTERF2,mitochondrial transcription termination factor 2 [Source:HGNC Symbol;Acc:HGNC:30779]
Q49MG5,573.6875526564806,-0.5450098747927445,0.15667477276925282,-3.478606447991619,0.0005040282103428468,0.0029341967448726965,ENSG00000164114,MAP9,microtubule associated protein 9 [Source:HGNC Symbol;Acc:HGNC:26118]
Q4G0G5,35.917267991489375,0.5829322970590948,0.17185865501633607,3.3919286579060217,0.0006940250841397278,0.0038563943576763807,ENSG00000205209,SCGB2B2,secretoglobin family 2B member 2 [Source:HGNC Symbol;Acc:HGNC:27616]
Q4G0N7,518.7455505348461,-0.9540121487983286,0.23224394773996007,-4.107801981847644,3.9944233417031176e-05,0.00033406527257459444,ENSG00000203778,FAM229B,family with sequence similarity 229 member B [Source:HGNC Symbol;Acc:HGNC:33858]
Q4G0N8,16.781788458812777,0.8575624549291205,0.2214795299162608,3.871971623081177,0.00010795852338533498,0.0007870800908231991,ENSG00000172139,SLC9C1,solute carrier family 9 member C1 [Source:HGNC Symbol;Acc:HGNC:31401]
Q4G0P3,286.47709689861705,-1.1213058276237062,0.4414110189472502,-2.540276022782533,0.011076501366649057,0.03794953567501605,ENSG00000157423,HYDIN,HYDIN axonemal central pair apparatus protein [Source:HGNC Symbol;Acc:HGNC:19368]
Q4G0T1,11.80530518994277,1.667285006266007,0.3755517820401914,4.439560896791524,9.014260614545146e-06,9.165537279537973e-05,ENSG00000214279,SCART1,scavenger receptor family member expressed on T cells 1 [Source:HGNC Symbol;Acc:HGNC:32411]
Q4JM46,365.46875311013497,-1.7785864387515546,0.2469930024980741,-7.200958815687189,5.979060675025139e-13,3.0313150374024e-11,ENSG00000106541,AGR2,"anterior gradient 2, protein disulphide isomerase family member [Source:HGNC Symbol;Acc:HGNC:328]"
Q4KMP7,131.51306306096635,-0.628787624935104,0.1737741242502282,-3.6184191843756524,0.00029640802752945014,0.0018768253342332738,ENSG00000169221,TBC1D10B,TBC1 domain family member 10B [Source:HGNC Symbol;Acc:HGNC:24510]
Q4KMR3,416.31040600829584,-0.9674633154827654,0.12096574933533126,-7.997828482844706,1.2663259838542418e-15,1.0909200487469316e-13,ENSG00000157483,MYO1E,myosin IE [Source:HGNC Symbol;Acc:HGNC:7599]
Q4L233,1032.396858423509,0.6737066863988226,0.2330737754484904,2.8905297693936083,0.0038459310385416633,0.01594203861093433,ENSG00000171368,TPPP,tubulin polymerization promoting protein [Source:HGNC Symbol;Acc:HGNC:24164]
Q4LDG9,1056.045140591173,-0.5699484983675178,0.17714213116089028,-3.217464386548783,0.001293290817820921,0.0065104395563165005,ENSG00000119661,DNAL1,dynein axonemal light chain 1 [Source:HGNC Symbol;Acc:HGNC:23247]
Q4LEZ3,78.252373622327,1.0510505631028433,0.3310478329194009,3.1749205359055743,0.0014987753923646253,0.007371541593044034,ENSG00000205002,AARD,alanine and arginine rich domain containing protein [Source:HGNC Symbol;Acc:HGNC:33842]
Q4V9L6,1310.8350902354505,-0.990686348431979,0.2078153275602963,-4.767147640467172,1.8685238703006215e-06,2.3150800806522416e-05,ENSG00000183160,TMEM119,transmembrane protein 119 [Source:HGNC Symbol;Acc:HGNC:27884]
Q4VC05,350.30096876624583,-0.5190494455209144,0.12868233309682728,-4.033571921099337,5.493535636509669e-05,0.0004411500246477167,ENSG00000110987,BCL7A,BAF chromatin remodeling complex subunit BCL7A [Source:HGNC Symbol;Acc:HGNC:1004]
Q4VNC1,1715.2501605084242,1.0513182848711797,0.17407123312464357,6.039586587626366,1.5450958251693322e-09,3.8854667421076915e-08,ENSG00000127249,ATP13A4,ATPase 13A4 [Source:HGNC Symbol;Acc:HGNC:25422]
Q4VX76,583.5736348609089,-0.6099220365837799,0.18367429396417972,-3.320671735930164,0.0008980109125583791,0.004799983680456251,ENSG00000164674,SYTL3,synaptotagmin like 3 [Source:HGNC Symbol;Acc:HGNC:15587]
Q4W594,44.771582588379324,-0.8826759759938971,0.2340650357122662,-3.7710714601516218,0.0001625481127751745,0.0011234208960024124,ENSG00000184160,ADRA2C,adrenoceptor alpha 2C [Source:HGNC Symbol;Acc:HGNC:283]
Q4ZG55,72.46313606035483,-1.5114703078545455,0.23938643092526157,-6.313934762352671,2.72028648392935e-10,8.129159636392669e-09,ENSG00000196208,GREB1,growth regulating estrogen receptor binding 1 [Source:HGNC Symbol;Acc:HGNC:24885]
Q52LW3,2286.3993123556447,1.1251560961799298,0.123835921043538,9.085862056005135,1.0288013240000984e-19,1.800728920595093e-17,ENSG00000137962,ARHGAP29,Rho GTPase activating protein 29 [Source:HGNC Symbol;Acc:HGNC:30207]
Q52M88,270.39734810644075,-1.0262028592081562,0.19767936630373895,-5.191249235549306,2.0888778258618596e-07,3.2765370961278416e-06,ENSG00000106952,TNFSF8,TNF superfamily member 8 [Source:HGNC Symbol;Acc:HGNC:11938]
Q52MB2,52.69019259913912,-1.4225950346823553,0.28288772826484493,-5.028832616416978,4.934749174265782e-07,7.080738990843042e-06,ENSG00000177875,CCDC184,coiled-coil domain containing 184 [Source:HGNC Symbol;Acc:HGNC:33749]
Q52WX2,86.3036840274295,-0.6429994188964331,0.14246801101494147,-4.5132897856557985,6.382971322496471e-06,6.768821458120043e-05,ENSG00000188322,SBK1,SH3 domain binding kinase 1 [Source:HGNC Symbol;Acc:HGNC:17699]
Q53EP0,2821.9885434043417,-0.5429263755426945,0.10542946447741217,-5.149664548082897,2.6095275091778655e-07,3.991020782760655e-06,ENSG00000075420,FNDC3B,fibronectin type III domain containing 3B [Source:HGNC Symbol;Acc:HGNC:24670]
Q53EZ4,87.36742757550638,-1.106684051616313,0.2198916911563949,-5.032859794730487,4.832165385726632e-07,6.951635708859436e-06,ENSG00000138180,CEP55,centrosomal protein 55 [Source:HGNC Symbol;Acc:HGNC:1161]
Q53G44,412.35955015909434,1.0625348221719693,0.19345110637421678,5.492523884131087,3.962299448711267e-08,7.29420300850403e-07,ENSG00000137959,IFI44L,interferon induced protein 44 like [Source:HGNC Symbol;Acc:HGNC:17817]
Q53GI3,403.44392615982673,0.5077112639618213,0.11141966822446407,4.556747224726924,5.195188256607705e-06,5.6468546974483165e-05,ENSG00000160908,ZNF394,zinc finger protein 394 [Source:HGNC Symbol;Acc:HGNC:18832]
Q53HC0,33.72581459379528,0.539417859076082,0.21020946595925175,2.5660969006060173,0.010285009142333091,0.03577690719637445,ENSG00000119242,CCDC92,coiled-coil domain containing 92 [Source:HGNC Symbol;Acc:HGNC:29563]
Q53HL2,68.17979223806665,-0.8728493308233038,0.16915851433032647,-5.159949141660325,2.4701693646736425e-07,3.7910309790196597e-06,ENSG00000134690,CDCA8,cell division cycle associated 8 [Source:HGNC Symbol;Acc:HGNC:14629]
Q53LP3,767.0384768593052,0.5689615839617187,0.11363124878810126,5.007087311191257,5.525986455555651e-07,7.812186236591303e-06,ENSG00000198142,SOWAHC,sosondowah ankyrin repeat domain family member C [Source:HGNC Symbol;Acc:HGNC:26149]
Q53S58,59.585662048238554,-0.7789637522072045,0.12130467741433926,-6.421547534778938,1.3489587568451269e-10,4.299330315666927e-09,ENSG00000144120,TMEM177,transmembrane protein 177 [Source:HGNC Symbol;Acc:HGNC:28143]
Q53SB5,712.9371815881346,-2.510527410860757,0.34230178828427454,-7.334251519527021,2.22964020911889e-13,1.226246513015162e-11,ENSG00000175084,DES,desmin [Source:HGNC Symbol;Acc:HGNC:2770]
Q53SF7,388.75721831623605,0.8085658962899952,0.108397857050921,7.459242445264975,8.702135356977873e-14,5.243630960731967e-12,ENSG00000082438,COBLL1,cordon-bleu WH2 repeat protein like 1 [Source:HGNC Symbol;Acc:HGNC:23571]
Q53TS8,30.886953083524723,0.5564491568567943,0.18581297353570086,2.994673333452047,0.0027473890516545203,0.012157086305214443,ENSG00000155754,C2CD6,C2 calcium dependent domain containing 6 [Source:HGNC Symbol;Acc:HGNC:14438]
Q53X57,4510.515608166787,1.5862368467985055,0.15418386474699536,10.287956196982131,7.985329734590163e-25,3.2019720357572993e-22,ENSG00000105971,CAV2,caveolin 2 [Source:HGNC Symbol;Acc:HGNC:1528]
Q53X90,407.1336965819636,-3.228858818472952,0.6130272358119806,-5.2670723743557515,1.3861656858483715e-07,2.261131511516271e-06,ENSG00000156234,CXCL13,C-X-C motif chemokine ligand 13 [Source:HGNC Symbol;Acc:HGNC:10639]
Q53XB4,18.458924093022762,0.8957074065037228,0.18536934272102154,4.832014794656476,1.3515820834526508e-06,1.7309983315020188e-05,ENSG00000258818,RNASE4,ribonuclease A family member 4 [Source:HGNC Symbol;Acc:HGNC:10047]
Q53XC2,23.072836567720383,0.5082812789359797,0.17520774803754813,2.901020557761246,0.0037194947582178273,0.015536255844243488,ENSG00000119718,EIF2B2,eukaryotic translation initiation factor 2B subunit beta [Source:HGNC Symbol;Acc:HGNC:3258]
Q53XR6,310.54952946887937,0.5915682599919742,0.13017252250604566,4.544494096014001,5.506735067837085e-06,5.924172448101418e-05,ENSG00000175387,SMAD2,SMAD family member 2 [Source:HGNC Symbol;Acc:HGNC:6768]
Q53XS6,15.051871989548568,-1.1420098861043997,0.26870247365481725,-4.250090706539076,2.1368396433533437e-05,0.00019433344946191605,ENSG00000163975,MELTF,melanotransferrin [Source:HGNC Symbol;Acc:HGNC:7037]
Q53XZ3,27.048414812627033,2.491537076806024,0.4646097433027953,5.362644913759891,8.201212594682097e-08,1.4064505642544242e-06,ENSG00000168539,CHRM1,cholinergic receptor muscarinic 1 [Source:HGNC Symbol;Acc:HGNC:1950]
Q53Y01,3234.0540494875895,0.975799113774798,0.14262499511294388,6.841711812169168,7.825239211406089e-12,3.26851942364299e-10,ENSG00000127920,GNG11,G protein subunit gamma 11 [Source:HGNC Symbol;Acc:HGNC:4403]
Q53YE2,22.96258700819255,0.6505837073695216,0.17044680842719667,3.8169310025385834,0.00013512193658042523,0.0009535933405903034,ENSG00000166900,STX3,syntaxin 3 [Source:HGNC Symbol;Acc:HGNC:11438]
Q53ZX0,760.7948253421381,0.7492963755064297,0.19329593267931178,3.876420807827096,0.00010600428958313291,0.0007761090609078864,ENSG00000110848,CD69,CD69 molecule [Source:HGNC Symbol;Acc:HGNC:1694]
Q53ZZ1,23.817887227820595,1.0076150621745101,0.27795088428098913,3.6251550873134875,0.000288788093798806,0.0018312054688438377,ENSG00000117560,FASLG,Fas ligand [Source:HGNC Symbol;Acc:HGNC:11936]
Q546S1,11287.306090362606,1.2271217226803939,0.30906844102053843,3.9703883017899204,7.17555905989219e-05,0.0005560427951752015,ENSG00000120738,EGR1,early growth response 1 [Source:HGNC Symbol;Acc:HGNC:3238]
Q547U9,29.523520762447834,-0.889327915869812,0.2943376112961564,-3.021455232831215,0.0025156283592754594,0.011294720650541731,ENSG00000183454,GRIN2A,glutamate ionotropic receptor NMDA type subunit 2A [Source:HGNC Symbol;Acc:HGNC:4585]
Q562R1,11.730241170620626,-2.460230774991064,0.3267332974590412,-7.529782835492837,5.082478071520931e-14,3.2117183779175535e-12,ENSG00000169067,ACTBL2,actin beta like 2 [Source:HGNC Symbol;Acc:HGNC:17780]
Q569H4,17.429131547982553,-0.7560053109747675,0.23699945918699322,-3.189903105974083,0.00142320501831548,0.007059685891572109,ENSG00000184838,PRR16,proline rich 16 [Source:HGNC Symbol;Acc:HGNC:29654]
Q56A73,338.7634910120101,0.6203971533599487,0.1681180688400705,3.6902467274361093,0.0002240366510962582,0.0014740167969203098,ENSG00000186767,SPIN4,spindlin family member 4 [Source:HGNC Symbol;Acc:HGNC:27040]
Q56NI9,20.968996103203878,-1.066681285065524,0.24885778703155106,-4.286308649567339,1.816665411018435e-05,0.00016912089056395343,ENSG00000171320,ESCO2,establishment of sister chromatid cohesion N-acetyltransferase 2 [Source:HGNC Symbol;Acc:HGNC:27230]
Q58DX5,231.8880984642473,-0.7800541024796627,0.12497686369548755,-6.24158807809663,4.3315041534570213e-10,1.240610293510924e-08,ENSG00000177694,NAALADL2,N-acetylated alpha-linked acidic dipeptidase like 2 [Source:HGNC Symbol;Acc:HGNC:23219]
Q58EX2,157.93318385151298,-1.6330762543018453,0.20235397972858157,-8.070393557331064,7.007192991876559e-16,6.439026426785235e-14,ENSG00000069188,SDK2,sidekick cell adhesion molecule 2 [Source:HGNC Symbol;Acc:HGNC:19308]
Q5BJD5,1401.684199363398,0.5790938562164297,0.11183034004490089,5.178325094817009,2.238868389799282e-07,3.4771833428615044e-06,ENSG00000166471,TMEM41B,transmembrane protein 41B [Source:HGNC Symbol;Acc:HGNC:28948]
Q5BJH7,16.20532291024504,1.0045276299609054,0.20799326015863648,4.829616253886074,1.367964290094301e-06,1.7499468940684288e-05,ENSG00000167645,YIF1B,"Yip1 interacting factor homolog B, membrane trafficking protein [Source:HGNC Symbol;Acc:HGNC:30511]"
Q5BKX8,20.046716306633503,0.6871861241094939,0.2529217703735474,2.7169908034985246,0.006587843818846112,0.024886657687706773,ENSG00000170681,CAVIN4,caveolae associated protein 4 [Source:HGNC Symbol;Acc:HGNC:33742]
Q5BLP8,84.11909161343306,-0.9317465816666052,0.18727093650392065,-4.9753934009247525,6.511526046194469e-07,9.026096506773904e-06,ENSG00000243449,NICOL1,NELL2 interacting cell ontogeny regulator 1 [Source:HGNC Symbol;Acc:HGNC:34437]
Q5BN46,70.1226082061731,-1.279788634997825,0.3563840834009135,-3.591037576047215,0.0003293641411501656,0.002046139934908663,ENSG00000160345,PIERCE1,piercer of microtubule wall 1 [Source:HGNC Symbol;Acc:HGNC:28435]
Q5CZC0,35.254152044607174,-0.609064910582179,0.19482003642229084,-3.126295024716931,0.001770238620701467,0.008450398818387479,ENSG00000188738,FSIP2,fibrous sheath interacting protein 2 [Source:HGNC Symbol;Acc:HGNC:21675]
Q5DR82,21.910890939832424,0.5064554131786665,0.1675566531171331,3.0225920830766464,0.002506198205858879,0.011259257533512266,ENSG00000002016,RAD52,"RAD52 homolog, DNA repair protein [Source:HGNC Symbol;Acc:HGNC:9824]"
Q5EBM0,17.979216665942726,0.5875561320734521,0.20902952968551325,2.8108762094878914,0.004940679082778276,0.019700187396780346,ENSG00000134326,CMPK2,cytidine/uridine monophosphate kinase 2 [Source:HGNC Symbol;Acc:HGNC:27015]
Q5EG05,15.98418897809544,0.5697592039049882,0.20957229180990644,2.718676209457074,0.006554373412440976,0.024798447630463766,ENSG00000204397,CARD16,caspase recruitment domain family member 16 [Source:HGNC Symbol;Acc:HGNC:33701]
Q5FWE3,68.39420760818975,-1.1440645167815071,0.2164998241631119,-5.2843669559729705,1.2614018120676695e-07,2.074493330599581e-06,ENSG00000163704,PRRT3,proline rich transmembrane protein 3 [Source:HGNC Symbol;Acc:HGNC:26591]
Q5FWF6,95.43152162814538,1.2634879151061391,0.28624916857902055,4.413944401579447,1.015040372555107e-05,0.000101706953095549,ENSG00000198556,ZNF789,zinc finger protein 789 [Source:HGNC Symbol;Acc:HGNC:27801]
Q5FYB1,163.9432062305782,-0.5310806163321108,0.2127682296497824,-2.4960522405354983,0.01255841050788215,0.0421814172008579,ENSG00000183876,ARSI,arylsulfatase family member I [Source:HGNC Symbol;Acc:HGNC:32521]
Q5GLZ8,217.90662600403,0.6093530383784,0.18311868542055626,3.327639869076934,0.0008758500960640842,0.0046951866841510245,ENSG00000148634,HERC4,HECT and RLD domain containing E3 ubiquitin protein ligase 4 [Source:HGNC Symbol;Acc:HGNC:24521]
Q5H8Y1,837.3262583725949,0.8327697689766392,0.23976473961529915,3.4732787244396843,0.0005141411185459388,0.0029839126916874036,ENSG00000047936,ROS1,"ROS proto-oncogene 1, receptor tyrosine kinase [Source:HGNC Symbol;Acc:HGNC:10261]"
Q5H9J7,140.50943734028328,0.8409354961263221,0.2034128623773246,4.134131373494036,3.562996310684736e-05,0.0003025734333301547,ENSG00000184515,BEX5,brain expressed X-linked 5 [Source:HGNC Symbol;Acc:HGNC:27990]
Q5HYC2,171.49306660917333,0.5889283927837503,0.1596422490925624,3.689050963208887,0.00022509213134833198,0.0014787553961144216,ENSG00000183354,BRD10,bromodomain containing 10 [Source:HGNC Symbol;Acc:HGNC:23378]
Q5HYJ3,303.94411836753494,0.6311267734944536,0.14904712582137628,4.2344108953219255,2.2915162091708372e-05,0.00020610562184769022,ENSG00000077458,FAM76B,family with sequence similarity 76 member B [Source:HGNC Symbol;Acc:HGNC:28492]
Q5HYK3,83.54124895415063,0.5411779946169665,0.21834928920517624,2.478496708585288,0.013193732841780118,0.04386110703838087,ENSG00000110871,COQ5,"coenzyme Q5, methyltransferase [Source:HGNC Symbol;Acc:HGNC:28722]"
Q5I0G3,50.63532504805054,-1.0274207261897432,0.3715010985018799,-2.7655927003525247,0.005681945308367499,0.02208488224017216,ENSG00000138400,MDH1B,malate dehydrogenase 1B [Source:HGNC Symbol;Acc:HGNC:17836]
Q5JRV8,100.67199896241945,1.082153733639369,0.23746119251795145,4.557181416317367,5.184464215413576e-06,5.640758451244747e-05,ENSG00000125355,TMEM255A,transmembrane protein 255A [Source:HGNC Symbol;Acc:HGNC:26086]
Q5JSP0,409.927151947832,0.7463114824058915,0.1255436587890787,5.944637025910979,2.7707011488693408e-09,6.641852514909179e-08,ENSG00000127084,FGD3,"FYVE, RhoGEF and PH domain containing 3 [Source:HGNC Symbol;Acc:HGNC:16027]"
Q5JST6,191.12156477165013,-1.337808624639263,0.34622565586791076,-3.8639788876583228,0.00011155486768505434,0.0008098193060981528,ENSG00000183690,EFHC2,EF-hand domain containing 2 [Source:HGNC Symbol;Acc:HGNC:26233]
Q5JSZ5,797.4188924006337,-0.5733806609516862,0.16312217973013216,-3.5150380034173274,0.0004396910621887166,0.0026123239993291907,ENSG00000288701,PRRC2B,proline rich coiled-coil 2B [Source:HGNC Symbol;Acc:HGNC:28121]
Q5JTD7,69.4863686717663,-1.3315956135994869,0.35428489452376755,-3.758544702814462,0.00017090450729730685,0.0011716282262775272,ENSG00000204052,LRRC73,leucine rich repeat containing 73 [Source:HGNC Symbol;Acc:HGNC:21375]
Q5JTH9,66.60070217334795,-0.6434691489316394,0.19792392852976318,-3.251093254421112,0.0011496214264866767,0.005896221148776085,ENSG00000052749,RRP12,ribosomal RNA processing 12 homolog [Source:HGNC Symbol;Acc:HGNC:29100]
Q5JU00,94.75274361767339,-1.3616156793856589,0.4250930680492108,-3.203100172002879,0.001359566814092104,0.006792905871768749,ENSG00000146221,TCTE1,t-complex-associated-testis-expressed 1 [Source:HGNC Symbol;Acc:HGNC:11693]
Q5JUD8,32.77032872742605,0.8869968868444783,0.2526993329139129,3.510087963495541,0.00044795847638309555,0.0026540890366614257,ENSG00000088387,DOCK9,dedicator of cytokinesis 9 [Source:HGNC Symbol;Acc:HGNC:14132]
Q5JUW0,361.53238685157436,0.511931483871231,0.12043368666048478,4.250733312801589,2.130717512630708e-05,0.0001939366241170352,ENSG00000147121,KRBOX4,KRAB box domain containing 4 [Source:HGNC Symbol;Acc:HGNC:26007]
Q5JV82,21.380561377171723,0.6174270583843671,0.18533616320742405,3.3313900951610655,0.0008641341484715713,0.004641406359082327,ENSG00000112237,CCNC,cyclin C [Source:HGNC Symbol;Acc:HGNC:1581]
Q5JVS0,137.44817007718868,-0.5734593395481608,0.1268729364570504,-4.519950082043627,6.185421417720976e-06,6.574134166092452e-05,ENSG00000130956,HABP4,hyaluronan binding protein 4 [Source:HGNC Symbol;Acc:HGNC:17062]
Q5JX69,13.833102212750477,0.6870377044269769,0.2502223533032366,2.7457087480684725,0.006038034086018258,0.023162776784318433,ENSG00000213714,FAM209B,family with sequence similarity 209 member B [Source:HGNC Symbol;Acc:HGNC:16101]
Q5JXM2,123.47850044485448,-1.301338925423233,0.19236948541589774,-6.764788722129047,1.3350387496041405e-11,5.402375152985268e-10,ENSG00000053328,METTL24,methyltransferase like 24 [Source:HGNC Symbol;Acc:HGNC:21566]
Q5JYT7,10.240586042985395,-1.0785743281267488,0.3062841756872556,-3.5214823805591347,0.0004291411850362038,0.0025579134310239025,ENSG00000149633,KIAA1755,KIAA1755 [Source:HGNC Symbol;Acc:HGNC:29372]
Q5JZY3,36.232314467103436,-2.381836177495246,0.2944915669146749,-8.087960556729124,6.06720455147335e-16,5.645828235366805e-14,ENSG00000183317,EPHA10,EPH receptor A10 [Source:HGNC Symbol;Acc:HGNC:19987]
Q5M775,101.75245961136983,-0.7311016352348229,0.12071554337683943,-6.056400151822475,1.3920147671404645e-09,3.53680802701795e-08,ENSG00000128487,SPECC1,sperm antigen with calponin homology and coiled-coil domains 1 [Source:HGNC Symbol;Acc:HGNC:30615]
Q5NUL3,175.8076956488986,1.825605808494465,0.2764813523272536,6.602997971210768,4.02925058313874e-11,1.4519786333421857e-09,ENSG00000186188,FFAR4,free fatty acid receptor 4 [Source:HGNC Symbol;Acc:HGNC:19061]
Q5QGZ9,279.0557824862379,0.9178334799926906,0.24034190889121532,3.818865732684701,0.00013406670533966763,0.0009470554514929627,ENSG00000172322,CLEC12A,C-type lectin domain family 12 member A [Source:HGNC Symbol;Acc:HGNC:31713]
Q5QJU3,118.0263457792598,-0.8798214407765936,0.1933027943784314,-4.551519514271251,5.3259856774706055e-06,5.7691202421874625e-05,ENSG00000177076,ACER2,alkaline ceramidase 2 [Source:HGNC Symbol;Acc:HGNC:23675]
Q5QPM7,16.346606983031997,1.3154926270772531,0.21377871245507504,6.153524885475676,7.57794795075459e-10,2.0455821799992867e-08,ENSG00000125818,PSMF1,proteasome inhibitor subunit 1 [Source:HGNC Symbol;Acc:HGNC:9571]
Q5R352,1596.0101777134569,-1.1270808202436617,0.32054732323081175,-3.516113654869305,0.0004379134797713979,0.0026031654670831293,ENSG00000198523,PLN,phospholamban [Source:HGNC Symbol;Acc:HGNC:9080]
Q5R372,17.14845008222344,0.7838779046714432,0.1585396205458359,4.944365969671372,7.639207723701058e-07,1.0431893940464591e-05,ENSG00000152061,RABGAP1L,RAB GTPase activating protein 1 like [Source:HGNC Symbol;Acc:HGNC:24663]
Q5RHP9,230.66443337604485,-1.7859084916507826,0.47060247116518716,-3.7949407431477495,0.00014767872313495582,0.0010336104601771868,ENSG00000178965,ERICH3,glutamate rich 3 [Source:HGNC Symbol;Acc:HGNC:25346]
Q5SPY9,421.2008949386081,0.5323982989689353,0.14215230446358693,3.745266747366111,0.0001802022056058805,0.0012254639045427348,ENSG00000107281,NPDC1,"neural proliferation, differentiation and control 1 [Source:HGNC Symbol;Acc:HGNC:7899]"
Q5SVY4,259.36793964292923,4.585194586908135,0.4617040606110638,9.931025039805034,3.051027874203266e-23,9.217447772284771e-21,ENSG00000182010,RTKN2,rhotekin 2 [Source:HGNC Symbol;Acc:HGNC:19364]
Q5SW24,69.28867198439603,1.1299832681879263,0.2918276680805487,3.87209093510638,0.00010790567680825456,0.0007869549591035867,ENSG00000164488,DACT2,dishevelled binding antagonist of beta catenin 2 [Source:HGNC Symbol;Acc:HGNC:21231]
Q5SXH7,19.718790983866388,-2.014849326785868,0.5703788464044233,-3.532475545836166,0.0004116883000094166,0.0024732698906041062,ENSG00000148735,PLEKHS1,pleckstrin homology domain containing S1 [Source:HGNC Symbol;Acc:HGNC:26285]
Q5SYB0,10.619436650157663,2.010771673365787,0.3240121006338964,6.205853637663282,5.440079111223093e-10,1.5083263606740776e-08,ENSG00000070601,FRMPD1,FERM and PDZ domain containing 1 [Source:HGNC Symbol;Acc:HGNC:29159]
Q5SYE7,907.9211160190958,0.7716793849716207,0.09686354346626147,7.966664829275055,1.6301401143047943e-15,1.3617844727605276e-13,ENSG00000135540,NHSL1,NHS like 1 [Source:HGNC Symbol;Acc:HGNC:21021]
Q5SZJ8,43.15611405901429,-1.7443333121613303,0.208893180613396,-8.350360251298067,6.805507152041577e-17,7.504432736556246e-15,ENSG00000151917,BEND6,BEN domain containing 6 [Source:HGNC Symbol;Acc:HGNC:20871]
Q5SZK8,697.4921240757479,1.0554760598284605,0.16765739691592846,6.295433898199716,3.065411710088037e-10,9.064390708281954e-09,ENSG00000150893,FREM2,FRAS1 related extracellular matrix 2 [Source:HGNC Symbol;Acc:HGNC:25396]
Q5T088,18.5858266310658,-0.6818294695108925,0.23945941380468494,-2.847369659340379,0.004408214161598832,0.017881570387253614,ENSG00000116151,MORN1,MORN repeat containing 1 [Source:HGNC Symbol;Acc:HGNC:25852]
Q5T0W9,34.04526093943534,-3.1592309355343446,0.35100557766550256,-9.000514910748779,2.246614972284157e-19,3.643150485202559e-17,ENSG00000168143,FAM83B,family with sequence similarity 83 member B [Source:HGNC Symbol;Acc:HGNC:21357]
Q5T3L8,10.918146768773024,-0.763584366335304,0.1900894548387396,-4.016973834677378,5.8950266534716433e-05,0.0004693462737027568,ENSG00000188690,UROS,uroporphyrinogen III synthase [Source:HGNC Symbol;Acc:HGNC:12592]
Q5T442,120.66811180365933,0.8391906253762851,0.1612732633541949,5.203532240388914,1.9553581085024186e-07,3.0780490881450635e-06,ENSG00000198835,GJC2,gap junction protein gamma 2 [Source:HGNC Symbol;Acc:HGNC:17494]
Q5T4B2,305.0750184051252,-1.7307383916339956,0.21199212171508994,-8.16416373227326,3.2366963810198154e-16,3.144585990617225e-14,ENSG00000167123,CERCAM,cerebral endothelial cell adhesion molecule [Source:HGNC Symbol;Acc:HGNC:23723]
Q5T4F7,221.34493507059705,-0.994468460064227,0.3971020526868345,-2.5043145794275,0.012268889451900444,0.041371878540646015,ENSG00000120057,SFRP5,secreted frizzled related protein 5 [Source:HGNC Symbol;Acc:HGNC:10779]
Q5T4W7,21.44319742434641,-1.1802008129277755,0.24181027019026646,-4.880689360295341,1.0571565054407232e-06,1.3844732524340683e-05,ENSG00000117407,ARTN,artemin [Source:HGNC Symbol;Acc:HGNC:727]
Q5T5D7,27.91572169541166,0.8781539906013166,0.27671207954856863,3.1735296559295407,0.0015059751603499006,0.0074020004872647,ENSG00000117010,ZNF684,zinc finger protein 684 [Source:HGNC Symbol;Acc:HGNC:28418]
Q5T5H1,11.966672961681597,1.038386103900999,0.24716552017653204,4.2011770216143285,2.6553085935620437e-05,0.00023417823223076894,ENSG00000143420,ENSA,endosulfine alpha [Source:HGNC Symbol;Acc:HGNC:3360]
Q5T5N4,133.82411695252432,-1.7018078150184142,0.4608158469278704,-3.693032317277906,0.0002215958495912599,0.0014627581163979783,ENSG00000112539,C6orf118,chromosome 6 open reading frame 118 [Source:HGNC Symbol;Acc:HGNC:21233]
Q5T5P2,45.33458937840245,-0.6999598756150546,0.181951086621497,-3.846967273524138,0.00011958893614983905,0.0008585333326329917,ENSG00000120549,KIAA1217,KIAA1217 [Source:HGNC Symbol;Acc:HGNC:25428]
Q5T601,148.23823778367264,-1.7519613786946786,0.3275581161648092,-5.3485512714732675,8.866106053357368e-08,1.5087430779378348e-06,ENSG00000153292,ADGRF1,adhesion G protein-coupled receptor F1 [Source:HGNC Symbol;Acc:HGNC:18990]
Q5T655,198.2102545645184,-1.1338420941020662,0.357858968452322,-3.1684048579409274,0.0015327790837003222,0.0075119799804282015,ENSG00000120051,CFAP58,cilia and flagella associated protein 58 [Source:HGNC Symbol;Acc:HGNC:26676]
Q5T6S3,16.448261660998934,-0.5167735043576793,0.202620547817306,-2.5504496455296874,0.010758406410900012,0.037088367144122884,ENSG00000119403,PHF19,PHD finger protein 19 [Source:HGNC Symbol;Acc:HGNC:24566]
Q5T6X4,418.7882928040291,1.0902802432237046,0.17484594541755488,6.235662146010727,4.4987109595169025e-10,1.2835002781524679e-08,ENSG00000183807,FAM162B,family with sequence similarity 162 member B [Source:HGNC Symbol;Acc:HGNC:21549]
Q5T700,891.120085362308,-1.5510342975961946,0.509216594969328,-3.045922526718948,0.0023196759727277146,0.010578605025338507,ENSG00000203985,LDLRAD1,low density lipoprotein receptor class A domain containing 1 [Source:HGNC Symbol;Acc:HGNC:32069]
Q5T7B8,155.0291739460955,-1.2587418174726397,0.28954056962841607,-4.3473763248033075,1.3777571198969388e-05,0.0001331509882655876,ENSG00000186638,KIF24,kinesin family member 24 [Source:HGNC Symbol;Acc:HGNC:19916]
Q5T7N2,69.17484223199163,1.0847923567002464,0.22982097023027173,4.720162636217776,2.3565614929409576e-06,2.8415312829589874e-05,ENSG00000240563,L1TD1,LINE1 type transposase domain containing 1 [Source:HGNC Symbol;Acc:HGNC:25595]
Q5T7N3,74.53213033646216,1.527472375588657,0.2450485383703872,6.2333462004980635,4.565756019484663e-10,1.2972242133830653e-08,ENSG00000132854,KANK4,KN motif and ankyrin repeat domains 4 [Source:HGNC Symbol;Acc:HGNC:27263]
Q5T854,33.98753554971971,0.8406375889947892,0.2373550855751866,3.5416877079235864,0.000397575869746602,0.002402229652436044,ENSG00000107968,MAP3K8,mitogen-activated protein kinase kinase kinase 8 [Source:HGNC Symbol;Acc:HGNC:6860]
Q5T953,164.5134136219479,-1.5582689594807837,0.20920376348458153,-7.4485703962760175,9.435707882373911e-14,5.639433648722879e-12,ENSG00000188483,IER5L,immediate early response 5 like [Source:HGNC Symbol;Acc:HGNC:23679]
Q5T981,10.114342383903914,-0.9460060698152042,0.24412574657625144,-3.875077016998385,0.00010659098161868908,0.0007794288821679605,ENSG00000198879,SFMBT2,Scm like with four mbt domains 2 [Source:HGNC Symbol;Acc:HGNC:20256]
Q5TA31,20.77444284606688,-0.6135527286350059,0.22583175547515844,-2.7168576329935004,0.006590494986979857,0.024892409049983518,ENSG00000168159,RNF187,ring finger protein 187 [Source:HGNC Symbol;Acc:HGNC:27146]
Q5TAQ9,966.647992488576,0.7755231497266053,0.17149958677132565,4.522011768813609,6.125465304263008e-06,6.526135836725429e-05,ENSG00000132716,DCAF8,DDB1 and CUL4 associated factor 8 [Source:HGNC Symbol;Acc:HGNC:24891]
Q5TB30,13.701068206636327,-1.331633660007538,0.2926961757278423,-4.549542393904494,5.37627022677194e-06,5.8121697833935475e-05,ENSG00000024526,DEPDC1,DEP domain containing 1 [Source:HGNC Symbol;Acc:HGNC:22949]
Q5TBC7,15.064167161277952,-1.3213582653292548,0.24108691642513636,-5.480837719949727,4.233166326423664e-08,7.747572627630496e-07,ENSG00000188761,BCL2L15,BCL2 like 15 [Source:HGNC Symbol;Acc:HGNC:33624]
Q5TBE9,11.82160523915766,0.6936805381259978,0.20957895463773088,3.309876887806145,0.0009333701456527074,0.004951778973352131,ENSG00000135070,ISCA1,iron-sulfur cluster assembly 1 [Source:HGNC Symbol;Acc:HGNC:28660]
Q5TC79,1026.0979220228028,0.5234515207741681,0.10955491342267934,4.777983062746016,1.7706229131781832e-06,2.206176142781449e-05,ENSG00000185278,ZBTB37,zinc finger and BTB domain containing 37 [Source:HGNC Symbol;Acc:HGNC:28365]
Q5TCQ9,1588.3477295409912,0.5546808558742105,0.13591036811657056,4.081225469115496,4.4798870498085805e-05,0.0003688010854763733,ENSG00000081026,MAGI3,"membrane associated guanylate kinase, WW and PDZ domain containing 3 [Source:HGNC Symbol;Acc:HGNC:29647]"
Q5TCS4,14.173652332478863,1.0153051781498408,0.22382376732467166,4.536181256734327,5.728195468192102e-06,6.147426902944457e-05,ENSG00000112367,FIG4,FIG4 phosphoinositide 5-phosphatase [Source:HGNC Symbol;Acc:HGNC:16873]
Q5TCX8,290.70058405275006,1.2730200544273875,0.13458687268245617,9.458723789733542,3.117244299280127e-21,6.485632620407916e-19,ENSG00000143674,MAP3K21,mitogen-activated protein kinase kinase kinase 21 [Source:HGNC Symbol;Acc:HGNC:29798]
Q5TCZ1,2492.9446716007265,-1.1416309604466983,0.13026055807082293,-8.764210574209203,1.8808997601699373e-18,2.625402741189101e-16,ENSG00000107957,SH3PXD2A,SH3 and PX domains 2A [Source:HGNC Symbol;Acc:HGNC:23664]
Q5TD94,830.626536741448,-1.5043875086798257,0.3802505299063866,-3.9563061465034353,7.611760188920306e-05,0.0005850693152629776,ENSG00000111834,RSPH4A,radial spoke head component 4A [Source:HGNC Symbol;Acc:HGNC:21558]
Q5TEH8,44.7420594559243,0.9595348721886444,0.14964714079758368,6.411982661844067,1.4363917643377865e-10,4.551463214181831e-09,ENSG00000134245,WNT2B,Wnt family member 2B [Source:HGNC Symbol;Acc:HGNC:12781]
Q5TF58,768.7479182797433,-0.5642959626386342,0.1087437639690922,-5.189225956892772,2.111700279565616e-07,3.305283035169631e-06,ENSG00000169991,IFFO2,intermediate filament family orphan 2 [Source:HGNC Symbol;Acc:HGNC:27006]
Q5TG30,10.091904289776112,-1.6116003309842166,0.3359868710675272,-4.796616980490033,1.6136773536510636e-06,2.0266537788963873e-05,ENSG00000124143,ARHGAP40,Rho GTPase activating protein 40 [Source:HGNC Symbol;Acc:HGNC:16226]
Q5TGP6,99.84841811249233,-1.4092114996462313,0.4518825639473461,-3.1185347965991324,0.0018175267914205494,0.008629437213775844,ENSG00000117501,MROH9,maestro heat like repeat family member 9 [Source:HGNC Symbol;Acc:HGNC:26287]
Q5TID7,57.746747282868455,-0.6941403910477826,0.2592743448131335,-2.6772428700883215,0.007423080497397005,0.02749014799181821,ENSG00000117477,CCDC181,coiled-coil domain containing 181 [Source:HGNC Symbol;Acc:HGNC:28051]
Q5TZF3,61.812384707092136,-1.3569260263932013,0.3616131123536073,-3.752424843118842,0.00017513234468126475,0.0011968914563373451,ENSG00000183831,ANKRD45,ankyrin repeat domain 45 [Source:HGNC Symbol;Acc:HGNC:24786]
Q5TZZ9,49.68485816930048,1.6077204730802461,0.282286234847928,5.695355545573628,1.2311508635632886e-08,2.528562236630996e-07,ENSG00000135046,ANXA1,annexin A1 [Source:HGNC Symbol;Acc:HGNC:533]
Q5U079,6164.056580978117,0.8673027493122786,0.2772256402392029,3.128508418499567,0.0017569597787148153,0.008399737905869615,ENSG00000171223,JUNB,"JunB proto-oncogene, AP-1 transcription factor subunit [Source:HGNC Symbol;Acc:HGNC:6205]"
Q5U4P2,10.813453631118044,-1.5833347049456783,0.31317606383416857,-5.0557334604731405,4.287397841637153e-07,6.232977719147381e-06,ENSG00000174939,ASPHD1,aspartate beta-hydroxylase domain containing 1 [Source:HGNC Symbol;Acc:HGNC:27380]
Q5U649,42.898982868230924,0.5342128387700676,0.1901380006309442,2.8096058494218052,0.004960220524856094,0.01974954025188234,ENSG00000182993,C12orf60,chromosome 12 open reading frame 60 [Source:HGNC Symbol;Acc:HGNC:28726]
Q5U651,322.03657104804995,0.6436386305905216,0.1785051880910996,3.605713858927408,0.00031129600352595716,0.0019520392555477564,ENSG00000105538,RASIP1,Ras interacting protein 1 [Source:HGNC Symbol;Acc:HGNC:24716]
Q5VT66,61.02665821926952,0.7262158006165726,0.18123987471467373,4.006931707273885,6.151263963557044e-05,0.0004864506689249825,ENSG00000186205,MTARC1,mitochondrial amidoxime reducing component 1 [Source:HGNC Symbol;Acc:HGNC:26189]
Q5VT82,262.7890600745435,1.5417559001403218,0.2930895389263052,5.2603579977243164,1.4377520139697395e-07,2.3383615719829372e-06,ENSG00000184226,PCDH9,protocadherin 9 [Source:HGNC Symbol;Acc:HGNC:8661]
Q5VTE6,605.2433207665441,0.6677415616473256,0.1095855397255121,6.093336432159504,1.1058131891325755e-09,2.899834015829943e-08,ENSG00000174606,ANGEL2,angel homolog 2 [Source:HGNC Symbol;Acc:HGNC:30534]
Q5VTH2,501.0716906311808,-1.0512777507576687,0.2927027630882488,-3.591622230230579,0.0003286259820442087,0.002042705019166567,ENSG00000188931,CFAP126,cilia and flagella associated protein 126 [Source:HGNC Symbol;Acc:HGNC:32325]
Q5VTJ3,233.49780630990222,-1.7106298674092963,0.22762369969020943,-7.5151659064386696,5.683880796508504e-14,3.531050903836579e-12,ENSG00000179023,KLHDC7A,kelch domain containing 7A [Source:HGNC Symbol;Acc:HGNC:26791]
Q5VTL8,72.76525369138865,0.8185262051940728,0.15113987968489204,5.415686494528107,6.105399681719375e-08,1.0806459436648402e-06,ENSG00000134186,PRPF38B,pre-mRNA processing factor 38B [Source:HGNC Symbol;Acc:HGNC:25512]
Q5VTT5,10.427971503363393,-0.7487395459263159,0.28468648511325917,-2.630049493316968,0.008537243813951096,0.030784888010607827,ENSG00000142661,MYOM3,myomesin 3 [Source:HGNC Symbol;Acc:HGNC:26679]
Q5VTY9,10.722231701601972,-1.0729221038179353,0.23762127302955569,-4.515261155445807,6.323878500767851e-06,6.71158885735968e-05,ENSG00000054392,HHAT,hedgehog acyltransferase [Source:HGNC Symbol;Acc:HGNC:18270]
Q5VU69,117.24230610405212,-1.693259749712034,0.44614563545074193,-3.795307216221739,0.00014746074254075284,0.0010324124495218296,ENSG00000163263,CFAP141,cilia and flagella associated protein 141 [Source:HGNC Symbol;Acc:HGNC:32305]
Q5VUD6,199.62126003194064,1.2945657679512221,0.15277586643897953,8.47362740023004,2.378674294365013e-17,2.7756234332235978e-15,ENSG00000165716,DIPK1B,divergent protein kinase domain 1B [Source:HGNC Symbol;Acc:HGNC:28290]
Q5VV17,1508.9418771052137,1.2118251947943506,0.13672426511941305,8.863278173307126,7.769540102847669e-19,1.1736262837548115e-16,ENSG00000165312,OTUD1,OTU deubiquitinase 1 [Source:HGNC Symbol;Acc:HGNC:27346]
Q5VV23,37.19465598733978,-1.4339365752860609,0.4748902313783952,-3.0195116271900995,0.002531825746639621,0.01135588468911739,ENSG00000151023,ENKUR,"enkurin, TRPC channel interacting protein [Source:HGNC Symbol;Acc:HGNC:28388]"
Q5VV41,62.170313435001226,-0.59218852994666,0.15608444978630473,-3.7940264437452003,0.00014822387783858782,0.001037096891450576,ENSG00000130762,ARHGEF16,Rho guanine nucleotide exchange factor 16 [Source:HGNC Symbol;Acc:HGNC:15515]
Q5VV43,18.538468474562478,-1.0320937555672285,0.3583043865787615,-2.880494334501697,0.003970520881557306,0.01636439310817881,ENSG00000137261,KIAA0319,KIAA0319 [Source:HGNC Symbol;Acc:HGNC:21580]
Q5VW36,57.196328389477856,-0.5997277624455571,0.20086374169787063,-2.985744253174563,0.0028288912008781197,0.01244035225207698,ENSG00000188352,FOCAD,focadhesin [Source:HGNC Symbol;Acc:HGNC:23377]
Q5VWP2,3605.147309525886,-1.571575167932067,0.21819239606258772,-7.202703651878254,5.903017944444349e-13,2.999658012598518e-11,ENSG00000183508,TENT5C,terminal nucleotidyltransferase 5C [Source:HGNC Symbol;Acc:HGNC:24712]
Q5VXT5,58.029114318803735,-0.7648322552344329,0.18131671795008858,-4.218211447247627,2.462478427583726e-05,0.0002196016952767145,ENSG00000143028,SYPL2,synaptophysin like 2 [Source:HGNC Symbol;Acc:HGNC:27638]
Q5VYB9,75.77577035892945,-0.7793620754693249,0.21416459846979224,-3.6390798527761965,0.00027361395307231635,0.0017526233287995542,ENSG00000120256,LRP11,LDL receptor related protein 11 [Source:HGNC Symbol;Acc:HGNC:16936]
Q5VYS4,971.3382432339996,-2.4530141875928164,0.5355903974488497,-4.5800189833072675,4.6493372870196e-06,5.121702523872641e-05,ENSG00000102802,MEDAG,mesenteric estrogen dependent adipogenesis [Source:HGNC Symbol;Acc:HGNC:25926]
Q5VZ19,28.704738355319133,0.8909231556321944,0.17251952949401853,5.164187256046764,2.414858580718213e-07,3.721683517760969e-06,ENSG00000163239,TDRD10,tudor domain containing 10 [Source:HGNC Symbol;Acc:HGNC:25316]
Q5VZ89,546.9499857600141,0.5054043197577213,0.12594353739068972,4.012943658950165,5.9966229878307526e-05,0.0004758888930320958,ENSG00000137145,DENND4C,DENN domain containing 4C [Source:HGNC Symbol;Acc:HGNC:26079]
Q5VZL5,47.33917721109341,-0.5637143557879059,0.21019521930823296,-2.6818609749695015,0.007321387892320912,0.027196545153654265,ENSG00000146463,ZMYM4,zinc finger MYM-type containing 4 [Source:HGNC Symbol;Acc:HGNC:13055]
Q5W0H4,67.4216469046639,0.6264528521919859,0.15421478827574533,4.062209981262305,4.8610320924334454e-05,0.00039705630283898963,ENSG00000133112,TPT1,"tumor protein, translationally-controlled 1 [Source:HGNC Symbol;Acc:HGNC:12022]"
Q5W111,632.2639924915404,1.0868100955841327,0.10634800516584686,10.21937453259496,1.6238524311499013e-24,6.069905341793208e-22,ENSG00000123178,SPRYD7,SPRY domain containing 7 [Source:HGNC Symbol;Acc:HGNC:14297]
Q5Y7A2,10.17556106275306,-1.6325320794551879,0.28462563359036125,-5.7357169797459635,9.710069175249434e-09,2.0551426640206431e-07,ENSG00000213088,ACKR1,atypical chemokine receptor 1 (Duffy blood group) [Source:HGNC Symbol;Acc:HGNC:4035]
Q63HK5,394.4422939811192,-0.6759813984821884,0.12493316064076229,-5.410744393363519,6.276330354318374e-08,1.102933781945318e-06,ENSG00000121297,TSHZ3,teashirt zinc finger homeobox 3 [Source:HGNC Symbol;Acc:HGNC:30700]
Q63HM1,67.5939582796221,0.7125982032563773,0.1814722880849055,3.9267604479807616,8.609765439443595e-05,0.0006507188725205245,ENSG00000183077,AFMID,arylformamidase [Source:HGNC Symbol;Acc:HGNC:20910]
Q63HQ2,33.60661608035568,-1.2011394022459234,0.24718551091785926,-4.859262979394722,1.1782354377903784e-06,1.5294175600370222e-05,ENSG00000164318,EGFLAM,"EGF like, fibronectin type III and laminin G domains [Source:HGNC Symbol;Acc:HGNC:26810]"
Q658P3,945.4499960345737,-1.3167283140598347,0.17383258375422475,-7.574692187291576,3.599801219795313e-14,2.355786827933704e-12,ENSG00000115107,STEAP3,STEAP3 metalloreductase [Source:HGNC Symbol;Acc:HGNC:24592]
Q66K14,23.903924114964706,-0.5895105611320605,0.13981445000980477,-4.216377928681333,2.4825757391986076e-05,0.00022094723709558553,ENSG00000197226,TBC1D9B,TBC1 domain family member 9B [Source:HGNC Symbol;Acc:HGNC:29097]
Q68BL7,989.0201226291372,1.5404990059342778,0.1873176513328393,8.223992746935577,1.9683800368087084e-16,1.9732115150808754e-14,ENSG00000185585,OLFML2A,olfactomedin like 2A [Source:HGNC Symbol;Acc:HGNC:27270]
Q68BL8,10.644002905203337,-1.2416228436844075,0.24085151587366274,-5.155138173743915,2.534439752275061e-07,3.881564881713486e-06,ENSG00000162745,OLFML2B,olfactomedin like 2B [Source:HGNC Symbol;Acc:HGNC:24558]
Q68CJ6,141.6461448651312,-1.4625208501949472,0.25587828523456424,-5.715689585985191,1.0926002926142488e-08,2.286167633141807e-07,ENSG00000189233,NUGGC,"nuclear GTPase, germinal center associated [Source:HGNC Symbol;Acc:HGNC:33550]"
Q68CQ4,480.5524043722513,-0.5486377652796333,0.10915527123818557,-5.026214117341723,5.002573228416246e-07,7.149086845305775e-06,ENSG00000117597,UTP25,UTP25 small subunit processome component [Source:HGNC Symbol;Acc:HGNC:28440]
Q68CR1,1394.42328009662,-1.5715623791563915,0.22273433265342654,-7.055770704203622,1.7164666980195902e-12,8.088665931223086e-11,ENSG00000091490,SEL1L3,SEL1L family member 3 [Source:HGNC Symbol;Acc:HGNC:29108]
Q68D06,226.92463238130287,-0.6467003409278334,0.20541285215903587,-3.1482954164286734,0.0016422563357238705,0.007951332871142533,ENSG00000154760,SLFN13,schlafen family member 13 [Source:HGNC Symbol;Acc:HGNC:26481]
Q68D42,16.31244590752646,-3.460931977211673,0.4326748044551042,-7.998921919131047,1.2551327380279373e-15,1.089791236396383e-13,ENSG00000188133,TMEM215,transmembrane protein 215 [Source:HGNC Symbol;Acc:HGNC:33816]
Q68D85,190.27984130485578,-0.9112903851090962,0.23393522199280978,-3.8954817378338418,9.800374657201226e-05,0.000725780600033297,ENSG00000188211,NCR3LG1,natural killer cell cytotoxicity receptor 3 ligand 1 [Source:HGNC Symbol;Acc:HGNC:42400]
Q68DD2,677.9448359090004,1.677202184926143,0.275477998029739,6.088334447475845,1.140913455144733e-09,2.9777166082558507e-08,ENSG00000168907,PLA2G4F,phospholipase A2 group IVF [Source:HGNC Symbol;Acc:HGNC:27396]
Q68DL7,14.689158154446199,1.135689827731443,0.4126504957188296,2.7521833598020815,0.005919936436921179,0.02282088414260788,ENSG00000206043,C18orf63,chromosome 18 open reading frame 63 [Source:HGNC Symbol;Acc:HGNC:40037]
Q68DU7,120.23125414437648,0.7245659151866093,0.16276880289639906,4.451503619202687,8.52710955073973e-06,8.722489519110111e-05,ENSG00000105829,BET1,Bet1 golgi vesicular membrane trafficking protein [Source:HGNC Symbol;Acc:HGNC:14562]
Q68DU8,109.36064798065836,1.5360974407703691,0.24923181954172874,6.163327955454665,7.123176474475291e-10,1.937047274575562e-08,ENSG00000183775,KCTD16,potassium channel tetramerization domain containing 16 [Source:HGNC Symbol;Acc:HGNC:29244]
Q693B1,487.90081455695474,-0.7755271928975798,0.15214979046989016,-5.097129549127138,3.4484234922536546e-07,5.131682300820654e-06,ENSG00000213859,KCTD11,potassium channel tetramerization domain containing 11 [Source:HGNC Symbol;Acc:HGNC:21302]
Q69YQ0,41.768717343708936,0.5201163777495065,0.13953558846949024,3.727481880819466,0.00019340246025698198,0.0013027788205581799,ENSG00000100014,SPECC1L,sperm antigen with calponin homology and coiled-coil domains 1 like [Source:HGNC Symbol;Acc:HGNC:29022]
Q69YU3,25.318482335146804,-0.5074037790368545,0.16910172208638244,-3.0005831565550634,0.0026946316594491926,0.01196509236402032,ENSG00000272031,ANKRD34A,ankyrin repeat domain 34A [Source:HGNC Symbol;Acc:HGNC:27639]
Q6AWC2,17.01087453403385,1.6414168971051324,0.19121837645741166,8.583991389921199,9.163683411666557e-18,1.1482720111414447e-15,ENSG00000151718,WWC2,WW and C2 domain containing 2 [Source:HGNC Symbol;Acc:HGNC:24148]
Q6AZY7,1244.0633322365466,-1.2017182763483947,0.18540055396998023,-6.481740483596262,9.06705026237155e-11,3.0173059202735273e-09,ENSG00000168077,SCARA3,scavenger receptor class A member 3 [Source:HGNC Symbol;Acc:HGNC:19000]
Q6DHV5,31.626783681892576,0.796640490820266,0.2702182106916149,2.9481376876165752,0.003196946403295764,0.01376790782626143,ENSG00000188649,CC2D2B,coiled-coil and C2 domain containing 2B [Source:HGNC Symbol;Acc:HGNC:31666]
Q6DJT9,206.81648227206387,1.2352661416450494,0.15006286541997935,8.231657700177344,1.8464023833015327e-16,1.8679155119877067e-14,ENSG00000181690,PLAG1,PLAG1 zinc finger [Source:HGNC Symbol;Acc:HGNC:9045]
Q6DN14,337.8884288792612,-0.7786878656115278,0.1565645638673501,-4.9735894660765885,6.572442012495579e-07,9.104813828114165e-06,ENSG00000175471,MCTP1,multiple C2 and transmembrane domain containing 1 [Source:HGNC Symbol;Acc:HGNC:26183]
Q6DN72,78.4065341697701,1.8797601157113693,0.21245171306044844,8.847940497314442,8.914915937108989e-19,1.3284429464662273e-16,ENSG00000181036,FCRL6,Fc receptor like 6 [Source:HGNC Symbol;Acc:HGNC:31910]
Q6E0U4,30.81061994657519,-3.909200987447626,0.5085094100920153,-7.6875686267836265,1.499574147660652e-14,1.0367275314265838e-12,ENSG00000161249,DMKN,dermokine [Source:HGNC Symbol;Acc:HGNC:25063]
Q6EIG7,19.74712772466587,1.7498209634832675,0.44342344084560825,3.9461625216437812,7.941372052475739e-05,0.0006062271348054689,ENSG00000205846,CLEC6A,C-type lectin domain containing 6A [Source:HGNC Symbol;Acc:HGNC:14556]
Q6FG41,7784.365364313187,2.1841450593561182,0.33727319089885033,6.47589289126497,9.425289213094124e-11,3.1211010256092767e-09,ENSG00000170345,FOS,"Fos proto-oncogene, AP-1 transcription factor subunit [Source:HGNC Symbol;Acc:HGNC:3796]"
Q6FG82,10.936608550643637,3.0514736501682336,0.5558645660835301,5.489599151225061,4.028469280664692e-08,7.403655126314927e-07,ENSG00000187094,CCK,cholecystokinin [Source:HGNC Symbol;Acc:HGNC:1569]
Q6FG85,48.006190078096765,0.6281192631897996,0.19322335998764892,3.250741852485899,0.001151043202650808,0.0059021406164289515,ENSG00000114784,EIF1B,eukaryotic translation initiation factor 1B [Source:HGNC Symbol;Acc:HGNC:30792]
Q6FG93,33.14449117267751,1.2736608478913176,0.2305091973064883,5.5254231187913945,3.28692489973867e-08,6.185140080105515e-07,ENSG00000168899,VAMP5,vesicle associated membrane protein 5 [Source:HGNC Symbol;Acc:HGNC:12646]
Q6FGF7,93.79988549836445,-1.0461393908548977,0.18527500869319455,-5.646413934797048,1.6382912074913483e-08,3.269762379186805e-07,ENSG00000213190,MLLT11,MLLT11 transcription factor 7 cofactor [Source:HGNC Symbol;Acc:HGNC:16997]
Q6FGG5,10.346178390419807,-1.3697506575560596,0.26927316594503414,-5.086844256273433,3.6407056495236137e-07,5.381509543873578e-06,ENSG00000164106,SCRG1,stimulator of chondrogenesis 1 [Source:HGNC Symbol;Acc:HGNC:17036]
Q6FGK0,4835.793495689742,1.1548820354960232,0.126916712035184,9.0995269021456,9.072616289529252e-20,1.600699837194225e-17,ENSG00000106537,TSPAN13,tetraspanin 13 [Source:HGNC Symbol;Acc:HGNC:21643]
Q6FGX9,351.35081405561294,0.6805699261189593,0.13849068637400866,4.914192744203813,8.914901381265293e-07,1.1915711215904531e-05,ENSG00000106992,AK1,adenylate kinase 1 [Source:HGNC Symbol;Acc:HGNC:361]
Q6FGY1,356.9532807585929,1.8111218828265243,0.21832680085416464,8.295462928696033,1.0816315438696932e-16,1.1693285327697164e-14,ENSG00000115756,HPCAL1,hippocalcin like 1 [Source:HGNC Symbol;Acc:HGNC:5145]
Q6FH53,2017.3138465719874,0.9197134325597685,0.23735084062986658,3.8749112078941508,0.00010666358499372019,0.0007797012606733527,ENSG00000078401,EDN1,endothelin 1 [Source:HGNC Symbol;Acc:HGNC:3176]
Q6FH91,87.06845784642154,2.7654558561328404,0.2521583699208304,10.967138854050747,5.498484750951327e-28,4.0421194232493524e-25,ENSG00000114854,TNNC1,"troponin C1, slow skeletal and cardiac type [Source:HGNC Symbol;Acc:HGNC:11943]"
Q6FHJ7,687.6257485357208,-1.104614328486675,0.34672593107185784,-3.1858428502070915,0.0014433297426652166,0.007145049190738202,ENSG00000106483,SFRP4,secreted frizzled related protein 4 [Source:HGNC Symbol;Acc:HGNC:10778]
Q6FHN8,271.3057434963632,0.919792120997873,0.27970034868219334,3.288491148943748,0.0010072595157854664,0.005277563226982077,ENSG00000125347,IRF1,interferon regulatory factor 1 [Source:HGNC Symbol;Acc:HGNC:6116]
Q6FHW6,40.147988907422835,0.9541907143792963,0.15373060164375554,6.206901580925772,5.403941679242695e-10,1.504779416591141e-08,ENSG00000275410,HNF1B,HNF1 homeobox B [Source:HGNC Symbol;Acc:HGNC:11630]
Q6FI36,21.23880649788215,-0.766029529250539,0.27394693613139115,-2.796269745039725,0.005169623301841726,0.0204256422514632,ENSG00000276023,DUSP14,dual specificity phosphatase 14 [Source:HGNC Symbol;Acc:HGNC:17007]
Q6GMR7,100.29283889912759,-0.819945110208699,0.18246138276571122,-4.493800812972825,6.996307380267135e-06,7.333486832909287e-05,ENSG00000165591,FAAH2,fatty acid amide hydrolase 2 [Source:HGNC Symbol;Acc:HGNC:26440]
Q6GPH6,48.0050868762633,-0.6243001623224192,0.1474609254593765,-4.233665022632762,2.2991333069964327e-05,0.00020645393303134906,ENSG00000198885,ITPRIPL1,ITPRIP like 1 [Source:HGNC Symbol;Acc:HGNC:29371]
Q6I9R8,63.17782489823144,-0.837325244052711,0.17558920836263245,-4.768660055254878,1.8545529884475541e-06,2.2990619228343093e-05,ENSG00000115641,FHL2,four and a half LIM domains 2 [Source:HGNC Symbol;Acc:HGNC:3703]
Q6I9T4,82.60613202981561,-1.1632959647497385,0.3686494838149373,-3.1555610839637445,0.0016018971948778087,0.007786696216847078,ENSG00000172156,CCL11,C-C motif chemokine ligand 11 [Source:HGNC Symbol;Acc:HGNC:10610]
Q6IAM1,2832.3835893578707,1.5539001744865084,0.29934837149455207,5.1909424685638825,2.0923227417988594e-07,3.2796080844088162e-06,ENSG00000168309,FAM107A,family with sequence similarity 107 member A [Source:HGNC Symbol;Acc:HGNC:30827]
Q6IAV3,222.2031524261727,0.7831724619549306,0.14593390256072394,5.366624534892076,8.022381548923258e-08,1.3779252545167721e-06,ENSG00000173812,EIF1,eukaryotic translation initiation factor 1 [Source:HGNC Symbol;Acc:HGNC:3249]
Q6IAZ3,985.3407038854481,0.6019556257524072,0.08419688473189067,7.1493812113028055,8.716994351094547e-13,4.320103222899756e-11,ENSG00000117533,VAMP4,vesicle associated membrane protein 4 [Source:HGNC Symbol;Acc:HGNC:12645]
Q6IB63,46.63453669946473,0.7569962790220025,0.24355273138930825,3.1081412008965628,0.0018826809495108387,0.008887124499253433,ENSG00000137955,RABGGTB,Rab geranylgeranyltransferase subunit beta [Source:HGNC Symbol;Acc:HGNC:9796]
Q6IBG4,289.63397858077343,0.8421220082018658,0.15997137311564338,5.264204412330044,1.4079772718222556e-07,2.293318371696309e-06,ENSG00000151689,INPP1,inositol polyphosphate-1-phosphatase [Source:HGNC Symbol;Acc:HGNC:6071]
Q6ICC9,1080.9927246708062,-0.5079195314682794,0.12905056521245026,-3.9358179534674163,8.29138090423222e-05,0.0006292433395111404,ENSG00000188636,RTL6,retrotransposon Gag like 6 [Source:HGNC Symbol;Acc:HGNC:13343]
Q6ICG6,469.36769107035957,-0.7350306028520105,0.11037242916063193,-6.659549023626854,2.746690771011412e-11,1.0249664680860521e-09,ENSG00000100364,KIAA0930,KIAA0930 [Source:HGNC Symbol;Acc:HGNC:1314]
Q6ICH7,32.90250637529693,-1.2398284800209127,0.19351558117680703,-6.406866426368705,1.4854084472587982e-10,4.679885413692219e-09,ENSG00000128203,ASPHD2,aspartate beta-hydroxylase domain containing 2 [Source:HGNC Symbol;Acc:HGNC:30437]
Q6ICL7,71.1397927379818,-1.0290699593466122,0.16654711212751477,-6.178852014910455,6.456938351312174e-10,1.7667657369707034e-08,ENSG00000100036,SLC35E4,solute carrier family 35 member E4 [Source:HGNC Symbol;Acc:HGNC:17058]
Q6ICP4,312.364716136602,-0.7452537852924564,0.18462499388464712,-4.036581232106026,5.4235752244379504e-05,0.000436697802116665,ENSG00000168421,RHOH,ras homolog family member H [Source:HGNC Symbol;Acc:HGNC:686]
Q6ICS7,62.188033116107235,0.5293460387623556,0.17606071124453193,3.006610816351544,0.002641777443383838,0.011762923427495894,ENSG00000107614,TRDMT1,tRNA aspartic acid methyltransferase 1 [Source:HGNC Symbol;Acc:HGNC:2977]
Q6ICV4,336.68623784130756,-0.9640768223928606,0.12924045121559594,-7.459559397425887,8.681228761195277e-14,5.243630960731967e-12,ENSG00000123080,CDKN2C,cyclin dependent kinase inhibitor 2C [Source:HGNC Symbol;Acc:HGNC:1789]
Q6IN85,510.29897713056863,0.5538305598944442,0.1699472951165981,3.2588371560398772,0.001118698610204707,0.005762419393211036,ENSG00000100796,PPP4R3A,protein phosphatase 4 regulatory subunit 3A [Source:HGNC Symbol;Acc:HGNC:20219]
Q6IPM2,657.3517075764624,-0.5113536822336594,0.17222018896952068,-2.969185467124056,0.002985903183629868,0.012991238117590521,ENSG00000106012,IQCE,IQ motif containing E [Source:HGNC Symbol;Acc:HGNC:29171]
Q6IPR1,82.10991342982254,0.6349954342182743,0.16051048144241045,3.9560994927680424,7.618344258959457e-05,0.0005852140866844022,ENSG00000205707,ETFRF1,electron transfer flavoprotein regulatory factor 1 [Source:HGNC Symbol;Acc:HGNC:27052]
Q6IS24,24.228238074080025,-1.5985471593044591,0.28332399612464365,-5.642117085632256,1.6797180299487837e-08,3.343366555278924e-07,ENSG00000185274,GALNT17,polypeptide N-acetylgalactosaminyltransferase 17 [Source:HGNC Symbol;Acc:HGNC:16347]
Q6IZA2,373.32041191616645,1.408155510554783,0.19048128308490736,7.392618779909705,1.439647933902411e-13,8.246752086826953e-12,ENSG00000174951,FUT1,fucosyltransferase 1 (H blood group) [Source:HGNC Symbol;Acc:HGNC:4012]
Q6J9G0,55.63577227692041,-0.7942389326124724,0.20270957789191094,-3.9181125079150303,8.924505195729169e-05,0.0006701431310405552,ENSG00000060140,STYK1,serine/threonine/tyrosine kinase 1 [Source:HGNC Symbol;Acc:HGNC:18889]
Q6KB66,56.15809425578043,-1.1498866059944446,0.22535202455950837,-5.102623809313928,3.3497645744280104e-07,4.998356422492242e-06,ENSG00000167767,KRT80,keratin 80 [Source:HGNC Symbol;Acc:HGNC:27056]
Q6KCM7,14.36176529835318,-0.5441412070385279,0.20512602899773247,-2.652716526017003,0.007984689719732607,0.029149867088062057,ENSG00000148339,SLC25A25,solute carrier family 25 member 25 [Source:HGNC Symbol;Acc:HGNC:20663]
Q6L5J4,1409.0700723751568,-0.656698543431645,0.2292943412185972,-2.8639980382489383,0.0041833060239352855,0.01711028023958991,ENSG00000187474,FPR3,formyl peptide receptor 3 [Source:HGNC Symbol;Acc:HGNC:3828]
Q6L9T8,14.280595023442048,0.8494079803012363,0.22853164557401642,3.7168068263269545,0.00020175658442828087,0.0013499817090355905,ENSG00000215784,FAM72D,family with sequence similarity 72 member D [Source:HGNC Symbol;Acc:HGNC:33593]
Q6MZQ0,29.003486073438854,0.7518719143714078,0.2599628798631328,2.8922279779607716,0.0038252026782168167,0.015866106205329418,ENSG00000135362,PRR5L,proline rich 5 like [Source:HGNC Symbol;Acc:HGNC:25878]
Q6MZT1,78.76820026284328,-0.849951608172783,0.2938569734746365,-2.8923989726115664,0.0038231211500682396,0.015863615022315137,ENSG00000186479,RGS7BP,regulator of G protein signaling 7 binding protein [Source:HGNC Symbol;Acc:HGNC:23271]
Q6MZZ7,44.46933061847724,-2.1773060402512914,0.2633448255293547,-8.267889964705574,1.3635064746648524e-16,1.4472943746451624e-14,ENSG00000162949,CAPN13,calpain 13 [Source:HGNC Symbol;Acc:HGNC:16663]
Q6N022,211.90483012482903,-1.7399721061475382,0.20583432028741025,-8.453265246135741,2.8326715902229914e-17,3.2707716885224006e-15,ENSG00000149256,TENM4,teneurin transmembrane protein 4 [Source:HGNC Symbol;Acc:HGNC:29945]
Q6NSJ0,432.28084666719326,-0.7183581745243701,0.15160782022421268,-4.738265964526044,2.1555478472842714e-06,2.6322509537102615e-05,ENSG00000164976,MYORG,myogenesis regulating glycosidase (putative) [Source:HGNC Symbol;Acc:HGNC:19918]
Q6NT55,12.813659667352931,0.7518304624375571,0.2870482794030264,2.619177735540297,0.008814201021991958,0.031592457230458414,ENSG00000171954,CYP4F22,cytochrome P450 family 4 subfamily F member 22 [Source:HGNC Symbol;Acc:HGNC:26820]
Q6NUJ1,13.811562029302955,1.8917319045945746,0.35987995799201394,5.256563647360863,1.4677199613169027e-07,2.380080590211983e-06,ENSG00000178597,PSAPL1,prosaposin like 1 [Source:HGNC Symbol;Acc:HGNC:33131]
Q6NUT3,16.49684235224538,-0.8624690311242036,0.2553819412458014,-3.3771731349402256,0.0007323493717937632,0.004043899196349307,ENSG00000161091,MFSD12,major facilitator superfamily domain containing 12 [Source:HGNC Symbol;Acc:HGNC:28299]
Q6NXP6,13.536217708625468,-0.7174853900586105,0.2678561707721455,-2.6786218439184157,0.0073925830440856,0.027410226370925325,ENSG00000165555,NOXRED1,NADP dependent oxidoreductase domain containing 1 [Source:HGNC Symbol;Acc:HGNC:20487]
Q6NXT4,12.88645339982079,0.5369969515435281,0.20724727117324418,2.591092990047798,0.009567163596564442,0.033759076153381154,ENSG00000152683,SLC30A6,solute carrier family 30 member 6 [Source:HGNC Symbol;Acc:HGNC:19305]
Q6NXT6,944.1306425660517,0.7554475564380698,0.11940915660731147,6.326546287588581,2.5070911922712996e-10,7.543163595409446e-09,ENSG00000169762,TAPT1,transmembrane anterior posterior transformation 1 [Source:HGNC Symbol;Acc:HGNC:26887]
Q6NY19,381.15061353948033,1.236984448866512,0.15686117700902089,7.885854693002684,3.1238994363753457e-15,2.5052537516298866e-13,ENSG00000186994,KANK3,KN motif and ankyrin repeat domains 3 [Source:HGNC Symbol;Acc:HGNC:24796]
Q6P050,19.186441670394345,-1.1089879740606674,0.24053081834439274,-4.610585793928556,4.015358826830217e-06,4.520404469980276e-05,ENSG00000197361,FBXL22,F-box and leucine rich repeat protein 22 [Source:HGNC Symbol;Acc:HGNC:27537]
Q6P1K2,145.25856696386992,0.6324743071453212,0.15874256408982879,3.9842767487831323,6.768595541829426e-05,0.0005289674205510495,ENSG00000160783,PMF1,polyamine modulated factor 1 [Source:HGNC Symbol;Acc:HGNC:9112]
Q6P1M0,561.7969781116901,-0.5634009857335502,0.12379825070502024,-4.550960797305542,5.340149821846094e-06,5.7816231797247795e-05,ENSG00000167114,SLC27A4,solute carrier family 27 member 4 [Source:HGNC Symbol;Acc:HGNC:10998]
Q6P1R3,77.54914481191688,0.6268598142212205,0.1472645503740247,4.256691869354252,2.074739876335088e-05,0.0001895456223392462,ENSG00000120458,MSANTD2,Myb/SANT DNA binding domain containing 2 [Source:HGNC Symbol;Acc:HGNC:26266]
Q6P1X6,18.779250799238564,0.5408620922844041,0.17126099161886524,3.1581160845318,0.0015879231190357376,0.0077375290471087405,ENSG00000213563,C8orf82,chromosome 8 open reading frame 82 [Source:HGNC Symbol;Acc:HGNC:33826]
Q6P2D0,13.39368138706694,0.8263863291601282,0.30401350463468896,2.718255329325376,0.006562717295437873,0.024817244038680873,ENSG00000184517,ZFP1,ZFP1 zinc finger protein [Source:HGNC Symbol;Acc:HGNC:23328]
Q6P2H3,34.48009613321529,-0.5428019411367107,0.19783370966059038,-2.7437282658650965,0.006074579858114095,0.02328272231332086,ENSG00000130695,CEP85,centrosomal protein 85 [Source:HGNC Symbol;Acc:HGNC:25309]
Q6P2I3,22.96939227260137,0.7405603647828873,0.2314706775469215,3.199370100054112,0.0013772823787468636,0.006870523768577998,ENSG00000144199,FAHD2B,fumarylacetoacetate hydrolase domain containing 2B [Source:HGNC Symbol;Acc:HGNC:25318]
Q6P4A8,760.7390474856113,0.6691447964813947,0.18785672472064854,3.5619954381534296,0.0003680467808024224,0.002246697380589784,ENSG00000121316,PLBD1,phospholipase B domain containing 1 [Source:HGNC Symbol;Acc:HGNC:26215]
Q6P5W5,26.157135738846694,0.8074840911977851,0.1855631181942088,4.3515333168344315,1.351887737110989e-05,0.0001311105195877122,ENSG00000147804,SLC39A4,solute carrier family 39 member 4 [Source:HGNC Symbol;Acc:HGNC:17129]
Q6P656,84.01209679829273,-1.4457969484487634,0.3573754245545563,-4.045597008386486,5.218994762061025e-05,0.00042191975983318854,ENSG00000156206,CFAP161,cilia and flagella associated protein 161 [Source:HGNC Symbol;Acc:HGNC:26782]
Q6P6B1,102.18528160934355,-1.8239754775240067,0.451836938327425,-4.03680027639143,5.4185159824514656e-05,0.00043644978625633537,ENSG00000177459,ERICH5,glutamate rich 5 [Source:HGNC Symbol;Acc:HGNC:26823]
Q6P6C2,120.6443791558595,-0.8404525567287184,0.21787252123266962,-3.857542713388741,0.00011453266911744282,0.0008276223737601848,ENSG00000091542,ALKBH5,"alkB homolog 5, RNA demethylase [Source:HGNC Symbol;Acc:HGNC:25996]"
Q6P7P1,11.349201425353005,0.8262424406873912,0.3166424222442387,2.6093864329084684,0.009070474802831439,0.032348035462749766,ENSG00000149311,ATM,ATM serine/threonine kinase [Source:HGNC Symbol;Acc:HGNC:795]
Q6P988,35.979155330910544,1.1371785880169916,0.20854714865091686,5.452860877616185,4.956584701779164e-08,8.945377987973624e-07,ENSG00000185269,NOTUM,"notum, palmitoleoyl-protein carboxylesterase [Source:HGNC Symbol;Acc:HGNC:27106]"
Q6P995,249.96578820006582,-0.8729876967238125,0.16999055107586025,-5.1355071867155235,2.813841262853867e-07,4.262119176578241e-06,ENSG00000144369,FAM171B,family with sequence similarity 171 member B [Source:HGNC Symbol;Acc:HGNC:29412]
Q6P9A2,1188.677266985775,0.5163457120928069,0.11803675610341587,4.374448511956897,1.2173985161243699e-05,0.00011948601190301225,ENSG00000110328,GALNT18,polypeptide N-acetylgalactosaminyltransferase 18 [Source:HGNC Symbol;Acc:HGNC:30488]
Q6P9B9,552.3388277127412,-0.575675387172016,0.13255965752005208,-4.342764593254434,1.4070087324828686e-05,0.00013562137493958559,ENSG00000185085,INTS5,integrator complex subunit 5 [Source:HGNC Symbol;Acc:HGNC:29352]
Q6P9G4,309.8922548401195,-0.890134767849345,0.16827451803920296,-5.289777550525921,1.2246521270419612e-07,2.0206079966784535e-06,ENSG00000170006,TMEM154,transmembrane protein 154 [Source:HGNC Symbol;Acc:HGNC:26489]
Q6PCB0,1243.629585503281,-0.6674649781975093,0.16864957412651568,-3.9577033126499197,7.567386881975376e-05,0.0005823138530882239,ENSG00000179403,VWA1,von Willebrand factor A domain containing 1 [Source:HGNC Symbol;Acc:HGNC:30910]
Q6PCB6,49.681681637493085,-0.6874372064720187,0.20237877265410384,-3.396785134412064,0.0006818248142555265,0.0037991319993914557,ENSG00000136379,ABHD17C,"abhydrolase domain containing 17C, depalmitoylase [Source:HGNC Symbol;Acc:HGNC:26925]"
Q6PCB8,1097.5497231903278,-0.594851823114612,0.11969478384666322,-4.969738897533378,6.704312118571354e-07,9.275840618756126e-06,ENSG00000170571,EMB,embigin [Source:HGNC Symbol;Acc:HGNC:30465]
Q6PCE3,574.0780051384188,-1.332802150939092,0.15486871105641298,-8.606013066471517,7.564564636501513e-18,9.64328950828927e-16,ENSG00000165434,PGM2L1,phosphoglucomutase 2 like 1 [Source:HGNC Symbol;Acc:HGNC:20898]
Q6PEY1,22.374775628388036,1.8204207905890961,0.33479852428107926,5.437362050797949,5.4075187173506536e-08,9.672134451942522e-07,ENSG00000167874,TMEM88,transmembrane protein 88 [Source:HGNC Symbol;Acc:HGNC:32371]
Q6PF18,237.54911802850592,-1.0483005894756376,0.3066630713888236,-3.418411563961931,0.0006298778327445645,0.00355802979322782,ENSG00000139714,MORN3,MORN repeat containing 3 [Source:HGNC Symbol;Acc:HGNC:29807]
Q6PIS1,18.91639548511954,0.9993839138106486,0.3358180642977012,2.975968299682352,0.0029206505061076357,0.012749807256868131,ENSG00000213901,SLC23A3,solute carrier family 23 member 3 [Source:HGNC Symbol;Acc:HGNC:20601]
Q6PIV7,41.368380160621655,0.7598255783086968,0.2275227528010244,3.339558654923569,0.0008391162868826273,0.0045224512685507,ENSG00000162461,SLC25A34,solute carrier family 25 member 34 [Source:HGNC Symbol;Acc:HGNC:27653]
Q6PIY7,307.314569418207,1.1285373704018238,0.2253273477621518,5.008434979641579,5.487440688069968e-07,7.767651921353984e-06,ENSG00000164329,TENT2,terminal nucleotidyltransferase 2 [Source:HGNC Symbol;Acc:HGNC:26776]
Q6PJI9,182.89952948495014,0.7614971501285506,0.21223971066614852,3.587910800191298,0.0003333382824106145,0.0020678621968074126,ENSG00000103091,WDR59,WD repeat domain 59 [Source:HGNC Symbol;Acc:HGNC:25706]
Q6PJT7,74.83958560387681,1.106227875055723,0.1418320721457728,7.799560835004649,6.212298648620811e-15,4.582141618618172e-13,ENSG00000100722,ZC3H14,zinc finger CCCH-type containing 14 [Source:HGNC Symbol;Acc:HGNC:20509]
Q6PJX4,14.33008195826104,0.7318718245751491,0.2715862463471014,2.694804447644152,0.007042995213265702,0.026326450808863894,ENSG00000167468,GPX4,glutathione peroxidase 4 [Source:HGNC Symbol;Acc:HGNC:4556]
Q6PKG0,60.66805244977486,-0.7046725577199793,0.18327269372593072,-3.8449402548410148,0.00012058181382851122,0.0008631325291054809,ENSG00000155506,LARP1,"La ribonucleoprotein 1, translational regulator [Source:HGNC Symbol;Acc:HGNC:29531]"
Q6PKX4,360.03981661351503,0.692973436976738,0.2063831192781925,3.357704057387804,0.0007859270916979242,0.00428180097445471,ENSG00000206052,DOK6,docking protein 6 [Source:HGNC Symbol;Acc:HGNC:28301]
Q6Q759,125.0763532002561,-1.2646995447840037,0.5021361032864045,-2.5186389437181225,0.011780939216542222,0.03995952529708123,ENSG00000155761,SPAG17,sperm associated antigen 17 [Source:HGNC Symbol;Acc:HGNC:26620]
Q6QHC5,36.275267282283394,-0.9730140360909154,0.25964159407369625,-3.747527585332636,0.00017858620171994828,0.001216008606393684,ENSG00000168350,DEGS2,"delta 4-desaturase, sphingolipid 2 [Source:HGNC Symbol;Acc:HGNC:20113]"
Q6RW13,11.095745194569664,0.8072263408735135,0.2405273601524663,3.3560686832542714,0.0007905893205350845,0.0043029755367918945,ENSG00000177674,AGTRAP,angiotensin II receptor associated protein [Source:HGNC Symbol;Acc:HGNC:13539]
Q6S5L8,34.176893746210226,-0.98281022107388,0.21423971652104135,-4.587432419316865,4.487306168485247e-06,4.97051985131962e-05,ENSG00000185634,SHC4,SHC adaptor protein 4 [Source:HGNC Symbol;Acc:HGNC:16743]
Q6S9Z5,43.41860582870428,-1.5499133270806762,0.40003867554867995,-3.874408705495452,0.00010688390247376622,0.0007810528777854341,ENSG00000164185,ZNF474,zinc finger protein 474 [Source:HGNC Symbol;Acc:HGNC:23245]
Q6SJ93,74.22586735157493,-0.7470382123797098,0.24623355692490567,-3.0338602979590448,0.002414462090925426,0.01091829955982558,ENSG00000189057,FAM111B,FAM111 trypsin like peptidase B [Source:HGNC Symbol;Acc:HGNC:24200]
Q6T4P5,53.75877960357767,-1.0908964923001445,0.4178771662721765,-2.610567363686987,0.009039216735979443,0.03226786757774209,ENSG00000129951,PLPPR3,phospholipid phosphatase related 3 [Source:HGNC Symbol;Acc:HGNC:23497]
Q6UVY6,1747.319163640929,-1.8014240155237244,0.2073271427079833,-8.688799700775306,3.662888058405545e-18,4.895838378186417e-16,ENSG00000079931,MOXD1,monooxygenase DBH like 1 [Source:HGNC Symbol;Acc:HGNC:21063]
Q6UW49,19.16691610606194,-0.7020134499695636,0.26983934919948366,-2.60159777309049,0.00927906109242775,0.03293745587194617,ENSG00000258484,SPESP1,sperm equatorial segment protein 1 [Source:HGNC Symbol;Acc:HGNC:15570]
Q6UWF3,358.6207446044834,0.6042358564236345,0.16870772610279852,3.5815541491884972,0.000341556325279619,0.0021070442511095717,ENSG00000161929,SCIMP,SLP adaptor and CSK interacting membrane protein [Source:HGNC Symbol;Acc:HGNC:33504]
Q6UWF7,17.188126621573854,-2.1041482676116385,0.40057899203279074,-5.252767392852684,1.4983071221035624e-07,2.427896052231592e-06,ENSG00000137634,NXPE4,neurexophilin and PC-esterase domain family member 4 [Source:HGNC Symbol;Acc:HGNC:23117]
Q6UWF9,132.8310129884431,-0.9287664900660565,0.22321749454162887,-4.160814061519925,3.171151971831123e-05,0.0002727635943321513,ENSG00000189320,FAM180A,family with sequence similarity 180 member A [Source:HGNC Symbol;Acc:HGNC:33773]
Q6UWH4,1550.513494665309,-1.163640722626572,0.19736929520055246,-5.895753548920383,3.7297530679785125e-09,8.676790523333134e-08,ENSG00000164125,GASK1B,golgi associated kinase 1B [Source:HGNC Symbol;Acc:HGNC:25312]
Q6UWI2,343.7408867554256,-0.9406278913714234,0.2603236239695224,-3.6133020777305562,0.0003023221446148455,0.001908246301469892,ENSG00000169116,PARM1,prostate androgen-regulated mucin-like protein 1 [Source:HGNC Symbol;Acc:HGNC:24536]
Q6UWI4,327.9447090610968,0.6490413697932492,0.22054998634496556,2.9428311492981636,0.0032522574920282976,0.013965203802412788,ENSG00000180730,SHISA2,shisa family member 2 [Source:HGNC Symbol;Acc:HGNC:20366]
Q6UWJ8,152.9298059810186,-1.363201801855274,0.40728206417321944,-3.347070548325193,0.000816704228276352,0.004429806947960322,ENSG00000174950,CD164L2,CD164 molecule like 2 [Source:HGNC Symbol;Acc:HGNC:32043]
Q6UWN5,116.92614273966599,0.6732726166196553,0.25515199740161604,2.6387119186839296,0.008322166751343204,0.030142398675336347,ENSG00000159871,LYPD5,LY6/PLAUR domain containing 5 [Source:HGNC Symbol;Acc:HGNC:26397]
Q6UWT2,21.361868797026712,2.02137207756923,0.3091778572498286,6.537894063790852,6.239108979025159e-11,2.15332252618812e-09,ENSG00000168913,ENHO,energy homeostasis associated [Source:HGNC Symbol;Acc:HGNC:24838]
Q6UX06,13.826501697305076,-1.8870471546518555,0.7433086700617612,-2.5387126918552716,0.011126115088243843,0.0380785811699551,ENSG00000102837,OLFM4,olfactomedin 4 [Source:HGNC Symbol;Acc:HGNC:17190]
Q6UX39,13.055353992788085,-3.9671500357616747,0.748199630663318,-5.302261419515257,1.1437689328945866e-07,1.9001808269940213e-06,ENSG00000187689,AMTN,amelotin [Source:HGNC Symbol;Acc:HGNC:33188]
Q6UX46,31.85828616218432,1.0102034508306375,0.35023667266794123,2.884345157619772,0.0039222859457382015,0.016183943059156013,ENSG00000189292,ALKAL2,ALK and LTK ligand 2 [Source:HGNC Symbol;Acc:HGNC:27683]
Q6UX53,60.94637406125658,-1.3933573586925985,0.2422723295622333,-5.751203041677453,8.861061664618268e-09,1.8936226158090241e-07,ENSG00000170439,TMT1B,thiol methyltransferase 1B [Source:HGNC Symbol;Acc:HGNC:28276]
Q6UX72,335.5773852368015,-1.125209931248112,0.19710019352957564,-5.708822051863029,1.1376075334489178e-08,2.3691026008198708e-07,ENSG00000237172,B3GNT9,"UDP-GlcNAc:betaGal beta-1,3-N-acetylglucosaminyltransferase 9 [Source:HGNC Symbol;Acc:HGNC:28714]"
Q6UXB3,20.74816925809935,-1.1853503967079728,0.4420458289058778,-2.6815101946372226,0.007329068126853676,0.02721590646062148,ENSG00000197353,LYPD2,LY6/PLAUR domain containing 2 [Source:HGNC Symbol;Acc:HGNC:25215]
Q6UXD1,97.63049980831558,1.5259796089430004,0.3449725364654919,4.423481430080874,9.712298355314424e-06,9.771670982121547e-05,ENSG00000196196,HRCT1,histidine rich carboxyl terminus 1 [Source:HGNC Symbol;Acc:HGNC:33872]
Q6UXE8,19.50048070932405,2.0112355509324966,0.6453210860872466,3.11664316306035,0.0018292283900185626,0.00867192667959359,ENSG00000168903,BTNL3,butyrophilin like 3 [Source:HGNC Symbol;Acc:HGNC:1143]
Q6UXG3,16.99055682567367,1.593225298967874,0.3798409527476853,4.194453724493989,2.7352998346316703e-05,0.0002400489556425263,ENSG00000161649,CD300LG,CD300 molecule like family member g [Source:HGNC Symbol;Acc:HGNC:30455]
Q6UXG8,2398.413344603855,2.995991023520567,0.2948681394271119,10.160443340339732,2.977195575362539e-24,1.0590172777265391e-21,ENSG00000165810,BTNL9,butyrophilin like 9 [Source:HGNC Symbol;Acc:HGNC:24176]
Q6UXK5,300.09754112810685,-1.8993165120727695,0.21095903811316916,-9.00324787722003,2.191368546603295e-19,3.5994142556622957e-17,ENSG00000175928,LRRN1,leucine rich repeat neuronal 1 [Source:HGNC Symbol;Acc:HGNC:20980]
Q6UXT8,20.165317332301182,-2.2797888124914207,0.31527158025145713,-7.231190361887634,4.787786679031761e-13,2.520044091154331e-11,ENSG00000196711,ALKAL1,ALK and LTK ligand 1 [Source:HGNC Symbol;Acc:HGNC:33775]
Q6UXY8,208.57298386919558,-0.8290822632841692,0.20549331012306152,-4.034594911083314,5.469657817086204e-05,0.0004396058072085246,ENSG00000103534,TMC5,transmembrane channel like 5 [Source:HGNC Symbol;Acc:HGNC:22999]
Q6UY01,23.711941358654993,0.7646068676879345,0.25565982595198156,2.99071965976987,0.0027832087559292425,0.012276667411708835,ENSG00000114248,LRRC31,leucine rich repeat containing 31 [Source:HGNC Symbol;Acc:HGNC:26261]
Q6UY14,19.61606329098433,0.9301919000846314,0.22906839357710712,4.060760568312616,4.891311345545705e-05,0.00039854763284895186,ENSG00000143382,ADAMTSL4,ADAMTS like 4 [Source:HGNC Symbol;Acc:HGNC:19706]
Q6WKZ4,1732.536317185448,0.709759094660405,0.182139138400867,3.896796157552409,9.747359329544289e-05,0.0007228253619830859,ENSG00000156675,RAB11FIP1,RAB11 family interacting protein 1 [Source:HGNC Symbol;Acc:HGNC:30265]
Q6X4U4,1002.785838013574,3.0167428046775253,0.37668944597716686,8.008567367349034,1.1605238488852765e-15,1.0116281803682168e-13,ENSG00000171243,SOSTDC1,sclerostin domain containing 1 [Source:HGNC Symbol;Acc:HGNC:21748]
Q6X4W1,171.28331949118046,-0.6221203260186121,0.12903259976480952,-4.821419758670011,1.4254005737826015e-06,1.8160476172271225e-05,ENSG00000165802,NSMF,NMDA receptor synaptonuclear signaling and neuronal migration factor [Source:HGNC Symbol;Acc:HGNC:29843]
Q6XZF7,68.62464715983573,-0.8645497838184868,0.2494401503676917,-3.465960802798113,0.0005283402992073287,0.003056667617712074,ENSG00000107554,DNMBP,dynamin binding protein [Source:HGNC Symbol;Acc:HGNC:30373]
Q6ZMB0,12.614238575370377,-3.0967908477097765,0.560271377731358,-5.527305107480687,3.2518714992639634e-08,6.134882296387292e-07,ENSG00000198488,B3GNT6,"UDP-GlcNAc:betaGal beta-1,3-N-acetylglucosaminyltransferase 6 [Source:HGNC Symbol;Acc:HGNC:24141]"
Q6ZMD1,26.5335556312055,1.3077018693352873,0.27721170782528,4.7173399694918405,2.3894821857835332e-06,2.8733718716068723e-05,ENSG00000125872,LRRN4,leucine rich repeat neuronal 4 [Source:HGNC Symbol;Acc:HGNC:16208]
Q6ZMG9,547.0567721139915,-0.8622288619101794,0.19959079395135193,-4.319983125676319,1.5604113222222544e-05,0.00014820547502278036,ENSG00000172292,CERS6,ceramide synthase 6 [Source:HGNC Symbol;Acc:HGNC:23826]
Q6ZMJ2,1335.2301719228979,-1.3826432183453652,0.2911144752474862,-4.749482886998092,2.0393745257317612e-06,2.5028584190588904e-05,ENSG00000168079,SCARA5,scavenger receptor class A member 5 [Source:HGNC Symbol;Acc:HGNC:28701]
Q6ZMN8,20.56009695337698,-0.5510292388465273,0.16606945806578238,-3.31806489443867,0.000906434224465562,0.0048356314432422606,ENSG00000205089,CCNI2,cyclin I family member 2 [Source:HGNC Symbol;Acc:HGNC:33869]
Q6ZMP0,1272.4599193664994,-0.593062904563946,0.16883272425784895,-3.512724841531275,0.00044353655014277597,0.0026330430893267242,ENSG00000187720,THSD4,thrombospondin type 1 domain containing 4 [Source:HGNC Symbol;Acc:HGNC:25835]
Q6ZMR3,13.987812797852927,0.5705654218768246,0.19686538076257606,2.8982516868465504,0.0037524932249238504,0.01563102358356053,ENSG00000166800,LDHAL6A,lactate dehydrogenase A like 6A [Source:HGNC Symbol;Acc:HGNC:28335]
Q6ZN04,112.02969177057133,-0.5454762912593695,0.15261215540406858,-3.574265036851889,0.00035121303805876037,0.002158765981423607,ENSG00000183496,MEX3B,mex-3 RNA binding family member B [Source:HGNC Symbol;Acc:HGNC:25297]
Q6ZN30,452.72509004874536,-0.8390125447060672,0.16117310663008932,-5.205660933444045,1.9330733134471992e-07,3.049929275988956e-06,ENSG00000173068,BNC2,basonuclin zinc finger protein 2 [Source:HGNC Symbol;Acc:HGNC:30988]
Q6ZN57,78.21638953062752,0.7640311672008845,0.1817488726145306,4.203773900822542,2.625011577970587e-05,0.00023175342410153453,ENSG00000198939,ZFP2,ZFP2 zinc finger protein [Source:HGNC Symbol;Acc:HGNC:26138]
Q6ZN66,125.99078774687987,-1.9175538946094366,0.386035928480886,-4.967293853075599,6.789366941008735e-07,9.381748027381367e-06,ENSG00000183347,GBP6,guanylate binding protein family member 6 [Source:HGNC Symbol;Acc:HGNC:25395]
Q6ZP82,126.07654432570594,0.8411326387247906,0.2738538584887335,3.0714653551591105,0.002130108819596818,0.009844388077826534,ENSG00000163492,CCDC141,coiled-coil domain containing 141 [Source:HGNC Symbol;Acc:HGNC:26821]
Q6ZQN5,15.029214434215033,-1.6947000241096677,0.2830801819959941,-5.986643120547554,2.1421609659695757e-09,5.226019684014715e-08,ENSG00000186766,FOXI2,forkhead box I2 [Source:HGNC Symbol;Acc:HGNC:32448]
Q6ZQR2,147.59341093314706,-1.471822668250499,0.4652006121720287,-3.1638450804665466,0.0015569964963837912,0.007612059572433635,ENSG00000188523,CFAP77,cilia and flagella associated protein 77 [Source:HGNC Symbol;Acc:HGNC:33776]
Q6ZQY3,23.089714567965252,-1.0276797054550524,0.3937862226631253,-2.6097401237275073,0.00906110284927728,0.03233029643066836,ENSG00000144644,GADL1,glutamate decarboxylase like 1 [Source:HGNC Symbol;Acc:HGNC:27949]
Q6ZR37,21.91007324886148,-1.8551861988465965,0.4297207706808746,-4.317189964793025,1.5802814773407575e-05,0.0001498990438764433,ENSG00000187510,PLEKHG7,pleckstrin homology and RhoGEF domain containing G7 [Source:HGNC Symbol;Acc:HGNC:33829]
Q6ZR52,556.5890891866945,0.7839549274306997,0.15829159394214434,4.9525998690570745,7.322845210800561e-07,1.0030933433477985e-05,ENSG00000196268,ZNF493,zinc finger protein 493 [Source:HGNC Symbol;Acc:HGNC:23708]
Q6ZRS4,17.529003328537005,-1.9445246298636483,0.3424685839672187,-5.677964989774885,1.3630660308520659e-08,2.768053245341755e-07,ENSG00000180347,ITPRID1,ITPR interacting domain containing 1 [Source:HGNC Symbol;Acc:HGNC:27363]
Q6ZS27,241.2483182015206,0.8485323241334345,0.14710733172067936,5.768117157781019,8.016207283108885e-09,1.7298379199773323e-07,ENSG00000182983,ZNF662,zinc finger protein 662 [Source:HGNC Symbol;Acc:HGNC:31930]
Q6ZS82,16.23792846300091,2.754433260181786,0.2596658939483805,10.607605097068872,2.746998916274644e-26,1.5942714236716052e-23,ENSG00000186326,RGS9BP,regulator of G protein signaling 9 binding protein [Source:HGNC Symbol;Acc:HGNC:30304]
Q6ZSG2,51.254089635595044,-2.1821557309394093,0.3112701838317999,-7.0104874937799195,2.374891713384378e-12,1.0821459059293196e-10,ENSG00000188916,INSYN2A,inhibitory synaptic factor 2A [Source:HGNC Symbol;Acc:HGNC:33859]
Q6ZSJ9,19.641986440786983,-1.0966326573827758,0.27552720311072953,-3.9801248116399544,6.887909493004529e-05,0.0005369599008791865,ENSG00000188803,SHISA6,shisa family member 6 [Source:HGNC Symbol;Acc:HGNC:34491]
Q6ZSM3,226.80381242308212,0.8130350846757389,0.26432639682691694,3.075875487411577,0.0020988547210554842,0.009728487183303415,ENSG00000152779,SLC16A12,solute carrier family 16 member 12 [Source:HGNC Symbol;Acc:HGNC:23094]
Q6ZT52,24.195973239904372,-2.242551995372486,0.36770434399067453,-6.098791140279159,1.0687360129334837e-09,2.8159980919038294e-08,ENSG00000183114,FAM43B,family with sequence similarity 43 member B [Source:HGNC Symbol;Acc:HGNC:31791]
Q6ZTI6,47.86895238714458,-1.0461477939691977,0.37612559004351487,-2.7813789374133417,0.005412851484054004,0.021248669745341224,ENSG00000178882,RFLNA,refilin A [Source:HGNC Symbol;Acc:HGNC:27051]
Q6ZTQ3,296.0969342908992,-1.2945617193802281,0.23502540958794294,-5.508177697253721,3.625673226838431e-08,6.742040248287921e-07,ENSG00000169435,RASSF6,Ras association domain family member 6 [Source:HGNC Symbol;Acc:HGNC:20796]
Q6ZTR5,216.1172105057299,-1.2435430898513478,0.5128024854905195,-2.424994271745467,0.015308628302994468,0.04938079400237531,ENSG00000165164,CFAP47,cilia and flagella associated protein 47 [Source:HGNC Symbol;Acc:HGNC:26708]
Q6ZU35,94.45549043082966,-1.3966070111800672,0.20219172160075527,-6.907340222058084,4.938246437349203e-12,2.1396480732671775e-10,ENSG00000109265,CRACD,capping protein inhibiting regulator of actin dynamics [Source:HGNC Symbol;Acc:HGNC:29219]
Q6ZU64,244.6715186552386,-1.3732499340957753,0.4500363562355673,-3.051419991003928,0.0022776174058847126,0.010414798728878592,ENSG00000181378,CFAP65,cilia and flagella associated protein 65 [Source:HGNC Symbol;Acc:HGNC:25325]
Q6ZU80,49.94307727265845,-0.8413926913517783,0.18346160181196805,-4.586205958313454,4.513733482974233e-06,4.9966546614854815e-05,ENSG00000100629,CEP128,centrosomal protein 128 [Source:HGNC Symbol;Acc:HGNC:20359]
Q6ZUI0,91.47904497113173,0.8344012970688371,0.1538078194474722,5.424960187760794,5.7967458907985464e-08,1.0334796594637926e-06,ENSG00000188001,TPRG1,tumor protein p63 regulated 1 [Source:HGNC Symbol;Acc:HGNC:24759]
Q6ZUK4,54.87878915695841,1.3177221826653465,0.2572739346078625,5.121864306517571,3.025295704622842e-07,4.5542574382083385e-06,ENSG00000196932,TMEM26,transmembrane protein 26 [Source:HGNC Symbol;Acc:HGNC:28550]
Q6ZUT9,303.41920977748265,-0.6980063356654101,0.17185566355123053,-4.061584711506078,4.8740725575736806e-05,0.0003978267808465209,ENSG00000170456,DENND5B,DENN domain containing 5B [Source:HGNC Symbol;Acc:HGNC:28338]
Q6ZUX3,86.56442522169318,-1.1868411052989685,0.39079566309988045,-3.0369863777010053,0.0023895625443903588,0.010825680434261499,ENSG00000189350,TOGARAM2,TOG array regulator of axonemal microtubules 2 [Source:HGNC Symbol;Acc:HGNC:33715]
Q6ZUX7,2147.445039642587,-0.7309810617132754,0.16974192372940206,-4.306426165397921,1.6591327327468134e-05,0.00015630291878683563,ENSG00000145685,LHFPL2,LHFPL tetraspan subfamily member 2 [Source:HGNC Symbol;Acc:HGNC:6588]
Q6ZV29,70.89707090063696,1.0984791974799029,0.2032628273920904,5.404230628756118,6.508715544158545e-08,1.1383284108713126e-06,ENSG00000130653,PNPLA7,patatin like phospholipase domain containing 7 [Source:HGNC Symbol;Acc:HGNC:24768]
Q6ZV70,68.91293950838423,0.5683362311421606,0.13796079286913074,4.119548890105922,3.796148741543863e-05,0.0003197871059816973,ENSG00000147036,LANCL3,LanC like family member 3 [Source:HGNC Symbol;Acc:HGNC:24767]
Q6ZVT0,40.67333240831727,-0.9992252051514544,0.3892404005514982,-2.5671158588257916,0.010254834232885894,0.035711371257234406,ENSG00000162571,TTLL10,tubulin tyrosine ligase like 10 [Source:HGNC Symbol;Acc:HGNC:26693]
Q6ZVX7,15.890705720901028,-1.9643205686825336,0.36746584112121083,-5.345586851526128,9.012456944134265e-08,1.5289286572764391e-06,ENSG00000188505,NCCRP1,"NCCRP1, F-box associated domain containing [Source:HGNC Symbol;Acc:HGNC:33739]"
Q6ZW05,259.00116844730303,-0.8458315446672042,0.313897315458556,-2.6946122283064886,0.007047059016316876,0.026328280458385974,ENSG00000244694,PTCHD4,patched domain containing 4 [Source:HGNC Symbol;Acc:HGNC:21345]
Q6ZW61,169.9133457744076,-0.5726504694402862,0.1652429929086335,-3.4655053104546303,0.0005292360749721252,0.0030610470488946365,ENSG00000181004,BBS12,Bardet-Biedl syndrome 12 [Source:HGNC Symbol;Acc:HGNC:26648]
Q6ZXV5,1031.344127778146,-0.5373449161725952,0.0951928780372407,-5.6448016621829495,1.653717814912231e-08,3.297567151001296e-07,ENSG00000139324,TMTC3,transmembrane O-mannosyltransferase targeting cadherins 3 [Source:HGNC Symbol;Acc:HGNC:26899]
Q702N8,62.62147053821182,-1.6017370718504058,0.5724161571153513,-2.798203810182859,0.005138767577888867,0.020328319311706023,ENSG00000168334,XIRP1,xin actin binding repeat containing 1 [Source:HGNC Symbol;Acc:HGNC:14301]
Q70EK8,315.177008225024,0.6551380412374449,0.1444308581515957,4.53599770590442,5.73318031012271e-06,6.149783976626763e-05,ENSG00000145390,USP53,ubiquitin specific peptidase 53 [Source:HGNC Symbol;Acc:HGNC:29255]
Q70JA7,134.48500605088134,-0.6758738490933361,0.1490774062817091,-4.533710814743775,5.7956364913815565e-06,6.210600215869747e-05,ENSG00000198108,CHSY3,chondroitin sulfate synthase 3 [Source:HGNC Symbol;Acc:HGNC:24293]
Q70SY1,3063.745233278504,-0.9614772458621292,0.13861166435957162,-6.936481502508817,4.019858537124519e-12,1.759007146383812e-10,ENSG00000182158,CREB3L2,cAMP responsive element binding protein 3 like 2 [Source:HGNC Symbol;Acc:HGNC:23720]
Q70UQ0,723.1775382203941,-0.7479137559566029,0.11607273511068004,-6.443492136576578,1.167553218974931e-10,3.809056019419102e-09,ENSG00000166130,IKBIP,IKBKB interacting protein [Source:HGNC Symbol;Acc:HGNC:26430]
Q70Z35,1079.0783081744296,0.6263928391222293,0.12697437861525362,4.933222323696253,8.088399980087627e-07,1.0957099088504454e-05,ENSG00000046889,PREX2,"phosphatidylinositol-3,4,5-trisphosphate dependent Rac exchange factor 2 [Source:HGNC Symbol;Acc:HGNC:22950]"
Q717R9,254.45093009121132,2.1423839196253276,0.1837170011938818,11.661326418911054,2.008882370112553e-31,2.953592786030816e-28,ENSG00000205795,CYS1,cystin 1 [Source:HGNC Symbol;Acc:HGNC:18525]
Q71H61,83.50215828726921,0.9008384499515468,0.1753050906001306,5.138689623145922,2.7666092416357403e-07,4.202121226930759e-06,ENSG00000143195,ILDR2,immunoglobulin like domain containing receptor 2 [Source:HGNC Symbol;Acc:HGNC:18131]
Q71RG4,10.896965168402623,0.5716820260507707,0.22604101898487586,2.529107454116641,0.01143530113316148,0.038954916773361645,ENSG00000168591,TMUB2,transmembrane and ubiquitin like domain containing 2 [Source:HGNC Symbol;Acc:HGNC:28459]
Q75L79,387.9662695346407,-0.8049639822658661,0.2671395660259123,-3.01327128077982,0.002584477737996264,0.011561475057559757,ENSG00000165215,CLDN3,claudin 3 [Source:HGNC Symbol;Acc:HGNC:2045]
Q75T13,180.74703391872018,0.6430996974162939,0.15961155135475305,4.029155107871477,5.597767623970273e-05,0.00044843141002194115,ENSG00000197121,PGAP1,post-GPI attachment to proteins inositol deacylase 1 [Source:HGNC Symbol;Acc:HGNC:25712]
Q75VX8,68.78711572743866,-0.920701112201413,0.13543383280533955,-6.798161826555896,1.0596239503519188e-11,4.351759143586819e-10,ENSG00000157833,GAREM2,GRB2 associated regulator of MAPK1 subtype 2 [Source:HGNC Symbol;Acc:HGNC:27172]
Q76B58,49.79461156783569,-1.5904029203310872,0.2686827538901582,-5.919259413952818,3.233945291851728e-09,7.63612735187345e-08,ENSG00000162670,BRINP3,BMP/retinoic acid inducible neural specific 3 [Source:HGNC Symbol;Acc:HGNC:22393]
Q76EJ3,61.607073385483346,0.7755211140671073,0.1831764079372715,4.233739064982011,2.298376086237017e-05,0.00020645393303134906,ENSG00000130958,SLC35D2,solute carrier family 35 member D2 [Source:HGNC Symbol;Acc:HGNC:20799]
Q76KX8,10.51697622601322,0.7780125440713862,0.3159641214448891,2.4623445868270464,0.01380319796638211,0.04548270251764396,ENSG00000198633,ZNF534,zinc finger protein 534 [Source:HGNC Symbol;Acc:HGNC:26337]
Q76M96,4391.259608161896,-1.7090224484304999,0.3401542570523122,-5.024257121579019,5.053849196098492e-07,7.209417216737138e-06,ENSG00000091986,CCDC80,coiled-coil domain containing 80 [Source:HGNC Symbol;Acc:HGNC:30649]
Q76N89,14.944517080123177,-1.917598247441839,0.26536873242545705,-7.2261650041249625,4.968240501430296e-13,2.602602755784887e-11,ENSG00000002746,HECW1,"HECT, C2 and WW domain containing E3 ubiquitin protein ligase 1 [Source:HGNC Symbol;Acc:HGNC:22195]"
Q7GXY9,50356.75249548165,0.6018986268269498,0.18257160950496745,3.2967810737877805,0.0009779970188257866,0.005155054075808771,ENSG00000198763,MT-ND2,mitochondrially encoded NADH:ubiquinone oxidoreductase core subunit 2 [Source:HGNC Symbol;Acc:HGNC:7456]
Q7GXZ4,11345.321420577398,0.5515142557780033,0.21008055846214604,2.625251283675445,0.00865850407644546,0.031125452143753573,ENSG00000212907,MT-ND4L,mitochondrially encoded NADH:ubiquinone oxidoreductase core subunit 4L [Source:HGNC Symbol;Acc:HGNC:7460]
Q7GXZ5,30341.727048370845,0.833279885685849,0.21245979201903378,3.922059217732819,8.77954066089195e-05,0.0006615100435097747,ENSG00000198840,MT-ND3,mitochondrially encoded NADH:ubiquinone oxidoreductase core subunit 3 [Source:HGNC Symbol;Acc:HGNC:7458]
Q7KYR7,18.95825570619418,0.551064804932862,0.163491491058773,3.3706023559034124,0.0007500403666698576,0.00411784671310357,ENSG00000112763,BTN2A1,butyrophilin subfamily 2 member A1 [Source:HGNC Symbol;Acc:HGNC:1136]
Q7KZF4,112.7413299714664,-0.9289176802601277,0.1827621909060089,-5.082657827941296,3.7218982253410635e-07,5.4904845124864094e-06,ENSG00000197157,SND1,staphylococcal nuclease and tudor domain containing 1 [Source:HGNC Symbol;Acc:HGNC:30646]
Q7L099,1379.4165052328508,0.7431318965514583,0.13476652178864076,5.514217378978876,3.503353760415509e-08,6.531104296889573e-07,ENSG00000018189,RUFY3,RUN and FYVE domain containing 3 [Source:HGNC Symbol;Acc:HGNC:30285]
Q7L0J3,163.50788780979812,-1.2967787955730372,0.17512406057438631,-7.404915071748309,1.3123442899435417e-13,7.556773099325031e-12,ENSG00000159164,SV2A,synaptic vesicle glycoprotein 2A [Source:HGNC Symbol;Acc:HGNC:20566]
Q7L1I2,77.34689316860545,-0.8802652157690716,0.2588136366072515,-3.401154696902119,0.0006710184313931653,0.003754697197888575,ENSG00000185518,SV2B,synaptic vesicle glycoprotein 2B [Source:HGNC Symbol;Acc:HGNC:16874]
Q7L1S5,1117.4580811186163,-1.8479386549240444,0.5060489300537142,-3.6516995594238213,0.0002605105492948736,0.0016789303489623446,ENSG00000154080,CHST9,carbohydrate sulfotransferase 9 [Source:HGNC Symbol;Acc:HGNC:19898]
Q7L2H7,256.1434099392948,0.5728770264912414,0.1150490729796587,4.979414537242983,6.377690777033071e-07,8.879645984639354e-06,ENSG00000149100,EIF3M,eukaryotic translation initiation factor 3 subunit M [Source:HGNC Symbol;Acc:HGNC:24460]
Q7L3S4,49.500805731624546,-0.5662666903221152,0.13151235487827853,-4.3058060274734204,1.663788017631724e-05,0.00015667455568253648,ENSG00000179965,ZNF771,zinc finger protein 771 [Source:HGNC Symbol;Acc:HGNC:29653]
Q7L3T8,82.22915534179039,-0.7065243525829927,0.14652357179750974,-4.821915981951244,1.4218583680620181e-06,1.8125817600716615e-05,ENSG00000162396,PARS2,"prolyl-tRNA synthetase 2, mitochondrial [Source:HGNC Symbol;Acc:HGNC:30563]"
Q7L4I2,137.20321914315844,0.6441674531594036,0.18993658279960093,3.3914870093196026,0.000695144584222429,0.003861641979960063,ENSG00000111011,RSRC2,arginine and serine rich coiled-coil 2 [Source:HGNC Symbol;Acc:HGNC:30559]
Q7L7L0,55.80722583355992,-1.1220869134493643,0.23675547344419387,-4.739433885628219,2.1431614800499234e-06,2.6229346992797454e-05,ENSG00000181218,H2AC25,H2A clustered histone 25 [Source:HGNC Symbol;Acc:HGNC:20507]
Q7L7V1,100.3612711006166,-0.6763145402229184,0.14417097984140267,-4.691058775954133,2.717948713914045e-06,3.219207354278214e-05,ENSG00000089876,DHX32,DEAH-box helicase 32 (putative) [Source:HGNC Symbol;Acc:HGNC:16717]
Q7L8C5,17.939822905289994,1.159164418638124,0.371908937833114,3.116796346417127,0.0018282782317832157,0.008670560269167047,ENSG00000019505,SYT13,synaptotagmin 13 [Source:HGNC Symbol;Acc:HGNC:14962]
Q7LC44,116.56439692478223,1.8290848176945684,0.3393728485203148,5.389602691168382,7.061362102056915e-08,1.2252657733970354e-06,ENSG00000198576,ARC,activity regulated cytoskeleton associated protein [Source:HGNC Symbol;Acc:HGNC:648]
Q7LFX5,1202.0965921026377,-1.1356707027616262,0.13510513535085963,-8.4058292811177,4.248487712603283e-17,4.780415714987388e-15,ENSG00000182022,CHST15,carbohydrate sulfotransferase 15 [Source:HGNC Symbol;Acc:HGNC:18137]
Q7LGC8,1188.7164107541191,-0.8470263806279499,0.1934624800263027,-4.378246265181704,1.1963812052898087e-05,0.00011779013884581001,ENSG00000122863,CHST3,carbohydrate sulfotransferase 3 [Source:HGNC Symbol;Acc:HGNC:1971]
Q7RTR2,302.5659300099256,0.5227828179732611,0.16117149157502036,3.243643232835143,0.0011801145950198595,0.0060232000181828236,ENSG00000167984,NLRC3,NLR family CARD domain containing 3 [Source:HGNC Symbol;Acc:HGNC:29889]
Q7RTS1,237.37388754496794,-2.807158258574738,0.321146391860358,-8.741054951024816,2.309436462642701e-18,3.1832694841951333e-16,ENSG00000180535,BHLHA15,basic helix-loop-helix family member a15 [Source:HGNC Symbol;Acc:HGNC:22265]
Q7RTT9,25.484786701754103,-0.605634349599464,0.15898702841449708,-3.809331840711603,0.00013934283854559663,0.000980244644747875,ENSG00000164638,SLC29A4,solute carrier family 29 member 4 [Source:HGNC Symbol;Acc:HGNC:23097]
Q7RTX0,96.79515488780228,-1.4428496751355377,0.2792188794399067,-5.1674502742428885,2.3730907463602428e-07,3.6649960308283472e-06,ENSG00000169962,TAS1R3,taste 1 receptor member 3 [Source:HGNC Symbol;Acc:HGNC:15661]
Q7RTX9,150.58127549524218,-0.5479891768288617,0.17111227027135634,-3.202512455476394,0.0013623440867081469,0.006801697970853135,ENSG00000163053,SLC16A14,solute carrier family 16 member 14 [Source:HGNC Symbol;Acc:HGNC:26417]
Q7RTY1,141.28246682237648,-0.597364166342798,0.18058569140816028,-3.307926346128021,0.0009398952547029558,0.004979209691861395,ENSG00000165449,SLC16A9,solute carrier family 16 member 9 [Source:HGNC Symbol;Acc:HGNC:23520]
Q7Z2D5,11.91638673445692,-1.2796305945996258,0.37344719916843516,-3.426536863709283,0.0006113307753731714,0.00347034463837321,ENSG00000117600,PLPPR4,phospholipid phosphatase related 4 [Source:HGNC Symbol;Acc:HGNC:23496]
Q7Z2H8,457.65905450943745,-0.9835020123580287,0.14293716369780074,-6.880659913172469,5.957592576774294e-12,2.5462935404686103e-10,ENSG00000123643,SLC36A1,solute carrier family 36 member 1 [Source:HGNC Symbol;Acc:HGNC:18761]
Q7Z2K8,42.819919494783576,-1.1875888947042958,0.1757091700986131,-6.758832757776879,1.3910785219712985e-11,5.577971949737276e-10,ENSG00000169258,GPRIN1,G protein regulated inducer of neurite outgrowth 1 [Source:HGNC Symbol;Acc:HGNC:24835]
Q7Z2Y5,47.71621862756124,-1.7935691739207558,0.32275469996075523,-5.557066013721386,2.7434702378329435e-08,5.247570912850627e-07,ENSG00000123572,NRK,Nik related kinase [Source:HGNC Symbol;Acc:HGNC:25391]
Q7Z2Z1,27.598752937573153,-1.0390722638618095,0.15614000324499816,-6.654747292603861,2.83787226575279e-11,1.0536436860086199e-09,ENSG00000140534,TICRR,TOPBP1 interacting checkpoint and replication regulator [Source:HGNC Symbol;Acc:HGNC:28704]
Q7Z3U7,91.73121958510764,1.1292937978879767,0.17544158836006735,6.436864875905432,1.2196641949999343e-10,3.938283185436098e-09,ENSG00000061987,MON2,"MON2 homolog, regulator of endosome-to-Golgi trafficking [Source:HGNC Symbol;Acc:HGNC:29177]"
Q7Z402,48.07085085619169,1.0439220035415688,0.1989895736230528,5.246114077911825,1.5534073846216126e-07,2.504301641845398e-06,ENSG00000170537,TMC7,transmembrane channel like 7 [Source:HGNC Symbol;Acc:HGNC:23000]
Q7Z419,2395.167080762922,0.7535204169398453,0.1239625938207126,6.078611246467331,1.2122786490948248e-09,3.137980437457426e-08,ENSG00000137393,RNF144B,ring finger protein 144B [Source:HGNC Symbol;Acc:HGNC:21578]
Q7Z465,125.65552991242282,1.1132714129080485,0.27177453143906094,4.096305150498157,4.1979650639836285e-05,0.0003483582569735914,ENSG00000163141,BNIPL,BCL2 interacting protein like [Source:HGNC Symbol;Acc:HGNC:16976]
Q7Z4H4,83.65844683776233,-2.4891640870116274,0.2983264894454582,-8.34375818130864,7.196607589254296e-17,7.896218098179813e-15,ENSG00000128165,ADM2,adrenomedullin 2 [Source:HGNC Symbol;Acc:HGNC:28898]
Q7Z4I7,82.76989115376348,1.8952151296646853,0.25193492822004115,7.522637464581312,5.36821267802651e-14,3.3506171841451264e-12,ENSG00000072163,LIMS2,LIM zinc finger domain containing 2 [Source:HGNC Symbol;Acc:HGNC:16084]
Q7Z5A7,70.70479928933615,-0.849831037642981,0.17990551294059018,-4.723763178528158,2.3152000823142128e-06,2.797776581663433e-05,ENSG00000219438,TAFA5,TAFA chemokine like family member 5 [Source:HGNC Symbol;Acc:HGNC:21592]
Q7Z5J4,476.43658621771885,-0.7507314864080754,0.12489482854947108,-6.010909299664952,1.8448560537901297e-09,4.5459726715405056e-08,ENSG00000108557,RAI1,retinoic acid induced 1 [Source:HGNC Symbol;Acc:HGNC:9834]
Q7Z5L7,409.7660688025129,-1.5612329965818939,0.2307718565783213,-6.765266006567961,1.3306449040803163e-11,5.401779728011574e-10,ENSG00000174348,PODN,podocan [Source:HGNC Symbol;Acc:HGNC:23174]
Q7Z5N4,116.93699819389178,-1.3629554916399127,0.1745789248141104,-7.807102106346296,5.851786116623322e-15,4.3452959938050754e-13,ENSG00000146555,SDK1,sidekick cell adhesion molecule 1 [Source:HGNC Symbol;Acc:HGNC:19307]
Q7Z5Y6,113.04220442249026,-1.0326413916498394,0.17912459204630574,-5.764933669090449,8.168996315997852e-09,1.755936108703866e-07,ENSG00000183682,BMP8A,bone morphogenetic protein 8a [Source:HGNC Symbol;Acc:HGNC:21650]
Q7Z6J2,43.24988571108694,0.7532559294056076,0.24291999395050923,3.100839569257813,0.00192972811757286,0.009074248167367132,ENSG00000161835,TAMALIN,trafficking regulator and scaffold protein tamalin [Source:HGNC Symbol;Acc:HGNC:18707]
Q7Z6L1,265.40516337553595,0.5749363728472681,0.11962622407214582,4.806106498024443,1.5389794188062437e-06,1.9472548538355078e-05,ENSG00000205356,TECPR1,tectonin beta-propeller repeat containing 1 [Source:HGNC Symbol;Acc:HGNC:22214]
Q7Z6V5,430.58299952224917,0.7026095868117991,0.18220116182978252,3.8562300029030374,0.00011514915047590255,0.0008312600211442078,ENSG00000189007,ADAT2,adenosine deaminase tRNA specific 2 [Source:HGNC Symbol;Acc:HGNC:21172]
Q7Z769,140.53545667877765,0.545414583114166,0.11813281687759855,4.616960786428116,3.894008152886829e-06,4.404023374552109e-05,ENSG00000175782,SLC35E3,solute carrier family 35 member E3 [Source:HGNC Symbol;Acc:HGNC:20864]
Q7Z7G1,11.567468703122232,-0.7896348122827638,0.2185535055392795,-3.613004560756619,0.00030266937788251774,0.0019098914048128887,ENSG00000109684,CLNK,cytokine dependent hematopoietic cell linker [Source:HGNC Symbol;Acc:HGNC:17438]
Q7Z7M9,1912.9491573523817,0.6768142218392991,0.1774723216794132,3.8136325452590816,0.00013693902860172156,0.0009661079132381214,ENSG00000136542,GALNT5,polypeptide N-acetylgalactosaminyltransferase 5 [Source:HGNC Symbol;Acc:HGNC:4127]
Q86SJ2,1474.463025034628,0.7619505493985967,0.10699303107002246,7.121496996378502,1.0676106189843693e-12,5.209089511301168e-11,ENSG00000139211,AMIGO2,adhesion molecule with Ig like domain 2 [Source:HGNC Symbol;Acc:HGNC:24073]
Q86SQ4,1275.4716743676593,0.5573465999428415,0.15557719085708271,3.582444167248364,0.00034039438436678015,0.002103996006957671,ENSG00000112414,ADGRG6,adhesion G protein-coupled receptor G6 [Source:HGNC Symbol;Acc:HGNC:13841]
Q86T13,1936.810942769354,0.978197792625116,0.13935149604844424,7.019643278785143,2.224354113697559e-12,1.024131641408893e-10,ENSG00000176435,CLEC14A,C-type lectin domain containing 14A [Source:HGNC Symbol;Acc:HGNC:19832]
Q86T90,118.73111869020252,0.8065991935677123,0.08110729344887835,9.94484169387441,2.655959773754328e-23,8.13535234033027e-21,ENSG00000150477,KIAA1328,KIAA1328 [Source:HGNC Symbol;Acc:HGNC:29248]
Q86TB3,16.97216145903068,-2.6485802564759346,0.4126736044309651,-6.418099505365886,1.3798605856544515e-10,4.3912619561361145e-09,ENSG00000198796,ALPK2,alpha kinase 2 [Source:HGNC Symbol;Acc:HGNC:20565]
Q86TE4,46.504776870892655,-1.4661363876516802,0.3918628229967531,-3.741453135154462,0.00018295929846850518,0.0012425907526708274,ENSG00000187398,LUZP2,leucine zipper protein 2 [Source:HGNC Symbol;Acc:HGNC:23206]
Q86TY3,76.2775136890946,-1.4434102124677461,0.23227462457711692,-6.214239782307874,5.157372266195647e-10,1.4434097456685127e-08,ENSG00000139971,ARMH4,armadillo like helical domain containing 4 [Source:HGNC Symbol;Acc:HGNC:19846]
Q86U10,40.14522017549249,2.99373455628791,0.3627158115843921,8.253664330790734,1.5361041031332063e-16,1.6132018995476065e-14,ENSG00000166183,ASPG,asparaginase [Source:HGNC Symbol;Acc:HGNC:20123]
Q86U70,1242.9451644064181,0.5774059495864698,0.14016011336033593,4.119616742189869,3.795031092236789e-05,0.0003197871059816973,ENSG00000198728,LDB1,LIM domain binding 1 [Source:HGNC Symbol;Acc:HGNC:6532]
Q86UB9,466.54524020167736,0.5354013163974025,0.0924232028999525,5.792931856916611,6.916817706604836e-09,1.5118285203316457e-07,ENSG00000166575,TMEM135,transmembrane protein 135 [Source:HGNC Symbol;Acc:HGNC:26167]
Q86UD0,28.197680816662125,-1.337257217558684,0.19612062178110573,-6.818544655906835,9.196739023161901e-12,3.798218771850422e-10,ENSG00000186193,SAPCD2,suppressor APC domain containing 2 [Source:HGNC Symbol;Acc:HGNC:28055]
Q86UD1,336.5559078091748,-1.3374062204152486,0.1833664464906854,-7.293625666041283,3.0172302336206665e-13,1.63093126402623e-11,ENSG00000184232,OAF,out at first homolog [Source:HGNC Symbol;Acc:HGNC:28752]
Q86UD5,69.77966277937144,-0.8009330559286947,0.16318599431830486,-4.908099247576498,9.196331633636765e-07,1.2232563199531075e-05,ENSG00000164038,SLC9B2,solute carrier family 9 member B2 [Source:HGNC Symbol;Acc:HGNC:25143]
Q86UK0,46.04476897074899,-3.8773716672170218,0.32698560293760076,-11.857927787594207,1.9576007855473463e-32,3.9248116113146525e-29,ENSG00000144452,ABCA12,ATP binding cassette subfamily A member 12 [Source:HGNC Symbol;Acc:HGNC:14637]
Q86UN2,202.0578566626641,-0.7756130197776581,0.19760403320322098,-3.925086989393572,8.669840198251614e-05,0.000654810464836442,ENSG00000185924,RTN4RL1,reticulon 4 receptor like 1 [Source:HGNC Symbol;Acc:HGNC:21329]
Q86UN6,113.61060489109259,-1.4312671799936156,0.5179593295031439,-2.7632810115932624,0.005722347666868797,0.022202789487178826,ENSG00000186471,AKAP14,A-kinase anchoring protein 14 [Source:HGNC Symbol;Acc:HGNC:24061]
Q86UR1,90.10414514370964,0.5714686007396881,0.21151655822633667,2.701767679711292,0.006897193653367127,0.025869168168598404,ENSG00000188747,NOXA1,NADPH oxidase activator 1 [Source:HGNC Symbol;Acc:HGNC:10668]
Q86UY5,113.76022731598165,-4.35108442030106,0.399302089511097,-10.896723394632122,1.1948278932280012e-27,8.500236889435592e-25,ENSG00000147689,FAM83A,family with sequence similarity 83 member A [Source:HGNC Symbol;Acc:HGNC:28210]
Q86V15,346.1146342086975,1.018206076998261,0.16139118793699125,6.308932290626543,2.809669941354356e-10,8.362275423296757e-09,ENSG00000130940,CASZ1,castor zinc finger 1 [Source:HGNC Symbol;Acc:HGNC:26002]
Q86V59,161.773761935501,-1.177626072546782,0.3120162398998268,-3.774246087078225,0.0001604922769472996,0.0011116509660162516,ENSG00000182013,PNMA8A,PNMA family member 8A [Source:HGNC Symbol;Acc:HGNC:25578]
Q86VD9,24.762494674967538,1.001701723256267,0.2883966387050651,3.473347427882745,0.0005140095127077159,0.0029839126916874036,ENSG00000119227,PIGZ,phosphatidylinositol glycan anchor biosynthesis class Z [Source:HGNC Symbol;Acc:HGNC:30596]
Q86VQ0,392.4472945300399,-0.5484562275605785,0.2079389856933792,-2.63758248955449,0.008349931473222428,0.03022310663227432,ENSG00000135338,LCA5,lebercilin LCA5 [Source:HGNC Symbol;Acc:HGNC:31923]
Q86VR8,49.65615056010257,-1.847234515414742,0.2562601983232126,-7.208433176520395,5.659933476817028e-13,2.909654379900297e-11,ENSG00000179431,FJX1,four-jointed box kinase 1 [Source:HGNC Symbol;Acc:HGNC:17166]
Q86VW0,1281.1783146387443,0.755229800029727,0.0993335325893046,7.602969313013677,2.8941213607664614e-14,1.922498568986251e-12,ENSG00000187231,SESTD1,SEC14 and spectrin domain containing 1 [Source:HGNC Symbol;Acc:HGNC:18379]
Q86VY9,385.05631518847866,-0.6579190163439592,0.20031073287234524,-3.2844920834234097,0.0010216636836476486,0.005340547731492117,ENSG00000164484,TMEM200A,transmembrane protein 200A [Source:HGNC Symbol;Acc:HGNC:21075]
Q86W10,33.246088678902375,1.0149178161699834,0.2506684594539396,4.04884530898262,5.1470949761971374e-05,0.00041656525726624464,ENSG00000186160,CYP4Z1,cytochrome P450 family 4 subfamily Z member 1 [Source:HGNC Symbol;Acc:HGNC:20583]
Q86W47,251.5563339183922,1.4161838422411364,0.18826240095154603,7.522393399230185,5.378246500350842e-14,3.3506171841451264e-12,ENSG00000135643,KCNMB4,potassium calcium-activated channel subfamily M regulatory beta subunit 4 [Source:HGNC Symbol;Acc:HGNC:6289]
Q86W74,511.920419085943,0.602410458071453,0.10162999821271551,5.927486654192246,3.0760634060951073e-09,7.302422212919429e-08,ENSG00000186106,ANKRD46,ankyrin repeat domain 46 [Source:HGNC Symbol;Acc:HGNC:27229]
Q86W92,1186.0399018648855,0.7965997327028025,0.10981965967123195,7.2537078979081695,4.055141654045027e-13,2.1549902177905787e-11,ENSG00000110841,PPFIBP1,PPFIA binding protein 1 [Source:HGNC Symbol;Acc:HGNC:9249]
Q86X27,654.5237153941351,-1.249479425983479,0.16945703713485255,-7.373428965296692,1.6629431267858926e-13,9.308260842166516e-12,ENSG00000116191,RALGPS2,Ral GEF with PH domain and SH3 binding motif 2 [Source:HGNC Symbol;Acc:HGNC:30279]
Q86X45,173.01435633001853,-0.8413728392912301,0.3063105793706609,-2.7467965390548916,0.006018045498638888,0.023102171527760146,ENSG00000129295,DNAAF11,dynein axonemal assembly factor 11 [Source:HGNC Symbol;Acc:HGNC:16725]
Q86X52,1238.0811768852986,-0.5326244782775834,0.19137847929263685,-2.7830949448769906,0.005384304710893297,0.021150392843120733,ENSG00000131873,CHSY1,chondroitin sulfate synthase 1 [Source:HGNC Symbol;Acc:HGNC:17198]
Q86X53,87.84332123744036,0.6599426730634685,0.16544902758583319,3.9887975329507293,6.640907122345978e-05,0.0005195408502171628,ENSG00000104714,ERICH1,glutamate rich 1 [Source:HGNC Symbol;Acc:HGNC:27234]
Q86X76,72.02037393898904,0.771656643873188,0.18615594624400827,4.14521619879776,3.394932407650515e-05,0.0002895276075727937,ENSG00000158793,NIT1,nitrilase 1 [Source:HGNC Symbol;Acc:HGNC:7828]
Q86XK7,187.5926268588162,-1.9447576260925585,0.5226526577719747,-3.7209370260985573,0.0001984849338537922,0.0013313219985436535,ENSG00000101842,VSIG1,V-set and immunoglobulin domain containing 1 [Source:HGNC Symbol;Acc:HGNC:28675]
Q86XL3,50.52820150500099,0.5745143704219273,0.2081563198406851,2.7600140647261573,0.005779887311365015,0.022374870065796745,ENSG00000176915,ANKLE2,ankyrin repeat and LEM domain containing 2 [Source:HGNC Symbol;Acc:HGNC:29101]
Q86XW9,54.83616499514974,-1.0146059847106799,0.34856505616220035,-2.9108080881135305,0.0036049536506846313,0.015169556918946548,ENSG00000181322,NME9,NME/NM23 family member 9 [Source:HGNC Symbol;Acc:HGNC:21343]
Q86XX4,779.6259361130848,0.9642484718975527,0.18096218108520995,5.32845297351669,9.905283600060247e-08,1.6675658359979289e-06,ENSG00000138759,FRAS1,Fraser extracellular matrix complex subunit 1 [Source:HGNC Symbol;Acc:HGNC:19185]
Q86Y01,22.0012681110872,-1.3466117038763874,0.30954613680584325,-4.350277854447988,1.3596513633388593e-05,0.00013174758860753604,ENSG00000135144,DTX1,deltex E3 ubiquitin ligase 1 [Source:HGNC Symbol;Acc:HGNC:3060]
Q86Y13,1016.4543931490243,-0.7303697971749403,0.2207683353050498,-3.30830866738992,0.0009386129625210246,0.004974806603085478,ENSG00000198919,DZIP3,DAZ interacting zinc finger protein 3 [Source:HGNC Symbol;Acc:HGNC:30938]
Q86Y33,114.51270649017076,-2.5576900921071375,0.6802264468371603,-3.760056822253228,0.00016987476730635453,0.0011660187109163844,ENSG00000164287,CDC20B,cell division cycle 20B [Source:HGNC Symbol;Acc:HGNC:24222]
Q86Y38,524.9682066033577,-0.6915186611191878,0.17744103738455427,-3.897174358942192,9.732155327321235e-05,0.0007221835585085549,ENSG00000103489,XYLT1,xylosyltransferase 1 [Source:HGNC Symbol;Acc:HGNC:15516]
Q86Y78,30.393473756089918,0.7811531788172031,0.3075479120546948,2.5399397888881836,0.011087155432808719,0.03797423915439719,ENSG00000187123,LYPD6,LY6/PLAUR domain containing 6 [Source:HGNC Symbol;Acc:HGNC:28751]
Q86Y91,19.99515869197532,-1.0160339276589645,0.2563505714703374,-3.9634548962826512,7.387282575222257e-05,0.0005694481996293311,ENSG00000186185,KIF18B,kinesin family member 18B [Source:HGNC Symbol;Acc:HGNC:27102]
Q86YD5,219.62093462478794,-1.5369387890468365,0.21621613064032333,-7.108344712742743,1.1744293624657182e-12,5.630622860830207e-11,ENSG00000179241,LDLRAD3,low density lipoprotein receptor class A domain containing 3 [Source:HGNC Symbol;Acc:HGNC:27046]
Q86YF9,311.27710695128405,-0.6884293462173822,0.13507281527118195,-5.096727604553452,3.455750175560496e-07,5.139117624532109e-06,ENSG00000134874,DZIP1,DAZ interacting zinc finger protein 1 [Source:HGNC Symbol;Acc:HGNC:20908]
Q86YM7,321.51936663082347,0.7980293799773165,0.14327973419117257,5.5697296235386435,2.5513494296957066e-08,4.914188674454944e-07,ENSG00000152413,HOMER1,homer scaffold protein 1 [Source:HGNC Symbol;Acc:HGNC:17512]
Q86YN6,377.2383218248391,0.5691637162872766,0.1541626365057822,3.6919692682210252,0.00022252435851880605,0.001466254019352778,ENSG00000155846,PPARGC1B,PPARG coactivator 1 beta [Source:HGNC Symbol;Acc:HGNC:30022]
Q86YR5,45.95897759077595,1.423588209492091,0.22502842968881892,6.326259359587157,2.511755080141441e-10,7.54690007322062e-09,ENSG00000160360,GPSM1,G protein signaling modulator 1 [Source:HGNC Symbol;Acc:HGNC:17858]
Q86YS7,896.624950330371,0.5225901073902097,0.1592289215246143,3.2820049422329687,0.0010307179854595768,0.005380225905639174,ENSG00000111731,C2CD5,C2 calcium dependent domain containing 5 [Source:HGNC Symbol;Acc:HGNC:29062]
Q86YZ3,17.18361308009297,-0.8281334004568084,0.3337723414650711,-2.4811324893541893,0.013096568417470584,0.04361040614206496,ENSG00000197915,HRNR,hornerin [Source:HGNC Symbol;Acc:HGNC:20846]
Q86Z14,127.2888117224705,1.374244645373409,0.3182876375585934,4.3176186669217556,1.577216159407498e-05,0.00014973708643811005,ENSG00000134962,KLB,klotho beta [Source:HGNC Symbol;Acc:HGNC:15527]
Q8IU68,339.91925265378154,0.8446726601314569,0.23244328333755304,3.6338871487408277,0.0002791830121042352,0.0017820845583058768,ENSG00000167895,TMC8,transmembrane channel like 8 [Source:HGNC Symbol;Acc:HGNC:20474]
Q8IU80,22.336871457463243,0.712227621330911,0.2480921279020854,2.8708191080210574,0.004094097349484375,0.0167921188293711,ENSG00000187045,TMPRSS6,transmembrane serine protease 6 [Source:HGNC Symbol;Acc:HGNC:16517]
Q8IU85,1365.0568219404358,-0.7003421463473236,0.19662544417207672,-3.5618083371469424,0.00036830922540643705,0.002246940983987154,ENSG00000183049,CAMK1D,calcium/calmodulin dependent protein kinase ID [Source:HGNC Symbol;Acc:HGNC:19341]
Q8IUC8,57.41239478514057,3.8552264628681985,0.3034871179914134,12.70309754293187,5.683480654854113e-37,2.08905803936921e-33,ENSG00000144278,GALNT13,polypeptide N-acetylgalactosaminyltransferase 13 [Source:HGNC Symbol;Acc:HGNC:23242]
Q8IUF8,83.41000973000291,-0.5228438784640936,0.09760543786767689,-5.356708497869862,8.475168858795831e-08,1.4489253799370794e-06,ENSG00000170854,RIOX2,ribosomal oxygenase 2 [Source:HGNC Symbol;Acc:HGNC:19441]
Q8IUX7,159.92952801427464,-1.6291826034279977,0.2647052065386686,-6.154705548604327,7.521711174720515e-10,2.0353842729728374e-08,ENSG00000106624,AEBP1,AE binding protein 1 [Source:HGNC Symbol;Acc:HGNC:303]
Q8IUX8,1275.391196070595,-0.5285170844193622,0.17500826610787992,-3.019954977975553,0.0025281226277713746,0.011341581861853113,ENSG00000198759,EGFL6,EGF like domain multiple 6 [Source:HGNC Symbol;Acc:HGNC:3235]
Q8IV01,32.76591608131228,-3.436175692602506,0.3307581666874805,-10.388785640625478,2.788811137324017e-25,1.3086051238839121e-22,ENSG00000173227,SYT12,synaptotagmin 12 [Source:HGNC Symbol;Acc:HGNC:18381]
Q8IV16,1356.4278440234875,2.565495506030844,0.25304537692838724,10.138480051176309,3.728556697461456e-24,1.265070606243307e-21,ENSG00000277494,GPIHBP1,glycosylphosphatidylinositol anchored high density lipoprotein binding protein 1 [Source:HGNC Symbol;Acc:HGNC:24945]
Q8IV45,88.29690432769662,-0.7690856270550197,0.18572489032207443,-4.140993841597169,3.458042460112447e-05,0.0002944543182058683,ENSG00000124602,UNC5CL,unc-5 family C-terminal like [Source:HGNC Symbol;Acc:HGNC:21203]
Q8IV56,169.61822959450586,-1.8403125398887212,0.3945236251671573,-4.664644706914553,3.0915071722652515e-06,3.594101169063672e-05,ENSG00000176532,PRR15,proline rich 15 [Source:HGNC Symbol;Acc:HGNC:22310]
Q8IV63,86.97950516470803,0.6948739483375156,0.2120832549211691,3.276420614139474,0.0010513186327404799,0.005474800738242867,ENSG00000105053,VRK3,VRK serine/threonine kinase 3 [Source:HGNC Symbol;Acc:HGNC:18996]
Q8IV77,77.73105925053974,-1.5561362709211337,0.44273471304230433,-3.5148277853072734,0.000440039246835179,0.0026136885401839586,ENSG00000132259,CNGA4,cyclic nucleotide gated channel subunit alpha 4 [Source:HGNC Symbol;Acc:HGNC:2152]
Q8IVA1,21.128445793418248,1.4231927173407817,0.3212883766392682,4.42964271607838,9.438933260711668e-06,9.55767833479041e-05,ENSG00000174788,PCP2,Purkinje cell protein 2 [Source:HGNC Symbol;Acc:HGNC:30209]
Q8IVD9,98.93831436022005,0.5152640626140876,0.12678354302006503,4.0641241784238575,4.821315405754242e-05,0.0003943964761072109,ENSG00000015676,NUDCD3,NudC domain containing 3 [Source:HGNC Symbol;Acc:HGNC:22208]
Q8IVE3,1403.1068142090583,1.241792110358223,0.19355550722213488,6.415689887516734,1.4018655634364878e-10,4.454862123347018e-09,ENSG00000152527,PLEKHH2,"pleckstrin homology, MyTH4 and FERM domain containing H2 [Source:HGNC Symbol;Acc:HGNC:30506]"
Q8IVG5,504.00496641955357,1.1470568525338392,0.178579501517122,6.423227989713369,1.3341444027854952e-10,4.279637923329521e-09,ENSG00000177409,SAMD9L,sterile alpha motif domain containing 9 like [Source:HGNC Symbol;Acc:HGNC:1349]
Q8IVH2,58.60369093591948,0.7972943954839208,0.15357373555623627,5.191606446220514,2.0848733473334434e-07,3.272583402284111e-06,ENSG00000137166,FOXP4,forkhead box P4 [Source:HGNC Symbol;Acc:HGNC:20842]
Q8IVL5,574.4655400043256,1.6037239062379445,0.19795046592027105,8.10164249314715,5.422208652936973e-16,5.088569771569021e-14,ENSG00000090530,P3H2,prolyl 3-hydroxylase 2 [Source:HGNC Symbol;Acc:HGNC:19317]
Q8IVL6,19.776361438819965,-2.2480243911539515,0.28006718537188374,-8.026732543367906,1.0010299138788445e-15,8.937940777604872e-14,ENSG00000110811,P3H3,prolyl 3-hydroxylase 3 [Source:HGNC Symbol;Acc:HGNC:19318]
Q8IVP9,74.6007419799813,0.5038290420574815,0.1923462260555321,2.6193861579172415,0.008808816888539898,0.031583425078826034,ENSG00000152433,ZNF547,zinc finger protein 547 [Source:HGNC Symbol;Acc:HGNC:26432]
Q8IVS8,36.5341244819184,0.6453580663994265,0.15301234508457393,4.217686266050757,2.468219098498436e-05,0.00021993577373044247,ENSG00000168237,GLYCTK,glycerate kinase [Source:HGNC Symbol;Acc:HGNC:24247]
Q8IW03,24.175455923811704,-1.3193714052130454,0.4179016973664581,-3.157133396508051,0.0015932844041449939,0.007753374723965953,ENSG00000215475,SIAH3,siah E3 ubiquitin protein ligase family member 3 [Source:HGNC Symbol;Acc:HGNC:30553]
Q8IW41,316.78695113063844,0.7862407601270978,0.12189828644501721,6.449973851615505,1.1186945134762878e-10,3.6604879525528264e-09,ENSG00000089022,MAPKAPK5,MAPK activated protein kinase 5 [Source:HGNC Symbol;Acc:HGNC:6889]
Q8IW92,36.85123245788194,-1.2400971494528283,0.2392508105159376,-5.183251612726385,2.1805055793948877e-07,3.393709953985522e-06,ENSG00000149328,GLB1L2,galactosidase beta 1 like 2 [Source:HGNC Symbol;Acc:HGNC:25129]
Q8IWA6,103.65232694041559,-1.6440061077910846,0.41077209470942516,-4.002234156032515,6.274715303527708e-05,0.0004947535620450485,ENSG00000183273,CCDC60,coiled-coil domain containing 60 [Source:HGNC Symbol;Acc:HGNC:28610]
Q8IWB9,275.5918147746066,-0.6123256501886359,0.24646092585387494,-2.4844735451155437,0.012974314793680579,0.04329483105762316,ENSG00000136478,TEX2,testis expressed 2 [Source:HGNC Symbol;Acc:HGNC:30884]
Q8IWD5,34.82805844187366,-0.9996890539629422,0.18718254053300548,-5.340717414756261,9.257947266803145e-08,1.565757431150894e-06,ENSG00000185156,MFSD6L,major facilitator superfamily domain containing 6 like [Source:HGNC Symbol;Acc:HGNC:26656]
Q8IWL1,176457.68029424248,0.8192933401611461,0.26464094752361633,3.0958676192316497,0.0019623795069754896,0.009204235994648544,ENSG00000185303,SFTPA2,surfactant protein A2 [Source:HGNC Symbol;Acc:HGNC:10799]
Q8IWL2,144310.67770452655,0.822864323047265,0.252098775776717,3.2640552121366624,0.0010982976046611116,0.005675223845641086,ENSG00000122852,SFTPA1,surfactant protein A1 [Source:HGNC Symbol;Acc:HGNC:10798]
Q8IWR0,65.90147371250504,0.6368501331977183,0.15953663616853167,3.9918738948774193,6.555323139599437e-05,0.0005133916779855326,ENSG00000122299,ZC3H7A,zinc finger CCCH-type containing 7A [Source:HGNC Symbol;Acc:HGNC:30959]
Q8IWT6,1833.1738446703355,-0.6484464347624967,0.14603719854448874,-4.440282621314145,8.984081345364681e-06,9.139065036470142e-05,ENSG00000136802,LRRC8A,leucine rich repeat containing 8 VRAC subunit A [Source:HGNC Symbol;Acc:HGNC:19027]
Q8IWU4,15.12686025296813,2.337349072337135,0.6179374643946354,3.7825009924376847,0.0001552604741038546,0.0010794812408216926,ENSG00000164756,SLC30A8,solute carrier family 30 member 8 [Source:HGNC Symbol;Acc:HGNC:20303]
Q8IWU6,304.493263549844,-1.926896442368469,0.2854377430114568,-6.750671519607439,1.471624339387653e-11,5.858339924342111e-10,ENSG00000137573,SULF1,sulfatase 1 [Source:HGNC Symbol;Acc:HGNC:20391]
Q8IWV1,38.658850671902805,-1.7946194731438698,0.3091202889162324,-5.805569991655218,6.414740048030364e-09,1.410475344160136e-07,ENSG00000122188,LAX1,lymphocyte transmembrane adaptor 1 [Source:HGNC Symbol;Acc:HGNC:26005]
Q8IWX5,1555.1542474420562,-1.0145655043448365,0.2805993583289569,-3.6157085689248953,0.00029952720019179387,0.0018933140937316773,ENSG00000163082,SGPP2,sphingosine-1-phosphate phosphatase 2 [Source:HGNC Symbol;Acc:HGNC:19953]
Q8IX19,518.5690969087489,1.824447659693543,0.2939615332460079,6.2064163278353695,5.420646002593019e-10,1.507527451969564e-08,ENSG00000183019,MCEMP1,mast cell expressed membrane protein 1 [Source:HGNC Symbol;Acc:HGNC:27291]
Q8IX21,39.150326805102424,0.6586608564719011,0.16986093452880935,3.8776476668929933,0.00010547131158453113,0.0007727788390980896,ENSG00000119906,SLF2,SMC5-SMC6 complex localization factor 2 [Source:HGNC Symbol;Acc:HGNC:17814]
Q8IX30,223.9808647736701,-0.74123506604535,0.18900899250065686,-3.921692064692499,8.792931936304346e-05,0.0006618406857449012,ENSG00000146197,SCUBE3,"signal peptide, CUB domain and EGF like domain containing 3 [Source:HGNC Symbol;Acc:HGNC:13655]"
Q8IX90,16.902448913302663,-1.126576782654269,0.21455767750991955,-5.250694338831965,1.515269425025912e-07,2.449981810815356e-06,ENSG00000165480,SKA3,spindle and kinetochore associated complex subunit 3 [Source:HGNC Symbol;Acc:HGNC:20262]
Q8IX94,18.088157308630056,0.7454729489952834,0.2872558223391477,2.595153486967944,0.009454868617128121,0.03341134999478301,ENSG00000288784,CTAGE4,CTAGE family member 4 [Source:HGNC Symbol;Acc:HGNC:24772]
Q8IXH8,88.77808368066324,-1.021479052846024,0.19420681450187516,-5.259748765593193,1.4425235487288463e-07,2.34439309828047e-06,ENSG00000124215,CDH26,cadherin 26 [Source:HGNC Symbol;Acc:HGNC:15902]
Q8IXI2,13.944160101195266,0.7302391729658705,0.18414978965015522,3.9654629763800813,7.325362258377587e-05,0.0005650700918022362,ENSG00000126858,RHOT1,ras homolog family member T1 [Source:HGNC Symbol;Acc:HGNC:21168]
Q8IXK2,191.28386482576687,0.7604191590015229,0.22361662481522404,3.400548414635372,0.0006725082566284572,0.0037614752958873947,ENSG00000119514,GALNT12,polypeptide N-acetylgalactosaminyltransferase 12 [Source:HGNC Symbol;Acc:HGNC:19877]
Q8IXL7,2302.062677503005,-0.5152607996666957,0.1595989096811457,-3.2284731812774177,0.0012445292765628385,0.006302376272173786,ENSG00000174099,MSRB3,methionine sulfoxide reductase B3 [Source:HGNC Symbol;Acc:HGNC:27375]
Q8IXM7,46.39085291442478,1.3744297498292681,0.35429423285133205,3.879345533705039,0.0001047378863963324,0.0007681707171881325,ENSG00000182950,CIMAP1C,ciliary microtubule associated protein 1C [Source:HGNC Symbol;Acc:HGNC:28735]
Q8IXN7,271.73913716745517,1.2324549819034423,0.1777538066119486,6.933494170361113,4.1057083888077755e-12,1.7930156991438945e-10,ENSG00000177181,RIMKLA,ribosomal modification protein rimK like family member A [Source:HGNC Symbol;Acc:HGNC:28725]
Q8IXU6,274.9315339812486,-0.5927684743841983,0.22429922615948375,-2.6427575544229542,0.008223389559095464,0.02985818790521754,ENSG00000110660,SLC35F2,solute carrier family 35 member F2 [Source:HGNC Symbol;Acc:HGNC:23615]
Q8IXW0,11.701425183594228,1.8284784725464034,0.26002596757887825,7.03190719592934,2.037293003100741e-12,9.439172245878936e-11,ENSG00000185522,LMNTD2,lamin tail domain containing 2 [Source:HGNC Symbol;Acc:HGNC:28561]
Q8IXY8,246.07054297288576,-1.2588605438567682,0.3375514016544715,-3.729389176542002,0.00019194450269991768,0.0012937481853740784,ENSG00000185250,PPIL6,peptidylprolyl isomerase like 6 [Source:HGNC Symbol;Acc:HGNC:21557]
Q8IY84,59.57254134483255,1.4486709481462465,0.20291244101647965,7.139389486860453,9.374635356185098e-13,4.604637152456707e-11,ENSG00000177453,NIM1K,NIM1 serine/threonine protein kinase [Source:HGNC Symbol;Acc:HGNC:28646]
Q8IYA6,19.051593948487483,-0.7085077571716998,0.2416047294885124,-2.9325078141956955,0.0033623646099176473,0.014365282663139054,ENSG00000169607,CKAP2L,cytoskeleton associated protein 2 like [Source:HGNC Symbol;Acc:HGNC:26877]
Q8IYA7,88.66068354472596,-0.9581931779789558,0.32333842971613436,-2.9634373458798997,0.0030422398755473477,0.013202195634655885,ENSG00000150051,MKX,mohawk homeobox [Source:HGNC Symbol;Acc:HGNC:23729]
Q8IYI8,753.8060742605803,-0.5778549847495714,0.21276713254573276,-2.715903428483559,0.006609519443085641,0.024947174704400263,ENSG00000171295,ZNF440,zinc finger protein 440 [Source:HGNC Symbol;Acc:HGNC:20874]
Q8IYT3,927.5251969699619,-1.265362807951412,0.36963157081909837,-3.423308255697385,0.0006186387955908342,0.0035064148028682235,ENSG00000120262,CCDC170,coiled-coil domain containing 170 [Source:HGNC Symbol;Acc:HGNC:21177]
Q8IYT8,639.9506327354492,0.5242007854449208,0.08998301608404374,5.825552512657716,5.6923956193152225e-09,1.279715524856044e-07,ENSG00000083290,ULK2,unc-51 like autophagy activating kinase 2 [Source:HGNC Symbol;Acc:HGNC:13480]
Q8IYX3,10.37547676372383,0.9700065602371395,0.24596874079695735,3.9436172136924585,8.026173418750675e-05,0.0006118535381165827,ENSG00000161180,CCDC116,coiled-coil domain containing 116 [Source:HGNC Symbol;Acc:HGNC:26688]
Q8IZ08,109.20893282065413,-0.7123134177678564,0.18862902799467654,-3.7762661735603027,0.0001591968671662571,0.0011037182359272663,ENSG00000181619,GPR135,G protein-coupled receptor 135 [Source:HGNC Symbol;Acc:HGNC:19991]
Q8IZ20,19.904691463790307,1.9004373863624378,0.38937287563675615,4.8807646995301885,1.0567526842888053e-06,1.3844732524340683e-05,ENSG00000176083,ZNF683,zinc finger protein 683 [Source:HGNC Symbol;Acc:HGNC:28495]
Q8IZC4,4605.423433254086,4.005276468106239,0.37925072423692247,10.561025232489987,4.517011265701736e-26,2.5543119603534894e-23,ENSG00000182010,RTKN2,rhotekin 2 [Source:HGNC Symbol;Acc:HGNC:19364]
Q8IZD9,59.477040248072356,-1.070132911664555,0.16701210339527997,-6.407517119473622,1.4790848394099215e-10,4.66662904840435e-09,ENSG00000088538,DOCK3,dedicator of cytokinesis 3 [Source:HGNC Symbol;Acc:HGNC:2989]
Q8IZF2,10589.307964531125,0.5557487888734978,0.13100851706813213,4.242081364713683,2.2145637068409435e-05,0.0002004102913035296,ENSG00000069122,ADGRF5,adhesion G protein-coupled receptor F5 [Source:HGNC Symbol;Acc:HGNC:19030]
Q8IZJ3,258.8924617297781,1.1763547662115912,0.1575370216296194,7.467163934184841,8.194165952493035e-14,4.978350851688193e-12,ENSG00000160111,CPAMD8,C3 and PZP like alpha-2-macroglobulin domain containing 8 [Source:HGNC Symbol;Acc:HGNC:23228]
Q8IZK6,37.64986904180283,1.2981704335340793,0.28630416073616266,4.534235304845534,5.781255103635541e-06,6.198337387242501e-05,ENSG00000153898,MCOLN2,mucolipin TRP cation channel 2 [Source:HGNC Symbol;Acc:HGNC:13357]
Q8IZN3,95.4204213262826,0.7448911413765021,0.12203811952243342,6.103757942939902,1.0360315186366237e-09,2.7396449774594842e-08,ENSG00000175048,ZDHHC14,zinc finger DHHC-type palmitoyltransferase 14 [Source:HGNC Symbol;Acc:HGNC:20341]
Q8IZQ8,315.47933999183164,-0.9185685166533584,0.2529349674367388,-3.631639096650803,0.00028162679363028404,0.0017930130793078188,ENSG00000141052,MYOCD,myocardin [Source:HGNC Symbol;Acc:HGNC:16067]
Q8IZR5,30.00562355388132,-0.738959549858284,0.25284044462758365,-2.9226319030830687,0.003470865743958483,0.014743157380057855,ENSG00000183723,CMTM4,CKLF like MARVEL transmembrane domain containing 4 [Source:HGNC Symbol;Acc:HGNC:19175]
Q8IZS8,16.426431722263953,0.9522561763961743,0.2538789184786154,3.7508280801833664,0.00017625152121372104,0.0012034213773521375,ENSG00000157445,CACNA2D3,calcium voltage-gated channel auxiliary subunit alpha2delta 3 [Source:HGNC Symbol;Acc:HGNC:15460]
Q8IZT8,19.91781729247606,1.748895762177783,0.38345152600010224,4.5609305051437365,5.0927435239598865e-06,5.546437811230189e-05,ENSG00000249853,HS3ST5,heparan sulfate-glucosamine 3-sulfotransferase 5 [Source:HGNC Symbol;Acc:HGNC:19419]
Q8IZW8,127.85645699954854,-4.066908728883136,0.36646712860666186,-11.097608520430898,1.2884539807254118e-28,9.7984703761787e-26,ENSG00000131746,TNS4,tensin 4 [Source:HGNC Symbol;Acc:HGNC:24352]
Q8J025,535.2931906900847,-0.8122130333159572,0.1802832603076871,-4.505204931005594,6.6308919155064926e-06,6.99032936446368e-05,ENSG00000154856,APCDD1,APC down-regulated 1 [Source:HGNC Symbol;Acc:HGNC:15718]
Q8N0T1,44.631066840744786,0.6136118547491061,0.20286492416598279,3.024731146952998,0.002488542323781714,0.011202758197322292,ENSG00000176731,RBIS,ribosomal biogenesis factor [Source:HGNC Symbol;Acc:HGNC:32235]
Q8N0U2,12.809251576872256,-1.1541653493229687,0.2890891221704581,-3.9924205402734874,6.54022517956423e-05,0.0005127555140778868,ENSG00000143001,TMEM61,transmembrane protein 61 [Source:HGNC Symbol;Acc:HGNC:27296]
Q8N0U7,80.51561871059144,-1.462836135796994,0.44903894061320404,-3.257704407104106,0.0011231733471306095,0.0057820880013115,ENSG00000162598,C1orf87,chromosome 1 open reading frame 87 [Source:HGNC Symbol;Acc:HGNC:28547]
Q8N0V4,234.6285566992929,-2.869914503291639,0.2285772498686117,-12.555556184796574,3.705681742121109e-36,1.0215638142592367e-32,ENSG00000153012,LGI2,leucine rich repeat LGI family member 2 [Source:HGNC Symbol;Acc:HGNC:18710]
Q8N0V5,463.3063156841159,0.6306491359255045,0.10781649632674113,5.849282414207779,4.936982342407433e-09,1.1271243124167033e-07,ENSG00000111846,GCNT2,glucosaminyl (N-acetyl) transferase 2 (I blood group) [Source:HGNC Symbol;Acc:HGNC:4204]
Q8N0Z9,609.5971814364792,1.6669905766868032,0.14847373615330556,11.227511476949454,2.9877505859632297e-29,2.864863105340568e-26,ENSG00000176834,VSIG10,V-set and immunoglobulin domain containing 10 [Source:HGNC Symbol;Acc:HGNC:26078]
Q8N103,42.42514862814919,0.723164500037703,0.21459873295667325,3.3698451527377262,0.0007521043472068623,0.004128150640443041,ENSG00000164691,TAGAP,T cell activation RhoGTPase activating protein [Source:HGNC Symbol;Acc:HGNC:15669]
Q8N118,619.8736274796572,-0.6985085530620331,0.21068679939270807,-3.3153883160949884,0.0009151590150488976,0.0048739234286134725,ENSG00000186377,CYP4X1,cytochrome P450 family 4 subfamily X member 1 [Source:HGNC Symbol;Acc:HGNC:20244]
Q8N126,79.50379630759986,-0.9213582294408034,0.24586317307056732,-3.747443010411146,0.00017864640812168025,0.001216008606393684,ENSG00000162706,CADM3,cell adhesion molecule 3 [Source:HGNC Symbol;Acc:HGNC:17601]
Q8N143,702.6717436778326,0.8193491221233296,0.16928531789059828,4.840048341657362,1.2980754898978992e-06,1.670230854971311e-05,ENSG00000161940,BCL6B,BCL6B transcription repressor [Source:HGNC Symbol;Acc:HGNC:1002]
Q8N1D5,57.35531014139598,-1.317697910881258,0.4688266339857694,-2.810629378452196,0.004944470527225042,0.019702883498184547,ENSG00000157330,CFAP107,cilia and flagella associated protein 107 [Source:HGNC Symbol;Acc:HGNC:28567]
Q8N1N0,53.007854607220345,1.5651676668400538,0.282384648803605,5.542679722397405,2.9787740984348127e-08,5.648657262844485e-07,ENSG00000152672,CLEC4F,C-type lectin domain family 4 member F [Source:HGNC Symbol;Acc:HGNC:25357]
Q8N1S5,354.74740270540127,-0.5666172796609161,0.10049690150923223,-5.638156710820217,1.7188005801885697e-08,3.4088514384423307e-07,ENSG00000133195,SLC39A11,solute carrier family 39 member 11 [Source:HGNC Symbol;Acc:HGNC:14463]
Q8N228,68.98583066232756,0.7021485799472601,0.22188108945815246,3.1645264662344634,0.001553355338845809,0.007597626667311038,ENSG00000146285,SCML4,Scm polycomb group protein like 4 [Source:HGNC Symbol;Acc:HGNC:21397]
Q8N257,31.606614401891022,-1.251036067518536,0.3978530524067482,-3.1444676871286874,0.001663892856855615,0.00803492293958698,ENSG00000196890,H2BC26,H2B clustered histone 26 [Source:HGNC Symbol;Acc:HGNC:20514]
Q8N271,52.323687477277495,-2.7211457589557235,0.2687355845747478,-10.125736653974261,4.247680340425209e-24,1.4193688216323872e-21,ENSG00000155066,PROM2,prominin 2 [Source:HGNC Symbol;Acc:HGNC:20685]
Q8N2G6,1363.5235535735135,-0.8358173583283371,0.15763621923909954,-5.302191097723459,1.1442097298667183e-07,1.9001808269940213e-06,ENSG00000165424,ZCCHC24,zinc finger CCHC-type containing 24 [Source:HGNC Symbol;Acc:HGNC:26911]
Q8N2R0,45.833818059993035,-1.52713709602881,0.2539512322190687,-6.013505359609515,1.8155392530331879e-09,4.483751700604023e-08,ENSG00000164920,OSR2,odd-skipped related transciption factor 2 [Source:HGNC Symbol;Acc:HGNC:15830]
Q8N309,33.061458857257456,-1.3201410364521315,0.4095951467648189,-3.223038766155424,0.00126838386534637,0.006406082774748566,ENSG00000158113,LRRC43,leucine rich repeat containing 43 [Source:HGNC Symbol;Acc:HGNC:28562]
Q8N339,463.65525687904665,1.1003848530592777,0.45293534146544334,2.429452401526127,0.015121650340842011,0.0489279455130472,ENSG00000205364,MT1M,metallothionein 1M [Source:HGNC Symbol;Acc:HGNC:14296]
Q8N3C0,813.7057525481315,-0.7465021056833033,0.10495264674530808,-7.112751596392454,1.1375190817848826e-12,5.4894629824253395e-11,ENSG00000112249,ASCC3,activating signal cointegrator 1 complex subunit 3 [Source:HGNC Symbol;Acc:HGNC:18697]
Q8N3F0,1832.2345902157622,0.7669741837639327,0.1275125007058807,6.014894065429939,1.8000437404946898e-09,4.455461801668899e-08,ENSG00000180354,MTURN,"maturin, neural progenitor differentiation regulator homolog [Source:HGNC Symbol;Acc:HGNC:25457]"
Q8N3J6,34.36258387451179,2.1966218197702245,0.333211193747897,6.592280994713996,4.3311983015383405e-11,1.5431380830715115e-09,ENSG00000175161,CADM2,cell adhesion molecule 2 [Source:HGNC Symbol;Acc:HGNC:29849]
Q8N3T1,238.48110647177754,-2.046023482042755,0.3096364994238123,-6.607823967297466,3.900100371202679e-11,1.4123614710427567e-09,ENSG00000131386,GALNT15,polypeptide N-acetylgalactosaminyltransferase 15 [Source:HGNC Symbol;Acc:HGNC:21531]
Q8N3T6,134.87047044658883,-1.130779681732822,0.2826324564060296,-4.000884031904477,6.310628118549838e-05,0.0004970521161660647,ENSG00000181234,TMEM132C,transmembrane protein 132C [Source:HGNC Symbol;Acc:HGNC:25436]
Q8N3X1,761.6488722432025,0.8536224321191537,0.22658766178933992,3.767294412141347,0.00016502634260860878,0.0011369856169604054,ENSG00000109920,FNBP4,formin binding protein 4 [Source:HGNC Symbol;Acc:HGNC:19752]
Q8N3Y7,352.85276273553905,0.9498492095930169,0.2674848439811013,3.551039361542768,0.00038371302619588367,0.002329173038134304,ENSG00000170786,SDR16C5,short chain dehydrogenase/reductase family 16C member 5 [Source:HGNC Symbol;Acc:HGNC:30311]
Q8N414,133.71814611356507,-0.9849543778299771,0.20688600898047296,-4.760855423156926,1.927741140179414e-06,2.379093626497862e-05,ENSG00000177614,PGBD5,piggyBac transposable element derived 5 [Source:HGNC Symbol;Acc:HGNC:19405]
Q8N436,442.49545130010966,-1.3111371058614405,0.23013360785992884,-5.697286537390341,1.2172924664460911e-08,2.504306721548703e-07,ENSG00000121898,CPXM2,"carboxypeptidase X, M14 family member 2 [Source:HGNC Symbol;Acc:HGNC:26977]"
Q8N437,119.98726534197245,0.5372687311213791,0.20912052232604425,2.5691822358960636,0.0101938834303246,0.035572136894363726,ENSG00000138670,RASGEF1B,RasGEF domain family member 1B [Source:HGNC Symbol;Acc:HGNC:24881]
Q8N443,119.57072063604562,-0.82651266923987,0.32463587023631746,-2.5459684065048425,0.010897505072758683,0.037435136584831774,ENSG00000158423,RIBC1,RIB43A domain with coiled-coils 1 [Source:HGNC Symbol;Acc:HGNC:26537]
Q8N456,118.0879547199908,-0.9766300703737452,0.35335281158560033,-2.763895003385745,0.005711591481472453,0.022168855778316347,ENSG00000165383,LRRC18,leucine rich repeat containing 18 [Source:HGNC Symbol;Acc:HGNC:23199]
Q8N474,10.878051849419618,-1.6060194045675185,0.3961756933940998,-4.0538060041202835,5.039100939675665e-05,0.00040902588194187373,ENSG00000104332,SFRP1,secreted frizzled related protein 1 [Source:HGNC Symbol;Acc:HGNC:10776]
Q8N488,49.81007263279917,0.7919816970091014,0.17452455267349593,4.5379385586551635,5.680680486963207e-06,6.102373475863935e-05,ENSG00000163602,RYBP,RING1 and YY1 binding protein [Source:HGNC Symbol;Acc:HGNC:10480]
Q8N4B5,39.937932988322956,-1.5041480039882884,0.4652165236417167,-3.2332213658573696,0.0012240267507010695,0.006211386553143439,ENSG00000176381,PRR18,proline rich 18 [Source:HGNC Symbol;Acc:HGNC:28574]
Q8N4F0,31.294099704421807,-3.8246062208480978,0.7985052327323034,-4.789707147893276,1.6702489509828278e-06,2.0917473233943944e-05,ENSG00000078898,BPIFB2,BPI fold containing family B member 2 [Source:HGNC Symbol;Acc:HGNC:16177]
Q8N4P2,366.0728297758227,-0.6268935692630268,0.23647241357851076,-2.6510219935438393,0.008024861559157527,0.029273471704609144,ENSG00000196659,IFT70B,intraflagellar transport 70B [Source:HGNC Symbol;Acc:HGNC:26425]
Q8N4S9,29.50050299320077,1.0577684478931053,0.2714988831322319,3.8960324097463244,9.778131006299891e-05,0.0007246199637531511,ENSG00000152939,MARVELD2,MARVEL domain containing 2 [Source:HGNC Symbol;Acc:HGNC:26401]
Q8N4W6,65.1333624523819,-2.288295102756009,0.27294253219986947,-8.383798172870849,5.124663298538792e-17,5.708046686160329e-15,ENSG00000178401,DNAJC22,DnaJ heat shock protein family (Hsp40) member C22 [Source:HGNC Symbol;Acc:HGNC:25802]
Q8N4Z0,117.0360037208505,-1.044333909693426,0.22038223026640638,-4.738739182514832,2.1505208796140976e-06,2.6278095502771125e-05,ENSG00000188060,RAB42,"RAB42, member RAS oncogene family [Source:HGNC Symbol;Acc:HGNC:28702]"
Q8N554,83.69840170060759,0.8440946594486429,0.17245039579943194,4.894709899247581,9.845084833697466e-07,1.3016996458175295e-05,ENSG00000158805,ZNF276,zinc finger protein 276 [Source:HGNC Symbol;Acc:HGNC:23330]
Q8N584,21.123967236776544,-0.5996901417760742,0.15852396215141024,-3.7829621064056864,0.00015497301509036785,0.0010781624210734928,ENSG00000168234,TTC39C,tetratricopeptide repeat domain 39C [Source:HGNC Symbol;Acc:HGNC:26595]
Q8N5G2,190.905137563631,0.7343150020026603,0.17576224405576302,4.177888180408578,2.94228234489741e-05,0.0002551674983655819,ENSG00000204178,MACO1,macoilin 1 [Source:HGNC Symbol;Acc:HGNC:25572]
Q8N5H7,778.4536173816869,1.4162576316166307,0.16351989130027847,8.661072486991182,4.673462270356019e-18,6.208948006652508e-16,ENSG00000095370,SH2D3C,SH2 domain containing 3C [Source:HGNC Symbol;Acc:HGNC:16884]
Q8N5R6,43.67961297740684,-1.5802049417501676,0.4912937358650148,-3.2164158148035824,0.0012980261010669208,0.006529805573204806,ENSG00000140481,CCDC33,coiled-coil domain containing 33 [Source:HGNC Symbol;Acc:HGNC:26552]
Q8N5U6,67.79243908984475,0.7456860235245452,0.21619435646313565,3.449146572203404,0.0005623613611776269,0.003223055472820006,ENSG00000022840,RNF10,ring finger protein 10 [Source:HGNC Symbol;Acc:HGNC:10055]
Q8N5V2,26.52138757925139,-1.3510892792793123,0.37663285956350795,-3.5872846592438417,0.00033413948263716424,0.0020714084839098886,ENSG00000066248,NGEF,neuronal guanine nucleotide exchange factor [Source:HGNC Symbol;Acc:HGNC:7807]
Q8N608,17.986192495814453,-1.0092490930082125,0.2588071436522619,-3.8996183751568254,9.634442464734433e-05,0.0007156550829142917,ENSG00000175497,DPP10,dipeptidyl peptidase like 10 [Source:HGNC Symbol;Acc:HGNC:20823]
Q8N614,70.9069189960206,-1.465687940826637,0.2988959194478741,-4.903673303851328,9.406087975051409e-07,1.248897436494785e-05,ENSG00000121895,TMEM156,transmembrane protein 156 [Source:HGNC Symbol;Acc:HGNC:26260]
Q8N695,14.430240835636182,-1.505302162058767,0.4995987416083481,-3.0130223251018973,0.0025865988844455718,0.011563926981058716,ENSG00000256870,SLC5A8,solute carrier family 5 member 8 [Source:HGNC Symbol;Acc:HGNC:19119]
Q8N699,55.81664594570775,0.7173097316704132,0.1495151667822572,4.797571691941125,1.6060073516489476e-06,2.0202553033174208e-05,ENSG00000120279,MYCT1,MYC target 1 [Source:HGNC Symbol;Acc:HGNC:23172]
Q8N6D2,109.82782793002629,1.226017230161747,0.19025043666265237,6.4442282060865494,1.1619014826253647e-10,3.796233377454784e-09,ENSG00000180537,RNF182,ring finger protein 182 [Source:HGNC Symbol;Acc:HGNC:28522]
Q8N6D5,377.90408730800937,2.196915120648731,0.2184726044048703,10.055792242845422,8.662187197409973e-24,2.729083949309708e-21,ENSG00000154065,ANKRD29,ankyrin repeat domain 29 [Source:HGNC Symbol;Acc:HGNC:27110]
Q8N6N7,91.71208822581957,-1.1763342249222444,0.33653016673293895,-3.495479280036582,0.000473211191848229,0.002783676529517257,ENSG00000176244,ACBD7,acyl-CoA binding domain containing 7 [Source:HGNC Symbol;Acc:HGNC:17715]
Q8N6S5,12.902691155460571,1.0012456955940119,0.18134004572466506,5.521371143328365,3.363644419800994e-08,6.302618014808081e-07,ENSG00000177917,ARL6IP6,ADP ribosylation factor like GTPase 6 interacting protein 6 [Source:HGNC Symbol;Acc:HGNC:24048]
Q8N6Y0,73.28462857060822,2.247775295244832,0.22275796966713451,10.090661620788092,6.075860319056836e-24,1.999955574275813e-21,ENSG00000130307,USHBP1,USH1 protein network component harmonin binding protein 1 [Source:HGNC Symbol;Acc:HGNC:24058]
Q8N6Y2,80.52528579535526,-1.3804199426919124,0.20757362073452595,-6.650266723715272,2.9256235175923915e-11,1.0825788767950101e-09,ENSG00000128606,LRRC17,leucine rich repeat containing 17 [Source:HGNC Symbol;Acc:HGNC:16895]
Q8N7A1,151.58451476719978,0.8340179830185099,0.1763528336991026,4.729257622486132,2.2534229568931295e-06,2.736618386085962e-05,ENSG00000197776,KLHDC1,kelch domain containing 1 [Source:HGNC Symbol;Acc:HGNC:19836]
Q8N7J2,19.217740202256348,3.150475060816077,0.6810904461786962,4.625633905881414,3.7345443506973666e-06,4.241073177666309e-05,ENSG00000165566,AMER2,APC membrane recruitment protein 2 [Source:HGNC Symbol;Acc:HGNC:26360]
Q8N7L0,1465.218716547645,-1.296230548261749,0.4571522865844671,-2.8354458378548375,0.004576177383451984,0.018450277150758695,ENSG00000179813,FAM216B,family with sequence similarity 216 member B [Source:HGNC Symbol;Acc:HGNC:26883]
Q8N7U6,75.67259528142161,-0.9869034176323028,0.3725322300012694,-2.649175932050067,0.008068831532314701,0.029388817678395383,ENSG00000163576,EFHB,EF-hand domain family member B [Source:HGNC Symbol;Acc:HGNC:26330]
Q8N8A2,19.43333391666676,0.600850575825398,0.19275019248504432,3.117250198710015,0.0018254657607157563,0.008661536550521792,ENSG00000065413,ANKRD44,ankyrin repeat domain 44 [Source:HGNC Symbol;Acc:HGNC:25259]
Q8N8A6,93.59685680417566,0.550272491719966,0.14965498623847823,3.6769405787996647,0.00023604799800131402,0.0015388124587410522,ENSG00000185163,DDX51,DEAD-box helicase 51 [Source:HGNC Symbol;Acc:HGNC:20082]
Q8N8L2,71.79867370870039,0.5107943093719229,0.1588352368216394,3.215875265420534,0.0013004734336550675,0.006539936202395778,ENSG00000177599,ZNF491,zinc finger protein 491 [Source:HGNC Symbol;Acc:HGNC:23706]
Q8N8L6,445.5359327626527,-0.55487137844505,0.11126382522667583,-4.986988154637145,6.132782382247855e-07,8.587452867180582e-06,ENSG00000175414,ARL10,ADP ribosylation factor like GTPase 10 [Source:HGNC Symbol;Acc:HGNC:22042]
Q8N8S7,20.393057173616306,-1.2183326333737536,0.2754949850501174,-4.422340512485618,9.763741763273854e-06,9.814474058670992e-05,ENSG00000154380,ENAH,ENAH actin regulator [Source:HGNC Symbol;Acc:HGNC:18271]
Q8N8U2,369.6947126073024,-0.6867457366174328,0.11411317071569486,-6.0181110761387275,1.7646409499061633e-09,4.3825891339223566e-08,ENSG00000166446,CDYL2,chromodomain Y like 2 [Source:HGNC Symbol;Acc:HGNC:23030]
Q8N8U3,12.60849638552665,-1.3041400318043856,0.2760141052838081,-4.7249035713715415,2.3022457503835512e-06,2.786702951644283e-05,ENSG00000179300,RTL3,retrotransposon Gag like 3 [Source:HGNC Symbol;Acc:HGNC:22997]
Q8N945,90.05565743321945,0.6135169437495329,0.13408349355802868,4.575633640422823,4.747807701577161e-06,5.222351673345771e-05,ENSG00000186314,PRELID2,PRELI domain containing 2 [Source:HGNC Symbol;Acc:HGNC:28306]
Q8N983,16.59734769547364,0.7710234369725811,0.25360446404676673,3.0402597204692667,0.0023637421592700575,0.010730747134734838,ENSG00000055950,MRPL43,mitochondrial ribosomal protein L43 [Source:HGNC Symbol;Acc:HGNC:14517]
Q8N987,201.5352871964787,1.8128033292325985,0.16851270232870275,10.757665767513028,5.453400440445088e-27,3.340813703154888e-24,ENSG00000123119,NECAB1,N-terminal EF-hand calcium binding protein 1 [Source:HGNC Symbol;Acc:HGNC:20983]
Q8N998,114.90749053239233,-0.8537612736716996,0.34716288144873136,-2.4592527579817953,0.013922655825053707,0.04577735919081507,ENSG00000179071,CCDC89,coiled-coil domain containing 89 [Source:HGNC Symbol;Acc:HGNC:26762]
Q8N9F0,11.188198900366796,-0.6726159608204689,0.22183912036603734,-3.031998863458547,0.002429401186138994,0.01098135145708329,ENSG00000185818,NAT8L,N-acetyltransferase 8 like [Source:HGNC Symbol;Acc:HGNC:26742]
Q8N9R8,695.6316953812658,1.2006885199333854,0.11796827629595545,10.1780627608827,2.4845829201472224e-24,8.982785528020794e-22,ENSG00000173611,SCAI,suppressor of cancer cell invasion [Source:HGNC Symbol;Acc:HGNC:26709]
Q8N9V3,14.357653448669275,0.5491946736934459,0.1824626202804168,3.009902372603324,0.0026133167439366532,0.01165939502971825,ENSG00000196151,WDSUB1,"WD repeat, sterile alpha motif and U-box domain containing 1 [Source:HGNC Symbol;Acc:HGNC:26697]"
Q8N9Z2,1362.4194884281849,-0.7834638068115147,0.22180937849592142,-3.5321491459204504,0.0004121968035039622,0.0024749763965359055,ENSG00000253276,CCDC71L,coiled-coil domain containing 71 like [Source:HGNC Symbol;Acc:HGNC:26685]
Q8NA03,17.020596449234457,-0.7075735837709514,0.26167933130475657,-2.703971995965161,0.006851606320284451,0.0257186050802452,ENSG00000150667,FSIP1,fibrous sheath interacting protein 1 [Source:HGNC Symbol;Acc:HGNC:21674]
Q8NA23,130.04823710619013,-0.825608975505183,0.23341858059468282,-3.5370319423662457,0.000404650723041937,0.002441632570715972,ENSG00000148225,WDR31,WD repeat domain 31 [Source:HGNC Symbol;Acc:HGNC:21421]
Q8NA54,17.83783499066149,-1.207704430888092,0.3882555756564724,-3.110591338826428,0.0018671314085914193,0.008828841356148191,ENSG00000164675,IQUB,IQ motif and ubiquitin domain containing [Source:HGNC Symbol;Acc:HGNC:21995]
Q8NAM6,19.704667586597463,-1.0496557721014237,0.41159232439605903,-2.550231648856944,0.010765136374600255,0.03709019178338291,ENSG00000180532,ZSCAN4,zinc finger and SCAN domain containing 4 [Source:HGNC Symbol;Acc:HGNC:23709]
Q8NBJ4,1481.2502545203458,-1.3366843740349046,0.15131681994927118,-8.833680052772895,1.0128709067282348e-18,1.489190331798966e-16,ENSG00000135052,GOLM1,golgi membrane protein 1 [Source:HGNC Symbol;Acc:HGNC:15451]
Q8NBL3,127.78126624191475,1.5744915328650493,0.27583856812055063,5.708018075909328,1.1429928414792726e-08,2.3777526718950434e-07,ENSG00000152154,TMEM178A,transmembrane protein 178A [Source:HGNC Symbol;Acc:HGNC:28517]
Q8NBN3,28.79588339988478,0.5418933889092902,0.14663929489943306,3.695417311443887,0.00021952591892421332,0.0014512663716890288,ENSG00000103978,TMEM87A,transmembrane protein 87A [Source:HGNC Symbol;Acc:HGNC:24522]
Q8NBP0,424.57044596047797,0.7074754562248954,0.1659045640904903,4.2643519791234485,2.0048319647597255e-05,0.00018438100146293154,ENSG00000143643,TTC13,tetratricopeptide repeat domain 13 [Source:HGNC Symbol;Acc:HGNC:26204]
Q8NBQ5,568.5995838337554,0.6125007101441224,0.1651532042073883,3.708681966442414,0.00020834091122430814,0.0013864976939804235,ENSG00000198189,HSD17B11,hydroxysteroid 17-beta dehydrogenase 11 [Source:HGNC Symbol;Acc:HGNC:22960]
Q8NBR6,1176.3961216757816,0.5105035324584949,0.09640537465999796,5.295384559822899,1.1876620368627038e-07,1.967896210441027e-06,ENSG00000128923,MINDY2,MINDY lysine 48 deubiquitinase 2 [Source:HGNC Symbol;Acc:HGNC:26954]
Q8NBS9,25.588764232657624,-1.6520811286275128,0.32719086805547426,-5.049288626073167,4.434583057838485e-07,6.421555794981612e-06,ENSG00000239264,TXNDC5,thioredoxin domain containing 5 [Source:HGNC Symbol;Acc:HGNC:21073]
Q8NBT0,88.41333472048912,-0.6255822521859938,0.14347340842443146,-4.360266191874104,1.2990431897465596e-05,0.00012673201771252926,ENSG00000164087,POC1A,POC1 centriolar protein A [Source:HGNC Symbol;Acc:HGNC:24488]
Q8NBT2,16.554147418838152,-0.6088006541235833,0.24178763740598458,-2.517914731518505,0.011805189640292866,0.04002946683994755,ENSG00000161888,SPC24,SPC24 component of NDC80 kinetochore complex [Source:HGNC Symbol;Acc:HGNC:26913]
Q8NBV4,46.655248022006376,-0.5390743942917862,0.15444897881004188,-3.4903072745777,0.0004824654631087503,0.0028313712941459234,ENSG00000160539,PLPP7,phospholipid phosphatase 7 (inactive) [Source:HGNC Symbol;Acc:HGNC:28174]
Q8NC01,29.162001474237098,1.794692792590426,0.2502672772629815,7.171104477652339,7.439509931468275e-13,3.7459121467717195e-11,ENSG00000150048,CLEC1A,C-type lectin domain family 1 member A [Source:HGNC Symbol;Acc:HGNC:24355]
Q8NC06,24.648556175235765,0.8965088277969671,0.24335290281881033,3.6839865783909196,0.00022961433645517348,0.0015048780315549467,ENSG00000181513,ACBD4,acyl-CoA binding domain containing 4 [Source:HGNC Symbol;Acc:HGNC:23337]
Q8NC42,1509.638925406422,0.6139967295168302,0.1361306079091227,4.510350309510985,6.472065812023185e-06,6.845800451719871e-05,ENSG00000163162,RNF149,ring finger protein 149 [Source:HGNC Symbol;Acc:HGNC:23137]
Q8NC60,485.2647669044402,-0.55582948597529,0.1154408977137336,-4.814840294759462,1.473176604570495e-06,1.872590019435026e-05,ENSG00000084092,NOA1,nitric oxide associated 1 [Source:HGNC Symbol;Acc:HGNC:28473]
Q8NCA9,68.01953532205755,0.7352718667830682,0.15846932404428268,4.639837212769354,3.486837342241323e-06,3.990592150793468e-05,ENSG00000179922,ZNF784,zinc finger protein 784 [Source:HGNC Symbol;Acc:HGNC:33111]
Q8NCG5,11.362390276811638,-1.4514932378684375,0.2961632401228196,-4.9009905390908735,9.53546488944517e-07,1.2653137344875079e-05,ENSG00000140835,CHST4,carbohydrate sulfotransferase 4 [Source:HGNC Symbol;Acc:HGNC:1972]
Q8NCL4,376.77725347368147,-0.7005023101328269,0.18070754437571462,-3.876441974533122,0.00010599507273398564,0.0007761090609078864,ENSG00000139629,GALNT6,polypeptide N-acetylgalactosaminyltransferase 6 [Source:HGNC Symbol;Acc:HGNC:4128]
Q8NCM8,256.65071327034883,-1.0479818341071587,0.2836945921777436,-3.6940493862165864,0.00022071090711923326,0.0014573527980860988,ENSG00000187240,DYNC2H1,dynein cytoplasmic 2 heavy chain 1 [Source:HGNC Symbol;Acc:HGNC:2962]
Q8NCT1,1704.184824876288,0.5837229939328957,0.18619756029275794,3.1349658557024567,0.001718741152174783,0.008259995068656061,ENSG00000140450,ARRDC4,arrestin domain containing 4 [Source:HGNC Symbol;Acc:HGNC:28087]
Q8NCU7,48.922416314386545,-1.6814610232916207,0.44032267312916085,-3.8187018881909673,0.00013415576681052822,0.0009473811339223148,ENSG00000198535,C2CD4A,C2 calcium dependent domain containing 4A [Source:HGNC Symbol;Acc:HGNC:33627]
Q8ND07,225.22686690035852,-0.8704576771638545,0.2817532253536907,-3.089432875421926,0.002005390165352676,0.009376059933578105,ENSG00000119636,BBOF1,basal body orientation factor 1 [Source:HGNC Symbol;Acc:HGNC:19855]
Q8ND71,2368.2571017271707,0.8416337773656138,0.16515983532494874,5.095874403784164,3.4713522315921986e-07,5.158841112906627e-06,ENSG00000171115,GIMAP8,"GTPase, IMAP family member 8 [Source:HGNC Symbol;Acc:HGNC:21792]"
Q8ND90,1090.622019201547,-0.6101107557614448,0.0924264977206874,-6.601037265365152,4.082908966093713e-11,1.464137794117573e-09,ENSG00000176903,PNMA1,PNMA family member 1 [Source:HGNC Symbol;Acc:HGNC:9158]
Q8ND94,145.98039673592848,-1.2456209647422574,0.28619549818554096,-4.352342970589703,1.346903386064747e-05,0.00013068458986481273,ENSG00000177363,LRRN4CL,LRRN4 C-terminal like [Source:HGNC Symbol;Acc:HGNC:33724]
Q8NDH3,15.40891253642708,0.5051486292909155,0.16338177218480554,3.091829783309783,0.001989268815148718,0.00931846526110659,ENSG00000215440,NPEPL1,aminopeptidase like 1 [Source:HGNC Symbol;Acc:HGNC:16244]
Q8NEA4,75.0389127257216,-0.9711430516181844,0.22925669239765292,-4.236051045932855,2.2748508311163902e-05,0.00020485733045912973,ENSG00000153832,FBXO36,F-box protein 36 [Source:HGNC Symbol;Acc:HGNC:27020]
Q8NEF9,321.624671855258,-0.514766388779509,0.147980556310419,-3.4786082821562236,0.0005040247609492455,0.0029341967448726965,ENSG00000151304,SRFBP1,serum response factor binding protein 1 [Source:HGNC Symbol;Acc:HGNC:26333]
Q8NEG4,164.2208650011113,-2.222170935029918,0.3523874288075131,-6.306044862467977,2.8625609404057697e-10,8.508210105082054e-09,ENSG00000133477,FAM83F,family with sequence similarity 83 member F [Source:HGNC Symbol;Acc:HGNC:25148]
Q8NEH6,200.93514750899735,-1.21585491827751,0.34505307474566677,-3.5236750728093,0.00042560582233933694,0.0025423377047323233,ENSG00000138587,MNS1,meiosis specific nuclear structural 1 [Source:HGNC Symbol;Acc:HGNC:29636]
Q8NES3,595.5623645895022,0.6983189916442426,0.1257621679301745,5.552695243230557,2.812982492668605e-08,5.361928772110061e-07,ENSG00000106003,LFNG,LFNG O-fucosylpeptide 3-beta-N-acetylglucosaminyltransferase [Source:HGNC Symbol;Acc:HGNC:6560]
Q8NET6,20.646829503872954,-0.8370326160558226,0.2687903185755716,-3.114072785402377,0.001845239638506927,0.008736563973300079,ENSG00000180767,CHST13,carbohydrate sulfotransferase 13 [Source:HGNC Symbol;Acc:HGNC:21755]
Q8NEV8,755.9234364304378,0.5856890933665743,0.1527493406300071,3.834315035017032,0.0001259146795293377,0.000897228543567048,ENSG00000110723,EXPH5,exophilin 5 [Source:HGNC Symbol;Acc:HGNC:30578]
Q8NFF2,66.9579705285886,1.381860826840637,0.20707952117996453,6.673092631114001,2.5046818405866477e-11,9.426323090835823e-10,ENSG00000140090,SLC24A4,solute carrier family 24 member 4 [Source:HGNC Symbol;Acc:HGNC:10978]
Q8NFH8,710.4215811921472,0.7503765285401007,0.13297319342521324,5.643066164024461,1.6704811279518648e-08,3.327984715072306e-07,ENSG00000169891,REPS2,RALBP1 associated Eps domain containing 2 [Source:HGNC Symbol;Acc:HGNC:9963]
Q8NFJ5,8926.13035232771,0.9680503054759015,0.1571542144010754,6.159874930272803,7.280241906443698e-10,1.972462592195446e-08,ENSG00000013588,GPRC5A,G protein-coupled receptor class C group 5 member A [Source:HGNC Symbol;Acc:HGNC:9836]
Q8NFJ8,196.0144494071491,-2.3243367547235065,0.2477720649605081,-9.380947586217912,6.538244532902396e-21,1.3351337493391615e-18,ENSG00000180828,BHLHE22,basic helix-loop-helix family member e22 [Source:HGNC Symbol;Acc:HGNC:11963]
Q8NFM7,160.71207497500896,-1.1071642515984994,0.2181553431114374,-5.075118655392921,3.8725426970059017e-07,5.6860889906636585e-06,ENSG00000144730,IL17RD,interleukin 17 receptor D [Source:HGNC Symbol;Acc:HGNC:17616]
Q8NFP7,20.165541733418884,-0.8111147779910874,0.2767836621699937,-2.930500924917023,0.003384159862334666,0.014436027389541339,ENSG00000122824,NUDT10,nudix hydrolase 10 [Source:HGNC Symbol;Acc:HGNC:17621]
Q8NFT2,1269.239339322294,-1.6098864568092932,0.22625587065775835,-7.11533562479118,1.116408278893269e-12,5.3994009172614376e-11,ENSG00000157214,STEAP2,STEAP2 metalloreductase [Source:HGNC Symbol;Acc:HGNC:17885]
Q8NFT6,15.75250577077758,0.6584780774087703,0.19848488802407654,3.317522477222023,0.0009081960786650141,0.004842806764276313,ENSG00000161692,DBF4B,DBF4 zinc finger B [Source:HGNC Symbol;Acc:HGNC:17883]
Q8NFT8,161.32338341750204,-1.5474757037319133,0.4295644303622984,-3.6024297971476797,0.000315256555674487,0.001972947808979891,ENSG00000187957,DNER,delta/notch like EGF repeat containing [Source:HGNC Symbol;Acc:HGNC:24456]
Q8NFU4,79.09787560869282,-4.435179613085486,0.6776315086649602,-6.545120107864349,5.944758887356487e-11,2.067913446399999e-09,ENSG00000181617,FDCSP,follicular dendritic cell secreted protein [Source:HGNC Symbol;Acc:HGNC:19215]
Q8NFX7,733.9710399443048,2.0361533981313955,0.2748789386830421,7.407455106916165,1.2874604530823894e-13,7.432893411591365e-12,ENSG00000168952,STXBP6,syntaxin binding protein 6 [Source:HGNC Symbol;Acc:HGNC:19666]
Q8NFY4,523.705166337974,1.7540122792248767,0.20358295393023956,8.615712884419157,6.950774185213771e-18,9.070554667497308e-16,ENSG00000137872,SEMA6D,semaphorin 6D [Source:HGNC Symbol;Acc:HGNC:16770]
Q8NFZ4,580.239333317298,-0.8595380621753353,0.14177414962557264,-6.062727686573233,1.3383215152704912e-09,3.424053677236127e-08,ENSG00000169992,NLGN2,neuroligin 2 [Source:HGNC Symbol;Acc:HGNC:14290]
Q8NG06,91.36028733656417,0.9225547886331094,0.342822830106293,2.6910541177991827,0.007122663956138055,0.026571201461045777,ENSG00000162722,TRIM58,tripartite motif containing 58 [Source:HGNC Symbol;Acc:HGNC:24150]
Q8NG27,276.05662423300146,-0.5958676454587577,0.12986074410576748,-4.58851248359891,4.464156160349958e-06,4.9498491684443424e-05,ENSG00000181191,PJA1,praja ring finger ubiquitin ligase 1 [Source:HGNC Symbol;Acc:HGNC:16648]
Q8NGI2,16.78053881790136,0.8787302092386667,0.2325454364324214,3.7787463074728156,0.00015761990047783228,0.0010941609333138538,ENSG00000181074,OR52N4,olfactory receptor family 52 subfamily N member 4 [Source:HGNC Symbol;Acc:HGNC:15230]
Q8NGT9,32.34940716679595,1.2777792992724608,0.17973860602297886,7.1090976365372605,1.1680409786966266e-12,5.6121951512364716e-11,ENSG00000221970,OR2A1,olfactory receptor family 2 subfamily A member 1 [Source:HGNC Symbol;Acc:HGNC:8229]
Q8NGU9,16.537868677944804,-0.5212917713189941,0.20309121588298013,-2.5667864021226747,0.010264581964110802,0.03571711748761433,ENSG00000178015,GPR150,G protein-coupled receptor 150 [Source:HGNC Symbol;Acc:HGNC:23628]
Q8NHH9,196.70774430300432,0.8682673922312565,0.1412389929293289,6.147504837178409,7.871130057889358e-10,2.1169500280084378e-08,ENSG00000119787,ATL2,atlastin GTPase 2 [Source:HGNC Symbol;Acc:HGNC:24047]
Q8NHM5,119.73547629320673,0.7082605828871887,0.21267864700046724,3.330191313872863,0.0008678633219430105,0.004659166918727155,ENSG00000089094,KDM2B,lysine demethylase 2B [Source:HGNC Symbol;Acc:HGNC:13610]
Q8NHP8,1646.3954516314395,-1.0255624129193408,0.13948108532815146,-7.352698830142754,1.9424427570411925e-13,1.0763475518539311e-11,ENSG00000151176,PLBD2,phospholipase B domain containing 2 [Source:HGNC Symbol;Acc:HGNC:27283]
Q8NHQ8,1184.3683808533501,0.535017217148496,0.12597252289962713,4.247094563429433,2.1656057152123926e-05,0.00019662523031409676,ENSG00000123094,RASSF8,Ras association domain family member 8 [Source:HGNC Symbol;Acc:HGNC:13232]
Q8NHV1,1463.108883267156,0.5438479552578813,0.13582915830394005,4.003911693547657,6.230362921956322e-05,0.0004916079566398022,ENSG00000179144,GIMAP7,"GTPase, IMAP family member 7 [Source:HGNC Symbol;Acc:HGNC:22404]"
Q8NHY0,39.910093469075115,-1.9688641898966828,0.45066748724996236,-4.368773531702885,1.2494625203081572e-05,0.000122523994766012,ENSG00000167080,B4GALNT2,"beta-1,4-N-acetyl-galactosaminyltransferase 2 [Source:HGNC Symbol;Acc:HGNC:24136]"
Q8NHY3,316.27061077593197,-1.3272466766162276,0.42388550283849097,-3.1311443012995324,0.0017412657844941971,0.008339169513840396,ENSG00000270765,GAS2L2,growth arrest specific 2 like 2 [Source:HGNC Symbol;Acc:HGNC:24846]
Q8NHY6,303.3935752424239,0.5781406700404861,0.09607143733695098,6.017820551729392,1.7678100594845705e-09,4.385521153191532e-08,ENSG00000196867,ZFP28,ZFP28 zinc finger protein [Source:HGNC Symbol;Acc:HGNC:17801]
Q8NI17,16.987584725700895,-1.2823367069673932,0.2772596758485077,-4.625038614226942,3.7452862071607605e-06,4.2488961940701346e-05,ENSG00000164509,IL31RA,interleukin 31 receptor A [Source:HGNC Symbol;Acc:HGNC:18969]
Q8TAA9,683.5879632575676,-0.7510742009865958,0.15849725739664705,-4.7387204884372,2.150719251949845e-06,2.6278095502771125e-05,ENSG00000173218,VANGL1,VANGL planar cell polarity protein 1 [Source:HGNC Symbol;Acc:HGNC:15512]
Q8TAB3,32.11086434353606,-1.0883334240934366,0.258050363515141,-4.2175233131558025,2.4700028967539837e-05,0.00022000583152266702,ENSG00000165194,PCDH19,protocadherin 19 [Source:HGNC Symbol;Acc:HGNC:14270]
Q8TAB5,436.13386785315856,-0.5051063002247251,0.1315664282290433,-3.839173161601592,0.00012344934460989038,0.0008807996913705993,ENSG00000142686,C1orf216,chromosome 1 open reading frame 216 [Source:HGNC Symbol;Acc:HGNC:26800]
Q8TAC9,260.3426775885922,-2.0237449022241147,0.22660293253778893,-8.930797494805718,4.2294868053311757e-19,6.522874266068094e-17,ENSG00000198794,SCAMP5,secretory carrier membrane protein 5 [Source:HGNC Symbol;Acc:HGNC:30386]
Q8TAD2,80.35362540282293,0.5421486622004095,0.1599962088304767,3.3885094288380344,0.0007027361274261981,0.0038989037872345592,ENSG00000172458,IL17D,interleukin 17D [Source:HGNC Symbol;Acc:HGNC:5984]
Q8TAE6,886.2259886610913,-0.7750502283022587,0.1707017576571258,-4.540376378894918,5.615389559380232e-06,6.0351755040239585e-05,ENSG00000198729,PPP1R14C,protein phosphatase 1 regulatory inhibitor subunit 14C [Source:HGNC Symbol;Acc:HGNC:14952]
Q8TAE7,14.691940977387322,1.1872237648373785,0.2907145249139069,4.083813029943951,4.430268118596969e-05,0.0003653199200907669,ENSG00000171126,KCNG3,potassium voltage-gated channel modifier subfamily G member 3 [Source:HGNC Symbol;Acc:HGNC:18306]
Q8TAF7,24.84561016739617,0.8041806084279144,0.2534690579741312,3.1726973495517874,0.0015102987451543883,0.007419943979869654,ENSG00000197808,ZNF461,zinc finger protein 461 [Source:HGNC Symbol;Acc:HGNC:21629]
Q8TAL6,1158.508403449315,1.2693127081426332,0.26153943875975644,4.853236338511041,1.2146279408796942e-06,1.5720307868638954e-05,ENSG00000176971,FIBIN,fin bud initiation factor homolog [Source:HGNC Symbol;Acc:HGNC:33747]
Q8TAV0,455.88010291833433,0.7236848397753599,0.11394723021235241,6.351052486547489,2.138467235024732e-10,6.541159001558314e-09,ENSG00000009780,FAM76A,family with sequence similarity 76 member A [Source:HGNC Symbol;Acc:HGNC:28530]
Q8TB05,65.00753504392284,0.650927117650019,0.2117529685813154,3.073992879585327,0.002112144736247146,0.009775920021698198,ENSG00000153443,UBALD1,UBA like domain containing 1 [Source:HGNC Symbol;Acc:HGNC:29576]
Q8TB40,241.1565294524434,-0.6127063501810902,0.10396987471938186,-5.893114249053439,3.789841807628232e-09,8.798018023729792e-08,ENSG00000100439,ABHD4,"abhydrolase domain containing 4, N-acyl phospholipase B [Source:HGNC Symbol;Acc:HGNC:20154]"
Q8TB45,211.7373512832722,-0.7175128080919612,0.1576156415865958,-4.552294435179847,5.306400033699679e-06,5.7507295500350226e-05,ENSG00000155792,DEPTOR,DEP domain containing MTOR interacting protein [Source:HGNC Symbol;Acc:HGNC:22953]
Q8TB68,21.822116623230688,-1.008230869763394,0.24804525204047395,-4.064705377222375,4.809317427303825e-05,0.00039356098902322285,ENSG00000131188,PRR7,"proline rich 7, synaptic [Source:HGNC Symbol;Acc:HGNC:28130]"
Q8TBA6,639.0130493057917,-0.6356527872347296,0.16049883601722234,-3.9604822253447427,7.479856076717714e-05,0.0005757792178566578,ENSG00000066455,GOLGA5,golgin A5 [Source:HGNC Symbol;Acc:HGNC:4428]
Q8TBE1,25.824826769608983,-0.8372970071167671,0.18707328146603067,-4.475770139675483,7.613636371375029e-06,7.894270641011042e-05,ENSG00000143786,CNIH3,cornichon family AMPA receptor auxiliary protein 3 [Source:HGNC Symbol;Acc:HGNC:26802]
Q8TBE9,227.82644721424097,-0.5617195199471735,0.1097995623656509,-5.115863012974073,3.123096682080887e-07,4.682309600721406e-06,ENSG00000170191,NANP,N-acetylneuraminic acid phosphatase [Source:HGNC Symbol;Acc:HGNC:16140]
Q8TBF8,71.73335700908042,-1.5529175813787233,0.3333061643894361,-4.6591324952642905,3.1754477147262513e-06,3.67644401550424e-05,ENSG00000157470,FAM81A,family with sequence similarity 81 member A [Source:HGNC Symbol;Acc:HGNC:28379]
Q8TBK2,44.67262209088619,0.5180843026278459,0.12630900275310886,4.101721107247791,4.100883774860242e-05,0.00034185945141623693,ENSG00000103037,SETD6,"SET domain containing 6, protein lysine methyltransferase [Source:HGNC Symbol;Acc:HGNC:26116]"
Q8TBP0,1300.2622365157529,-1.0599866479573674,0.14021676434547325,-7.55962850023923,4.0422218196487314e-14,2.6066421055711437e-12,ENSG00000167291,TBC1D16,TBC1 domain family member 16 [Source:HGNC Symbol;Acc:HGNC:28356]
Q8TBY9,58.71386211640982,-1.074844500699095,0.355186934913709,-3.0261374928112805,0.0024769963944410037,0.011153058081462209,ENSG00000158023,CFAP251,cilia and flagella associated protein 251 [Source:HGNC Symbol;Acc:HGNC:28506]
Q8TC21,130.42675758789295,0.8808926018890672,0.18500902642001135,4.761349318650249,1.923028538183252e-06,2.3759367720500524e-05,ENSG00000172748,ZNF596,zinc finger protein 596 [Source:HGNC Symbol;Acc:HGNC:27268]
Q8TC71,1230.6081158291615,-1.2720499538408243,0.3384694015247501,-3.7582420984302987,0.00017111128199613488,0.0011723508057648912,ENSG00000163071,SPATA18,spermatogenesis associated 18 [Source:HGNC Symbol;Acc:HGNC:29579]
Q8TCJ0,519.8463067016199,0.6015398019433219,0.13770560861915268,4.368302845289173,1.252157816579668e-05,0.00012267920251820522,ENSG00000147364,FBXO25,F-box protein 25 [Source:HGNC Symbol;Acc:HGNC:13596]
Q8TCN5,249.2170470853401,0.5043499245991917,0.13420139366760273,3.75815713097878,0.00017116938399215333,0.0011723508057648912,ENSG00000168813,ZNF507,zinc finger protein 507 [Source:HGNC Symbol;Acc:HGNC:23783]
Q8TCT1,38.708282469255224,1.1096401712033601,0.22343858390351923,4.966197654038582,6.827836704477586e-07,9.413047040928107e-06,ENSG00000173868,PHOSPHO1,phosphoethanolamine/phosphocholine phosphatase 1 [Source:HGNC Symbol;Acc:HGNC:16815]
Q8TCX1,217.5810146263581,1.029470356410634,0.20859008381165317,4.935375342867191,7.999676244962349e-07,1.085691445577844e-05,ENSG00000138036,DYNC2LI1,dynein cytoplasmic 2 light intermediate chain 1 [Source:HGNC Symbol;Acc:HGNC:24595]
Q8TCY9,16.492517372609417,0.7005247007389019,0.20127023588456594,3.480518108701737,0.0005004449928449793,0.0029182479831314574,ENSG00000106608,URGCP,upregulator of cell proliferation [Source:HGNC Symbol;Acc:HGNC:30890]
Q8TD20,119.41481515156586,0.7714483351344358,0.24863904699199108,3.1026837677643004,0.0019177444199684997,0.009023668751437015,ENSG00000146411,SLC2A12,solute carrier family 2 member 12 [Source:HGNC Symbol;Acc:HGNC:18067]
Q8TD35,26.312853595694413,-2.006236143529306,0.47040817283530356,-4.264883689067446,2.0000636424644455e-05,0.0001840192055524025,ENSG00000171695,LKAAEAR1,LKAAEAR motif containing 1 [Source:HGNC Symbol;Acc:HGNC:33718]
Q8TDD1,233.42289362983786,-0.561285428843194,0.1352198668360501,-4.150909492639385,3.311567097515041e-05,0.00028318457064209664,ENSG00000123064,DDX54,DEAD-box helicase 54 [Source:HGNC Symbol;Acc:HGNC:20084]
Q8TDL5,1047.1447374290385,-3.631686938769397,0.706272007722072,-5.142051361319869,2.7175479667374114e-07,4.136149265591916e-06,ENSG00000125999,BPIFB1,BPI fold containing family B member 1 [Source:HGNC Symbol;Acc:HGNC:16108]
Q8TDN4,298.3900924403318,1.0803676947934753,0.15695368155330125,6.8833536372103765,5.845965930165289e-12,2.5034355849294235e-10,ENSG00000134508,CABLES1,Cdk5 and Abl enzyme substrate 1 [Source:HGNC Symbol;Acc:HGNC:25097]
Q8TDQ1,247.8104366561072,1.1933112336714429,0.27643945795262775,4.316718179486285,1.583661413393222e-05,0.00015009054065738772,ENSG00000186074,CD300LF,CD300 molecule like family member f [Source:HGNC Symbol;Acc:HGNC:29883]
Q8TDR0,488.79359425862816,-0.5470458120669713,0.18347447345891252,-2.981590854323816,0.0028675494649330366,0.01257275067587141,ENSG00000204104,TRAF3IP1,TRAF3 interacting protein 1 [Source:HGNC Symbol;Acc:HGNC:17861]
Q8TDS4,470.89371713235425,0.8094716276197509,0.23270293001392794,3.478562249178821,0.0005041113388193819,0.0029341967448726965,ENSG00000182782,HCAR2,hydroxycarboxylic acid receptor 2 [Source:HGNC Symbol;Acc:HGNC:24827]
Q8TDU6,53.278195824534464,0.8856125760871746,0.1656564999151992,5.346078038232887,8.988046857369479e-08,1.527137021513301e-06,ENSG00000179921,GPBAR1,G protein-coupled bile acid receptor 1 [Source:HGNC Symbol;Acc:HGNC:19680]
Q8TE56,46.164298318097906,0.9429997830934308,0.2650354385446271,3.5580139330486062,0.0003736694970827279,0.0022776414112989276,ENSG00000140470,ADAMTS17,ADAM metallopeptidase with thrombospondin type 1 motif 17 [Source:HGNC Symbol;Acc:HGNC:17109]
Q8TE57,84.83117688973763,-3.3010468152405994,0.4421405982149595,-7.466056789554755,8.263369483902891e-14,5.006603038406439e-12,ENSG00000145536,ADAMTS16,ADAM metallopeptidase with thrombospondin type 1 motif 16 [Source:HGNC Symbol;Acc:HGNC:17108]
Q8TE58,681.0296675193455,-0.9752933653840018,0.2510620614129192,-3.884670427285096,0.00010246879316261279,0.0007542595584214415,ENSG00000166106,ADAMTS15,ADAM metallopeptidase with thrombospondin type 1 motif 15 [Source:HGNC Symbol;Acc:HGNC:16305]
Q8TE60,16.54578712241884,-3.232202430400555,0.4577258759834313,-7.061436986615881,1.6478947041810876e-12,7.78215627537681e-11,ENSG00000140873,ADAMTS18,ADAM metallopeptidase with thrombospondin type 1 motif 18 [Source:HGNC Symbol;Acc:HGNC:17110]
Q8TE85,10.648773147305759,-1.7987827853964704,0.30883602274885513,-5.824394348127055,5.732008528045178e-09,1.2846922365600444e-07,ENSG00000158055,GRHL3,grainyhead like transcription factor 3 [Source:HGNC Symbol;Acc:HGNC:25839]
Q8TEA1,131.05163144269585,0.5408120517102505,0.13334268849382258,4.055805817469361,4.996175482853787e-05,0.00040628928502528544,ENSG00000241058,NSUN6,NOP2/Sun RNA methyltransferase 6 [Source:HGNC Symbol;Acc:HGNC:23529]
Q8TEB7,667.6666507518861,1.2829606138009684,0.15017024266668094,8.543374446351784,1.3035813604219157e-17,1.5709936241937118e-15,ENSG00000133135,RNF128,ring finger protein 128 [Source:HGNC Symbol;Acc:HGNC:21153]
Q8TED1,33.15700617825216,-0.6967151100396517,0.2516125331987301,-2.7690000223055975,0.005622863137407726,0.021916969985312746,ENSG00000164294,GPX8,glutathione peroxidase 8 (putative) [Source:HGNC Symbol;Acc:HGNC:33100]
Q8TED9,103.6608066248725,1.1526068708845352,0.17558396681518382,6.564419814582195,5.223584378397252e-11,1.8314933208453577e-09,ENSG00000157510,AFAP1L1,actin filament associated protein 1 like 1 [Source:HGNC Symbol;Acc:HGNC:26714]
Q8TEJ3,729.4568824501895,-1.0206537650006882,0.14151322767350763,-7.212426582167218,5.496346694617237e-13,2.8387922717350948e-11,ENSG00000172985,SH3RF3,SH3 domain containing ring finger 3 [Source:HGNC Symbol;Acc:HGNC:24699]
Q8TEK3,376.78536881148096,0.9357522366685298,0.194814559420441,4.803297245607945,1.560739231911362e-06,1.9713942165276734e-05,ENSG00000104885,DOT1L,DOT1 like histone lysine methyltransferase [Source:HGNC Symbol;Acc:HGNC:24948]
Q8TER0,615.5895186060781,-0.7106560149062258,0.1038352732013037,-6.8440713160015365,7.697357044258364e-12,3.227329130305589e-10,ENSG00000162804,SNED1,"sushi, nidogen and EGF like domains 1 [Source:HGNC Symbol;Acc:HGNC:24696]"
Q8TF17,18.617792085438555,0.6971170597933471,0.2389325094981125,2.917631682928665,0.0035270068833289183,0.014921275619592549,ENSG00000169247,SH3TC2,SH3 domain and tetratricopeptide repeats 2 [Source:HGNC Symbol;Acc:HGNC:29427]
Q8TF21,20.43661128057995,0.6152332342513556,0.25261056789322683,2.435500776481377,0.014871192682758388,0.04833127918277134,ENSG00000089847,ANKRD24,ankyrin repeat domain 24 [Source:HGNC Symbol;Acc:HGNC:29424]
Q8TF44,36.62033531002442,0.6809458118299965,0.22444207742945943,3.0339489797496326,0.0024137524707758323,0.010917329161298237,ENSG00000183186,C2CD4C,C2 calcium dependent domain containing 4C [Source:HGNC Symbol;Acc:HGNC:29417]
Q8TF64,13.888962053328004,1.7805593021341655,0.3094396170273428,5.75414137090543,8.708326052233887e-09,1.8627878055864805e-07,ENSG00000179855,GIPC3,GIPC PDZ domain containing family member 3 [Source:HGNC Symbol;Acc:HGNC:18183]
Q8TF66,242.13031610566506,-2.0598492482782427,0.36816228354870173,-5.59494913064814,2.2068646529391814e-08,4.31091169671574e-07,ENSG00000172061,LRRC15,leucine rich repeat containing 15 [Source:HGNC Symbol;Acc:HGNC:20818]
Q8WTR4,48.278525198647614,1.2605709131063878,0.16740412665331017,7.530106564917598,5.0698928984887815e-14,3.2117183779175535e-12,ENSG00000158555,GDPD5,glycerophosphodiester phosphodiesterase domain containing 5 [Source:HGNC Symbol;Acc:HGNC:28804]
Q8WTS1,212.8053320763837,0.504348899653015,0.128346983089541,3.929573469608997,8.509667383969945e-05,0.0006435946655901,ENSG00000011198,ABHD5,"abhydrolase domain containing 5, lysophosphatidic acid acyltransferase [Source:HGNC Symbol;Acc:HGNC:21396]"
Q8WTS6,2701.6577986643483,-0.5325775360441177,0.11843307514412992,-4.496864878295062,6.8962783352847846e-06,7.249309933573434e-05,ENSG00000145391,SETD7,"SET domain containing 7, histone lysine methyltransferase [Source:HGNC Symbol;Acc:HGNC:30412]"
Q8WU76,275.04517294322676,-0.5868385502219446,0.12195123149319209,-4.812075639061544,1.4937079665894385e-06,1.895410557834492e-05,ENSG00000184178,SCFD2,sec1 family domain containing 2 [Source:HGNC Symbol;Acc:HGNC:30676]
Q8WU79,124.69884070941124,-1.1886537229711793,0.29629847555559163,-4.01167680914431,6.0288998866028386e-05,0.00047810628586529666,ENSG00000084070,SMAP2,small ArfGAP2 [Source:HGNC Symbol;Acc:HGNC:25082]
Q8WUA7,13.351726986425348,0.5740964228254962,0.23042287666481973,2.4914905635024893,0.01272083461748495,0.04261663172626661,ENSG00000054611,TBC1D22A,TBC1 domain family member 22A [Source:HGNC Symbol;Acc:HGNC:1309]
Q8WUA8,531.9066431945693,-0.9347261766080113,0.20111082726171792,-4.647816277895344,3.3546749262546263e-06,3.8654127912026924e-05,ENSG00000182704,TSKU,"tsukushi, small leucine rich proteoglycan [Source:HGNC Symbol;Acc:HGNC:28850]"
Q8WUH6,1536.5349705993258,-0.5389366042655578,0.08747412482095684,-6.161097414448674,7.224253091561595e-10,1.9597008324883076e-08,ENSG00000151135,TMEM263,transmembrane protein 263 [Source:HGNC Symbol;Acc:HGNC:28281]
Q8WUJ3,841.1407110446735,-1.9893808416895604,0.2963941453699004,-6.711943784202652,1.9204868835769382e-11,7.390004423281986e-10,ENSG00000103888,CEMIP,cell migration inducing hyaluronidase 1 [Source:HGNC Symbol;Acc:HGNC:29213]
Q8WUM9,169.23986394431486,-0.7834078866472916,0.23040070279718103,-3.4001974696097874,0.0006733720430117843,0.0037634432429249597,ENSG00000144136,SLC20A1,solute carrier family 20 member 1 [Source:HGNC Symbol;Acc:HGNC:10946]
Q8WUP2,942.743036947164,-1.59353704845941,0.17735734437027748,-8.984894615542427,2.589823705943947e-19,4.169049051889621e-17,ENSG00000162458,FBLIM1,filamin binding LIM protein 1 [Source:HGNC Symbol;Acc:HGNC:24686]
Q8WUX2,79.23969332624678,-0.8337472285440002,0.14710971923259028,-5.667519677784105,1.4487942117260227e-08,2.923303526569598e-07,ENSG00000143942,CHAC2,ChaC glutathione specific gamma-glutamylcyclotransferase 2 [Source:HGNC Symbol;Acc:HGNC:32363]
Q8WUX9,11.620077857987232,-1.2868964064686736,0.30717752617711447,-4.189422391944997,2.7966540647560703e-05,0.0002444605974797082,ENSG00000147457,CHMP7,charged multivesicular body protein 7 [Source:HGNC Symbol;Acc:HGNC:28439]
Q8WUY8,44.833794430819104,-0.6500730070076997,0.19733533603097786,-3.2942554541050404,0.0009868277046781973,0.005191674188686299,ENSG00000090971,NAT14,N-acetyltransferase 14 (putative) [Source:HGNC Symbol;Acc:HGNC:28918]
Q8WUY9,14.15218031156818,-0.5662269510485972,0.21777662600985326,-2.600035464884916,0.009321412654973585,0.03303992843021335,ENSG00000035499,DEPDC1B,DEP domain containing 1B [Source:HGNC Symbol;Acc:HGNC:24902]
Q8WUZ0,85.25923783616433,0.5959605775725554,0.1526310175506411,3.9045836628509862,9.438773595979605e-05,0.0007032524083977508,ENSG00000099385,BCL7C,BAF chromatin remodeling complex subunit BCL7C [Source:HGNC Symbol;Acc:HGNC:1006]
Q8WV15,192.18366334919423,0.673511144537901,0.16726476844549376,4.026616906819661,5.6585111760303195e-05,0.0004528040837306701,ENSG00000184497,TMEM255B,transmembrane protein 255B [Source:HGNC Symbol;Acc:HGNC:28297]
Q8WVC0,400.06450409324617,-0.6590546320496123,0.09237995402222242,-7.1341736313386095,9.737035536526333e-13,4.772012927167817e-11,ENSG00000166477,LEO1,"LEO1 homolog, Paf1/RNA polymerase II complex component [Source:HGNC Symbol;Acc:HGNC:30401]"
Q8WVD5,15.66528529028298,0.668812114915736,0.2172706364759116,3.078244376523866,0.0020822408473751075,0.009667734662739078,ENSG00000110315,RNF141,ring finger protein 141 [Source:HGNC Symbol;Acc:HGNC:21159]
Q8WVN6,198.26859034424416,0.646474568239605,0.1945019589472714,3.3237432246883505,0.0008881793391600738,0.004755500642349178,ENSG00000141574,SECTM1,secreted and transmembrane 1 [Source:HGNC Symbol;Acc:HGNC:10707]
Q8WVP5,799.947196593507,-1.0249753508224118,0.24056277102854223,-4.260739708143787,2.0375141967917017e-05,0.0001866085469104825,ENSG00000185361,TNFAIP8L1,TNF alpha induced protein 8 like 1 [Source:HGNC Symbol;Acc:HGNC:28279]
Q8WVQ1,361.02864497564445,-0.5575468627503385,0.13299905838680617,-4.192111354118041,2.7637027579650484e-05,0.00024225238721844666,ENSG00000171302,CANT1,calcium activated nucleotidase 1 [Source:HGNC Symbol;Acc:HGNC:19721]
Q8WVV4,187.95083854505972,-0.8758257235652781,0.22713135367909787,-3.856031804409914,0.00011524250087964616,0.0008316616866491218,ENSG00000124429,POF1B,POF1B actin binding protein [Source:HGNC Symbol;Acc:HGNC:13711]
Q8WW27,156.66344718418375,-1.443233561685626,0.46033795811115447,-3.1351608883339988,0.001717598828643034,0.008256304395573993,ENSG00000173627,APOBEC4,apolipoprotein B mRNA editing enzyme catalytic polypeptide like 4 [Source:HGNC Symbol;Acc:HGNC:32152]
Q8WWA1,30.17893328228891,-1.5488440326458266,0.3464481479228679,-4.470637357803559,7.798683764452784e-06,8.070960663596514e-05,ENSG00000088726,TMEM40,transmembrane protein 40 [Source:HGNC Symbol;Acc:HGNC:25620]
Q8WWB5,32.56519587490101,-1.2406160621520188,0.3295104234663978,-3.7650282777125317,0.00016653023487935635,0.0011462727216071552,ENSG00000150773,PIH1D2,PIH1 domain containing 2 [Source:HGNC Symbol;Acc:HGNC:25210]
Q8WWF8,61.89920648990521,-1.3924948141112394,0.510478823109656,-2.727820922381569,0.006375420842860985,0.02424198814973382,ENSG00000152611,CAPSL,calcyphosine like [Source:HGNC Symbol;Acc:HGNC:28375]
Q8WWG9,282.2706670769686,-1.3819723426441102,0.2940040925183627,-4.700520767607329,2.594988623479785e-06,3.09350697849855e-05,ENSG00000152049,KCNE4,potassium voltage-gated channel subfamily E regulatory subunit 4 [Source:HGNC Symbol;Acc:HGNC:6244]
Q8WWP7,673.3206659958141,0.8791738527968916,0.1312828031148585,6.6967937303083644,2.1304199618594297e-11,8.086795497219942e-10,ENSG00000213203,GIMAP1,"GTPase, IMAP family member 1 [Source:HGNC Symbol;Acc:HGNC:23237]"
Q8WWQ0,141.65960137008562,0.5628495477999436,0.16889388018818102,3.332563306455026,0.0008604989096004024,0.004625809656835788,ENSG00000146247,PHIP,pleckstrin homology domain interacting protein [Source:HGNC Symbol;Acc:HGNC:15673]
Q8WWQ8,48.82243818731061,-0.7982817504705642,0.27848715730030893,-2.8664939461094443,0.00415046097438941,0.017001163879863307,ENSG00000136011,STAB2,stabilin 2 [Source:HGNC Symbol;Acc:HGNC:18629]
Q8WWY7,13.710063817229358,1.7769392296596158,0.4335352520242847,4.098719126905232,4.1544280953011785e-05,0.0003450309201535925,ENSG00000168703,WFDC12,WAP four-disulfide core domain 12 [Source:HGNC Symbol;Acc:HGNC:16115]
Q8WWY8,455.0875933453118,0.7280192029265145,0.13504937464723293,5.390763228842771,7.015906402996527e-08,1.2192970828344004e-06,ENSG00000163898,LIPH,lipase H [Source:HGNC Symbol;Acc:HGNC:18483]
Q8WWZ4,15.4409570965872,2.2539364973992893,0.3906027467783563,5.770406163268133,7.908069204435067e-09,1.708173929819892e-07,ENSG00000154263,ABCA10,ATP binding cassette subfamily A member 10 [Source:HGNC Symbol;Acc:HGNC:30]
Q8WWZ7,61.32436871440406,0.6069857315828189,0.2138113165721459,2.838884963219451,0.004527147458253994,0.018286027480647178,ENSG00000154265,ABCA5,ATP binding cassette subfamily A member 5 [Source:HGNC Symbol;Acc:HGNC:35]
Q8WWZ8,15.968177253757299,0.7482784314160829,0.28074862112001847,2.665296906645173,0.0076920377446873895,0.028249825215876052,ENSG00000138315,OIT3,oncoprotein induced transcript 3 [Source:HGNC Symbol;Acc:HGNC:29953]
Q8WX35,18.23540618811948,0.72800119671007,0.2919081169522147,2.4939395461526126,0.012633405904689851,0.04239457301004716,ENSG00000185972,CCIN,calicin [Source:HGNC Symbol;Acc:HGNC:1568]
Q8WX77,83.50830945704675,-1.0439436982742751,0.22714524876293443,-4.595930154646607,4.3082300770090584e-06,4.801096822554713e-05,ENSG00000137142,IGFBPL1,insulin like growth factor binding protein like 1 [Source:HGNC Symbol;Acc:HGNC:20081]
Q8WXA9,353.0186477710406,0.6513867922090092,0.1454708183505779,4.477783239241821,7.54221242017495e-06,7.83494831439182e-05,ENSG00000153914,SREK1,splicing regulatory glutamic acid and lysine rich protein 1 [Source:HGNC Symbol;Acc:HGNC:17882]
Q8WXD2,13.444324521987024,-0.7537311048129555,0.2871020585399038,-2.6253072118192278,0.008657081839701892,0.031125412926766467,ENSG00000104112,SCG3,secretogranin III [Source:HGNC Symbol;Acc:HGNC:13707]
Q8WXE0,918.249771167552,1.0346672340284848,0.19757031993278498,5.236956818111581,1.6324586723636923e-07,2.618736602130083e-06,ENSG00000177303,CASKIN2,CASK interacting protein 2 [Source:HGNC Symbol;Acc:HGNC:18200]
Q8WXF0,29.430991750497924,-0.7142700600744193,0.21904032972977885,-3.260906614574518,0.0011105660947033822,0.005726543056485478,ENSG00000154548,SRSF12,serine and arginine rich splicing factor 12 [Source:HGNC Symbol;Acc:HGNC:21220]
Q8WXG1,33.250229235115846,1.5024854938117462,0.3017054532484461,4.97997459984421,6.359261898905487e-07,8.86518090508607e-06,ENSG00000134321,RSAD2,radical S-adenosyl methionine domain containing 2 [Source:HGNC Symbol;Acc:HGNC:30908]
Q8WXH6,91.02531435571002,2.274018539534885,0.1991985222353926,11.415840408934764,3.485188017711486e-30,4.270129807922728e-27,ENSG00000172476,RAB40A,"RAB40A, member RAS oncogene family [Source:HGNC Symbol;Acc:HGNC:18283]"
Q8WXI7,756.604241138057,-2.4364092286263226,0.6774885536403266,-3.5962367416170298,0.0003228539977995835,0.0020103430655691213,ENSG00000181143,MUC16,"mucin 16, cell surface associated [Source:HGNC Symbol;Acc:HGNC:15582]"
Q8WXS3,85.44968433513503,0.997959562613812,0.21318259224484243,4.68124321083236,2.851404092891541e-06,3.350285874514121e-05,ENSG00000164929,BAALC,BAALC binder of MAP3K1 and KLF4 [Source:HGNC Symbol;Acc:HGNC:14333]
Q8WXS4,272.9601582343373,0.6402503739421255,0.14694092264285089,4.357195820107202,1.3173939653680881e-05,0.00012816408947073063,ENSG00000171227,TMEM37,transmembrane protein 37 [Source:HGNC Symbol;Acc:HGNC:18216]
Q8WXS8,269.028336702404,-2.9044320719342336,0.29762668500814105,-9.7586413390815,1.6940950567726756e-22,4.3954791037723044e-20,ENSG00000138316,ADAMTS14,ADAM metallopeptidase with thrombospondin type 1 motif 14 [Source:HGNC Symbol;Acc:HGNC:14899]
Q8WXX0,501.7331622982093,-1.4793689358405089,0.3887910514331658,-3.8050488312095743,0.0001417762180431654,0.0009964094049470904,ENSG00000118997,DNAH7,dynein axonemal heavy chain 7 [Source:HGNC Symbol;Acc:HGNC:18661]
Q8WXX7,13.08253594190033,0.9345230075968871,0.2364585458904541,3.952164232752368,7.744755589635722e-05,0.0005931223916984826,ENSG00000158321,AUTS2,activator of transcription and developmental regulator AUTS2 [Source:HGNC Symbol;Acc:HGNC:14262]
Q8WY64,12.65297665498045,0.5788885465627946,0.2246498912081995,2.5768476603725405,0.009970588241180918,0.03490893047642546,ENSG00000007944,MYLIP,myosin regulatory light chain interacting protein [Source:HGNC Symbol;Acc:HGNC:21155]
Q8WYA1,337.502314198764,-1.985158626491554,0.2010281755302975,-9.875026827731245,5.341866447550982e-23,1.570793635123858e-20,ENSG00000029153,BMAL2,basic helix-loop-helix ARNT like 2 [Source:HGNC Symbol;Acc:HGNC:18984]
Q8WYH8,289.8387516301124,0.5842538983491927,0.13431611400858565,4.349842181347254,1.3623554388637898e-05,0.0001318937087300352,ENSG00000168395,ING5,inhibitor of growth family member 5 [Source:HGNC Symbol;Acc:HGNC:19421]
Q8WYK2,1028.296272879008,0.7001170546392966,0.1770222079311779,3.9549673615611307,7.654510077300552e-05,0.0005875828932989432,ENSG00000140044,JDP2,Jun dimerization protein 2 [Source:HGNC Symbol;Acc:HGNC:17546]
Q8WYN3,105.32831901453555,-0.5902346156064496,0.21090925786317227,-2.798523979394804,0.005133675743908936,0.02031182003160525,ENSG00000178662,CSRNP3,cysteine and serine rich nuclear protein 3 [Source:HGNC Symbol;Acc:HGNC:30729]
Q8WZ42,20.225854631598214,0.7700132582886617,0.3049443711590927,2.525094184758497,0.011566728515778743,0.03929943470759273,ENSG00000155657,TTN,titin [Source:HGNC Symbol;Acc:HGNC:12403]
Q8WZ59,14.307582159244268,-1.4164443403344513,0.4377862971024138,-3.2354697936173515,0.0012144273424768645,0.006175462442007095,ENSG00000160472,TMEM190,transmembrane protein 190 [Source:HGNC Symbol;Acc:HGNC:29632]
Q8WZ60,23.348204879072178,-1.0265838668458653,0.2225927911695813,-4.611936718398788,3.9893445704319755e-06,4.494165323488281e-05,ENSG00000172578,KLHL6,kelch like family member 6 [Source:HGNC Symbol;Acc:HGNC:18653]
Q8WZ64,1311.7496368587254,0.9386638153952446,0.10791597278269728,8.698099004170265,3.3749003815736843e-18,4.538417866782075e-16,ENSG00000047365,ARAP2,"ArfGAP with RhoGAP domain, ankyrin repeat and PH domain 2 [Source:HGNC Symbol;Acc:HGNC:16924]"
Q8WZ71,88.96413960972511,-2.2339225823826303,0.28692860780170354,-7.785639081086313,6.936169430932019e-15,5.048524113193886e-13,ENSG00000249992,TMEM158,transmembrane protein 158 [Source:HGNC Symbol;Acc:HGNC:30293]
Q8WZA2,16.61839513956815,2.1006623126541513,0.35692090493071593,5.885512122249953,3.968232981600364e-09,9.17352307926776e-08,ENSG00000091428,RAPGEF4,Rap guanine nucleotide exchange factor 4 [Source:HGNC Symbol;Acc:HGNC:16626]
Q92187,955.2548696434314,-0.6056293395297391,0.14326785125953473,-4.2272522007231075,2.3656246954237372e-05,0.0002120792155807931,ENSG00000113532,ST8SIA4,"ST8 alpha-N-acetyl-neuraminide alpha-2,8-sialyltransferase 4 [Source:HGNC Symbol;Acc:HGNC:10871]"
Q92478,110.47148845167423,0.9976775394603735,0.23115068379044879,4.316134925929204,1.587849449859962e-05,0.00015042281686946561,ENSG00000110852,CLEC2B,C-type lectin domain family 2 member B [Source:HGNC Symbol;Acc:HGNC:2053]
Q92484,651.4137109318388,-0.9395509576969138,0.15842586635260777,-5.930540127871286,3.0193977842293457e-09,7.183365559157928e-08,ENSG00000172594,SMPDL3A,sphingomyelin phosphodiesterase acid like 3A [Source:HGNC Symbol;Acc:HGNC:17389]
Q92485,16.484776310159003,-1.5683346409393617,0.2762553317267869,-5.677119898957915,1.3698146305774955e-08,2.779198883418223e-07,ENSG00000130768,SMPDL3B,sphingomyelin phosphodiesterase acid like 3B [Source:HGNC Symbol;Acc:HGNC:21416]
Q92545,532.501731461731,-0.6785039138130232,0.19186056408283916,-3.536442817504004,0.00040555428672902683,0.0024464152733922203,ENSG00000075568,TMEM131,transmembrane protein 131 [Source:HGNC Symbol;Acc:HGNC:30366]
Q92558,153.89989946330886,-1.098199404291777,0.11601808612643133,-9.465760390970495,2.914328556675844e-21,6.121200189421816e-19,ENSG00000112290,WASF1,WASP family member 1 [Source:HGNC Symbol;Acc:HGNC:12732]
Q92561,79.38674166070803,-0.8322536939148303,0.28976511123172305,-2.8721666676057596,0.00407667900356944,0.016748710645439722,ENSG00000168490,PHYHIP,phytanoyl-CoA 2-hydroxylase interacting protein [Source:HGNC Symbol;Acc:HGNC:16865]
Q92563,5849.110308570017,1.5401696116565662,0.24160999601082905,6.374610475915637,1.834285528943652e-10,5.689638966993432e-09,ENSG00000107742,SPOCK2,"SPARC (osteonectin), cwcv and kazal like domains proteoglycan 2 [Source:HGNC Symbol;Acc:HGNC:13564]"
Q92569,1377.2950828465534,-0.5297879407009702,0.17218375482677012,-3.076875290784412,0.002091827967046517,0.009706116975645674,ENSG00000117461,PIK3R3,phosphoinositide-3-kinase regulatory subunit 3 [Source:HGNC Symbol;Acc:HGNC:8981]
Q92614,42.60894994733098,0.7411236053453125,0.18276412362917324,4.0550825327680045,5.011660429435622e-05,0.0004072481912703508,ENSG00000196535,MYO18A,myosin XVIIIA [Source:HGNC Symbol;Acc:HGNC:31104]
Q92619,18.28241306344776,1.6890887155343555,0.21581655881899828,7.826501936540309,5.0163158766903e-15,3.8148217360182026e-13,ENSG00000180448,ARHGAP45,Rho GTPase activating protein 45 [Source:HGNC Symbol;Acc:HGNC:17102]
Q92623,607.4826224766375,-0.7865558533208031,0.126744848476516,-6.205821086815537,5.441205367416837e-10,1.5083263606740776e-08,ENSG00000133985,TTC9,tetratricopeptide repeat domain 9 [Source:HGNC Symbol;Acc:HGNC:20267]
Q92626,1197.820695055063,-0.6412949285004154,0.18725160786367515,-3.424776619100102,0.0006153051048117746,0.003491108510810105,ENSG00000130508,PXDN,peroxidasin [Source:HGNC Symbol;Acc:HGNC:14966]
Q92629,829.523028532981,-0.6029046589787513,0.24054009940599275,-2.5064621677117787,0.012194610697044155,0.04114505645597814,ENSG00000170624,SGCD,sarcoglycan delta [Source:HGNC Symbol;Acc:HGNC:10807]
Q92633,939.5525938511594,-0.9801674355490957,0.16243710607176892,-6.034135052344705,1.5981636795452701e-09,4.0052161123512943e-08,ENSG00000198121,LPAR1,lysophosphatidic acid receptor 1 [Source:HGNC Symbol;Acc:HGNC:3166]
Q92686,676.1349904439483,0.9842328016537153,0.22940942835865136,4.290289238308886,1.7844056259521744e-05,0.00016639865401585309,ENSG00000154146,NRGN,neurogranin [Source:HGNC Symbol;Acc:HGNC:8000]
Q92731,113.45045266066482,-1.5134359738210723,0.2550486930554727,-5.93390993574667,2.958041384528729e-09,7.060242932294003e-08,ENSG00000140009,ESR2,estrogen receptor 2 [Source:HGNC Symbol;Acc:HGNC:3468]
Q92737,20.956453333738168,1.0875006530921283,0.31381515713110314,3.4654178690221813,0.0005294082000037332,0.0030612397595391537,ENSG00000100276,RASL10A,RAS like family 10 member A [Source:HGNC Symbol;Acc:HGNC:16954]
Q92743,27.51783404719484,-1.521926270471173,0.2811642582350612,-5.412943593985548,6.199702447690567e-08,1.0938259022509421e-06,ENSG00000166033,HTRA1,HtrA serine peptidase 1 [Source:HGNC Symbol;Acc:HGNC:9476]
Q92750,94.58454977572286,-0.6572006883525554,0.1425696961651233,-4.60968007949873,4.03289079258047e-06,4.528583174112509e-05,ENSG00000141384,TAF4B,TATA-box binding protein associated factor 4b [Source:HGNC Symbol;Acc:HGNC:11538]
Q92752,229.6383714780297,1.3637435213471552,0.4377282962005311,3.1155023177263366,0.0018363190558370024,0.00869993135497943,ENSG00000116147,TNR,tenascin R [Source:HGNC Symbol;Acc:HGNC:11953]
Q92753,155.68603955293602,-0.80509448945807,0.21868027940507503,-3.6816053630823458,0.00023176997029304,0.0015163022618934158,ENSG00000198963,RORB,RAR related orphan receptor B [Source:HGNC Symbol;Acc:HGNC:10259]
Q92765,663.3167934483535,-0.7423225252824194,0.17453878125306205,-4.2530520721703295,2.108765156117976e-05,0.00019225591878059464,ENSG00000162998,FRZB,frizzled related protein [Source:HGNC Symbol;Acc:HGNC:3959]
Q92784,16.088806283941928,-1.117707506260031,0.22969782780738782,-4.8659907537187514,1.1388484197667486e-06,1.4835300088325973e-05,ENSG00000205683,DPF3,double PHD fingers 3 [Source:HGNC Symbol;Acc:HGNC:17427]
Q92802,518.1994275820036,1.0824225740515132,0.1252389175801389,8.642861140658484,5.482253368571331e-18,7.239857232962404e-16,ENSG00000244754,N4BP2L2,NEDD4 binding protein 2 like 2 [Source:HGNC Symbol;Acc:HGNC:26916]
Q92813,393.21563433868806,-3.269170141271833,0.3426536307545976,-9.540742743838468,1.4181296445516747e-21,3.1275431180942633e-19,ENSG00000211448,DIO2,iodothyronine deiodinase 2 [Source:HGNC Symbol;Acc:HGNC:2884]
Q92817,24.286209912406047,1.501225769552111,0.27304146758424175,5.498160344779631,3.837738905451955e-08,7.10046089100985e-07,ENSG00000167880,EVPL,envoplakin [Source:HGNC Symbol;Acc:HGNC:3503]
Q92834,77.36865757256085,0.9562797658499234,0.18831771005788492,5.078012925900507,3.814027533451395e-07,5.615124380690058e-06,ENSG00000156313,RPGR,retinitis pigmentosa GTPase regulator [Source:HGNC Symbol;Acc:HGNC:10295]
Q92835,59.10237892028184,-0.5710918747599668,0.17226741836521112,-3.315147345792564,0.0009159483077698421,0.004876949294919386,ENSG00000168918,INPP5D,inositol polyphosphate-5-phosphatase D [Source:HGNC Symbol;Acc:HGNC:6079]
Q92903,1425.3872509006596,-0.684747641479513,0.21607766104383067,-3.1689885857317477,0.0015297040247227393,0.007500242899340883,ENSG00000163624,CDS1,CDP-diacylglycerol synthase 1 [Source:HGNC Symbol;Acc:HGNC:1800]
Q92908,883.511920299333,0.6850384479504265,0.13048718913719407,5.249852130925879,1.5222135236992478e-07,2.459406377411224e-06,ENSG00000141448,GATA6,GATA binding protein 6 [Source:HGNC Symbol;Acc:HGNC:4174]
Q92911,67.82056716433328,-2.851180863728019,0.47006336900906287,-6.065524462666752,1.3152374866283402e-09,3.3728194802443503e-08,ENSG00000105641,SLC5A5,solute carrier family 5 member 5 [Source:HGNC Symbol;Acc:HGNC:11040]
Q92915,43.622424715846236,-0.8199026049822287,0.19751877374614688,-4.151011012431536,3.3100983689463244e-05,0.00028316877202770455,ENSG00000102466,FGF14,fibroblast growth factor 14 [Source:HGNC Symbol;Acc:HGNC:3671]
Q92934,21.687565889212628,0.5290153124766209,0.18880789048891536,2.801870785732224,0.005080721882893788,0.020148580565668827,ENSG00000002330,BAD,BCL2 associated agonist of cell death [Source:HGNC Symbol;Acc:HGNC:936]
Q92935,15.735717938616949,-1.1195561846793132,0.21397461963706335,-5.2321914934503315,1.6751208027791407e-07,2.680290398266276e-06,ENSG00000158008,EXTL1,exostosin like glycosyltransferase 1 [Source:HGNC Symbol;Acc:HGNC:3515]
Q92949,1745.3507597411242,-1.7464212708345945,0.40243075184650157,-4.339681455309679,1.4268940251991652e-05,0.00013690187385640928,ENSG00000129654,FOXJ1,forkhead box J1 [Source:HGNC Symbol;Acc:HGNC:3816]
Q92954,479.7047864658198,-1.4469707035652104,0.357270885815141,-4.050066101142934,5.1203167453761426e-05,0.000414778364873432,ENSG00000116690,PRG4,proteoglycan 4 [Source:HGNC Symbol;Acc:HGNC:9364]
Q93015,88.51164802586666,0.5759391166696699,0.1462650263350835,3.937640672557167,8.228669289788817e-05,0.00062512942651396,ENSG00000243477,NAA80,"N-alpha-acetyltransferase 80, NatH catalytic subunit [Source:HGNC Symbol;Acc:HGNC:30252]"
Q93033,192.91463964552872,1.1982166911994838,0.29567417859847733,4.052490132480085,5.067536198525326e-05,0.000411031420824853,ENSG00000134256,CD101,CD101 molecule [Source:HGNC Symbol;Acc:HGNC:5949]
Q93073,3674.609704382728,0.5862797634985347,0.10508041111248628,5.579344021322253,2.4142732844309727e-08,4.678768278984242e-07,ENSG00000138593,SECISBP2L,SECIS binding protein 2 like [Source:HGNC Symbol;Acc:HGNC:28997]
Q93084,1140.4633831583378,-0.5192158654531633,0.1592740025669156,-3.2598908615674786,0.0011145509244629643,0.005743062170118274,ENSG00000074370,ATP2A3,ATPase sarcoplasmic/endoplasmic reticulum Ca2+ transporting 3 [Source:HGNC Symbol;Acc:HGNC:813]
Q93091,684.1384539376215,-0.7953572383283181,0.16579393177834523,-4.797263867242466,1.6084765308743967e-06,2.021273014923302e-05,ENSG00000169413,RNASE6,ribonuclease A family member k6 [Source:HGNC Symbol;Acc:HGNC:10048]
Q969E3,53.79692720085572,-1.369048743559266,0.4632492226216237,-2.9553179513427663,0.003123469725470657,0.01351746493829079,ENSG00000178473,UCN3,urocortin 3 [Source:HGNC Symbol;Acc:HGNC:17781]
Q969E4,686.194462251337,-0.5241264789459739,0.09945168080198805,-5.270162100020501,1.3630333039150385e-07,2.2299952881707907e-06,ENSG00000196507,TCEAL3,transcription elongation factor A like 3 [Source:HGNC Symbol;Acc:HGNC:28247]
Q969G9,1549.7333668581032,0.6697810175081719,0.21467905814623955,3.1199178126257494,0.001809015064134857,0.008590873864003043,ENSG00000140807,NKD1,NKD inhibitor of WNT signaling pathway 1 [Source:HGNC Symbol;Acc:HGNC:17045]
Q969I6,23.103685123120453,-0.8160439972722052,0.21952285006165168,-3.7173533281069564,0.00020132079485344823,0.0013474746008188005,ENSG00000139209,SLC38A4,solute carrier family 38 member 4 [Source:HGNC Symbol;Acc:HGNC:14679]
Q969K4,13.852718611893351,0.7676371089117188,0.1813141685713501,4.233740335685024,2.298363093006559e-05,0.00020645393303134906,ENSG00000114626,ABTB1,ankyrin repeat and BTB domain containing 1 [Source:HGNC Symbol;Acc:HGNC:18275]
Q969P5,770.658721186286,-1.7480223295254491,0.21788085396478538,-8.022835865183318,1.0333138196111298e-15,9.188993136170909e-14,ENSG00000156804,FBXO32,F-box protein 32 [Source:HGNC Symbol;Acc:HGNC:16731]
Q969V4,246.96388051756264,-1.2701143281855545,0.4945764607618751,-2.5680848745389024,0.01022621142518054,0.03565110129164269,ENSG00000167858,TEKT1,tektin 1 [Source:HGNC Symbol;Acc:HGNC:15534]
Q969W9,1766.1563532072375,-0.7685716184583349,0.14044152426036646,-5.472538285994885,4.4363487424742095e-08,8.07921017064626e-07,ENSG00000124225,PMEPA1,"prostate transmembrane protein, androgen induced 1 [Source:HGNC Symbol;Acc:HGNC:14107]"
Q969Z3,352.6026709885864,1.0201098311503194,0.15473124781962133,6.592784880398026,4.316518184451812e-11,1.5403963113252468e-09,ENSG00000117791,MTARC2,mitochondrial amidoxime reducing component 2 [Source:HGNC Symbol;Acc:HGNC:26064]
Q96A09,459.06704344934656,0.8122815478999126,0.20132234576867786,4.034731190909306,5.4664843135515036e-05,0.00043951091888831515,ENSG00000158246,TENT5B,terminal nucleotidyltransferase 5B [Source:HGNC Symbol;Acc:HGNC:28273]
Q96A19,110.2092352283663,-0.5083089559510529,0.1651778310344584,-3.0773436893296684,0.0020885434262840822,0.009694956161496349,ENSG00000135736,CCDC102A,coiled-coil domain containing 102A [Source:HGNC Symbol;Acc:HGNC:28097]
Q96A29,57.18703799356456,-0.9019962100113941,0.19420193248405535,-4.644630454876915,3.4068571964932066e-06,3.9120363356638985e-05,ENSG00000181830,SLC35C1,solute carrier family 35 member C1 [Source:HGNC Symbol;Acc:HGNC:20197]
Q96A37,269.8988645321341,0.5340477156550865,0.15014089860583532,3.5569769504119,0.0003751470580377298,0.002284233356699087,ENSG00000158717,RNF166,ring finger protein 166 [Source:HGNC Symbol;Acc:HGNC:28856]
Q96A56,4384.219989627399,-0.8141999208266839,0.18133870170160185,-4.489940168240941,7.124318234743514e-06,7.446431959669832e-05,ENSG00000164938,TP53INP1,tumor protein p53 inducible nuclear protein 1 [Source:HGNC Symbol;Acc:HGNC:18022]
Q96A59,65.55609196467637,-0.6401292335448717,0.16485704950875837,-3.8829351577765774,0.00010320309608507624,0.0007586803603534238,ENSG00000140832,MARVELD3,MARVEL domain containing 3 [Source:HGNC Symbol;Acc:HGNC:30525]
Q96A72,51.6517997067406,0.5948511886370705,0.1286817361597407,4.6226543594239695,3.788606989850748e-06,4.293624797233731e-05,ENSG00000111196,MAGOHB,"mago homolog B, exon junction complex subunit [Source:HGNC Symbol;Acc:HGNC:25504]"
Q96A83,23.853571690145493,0.7894242833580818,0.22750223221916147,3.4699628028159286,0.0005205304473714363,0.0030138562578969955,ENSG00000160963,COL26A1,collagen type XXVI alpha 1 chain [Source:HGNC Symbol;Acc:HGNC:18038]
Q96AA8,120.13670001675698,0.9123859813771552,0.22335560464424542,4.08490300850242,4.4095231715971555e-05,0.0003638145305888652,ENSG00000176049,JAKMIP2,janus kinase and microtubule interacting protein 2 [Source:HGNC Symbol;Acc:HGNC:29067]
Q96AG4,2006.2120543543547,-0.7808581623999659,0.16174737577841583,-4.827640378349598,1.3816029546006234e-06,1.7663693658412838e-05,ENSG00000108829,LRRC59,leucine rich repeat containing 59 [Source:HGNC Symbol;Acc:HGNC:28817]
Q96AM1,263.0453657175094,-1.0522418211412736,0.18442914772267244,-5.705398708036855,1.160710664771446e-08,2.4035974648703727e-07,ENSG00000172935,MRGPRF,MAS related GPR family member F [Source:HGNC Symbol;Acc:HGNC:24828]
Q96AQ2,1551.2871349552486,0.8575138659801113,0.15116368963762886,5.672750301582028,1.4052298229629087e-08,2.8405993139893667e-07,ENSG00000179178,TMEM125,transmembrane protein 125 [Source:HGNC Symbol;Acc:HGNC:28275]
Q96AV8,34.16753695203154,-1.1946879354831628,0.23329455441883984,-5.120942228845634,3.0401278032863026e-07,4.567232872866221e-06,ENSG00000165891,E2F7,E2F transcription factor 7 [Source:HGNC Symbol;Acc:HGNC:23820]
Q96B21,191.881430059236,-0.7159977621651382,0.15950275358702834,-4.488936686440799,7.157956594166658e-06,7.478047121163025e-05,ENSG00000151715,TMEM45B,transmembrane protein 45B [Source:HGNC Symbol;Acc:HGNC:25194]
Q96B42,90.05406918427911,0.6648022789655587,0.1365808465079559,4.867463454524962,1.130397266608209e-06,1.4733913308379104e-05,ENSG00000151353,TMEM18,transmembrane protein 18 [Source:HGNC Symbol;Acc:HGNC:25257]
Q96BA8,40.54438820557242,-0.5606381767132571,0.2109097673646477,-2.658189725959701,0.007856165255238676,0.028756824653781536,ENSG00000157613,CREB3L1,cAMP responsive element binding protein 3 like 1 [Source:HGNC Symbol;Acc:HGNC:18856]
Q96BD6,1051.8711084280035,-1.250935538016793,0.2518541470544903,-4.966904665445692,6.803001030128187e-07,9.394701610422482e-06,ENSG00000171621,SPSB1,splA/ryanodine receptor domain and SOCS box containing 1 [Source:HGNC Symbol;Acc:HGNC:30628]
Q96BR5,330.7993293347629,-0.6817895803605253,0.10730558778327526,-6.353719265184338,2.101702491802202e-10,6.4376314936396895e-09,ENSG00000162377,COA7,cytochrome c oxidase assembly factor 7 [Source:HGNC Symbol;Acc:HGNC:25716]
Q96C90,64.26155579225596,-1.0603853426994478,0.17456357529348343,-6.074493724803038,1.24379499254658e-09,3.21202046435858e-08,ENSG00000173457,PPP1R14B,protein phosphatase 1 regulatory inhibitor subunit 14B [Source:HGNC Symbol;Acc:HGNC:9057]
Q96CG8,138.42264294514882,-3.188078013036535,0.3075324980215206,-10.3666377815246,3.516815009585085e-25,1.6158299629456138e-22,ENSG00000164932,CTHRC1,collagen triple helix repeat containing 1 [Source:HGNC Symbol;Acc:HGNC:18831]
Q96D03,47.888403982386386,-1.1006295363436949,0.2612689346229036,-4.2126307053391665,2.5241356376935223e-05,0.00022437439481536858,ENSG00000145358,DDIT4L,DNA damage inducible transcript 4 like [Source:HGNC Symbol;Acc:HGNC:30555]
Q96D21,142.53673908887703,-1.4369193849679887,0.23904165597195243,-6.011167296868907,1.84192202251674e-09,4.5438197186335773e-08,ENSG00000100302,RASD2,RASD family member 2 [Source:HGNC Symbol;Acc:HGNC:18229]
Q96D59,11.143517746178171,-1.0448363380006749,0.3767157025992277,-2.7735407119788507,0.005544990171878981,0.0216863297128248,ENSG00000165188,RNF183,ring finger protein 183 [Source:HGNC Symbol;Acc:HGNC:28721]
Q96D96,47.09747893042293,0.798539478466601,0.19739706347415542,4.045346290428233,5.224583687701342e-05,0.0004222168143956226,ENSG00000122986,HVCN1,hydrogen voltage gated channel 1 [Source:HGNC Symbol;Acc:HGNC:28240]
Q96DE0,2258.7203848315958,-0.5263791685077479,0.17932184102592721,-2.9353879343210707,0.0033313091854261213,0.014243639545441583,ENSG00000198585,NUDT16,nudix hydrolase 16 [Source:HGNC Symbol;Acc:HGNC:26442]
Q96DN0,88.27574472486317,0.63124139719849,0.2153744257908975,2.930902287402261,0.0033797907156720808,0.014422969126051096,ENSG00000139055,ERP27,endoplasmic reticulum protein 27 [Source:HGNC Symbol;Acc:HGNC:26495]
Q96DN7,13.557085648151933,-1.2357523654630054,0.20815464121490923,-5.936703396332888,2.9081007902840012e-09,6.948564986882271e-08,ENSG00000144857,BOC,"BOC cell adhesion associated, oncogene regulated [Source:HGNC Symbol;Acc:HGNC:17173]"
Q96DR4,395.2326986053788,0.6755573978803554,0.19971051564274803,3.382683158701696,0.000717813944815685,0.003970571542253603,ENSG00000164211,STARD4,StAR related lipid transfer domain containing 4 [Source:HGNC Symbol;Acc:HGNC:18058]
Q96DS6,17.29368755512743,-3.7579894519933834,0.47023751307634665,-7.991683665150818,1.331082268678575e-15,1.1422446830131242e-13,ENSG00000166926,MS4A6E,membrane spanning 4-domains A6E [Source:HGNC Symbol;Acc:HGNC:14285]
Q96DT5,461.16750877748603,-1.0880656045008072,0.36213823579126464,-3.0045587484663314,0.002659663892668951,0.011833009378438782,ENSG00000105877,DNAH11,dynein axonemal heavy chain 11 [Source:HGNC Symbol;Acc:HGNC:2942]
Q96DX5,24.472737185658417,1.6250420356450033,0.2674591052984428,6.075852358182791,1.2333084493940005e-09,3.188673451692296e-08,ENSG00000102048,ASB9,ankyrin repeat and SOCS box containing 9 [Source:HGNC Symbol;Acc:HGNC:17184]
Q96DY2,61.75744331745302,-1.0052152108808032,0.3374179557920297,-2.9791396504706933,0.0028905900367366937,0.012651135675767226,ENSG00000166578,IQCD,IQ motif containing D [Source:HGNC Symbol;Acc:HGNC:25168]
Q96DZ5,208.18349672689124,-0.990104754034612,0.13852111677018078,-7.147680997095096,8.825611213330604e-13,4.354363080509913e-11,ENSG00000105270,CLIP3,CAP-Gly domain containing linker protein 3 [Source:HGNC Symbol;Acc:HGNC:24314]
Q96E16,57.53639103908661,0.7062043255483778,0.1257525190682936,5.615826472349653,1.9562491206790724e-08,3.8520641167371666e-07,ENSG00000176209,SMIM19,small integral membrane protein 19 [Source:HGNC Symbol;Acc:HGNC:25166]
Q96E17,38.94694977194468,-2.722716197346604,0.3559126813704285,-7.649955564558383,2.0104877460063727e-14,1.3727336455239797e-12,ENSG00000152932,RAB3C,"RAB3C, member RAS oncogene family [Source:HGNC Symbol;Acc:HGNC:30269]"
Q96E40,440.1315365253793,-1.1183743517842042,0.30653466454149575,-3.6484433284471462,0.00026383408431659777,0.001697373656802289,ENSG00000165698,SPACA9,sperm acrosome associated 9 [Source:HGNC Symbol;Acc:HGNC:1367]
Q96EH5,114.90185530611652,-0.9695379712005966,0.13590758655457275,-7.13380316566276,9.763292347611887e-13,4.7742716060805445e-11,ENSG00000163923,RPL39L,ribosomal protein L39 like [Source:HGNC Symbol;Acc:HGNC:17094]
Q96EN8,210.39860053317366,-0.766053994182683,0.13260343906197802,-5.777029612517321,7.603090871309346e-09,1.647137191314895e-07,ENSG00000075643,MOCOS,molybdenum cofactor sulfurase [Source:HGNC Symbol;Acc:HGNC:18234]
Q96EQ8,577.3569208040439,0.5424898094104263,0.13003114760712736,4.171998935589576,3.0193904789508605e-05,0.0002610334677490485,ENSG00000101695,RNF125,ring finger protein 125 [Source:HGNC Symbol;Acc:HGNC:21150]
Q96EU7,855.0077854479637,-0.506872871211116,0.09537701453796105,-5.314413264732409,1.0700153279780013e-07,1.789091587810981e-06,ENSG00000171155,C1GALT1C1,C1GALT1 specific chaperone 1 [Source:HGNC Symbol;Acc:HGNC:24338]
Q96F05,167.98254544619525,-1.2582837397512578,0.16598219362881664,-7.5808357043716255,3.433361556415912e-14,2.2602792765730303e-12,ENSG00000171067,C11orf24,chromosome 11 open reading frame 24 [Source:HGNC Symbol;Acc:HGNC:1174]
Q96F83,12.023205170422866,-0.7857919389702208,0.21018119263426951,-3.738640594439654,0.00018501801176750758,0.0012547316210087982,ENSG00000140104,CLBA1,clathrin binding box of aftiphilin containing 1 [Source:HGNC Symbol;Acc:HGNC:20126]
Q96FE5,18.032883476814884,-1.7142002507595866,0.26430774249214284,-6.485622534536781,8.836614740760388e-11,2.9527682044352967e-09,ENSG00000169783,LINGO1,leucine rich repeat and Ig domain containing 1 [Source:HGNC Symbol;Acc:HGNC:21205]
Q96FF9,57.47696668283794,-0.9182043336684076,0.2029572306669788,-4.5241272294212465,6.064523672067597e-06,6.4674567245541e-05,ENSG00000146670,CDCA5,cell division cycle associated 5 [Source:HGNC Symbol;Acc:HGNC:14626]
Q96FH0,13.707582267705133,-0.7512891951129353,0.2292573425002318,-3.2770561977188395,0.0010489548927171749,0.005466363706045504,ENSG00000254901,BORCS8,BLOC-1 related complex subunit 8 [Source:HGNC Symbol;Acc:HGNC:37247]
Q96FN4,15.61666370023112,1.0245403225101273,0.19989920977267225,5.125284505502782,2.9708878793186225e-07,4.48459693980102e-06,ENSG00000140848,CPNE2,copine 2 [Source:HGNC Symbol;Acc:HGNC:2315]
Q96FS4,25.940546904718857,0.5008321562502661,0.15644910030322423,3.2012466372741715,0.0013683435315737418,0.006829022006184047,ENSG00000213445,SIPA1,signal-induced proliferation-associated 1 [Source:HGNC Symbol;Acc:HGNC:10885]
Q96FT9,14.090408092524513,-0.5832209204080869,0.16906390550099182,-3.449706894442146,0.0005611955135029209,0.0032172097361043454,ENSG00000119650,IFT43,intraflagellar transport 43 [Source:HGNC Symbol;Acc:HGNC:29669]
Q96FV2,19.179332018562555,0.5245179244140147,0.20508225643124042,2.557597783160115,0.010539792115338842,0.036519179153445845,ENSG00000141295,SCRN2,secernin 2 [Source:HGNC Symbol;Acc:HGNC:30381]
Q96FX8,3853.8873189410906,-0.6846037929192728,0.1561520400703508,-4.384212928699745,1.1640587367646271e-05,0.00011486596871927186,ENSG00000112378,PERP,p53 apoptosis effector related to PMP22 [Source:HGNC Symbol;Acc:HGNC:17637]
Q96G30,69.30536050076063,-0.7297142083845144,0.28169565289897,-2.5904347506783365,0.009585479114644607,0.03381288489993157,ENSG00000135324,MRAP2,melanocortin 2 receptor accessory protein 2 [Source:HGNC Symbol;Acc:HGNC:21232]
Q96G61,38.91189407646825,-0.6065778133004829,0.23559937491972457,-2.574615546018156,0.010035156163402323,0.035101011541003084,ENSG00000196368,NUDT11,nudix hydrolase 11 [Source:HGNC Symbol;Acc:HGNC:18011]
Q96G75,51.358694970217876,0.815247331355499,0.14181646807883744,5.748608341467745,8.998098084762407e-09,1.9210460325396915e-07,ENSG00000145916,RMND5B,required for meiotic nuclear division 5 homolog B [Source:HGNC Symbol;Acc:HGNC:26181]
Q96G91,18.460314942285915,0.7362604819139786,0.252817316739881,2.912223305777362,0.0035886598278495408,0.015109641818135504,ENSG00000244165,P2RY11,purinergic receptor P2Y11 [Source:HGNC Symbol;Acc:HGNC:8540]
Q96GI7,55.9896928676654,0.8713533954572638,0.18132039054718782,4.805600698452599,1.542875574103854e-06,1.951065247206789e-05,ENSG00000182118,FAM89A,family with sequence similarity 89 member A [Source:HGNC Symbol;Acc:HGNC:25057]
Q96GK7,85.06723698240026,0.9075130098871375,0.12090917561811207,7.505741439785262,6.108187668554992e-14,3.762848347550609e-12,ENSG00000115042,FAHD2A,fumarylacetoacetate hydrolase domain containing 2A [Source:HGNC Symbol;Acc:HGNC:24252]
Q96GP6,398.78895877379273,-0.640028853286599,0.1720854547245161,-3.7192501499397053,0.0001998150891354707,0.0013394291719737602,ENSG00000244486,SCARF2,scavenger receptor class F member 2 [Source:HGNC Symbol;Acc:HGNC:19869]
Q96GT9,82.33233155256951,-1.0184712353729402,0.3741961299815534,-2.7217577996414537,0.006493571457630071,0.024624262358172073,ENSG00000155622,XAGE2,X antigen family member 2 [Source:HGNC Symbol;Acc:HGNC:4112]
Q96GW9,155.3829894966468,-0.8068062234180617,0.1410529424205424,-5.719882262452979,1.0659789307270916e-08,2.2347052602904257e-07,ENSG00000247626,MARS2,"methionyl-tRNA synthetase 2, mitochondrial [Source:HGNC Symbol;Acc:HGNC:25133]"
Q96H40,416.9813771734047,-0.5081965584641149,0.16638401983416592,-3.0543591804707675,0.0022554187140313773,0.010330426649895742,ENSG00000256229,ZNF486,zinc finger protein 486 [Source:HGNC Symbol;Acc:HGNC:20807]
Q96H79,127.27192832209323,-0.5642884534068139,0.1600455520638953,-3.5257990373986274,0.0004222072180256392,0.0025254564649681167,ENSG00000146858,ZC3HAV1L,"zinc finger CCCH-type containing, antiviral 1 like [Source:HGNC Symbol;Acc:HGNC:22423]"
Q96HF1,5191.654591783586,-2.8656219376857477,0.3848810213140421,-7.4454747804973085,9.659638401899993e-14,5.742147313086319e-12,ENSG00000145423,SFRP2,secreted frizzled related protein 2 [Source:HGNC Symbol;Acc:HGNC:10777]
Q96HJ3,62.51676707224047,-0.7751414550644101,0.20287374519058252,-3.8208071445431795,0.00013301563783127646,0.0009405344266530846,ENSG00000109881,CCDC34,coiled-coil domain containing 34 [Source:HGNC Symbol;Acc:HGNC:25079]
Q96HM7,156.64756719890164,0.7274389782034192,0.21421797258375408,3.395788735321954,0.0006843115588949291,0.0038120250365922623,ENSG00000179715,PCED1B,PC-esterase domain containing 1B [Source:HGNC Symbol;Acc:HGNC:28255]
Q96HQ0,25.88541089012577,0.688496826379946,0.1899365150562327,3.62487869263111,0.0002890971181534876,0.0018326380694903752,ENSG00000105136,ZNF419,zinc finger protein 419 [Source:HGNC Symbol;Acc:HGNC:20648]
Q96I25,696.9794642912842,0.9230468835942617,0.1433503205691373,6.43909884491036,1.201849162971623e-10,3.89787962355532e-09,ENSG00000134453,RBM17,RNA binding motif protein 17 [Source:HGNC Symbol;Acc:HGNC:16944]
Q96IF1,773.8344589460198,0.6216287494216635,0.13865274093355653,4.483349879967774,7.348030149490386e-06,7.652549764742856e-05,ENSG00000129474,AJUBA,ajuba LIM protein [Source:HGNC Symbol;Acc:HGNC:20250]
Q96IK1,116.21889239088254,0.533331282929711,0.1811912809786044,2.9434710105763218,0.003245542175016382,0.01394493182194537,ENSG00000145919,BOD1,biorientation of chromosomes in cell division 1 [Source:HGNC Symbol;Acc:HGNC:25114]
Q96IL0,18.884912842357245,0.6119933203236102,0.15417583309648147,3.969450386823153,7.203860391741074e-05,0.0005574524108051146,ENSG00000256053,COA8,cytochrome c oxidase assembly factor 8 [Source:HGNC Symbol;Acc:HGNC:20492]
Q96IQ7,987.8668430373314,1.1150245204360576,0.14200607296670767,7.851949547942694,4.0961928274987314e-15,3.1808956555513036e-13,ENSG00000019102,VSIG2,V-set and immunoglobulin domain containing 2 [Source:HGNC Symbol;Acc:HGNC:17149]
Q96IQ9,29.125485738003427,1.6271829032419571,0.2650575328650117,6.1389800382343696,8.305300176688091e-10,2.2201829102627777e-08,ENSG00000133250,ZNF414,zinc finger protein 414 [Source:HGNC Symbol;Acc:HGNC:20630]
Q96IR7,12.385058930272281,-0.8194216565098914,0.24324166913249576,-3.368755277137757,0.0007550843851432447,0.004140385636486604,ENSG00000186603,HPDL,4-hydroxyphenylpyruvate dioxygenase like [Source:HGNC Symbol;Acc:HGNC:28242]
Q96JA3,319.9146969455814,-0.5854491443981238,0.10518409329750973,-5.5659475310796305,2.60731694718306e-08,5.004505478953456e-07,ENSG00000106086,PLEKHA8,pleckstrin homology domain containing A8 [Source:HGNC Symbol;Acc:HGNC:30037]
Q96JB6,387.75902530607175,-0.6033722850106291,0.15389175034320174,-3.920757829220983,8.827093643055569e-05,0.0006639588103818128,ENSG00000138131,LOXL4,lysyl oxidase like 4 [Source:HGNC Symbol;Acc:HGNC:17171]
Q96JE9,502.886946869297,-0.8817504714543201,0.24608421894597632,-3.58312481487443,0.0003395082784074918,0.0020991072531535812,ENSG00000171533,MAP6,microtubule associated protein 6 [Source:HGNC Symbol;Acc:HGNC:6868]
Q96JJ6,66.52770763963511,0.8290262886211498,0.15733361347005742,5.269225503289696,1.3700057521925857e-07,2.2397410569944618e-06,ENSG00000092051,JPH4,junctophilin 4 [Source:HGNC Symbol;Acc:HGNC:20156]
Q96JK4,115.00414957390672,-1.0098336483938992,0.19045496004643672,-5.302217637953255,1.1440433488553841e-07,1.9001808269940213e-06,ENSG00000182218,HHIPL1,HHIP like 1 [Source:HGNC Symbol;Acc:HGNC:19710]
Q96JM4,68.80048922324978,-1.6383045393418587,0.4280797286230808,-3.827101424801095,0.00012966109816236896,0.0009188772040079965,ENSG00000133640,LRRIQ1,leucine rich repeats and IQ motif containing 1 [Source:HGNC Symbol;Acc:HGNC:25708]
Q96JQ2,811.0380334276241,-0.8769289581580773,0.1958923171099639,-4.476586785513463,7.584584492722007e-06,7.875255480343274e-05,ENSG00000165959,CLMN,calmin [Source:HGNC Symbol;Acc:HGNC:19972]
Q96JT2,89.20065987396632,-1.0831279167781682,0.20171120759019437,-5.369696258914377,7.886936464280948e-08,1.3588945061191566e-06,ENSG00000158715,SLC45A3,solute carrier family 45 member 3 [Source:HGNC Symbol;Acc:HGNC:8642]
Q96JW4,387.92342751077337,-0.5350611414527694,0.11880666327771557,-4.5036290616296615,6.6802766850415955e-06,7.032306539947845e-05,ENSG00000136052,SLC41A2,solute carrier family 41 member 2 [Source:HGNC Symbol;Acc:HGNC:31045]
Q96JY6,80.83176532780912,0.8576052312710034,0.17253615853868967,4.970582621837458,6.675200815480735e-07,9.241360877878978e-06,ENSG00000120913,PDLIM2,PDZ and LIM domain 2 [Source:HGNC Symbol;Acc:HGNC:13992]
Q96K30,195.36589122689307,-0.5773295236277566,0.1269236847339518,-4.548635070262203,5.39949825515365e-06,5.831563884385828e-05,ENSG00000139405,RITA1,RBPJ interacting and tubulin associated 1 [Source:HGNC Symbol;Acc:HGNC:25925]
Q96K65,33.46753625322011,0.86217044656916,0.19791330939433882,4.356303521009294,1.3227732046773518e-05,0.00012851295266940227,ENSG00000186812,ZNF397,zinc finger protein 397 [Source:HGNC Symbol;Acc:HGNC:18818]
Q96K75,139.2741760400677,0.511656202939625,0.16748113868062023,3.055007906981889,0.0022505458871129487,0.01031453428811076,ENSG00000144026,ZNF514,zinc finger protein 514 [Source:HGNC Symbol;Acc:HGNC:25894]
Q96KJ9,25.741531146148652,1.470298602600014,0.2565408457487564,5.731245635792254,9.969576805633884e-09,2.1060253531748053e-07,ENSG00000131055,COX4I2,cytochrome c oxidase subunit 4I2 [Source:HGNC Symbol;Acc:HGNC:16232]
Q96KK3,32.59691980702721,0.7208949969936705,0.22657288754518923,3.181735488320024,0.0014639545493088546,0.007227681582820122,ENSG00000124134,KCNS1,potassium voltage-gated channel modifier subfamily S member 1 [Source:HGNC Symbol;Acc:HGNC:6300]
Q96KR7,29.26654785544346,1.5246868459036265,0.32315279662954133,4.718160764214304,2.379864022633262e-06,2.8649301940586225e-05,ENSG00000087495,PHACTR3,phosphatase and actin regulator 3 [Source:HGNC Symbol;Acc:HGNC:15833]
Q96KS9,356.49921299741374,2.132798925030997,0.18890739838182702,11.29018208551102,1.4673238092874547e-29,1.4709254222738876e-26,ENSG00000154319,FAM167A,family with sequence similarity 167 member A [Source:HGNC Symbol;Acc:HGNC:15549]
Q96L03,52.87066832890974,-1.0921764344152136,0.3883568855387618,-2.812300940409627,0.00491884587022615,0.01962022550587222,ENSG00000162814,SPATA17,spermatogenesis associated 17 [Source:HGNC Symbol;Acc:HGNC:25184]
Q96L33,285.00666291662037,-3.358474906246301,0.39222908324783873,-8.562534115105823,1.1041335493260073e-17,1.3528089609353202e-15,ENSG00000104140,RHOV,ras homolog family member V [Source:HGNC Symbol;Acc:HGNC:18313]
Q96L46,14.783860977212965,-1.2431430885638295,0.3939183935564916,-3.1558391506934065,0.0016003708923217634,0.007780991988373935,ENSG00000256812,CAPNS2,calpain small subunit 2 [Source:HGNC Symbol;Acc:HGNC:16371]
Q96L91,347.7469656302856,-0.5663993394095078,0.16661260021873583,-3.399498829415756,0.0006750946881973533,0.0037696297723243586,ENSG00000183495,EP400,E1A binding protein p400 [Source:HGNC Symbol;Acc:HGNC:11958]
Q96LA8,297.01983420729766,-0.5533540399522864,0.09247008834689366,-5.984140924321666,2.175349138875549e-09,5.2894321839869196e-08,ENSG00000198890,PRMT6,protein arginine methyltransferase 6 [Source:HGNC Symbol;Acc:HGNC:18241]
Q96LC9,696.6228363131432,-0.7022604240050313,0.16752913650728443,-4.191870373393203,2.766640678772777e-05,0.00024229994681322393,ENSG00000104081,BMF,Bcl2 modifying factor [Source:HGNC Symbol;Acc:HGNC:24132]
Q96LJ8,1608.6296313983512,-1.3681898746040844,0.3410881836758525,-4.011249700471362,6.039818824571365e-05,0.0004788000156617429,ENSG00000162543,UBXN10,UBX domain protein 10 [Source:HGNC Symbol;Acc:HGNC:26354]
Q96LR2,34.365397995702175,-0.9195791667380193,0.18467380432465977,-4.97947811331911,6.375596217240928e-07,8.879645984639354e-06,ENSG00000171357,LURAP1,leucine rich adaptor protein 1 [Source:HGNC Symbol;Acc:HGNC:32327]
Q96LR5,25.66324758764105,0.702878707286146,0.14124801164358766,4.976202490267444,6.484381492746779e-07,8.994122606354557e-06,ENSG00000182247,UBE2E2,ubiquitin conjugating enzyme E2 E2 [Source:HGNC Symbol;Acc:HGNC:12478]
Q96LR7,221.4652425229427,-1.220771075337636,0.4048799568492584,-3.015143265765915,0.002568578968412354,0.011497349415337133,ENSG00000150873,C2orf50,chromosome 2 open reading frame 50 [Source:HGNC Symbol;Acc:HGNC:26324]
Q96LW2,19.94840595516258,0.99462483614992,0.2625399847973269,3.78846992361084,0.00015157793857812943,0.0010572105810885725,ENSG00000167524,RSKR,ribosomal protein S6 kinase related [Source:HGNC Symbol;Acc:HGNC:26314]
Q96LW9,157.9951342786136,0.8561682009469908,0.20310030706034768,4.215494369944972,2.492316101774687e-05,0.00022163523914733448,ENSG00000235109,ZSCAN31,zinc finger and SCAN domain containing 31 [Source:HGNC Symbol;Acc:HGNC:14097]
Q96M11,118.88143211753035,-0.6749292923217075,0.11072033388923036,-6.095802537923498,1.0888976050524687e-09,2.862282214758897e-08,ENSG00000198331,HYLS1,HYLS1 centriolar and ciliogenesis associated [Source:HGNC Symbol;Acc:HGNC:26558]
Q96M32,356.79022692064467,-1.3777658053306903,0.3635385260895837,-3.7898756430320657,0.00015072272235499364,0.0010525772383841133,ENSG00000140057,AK7,adenylate kinase 7 [Source:HGNC Symbol;Acc:HGNC:20091]
Q96M69,29.59013162721406,-1.0394048908841793,0.34323656706974615,-3.0282463775864845,0.002459774539762485,0.011093633476466636,ENSG00000155530,LRGUK,leucine rich repeats and guanylate kinase domain containing [Source:HGNC Symbol;Acc:HGNC:21964]
Q96M91,451.7569452667139,-1.5276646881948768,0.4183665742015558,-3.651497950357038,0.00026071518016513467,0.0016797582773479054,ENSG00000172361,CFAP53,cilia and flagella associated protein 53 [Source:HGNC Symbol;Acc:HGNC:26530]
Q96MB7,61.043878079751266,-0.5873859856694469,0.12741204926434288,-4.610129018887312,4.0241914974171005e-06,4.525727653443994e-05,ENSG00000180423,HARBI1,harbinger transposase derived 1 [Source:HGNC Symbol;Acc:HGNC:26522]
Q96MG2,73.39092338679816,-2.567493074254587,0.4046117432789931,-6.345572309512075,2.2160008055560614e-10,6.740921622859776e-09,ENSG00000167476,JSRP1,junctional sarcoplasmic reticulum protein 1 [Source:HGNC Symbol;Acc:HGNC:24963]
Q96MK3,50.413430670791,-0.7278523724899936,0.25904239786696454,-2.8097808639950674,0.004957524200426955,0.01974236885449911,ENSG00000108950,FAM20A,FAM20A golgi associated secretory pathway pseudokinase [Source:HGNC Symbol;Acc:HGNC:23015]
Q96MM7,220.84306786493946,-2.62625580808947,0.2701339760536454,-9.722049208530239,2.4284425847388266e-22,5.885370633387921e-20,ENSG00000171004,HS6ST2,heparan sulfate 6-O-sulfotransferase 2 [Source:HGNC Symbol;Acc:HGNC:19133]
Q96MN9,10.311267380365745,-1.11762363531214,0.3184643447026752,-3.5094152733348416,0.0004490931164598149,0.0026595863561774324,ENSG00000265763,ZNF488,zinc finger protein 488 [Source:HGNC Symbol;Acc:HGNC:23535]
Q96MT3,68.71218253765028,0.8354027116155899,0.18784613430407865,4.447271245216416,8.696799345867667e-06,8.871378944207472e-05,ENSG00000139174,PRICKLE1,prickle planar cell polarity protein 1 [Source:HGNC Symbol;Acc:HGNC:17019]
Q96MT7,67.49224570436313,-0.6648184154153253,0.264169302565547,-2.5166376598596925,0.011848060582419962,0.04014397420259484,ENSG00000206530,CFAP44,cilia and flagella associated protein 44 [Source:HGNC Symbol;Acc:HGNC:25631]
Q96MU8,1284.4568111335884,-0.9939217056943561,0.1704306411947288,-5.831825185464929,5.482434106638865e-09,1.2388278871702207e-07,ENSG00000183762,KREMEN1,kringle containing transmembrane protein 1 [Source:HGNC Symbol;Acc:HGNC:17550]
Q96N03,649.2867082668896,-2.2166614947976044,0.29358250449757095,-7.5503868958102185,4.339671287200722e-14,2.7836108895602304e-12,ENSG00000132821,VSTM2L,V-set and transmembrane domain containing 2 like [Source:HGNC Symbol;Acc:HGNC:16096]
Q96N58,49.82022215987292,0.6330924018755811,0.15820383715472855,4.001751242331727,6.287538351331873e-05,0.0004954994838317953,ENSG00000258405,ZNF578,zinc finger protein 578 [Source:HGNC Symbol;Acc:HGNC:26449]
Q96N96,1714.863704770109,0.5156997655744859,0.07223089049807699,7.139601381326116,9.360196101878428e-13,4.604637152456707e-11,ENSG00000182957,SPATA13,spermatogenesis associated 13 [Source:HGNC Symbol;Acc:HGNC:23222]
Q96NG3,42.2120495659589,-1.2006133086665605,0.33304190652447957,-3.6049916996806277,0.00031216290517614676,0.001956918905842735,ENSG00000204815,ODAD4,outer dynein arm docking complex subunit 4 [Source:HGNC Symbol;Acc:HGNC:25280]
Q96NI6,22.27741402211428,-1.462721179121627,0.272500822779836,-5.367767936258367,7.971703104279333e-08,1.3713567883133885e-06,ENSG00000165379,LRFN5,leucine rich repeat and fibronectin type III domain containing 5 [Source:HGNC Symbol;Acc:HGNC:20360]
Q96NJ3,16.036757492789135,0.7088357517243635,0.19080084756620244,3.715055571115415,0.00020315904188042384,0.0013577180332214748,ENSG00000267508,ZNF285,zinc finger protein 285 [Source:HGNC Symbol;Acc:HGNC:13079]
Q96NL1,10.061886502418746,-0.9294172374138732,0.27405280612903843,-3.391380115904578,0.0006954157920296308,0.003862175743495713,ENSG00000164841,TMEM74,transmembrane protein 74 [Source:HGNC Symbol;Acc:HGNC:26409]
Q96NT0,16.00426053909909,0.7013163006124403,0.15900835585093787,4.41056255729031,1.0310241410449376e-05,0.00010316790565610278,ENSG00000136710,CCDC115,coiled-coil domain containing 115 [Source:HGNC Symbol;Acc:HGNC:28178]
Q96NY7,2407.158107754088,-1.6045783591752019,0.23814501745561503,-6.737820410096381,1.6078011468073e-11,6.298125486978366e-10,ENSG00000159212,CLIC6,chloride intracellular channel 6 [Source:HGNC Symbol;Acc:HGNC:2065]
Q96NY8,289.87535785954157,-1.0636695213131575,0.18262939232334932,-5.824196794292058,5.738792216255828e-09,1.284906837942193e-07,ENSG00000143217,NECTIN4,nectin cell adhesion molecule 4 [Source:HGNC Symbol;Acc:HGNC:19688]
Q96P67,23.07793386472491,-0.7186096343307183,0.21546137891399883,-3.3352131966887235,0.0008523402518291046,0.00458587751008516,ENSG00000171657,GPR82,G protein-coupled receptor 82 [Source:HGNC Symbol;Acc:HGNC:4533]
Q96PD6,14.715066639800211,1.4798254166612619,0.35536116053827393,4.1642857492353285,3.1232875579456536e-05,0.00026885629899661766,ENSG00000124003,MOGAT1,monoacylglycerol O-acyltransferase 1 [Source:HGNC Symbol;Acc:HGNC:18210]
Q96PE1,1190.4551016850305,-0.6985418508368048,0.21668116743126178,-3.2238235519863747,0.0012649131333438543,0.006395321926356113,ENSG00000020181,ADGRA2,adhesion G protein-coupled receptor A2 [Source:HGNC Symbol;Acc:HGNC:17849]
Q96PP9,2754.345443133993,0.8565730545001732,0.30101926527595446,2.8455755272504697,0.004433124506034117,0.017965477371568617,ENSG00000162654,GBP4,guanylate binding protein 4 [Source:HGNC Symbol;Acc:HGNC:20480]
Q96PU8,4696.884369146423,0.6476809871021443,0.10954855732863292,5.9122730859811945,3.3741850549764815e-09,7.899604798561712e-08,ENSG00000112531,QKI,"QKI, KH domain containing RNA binding [Source:HGNC Symbol;Acc:HGNC:21100]"
Q96PX6,81.71051049419202,1.2376446363868638,0.2828609117840796,4.3754530400849925,1.2118052934075066e-05,0.0001190960514296308,ENSG00000055813,CCDC85A,coiled-coil domain containing 85A [Source:HGNC Symbol;Acc:HGNC:29400]
Q96PZ2,1456.0955463890168,0.9376726452694187,0.17679739581776854,5.303656430753718,1.1350584930523766e-07,1.8892513211907258e-06,ENSG00000166801,FAM111A,FAM111 trypsin like peptidase A [Source:HGNC Symbol;Acc:HGNC:24725]
Q96Q40,55.42640141219952,-0.5797420984432603,0.21987529108715403,-2.636685984936172,0.008372029179143623,0.030283210024082904,ENSG00000138395,CDK15,cyclin dependent kinase 15 [Source:HGNC Symbol;Acc:HGNC:14434]
Q96QB1,3738.677534809102,1.1723894227853904,0.18205739533200205,6.439669317730307,1.1973407883271714e-10,3.8889769875946154e-09,ENSG00000164741,DLC1,DLC1 Rho GTPase activating protein [Source:HGNC Symbol;Acc:HGNC:2897]
Q96QD5,42.05073767244443,-0.6022548907449824,0.17643691060914815,-3.4134291326327264,0.0006415084034717255,0.0036111744750310787,ENSG00000121690,DEPDC7,DEP domain containing 7 [Source:HGNC Symbol;Acc:HGNC:29899]
Q96QF0,254.7347090412245,0.7211554770515742,0.12369308443991403,5.830200453946053,5.53608324696638e-09,1.2471172617834173e-07,ENSG00000127328,RAB3IP,RAB3A interacting protein [Source:HGNC Symbol;Acc:HGNC:16508]
Q96QF7,75.29724856382943,0.5010776242646459,0.19665029530128267,2.5480644384335056,0.010832246031357429,0.037251575545853226,ENSG00000147174,GCNA,germ cell nuclear acidic peptidase [Source:HGNC Symbol;Acc:HGNC:15805]
Q96QH2,86.000326811936,0.8049803524809079,0.2269142375621378,3.547509231369731,0.0003888921229998455,0.0023568636660177503,ENSG00000133246,PRAM1,PML-RARA regulated adaptor molecule 1 [Source:HGNC Symbol;Acc:HGNC:30091]
Q96QK1,62.149988929905795,0.894012032924651,0.15758379290253866,5.673248602904065,1.4011466351879193e-08,2.834943843342603e-07,ENSG00000069329,VPS35,VPS35 retromer complex component [Source:HGNC Symbol;Acc:HGNC:13487]
Q96QS3,35.43752929948469,-1.090721580343169,0.43883594025151945,-2.4854882663393982,0.012937385207772451,0.04320428427804567,ENSG00000004848,ARX,aristaless related homeobox [Source:HGNC Symbol;Acc:HGNC:18060]
Q96QV1,1048.214633135703,1.4014355949704427,0.2651836799043582,5.284773163551723,1.2586061382622213e-07,2.0714402815847035e-06,ENSG00000164161,HHIP,hedgehog interacting protein [Source:HGNC Symbol;Acc:HGNC:14866]
Q96QZ7,255.8189102982259,1.2338513068692356,0.18488221085137596,6.67371566570626,2.4940661762918715e-11,9.4024163165711e-10,ENSG00000151276,MAGI1,"membrane associated guanylate kinase, WW and PDZ domain containing 1 [Source:HGNC Symbol;Acc:HGNC:946]"
Q96R45,28.68893742108247,0.8932592124942448,0.24349249661200584,3.668528701800666,0.0002439503111010593,0.0015837739655645455,ENSG00000243896,OR2A7,olfactory receptor family 2 subfamily A member 7 [Source:HGNC Symbol;Acc:HGNC:8234]
Q96RD7,624.8707584344254,-0.761348518184803,0.21374294053134402,-3.5619820532653153,0.00036806554983544437,0.002246697380589784,ENSG00000110218,PANX1,pannexin 1 [Source:HGNC Symbol;Acc:HGNC:8599]
Q96RD9,198.04871146520878,-2.9203322656516013,0.3692762811340771,-7.908258436428753,2.6101452652876188e-15,2.1163288117887186e-13,ENSG00000143297,FCRL5,Fc receptor like 5 [Source:HGNC Symbol;Acc:HGNC:18508]
Q96RJ3,114.1958328808755,-2.0573370452611583,0.3641691522330129,-5.649399551406199,1.6100923384320608e-08,3.219308833343669e-07,ENSG00000159958,TNFRSF13C,TNF receptor superfamily member 13C [Source:HGNC Symbol;Acc:HGNC:17755]
Q96RK1,171.64545092714954,0.6460206676511391,0.19814718874143278,3.2603070058901897,0.0011129167817738427,0.005735981936256212,ENSG00000179862,CITED4,Cbp/p300 interacting transactivator with Glu/Asp rich carboxy-terminal domain 4 [Source:HGNC Symbol;Acc:HGNC:18696]
Q96RL6,48.1511583092213,0.9204852505957631,0.22423027884097793,4.105088997586106,4.0415925319122335e-05,0.00033737048334137927,ENSG00000161640,SIGLEC11,sialic acid binding Ig like lectin 11 [Source:HGNC Symbol;Acc:HGNC:15622]
Q96RP9,114.1686381991985,-0.6796543385704698,0.10818302263929612,-6.282449149498933,3.332803011051653e-10,9.774153936932602e-09,ENSG00000168827,GFM1,G elongation factor mitochondrial 1 [Source:HGNC Symbol;Acc:HGNC:13780]
Q96RR1,46.91756043944364,-1.349613767426736,0.22964383884681225,-5.876986616335997,4.178019723722462e-09,9.638289433784015e-08,ENSG00000107815,TWNK,twinkle mtDNA helicase [Source:HGNC Symbol;Acc:HGNC:1160]
Q96RT1,42.77643793816984,0.9534209202475481,0.19320300887869854,4.934814037218998,8.0227163204151e-07,1.08814874372961e-05,ENSG00000112851,ERBIN,erbb2 interacting protein [Source:HGNC Symbol;Acc:HGNC:15842]
Q96RU8,2024.8746916646046,0.9399196435665674,0.2610342040213339,3.6007528097342725,0.0003172971362190037,0.0019829048008427057,ENSG00000173334,TRIB1,tribbles pseudokinase 1 [Source:HGNC Symbol;Acc:HGNC:16891]
Q96RW7,3143.8438759624037,-1.2424876028491185,0.20731992314678388,-5.993093109384519,2.058868897704867e-09,5.0395443584886945e-08,ENSG00000143341,HMCN1,hemicentin 1 [Source:HGNC Symbol;Acc:HGNC:19194]
Q96S65,4537.590406180655,1.3939528179670084,0.2557760452454075,5.4498958908742345,5.0399314276941116e-08,9.073522261744157e-07,ENSG00000144655,CSRNP1,cysteine and serine rich nuclear protein 1 [Source:HGNC Symbol;Acc:HGNC:14300]
Q96S96,645.8826410601737,1.3506855199283903,0.23642760579488187,5.712892601468071,1.1107178272874425e-08,2.317480696593875e-07,ENSG00000134020,PEBP4,phosphatidylethanolamine binding protein 4 [Source:HGNC Symbol;Acc:HGNC:28319]
Q96S97,3624.466356878907,0.7130473891984308,0.26872290950721833,2.653467062060361,0.007966954571772709,0.029099572064570273,ENSG00000179820,MYADM,myeloid associated differentiation marker [Source:HGNC Symbol;Acc:HGNC:7544]
Q96SJ8,631.7343989238545,0.8073223758946091,0.16105237971617858,5.012793833393504,5.364536617328948e-07,7.6083273671107795e-06,ENSG00000157570,TSPAN18,tetraspanin 18 [Source:HGNC Symbol;Acc:HGNC:20660]
Q96SL4,160.31520825788334,-0.5882205912346128,0.14080696463745837,-4.177496423910061,2.9473529640061335e-05,0.0002555067699221355,ENSG00000116157,GPX7,glutathione peroxidase 7 [Source:HGNC Symbol;Acc:HGNC:4559]
Q96SM3,366.5418804262965,-3.136045681910458,0.40361515271813775,-7.769890849713706,7.855378764037013e-15,5.606554150876125e-13,ENSG00000088882,CPXM1,"carboxypeptidase X, M14 family member 1 [Source:HGNC Symbol;Acc:HGNC:15771]"
Q96SN7,985.3335281422088,-0.8000551123547474,0.13268642457822588,-6.029668181186624,1.6429666097203298e-09,4.1081616338743934e-08,ENSG00000160991,ORAI2,ORAI calcium release-activated calcium modulator 2 [Source:HGNC Symbol;Acc:HGNC:21667]
Q96SQ7,466.59479691889555,1.116347204463442,0.23255922683463795,4.800270536061012,1.5845143465173105e-06,2.0000757880363415e-05,ENSG00000168874,ATOH8,atonal bHLH transcription factor 8 [Source:HGNC Symbol;Acc:HGNC:24126]
Q96SQ9,111.28319592556443,-0.5754063366665272,0.14762147788575328,-3.8978497228692137,9.705060827592206e-05,0.0007204153870471845,ENSG00000167600,CYP2S1,cytochrome P450 family 2 subfamily S member 1 [Source:HGNC Symbol;Acc:HGNC:15654]
Q96T17,29.51143263235922,-0.8035820844488754,0.2904473622042923,-2.766704708041586,0.005662602086778784,0.02202134128404502,ENSG00000184368,MAP7D2,MAP7 domain containing 2 [Source:HGNC Symbol;Acc:HGNC:25899]
Q96T21,769.5764115659663,0.6611663426769562,0.12486317830897051,5.295126646871972,1.1893395380042472e-07,1.9683150917244064e-06,ENSG00000187742,SECISBP2,SECIS binding protein 2 [Source:HGNC Symbol;Acc:HGNC:30972]
Q96T51,30.11013170663506,-0.6816849954177634,0.2342588786195705,-2.90996439253344,0.003614699354732368,0.015204764365681411,ENSG00000176783,RUFY1,RUN and FYVE domain containing 1 [Source:HGNC Symbol;Acc:HGNC:19760]
Q96T54,93.4415506753532,1.7396255277927994,0.27427612258778794,6.342606535995473,2.259098803306035e-10,6.856552232909834e-09,ENSG00000124780,KCNK17,potassium two pore domain channel subfamily K member 17 [Source:HGNC Symbol;Acc:HGNC:14465]
Q99075,908.6855326083172,1.5889743566886545,0.33242800203707223,4.779905263550731,1.7537781521174102e-06,2.186423028083514e-05,ENSG00000113070,HBEGF,heparin binding EGF like growth factor [Source:HGNC Symbol;Acc:HGNC:3059]
Q99467,332.1203454817185,-1.927931609173641,0.2492460045821664,-7.735055221469275,1.033582310525365e-14,7.305969319335384e-13,ENSG00000134061,CD180,CD180 molecule [Source:HGNC Symbol;Acc:HGNC:6726]
Q99469,350.42746419221123,0.9808037969454327,0.23299901121106745,4.209476219866655,2.55963379602369e-05,0.0002269799548401143,ENSG00000144681,STAC,SH3 and cysteine rich domain [Source:HGNC Symbol;Acc:HGNC:11353]
Q99500,902.2828194101627,-1.7338855092259806,0.21704820558730695,-7.988481197226625,1.3661129752018359e-15,1.1677618432209803e-13,ENSG00000213694,S1PR3,sphingosine-1-phosphate receptor 3 [Source:HGNC Symbol;Acc:HGNC:3167]
Q99518,6163.751466334606,0.9502743296705528,0.2068586353686859,4.593834470467577,4.351746187686581e-06,4.839808896784663e-05,ENSG00000094963,FMO2,flavin containing dimethylaniline monoxygenase 2 [Source:HGNC Symbol;Acc:HGNC:3770]
Q99527,174.6795139410384,1.3070085395898514,0.2640456644818963,4.949933725116942,7.423875768884621e-07,1.0163014041401702e-05,ENSG00000164850,GPER1,G protein-coupled estrogen receptor 1 [Source:HGNC Symbol;Acc:HGNC:4485]
Q99569,49.69723669291462,0.9654897732041222,0.25869423799148966,3.732165744008122,0.0001898405174435122,0.0012811330390756482,ENSG00000144283,PKP4,plakophilin 4 [Source:HGNC Symbol;Acc:HGNC:9026]
Q99612,7985.263453069883,1.1401072956518752,0.1736097552710918,6.567069309392186,5.131516589249405e-11,1.8049516245503409e-09,ENSG00000067082,KLF6,KLF transcription factor 6 [Source:HGNC Symbol;Acc:HGNC:2235]
Q99650,3209.233597012543,-0.9405016483060296,0.19400749804137415,-4.847759276321669,1.2486378434100098e-06,1.61037771921429e-05,ENSG00000145623,OSMR,oncostatin M receptor [Source:HGNC Symbol;Acc:HGNC:8507]
Q99661,23.608188928856617,-1.1198838523290493,0.26659936045265414,-4.20062467677199,2.6617953825042135e-05,0.0002345315036586014,ENSG00000142945,KIF2C,kinesin family member 2C [Source:HGNC Symbol;Acc:HGNC:6393]
Q99677,16.18125769228895,-1.007404731747491,0.27352820960504964,-3.683001227559284,0.00023050404908269307,0.0015098117904572953,ENSG00000147145,LPAR4,lysophosphatidic acid receptor 4 [Source:HGNC Symbol;Acc:HGNC:4478]
Q99687,18.009536010592633,-1.6382789306850425,0.2269904793703861,-7.2173905056688366,5.299463411590038e-13,2.7499850842166284e-11,ENSG00000105419,MEIS3,Meis homeobox 3 [Source:HGNC Symbol;Acc:HGNC:29537]
Q99727,66.75238001927141,-3.054078367467081,0.2813657610933156,-10.85447765783481,1.8988934048465486e-27,1.3086935984526808e-24,ENSG00000157150,TIMP4,TIMP metallopeptidase inhibitor 4 [Source:HGNC Symbol;Acc:HGNC:11823]
Q99741,37.00475363636622,-1.1878599066733433,0.17611942666936428,-6.744627376645723,1.5342024541224162e-11,6.052826641004609e-10,ENSG00000094804,CDC6,cell division cycle 6 [Source:HGNC Symbol;Acc:HGNC:1744]
Q99797,164.59022526425736,-0.7929983726320605,0.15296813354784616,-5.184075625685937,2.1708883929735858e-07,3.384007337366529e-06,ENSG00000027001,MIPEP,mitochondrial intermediate peptidase [Source:HGNC Symbol;Acc:HGNC:7104]
Q99811,66.88052883674065,-1.437297884519521,0.2238244774146745,-6.421540222594475,1.3490235687138448e-10,4.299330315666927e-09,ENSG00000167157,PRRX2,paired related homeobox 2 [Source:HGNC Symbol;Acc:HGNC:21338]
Q99814,726.4564421817712,0.959153667395441,0.27864749001340183,3.442175873715243,0.0005770549423058561,0.003300407079256574,ENSG00000116016,EPAS1,endothelial PAS domain protein 1 [Source:HGNC Symbol;Acc:HGNC:3374]
Q99816,45.60077099516521,0.7199470332093829,0.21008492164115652,3.426933392388415,0.0006104387848154604,0.0034670659181870113,ENSG00000074319,TSG101,tumor susceptibility 101 [Source:HGNC Symbol;Acc:HGNC:15971]
Q99952,336.6125628835625,0.5817318059683508,0.16094450110777359,3.6144869937420516,0.000300942922479977,0.0019011730771622496,ENSG00000072135,PTPN18,protein tyrosine phosphatase non-receptor type 18 [Source:HGNC Symbol;Acc:HGNC:9649]
Q99958,41.21663105113445,-0.8105059444770782,0.1909170060114502,-4.24533131652226,2.182706615247144e-05,0.00019793343623626856,ENSG00000176692,FOXC2,forkhead box C2 [Source:HGNC Symbol;Acc:HGNC:3801]
Q99961,962.0949414394435,-0.7109969138254049,0.1275830131345531,-5.572818013598447,2.5065137032170226e-08,4.844754882624734e-07,ENSG00000141985,SH3GL1,"SH3 domain containing GRB2 like 1, endophilin A2 [Source:HGNC Symbol;Acc:HGNC:10830]"
Q99962,53.916225632576165,1.1561977071304668,0.2649499605122505,4.363834230792451,1.2780243582415946e-05,0.00012493594502065657,ENSG00000107295,SH3GL2,"SH3 domain containing GRB2 like 2, endophilin A1 [Source:HGNC Symbol;Acc:HGNC:10831]"
Q99967,272.34696862267884,0.8947788423447347,0.16276857105144782,5.497245792382815,3.8576883315807745e-08,7.131387968540017e-07,ENSG00000164442,CITED2,Cbp/p300 interacting transactivator with Glu/Asp rich carboxy-terminal domain 2 [Source:HGNC Symbol;Acc:HGNC:1987]
Q99983,422.42230617751835,-0.6437175354533087,0.26473766502417745,-2.431529851993371,0.015035209292879992,0.04876272143311402,ENSG00000127083,OMD,osteomodulin [Source:HGNC Symbol;Acc:HGNC:8134]
Q99985,2227.8013551707368,-0.549138214845016,0.12174400580433117,-4.510597554409368,6.464526312775658e-06,6.841106684354816e-05,ENSG00000075223,SEMA3C,semaphorin 3C [Source:HGNC Symbol;Acc:HGNC:10725]
Q99988,770.4010655008343,-2.0334247935639906,0.2620045361855517,-7.761028962200558,8.424307446451616e-15,5.993215368517546e-13,ENSG00000130513,GDF15,growth differentiation factor 15 [Source:HGNC Symbol;Acc:HGNC:30142]
Q9BPV8,352.3886443480078,0.9391111487296893,0.21932824980526613,4.28176101146794,1.8542006369438217e-05,0.00017217911935645913,ENSG00000181631,P2RY13,purinergic receptor P2Y13 [Source:HGNC Symbol;Acc:HGNC:4537]
Q9BPW9,316.8274092398906,-1.6434367607441216,0.2709421140773409,-6.065637918049903,1.3143092872335882e-09,3.3728194802443503e-08,ENSG00000073737,DHRS9,dehydrogenase/reductase 9 [Source:HGNC Symbol;Acc:HGNC:16888]
Q9BQ16,17.752874178397214,-0.9883395333649609,0.4082295270387257,-2.421038822287846,0.015476224374125068,0.049854801187634926,ENSG00000196104,SPOCK3,"SPARC (osteonectin), cwcv and kazal like domains proteoglycan 3 [Source:HGNC Symbol;Acc:HGNC:13565]"
Q9BQ31,898.0045644846008,0.6448479786090342,0.12201345027548789,5.285056501173151,1.2566596518412737e-07,2.0697813264904743e-06,ENSG00000170745,KCNS3,potassium voltage-gated channel modifier subfamily S member 3 [Source:HGNC Symbol;Acc:HGNC:6302]
Q9BQ51,306.79084109333246,0.5133953502103237,0.20628237011774542,2.488798969670937,0.012817541883323494,0.042868982210314883,ENSG00000197646,PDCD1LG2,programmed cell death 1 ligand 2 [Source:HGNC Symbol;Acc:HGNC:18731]
Q9BQ52,42.65849673251928,0.534781037936851,0.13540236264305874,3.9495694720380556,7.829188568500486e-05,0.0005989071269153996,ENSG00000006744,ELAC2,elaC ribonuclease Z 2 [Source:HGNC Symbol;Acc:HGNC:14198]
Q9BQA5,16.59579403457593,0.5209284992714466,0.18909557739845087,2.7548423206840913,0.005872042697963724,0.02266795548063924,ENSG00000172273,HINFP,histone H4 transcription factor [Source:HGNC Symbol;Acc:HGNC:17850]
Q9BQB4,20.1989381645974,1.9731261104809594,0.6485035327365862,3.0425834415344934,0.0023455677781066895,0.01067240597861872,ENSG00000167941,SOST,sclerostin [Source:HGNC Symbol;Acc:HGNC:13771]
Q9BQE4,24.432250553969887,0.5605179067590326,0.1888723302003916,2.9677079017573873,0.003000293024874162,0.01303899687976617,ENSG00000131871,SELENOS,selenoprotein S [Source:HGNC Symbol;Acc:HGNC:30396]
Q9BQF6,27.24865089742915,0.8627472633590926,0.1933101816566853,4.463020291871191,8.081239660870044e-06,8.324318518487994e-05,ENSG00000138468,SENP7,SUMO specific peptidase 7 [Source:HGNC Symbol;Acc:HGNC:30402]
Q9BQI4,1017.5804719779759,-1.3059664620564526,0.20698337255803329,-6.309523542478225,2.798957899842299e-10,8.341651016638117e-09,ENSG00000151468,CCDC3,coiled-coil domain containing 3 [Source:HGNC Symbol;Acc:HGNC:23813]
Q9BQI5,59.80500009907593,1.56670121859108,0.24850203294907458,6.304581093355254,2.889743942524626e-10,8.577444536801896e-09,ENSG00000118473,SGIP1,SH3GL interacting endocytic adaptor 1 [Source:HGNC Symbol;Acc:HGNC:25412]
Q9BQS8,829.3614034314044,-0.6167703871669113,0.19638008109062394,-3.1406972832559785,0.0016854614658295207,0.008119521006422947,ENSG00000163820,FYCO1,FYVE and coiled-coil domain autophagy adaptor 1 [Source:HGNC Symbol;Acc:HGNC:14673]
Q9BR39,688.8584038641701,-1.2344774372536962,0.24749327741272206,-4.987923107079269,6.103184917182719e-07,8.556874771999218e-06,ENSG00000149596,JPH2,junctophilin 2 [Source:HGNC Symbol;Acc:HGNC:14202]
Q9BR77,15.76309751078451,0.9379528625086335,0.29356175474336266,3.195078539193942,0.0013979279294127319,0.006962927931763164,ENSG00000120647,CCDC77,coiled-coil domain containing 77 [Source:HGNC Symbol;Acc:HGNC:28203]
Q9BR84,29.620298915708716,0.6489616337191074,0.1435254578467385,4.521578564912793,6.138017013275557e-06,6.536350903465917e-05,ENSG00000188321,ZNF559,zinc finger protein 559 [Source:HGNC Symbol;Acc:HGNC:28197]
Q9BRK0,23.800430580635787,-1.6142719346300634,0.24827120749793108,-6.502050523291211,7.923247847781957e-11,2.6800507367328724e-09,ENSG00000132563,REEP2,receptor accessory protein 2 [Source:HGNC Symbol;Acc:HGNC:17975]
Q9BRK3,168.08531108183448,-1.0483623846688055,0.19059195866630846,-5.500559373044146,3.7858823820046254e-08,7.01628992039748e-07,ENSG00000162576,MXRA8,matrix remodeling associated 8 [Source:HGNC Symbol;Acc:HGNC:7542]
Q9BRQ4,36.43239746481941,-1.4201531339049158,0.32510311418181503,-4.368315995615749,1.2520824384550103e-05,0.00012267920251820522,ENSG00000137691,CFAP300,cilia and flagella associated protein 300 [Source:HGNC Symbol;Acc:HGNC:28188]
Q9BRQ8,320.41141671377017,-0.5985263656947234,0.09333090433972849,-6.412949386154685,1.4273091782517533e-10,4.529190880167506e-09,ENSG00000042286,AIFM2,apoptosis inducing factor mitochondria associated 2 [Source:HGNC Symbol;Acc:HGNC:21411]
Q9BRX8,1331.1526887306447,-0.5840046214052885,0.09532429728731603,-6.126503294800548,8.983134732216555e-10,2.3840439637100352e-08,ENSG00000122378,PRXL2A,peroxiredoxin like 2A [Source:HGNC Symbol;Acc:HGNC:28651]
Q9BS40,440.7458247773407,-1.1093706338065488,0.1688628368822573,-6.569655314864085,5.043186653105642e-11,1.7795590151614692e-09,ENSG00000079257,LXN,latexin [Source:HGNC Symbol;Acc:HGNC:13347]
Q9BS91,25.970285040067452,0.6054896655997828,0.1654800753057394,3.658988337303363,0.00025321286200981764,0.0016381215778130003,ENSG00000138459,SLC35A5,solute carrier family 35 member A5 [Source:HGNC Symbol;Acc:HGNC:20792]
Q9BSE4,543.5479186945751,0.5404677996331769,0.09983855168724641,5.4134178681421865,6.183296283852056e-08,1.0918047737716033e-06,ENSG00000122557,HERPUD2,HERPUD family member 2 [Source:HGNC Symbol;Acc:HGNC:21915]
Q9BSE5,25.474316317110684,-0.7617804872176296,0.18151589720652872,-4.1967700842801445,2.707485400653837e-05,0.00023798677969716906,ENSG00000116771,AGMAT,agmatinase [Source:HGNC Symbol;Acc:HGNC:18407]
Q9BSF4,60.873000213434445,-0.6232113204486952,0.15086540463228443,-4.1309094153672605,3.613309534931922e-05,0.00030625645074323064,ENSG00000142444,TIMM29,translocase of inner mitochondrial membrane 29 [Source:HGNC Symbol;Acc:HGNC:25152]
Q9BSK1,237.2372041742631,0.6957616813493559,0.1353792466467096,5.139352586035877,2.756866724241274e-07,4.190209423598694e-06,ENSG00000161551,ZNF577,zinc finger protein 577 [Source:HGNC Symbol;Acc:HGNC:28673]
Q9BSN7,1477.185885769247,0.6862137482254798,0.2033553236937125,3.374456767402036,0.0007396153239862955,0.004073957808084829,ENSG00000131634,TMEM204,transmembrane protein 204 [Source:HGNC Symbol;Acc:HGNC:14158]
Q9BST9,50.88639499097216,0.8839356704956707,0.20893620876698069,4.230648558773714,2.330184903088318e-05,0.00020907200102811133,ENSG00000114993,RTKN,rhotekin [Source:HGNC Symbol;Acc:HGNC:10466]
Q9BSW2,34.307301927882285,-1.198130822763008,0.239534957083884,-5.001903844637709,5.676690399090082e-07,8.009835576553594e-06,ENSG00000130038,CRACR2A,calcium release activated channel regulator 2A [Source:HGNC Symbol;Acc:HGNC:28657]
Q9BSW7,122.10013460929396,0.7822097654807177,0.1549563473447303,5.047936266466976,4.4660807182764367e-07,6.4544524351814244e-06,ENSG00000103528,SYT17,synaptotagmin 17 [Source:HGNC Symbol;Acc:HGNC:24119]
Q9BT40,461.2493823322664,0.9708126770233388,0.12079686192896118,8.03673755692643,9.226198505820131e-16,8.305084973361517e-14,ENSG00000132376,INPP5K,inositol polyphosphate-5-phosphatase K [Source:HGNC Symbol;Acc:HGNC:33882]
Q9BT67,94.03931636792653,1.005381316262014,0.19622604328624874,5.123587569848684,2.997763216832796e-07,4.518979493098461e-06,ENSG00000131507,NDFIP1,Nedd4 family interacting protein 1 [Source:HGNC Symbol;Acc:HGNC:17592]
Q9BT76,197.69864868995472,3.6858025582400056,0.36295512704546024,10.154981383630814,3.1487026935680744e-24,1.1022458603801637e-21,ENSG00000243566,UPK3B,uroplakin 3B [Source:HGNC Symbol;Acc:HGNC:21444]
Q9BT81,663.1101523152118,1.1887634759286054,0.2712892273873903,4.381904461805622,1.1764639898022224e-05,0.00011598451869064914,ENSG00000171056,SOX7,SRY-box transcription factor 7 [Source:HGNC Symbol;Acc:HGNC:18196]
Q9BTD3,54.398185118429005,-0.5951653284865267,0.19648672325290706,-3.029035848495789,0.002453355693768536,0.011071476666742644,ENSG00000184986,TMEM121,transmembrane protein 121 [Source:HGNC Symbol;Acc:HGNC:20511]
Q9BTL4,2213.933225154131,1.4580224434563682,0.23506817709662778,6.202551368137889,5.555504256988325e-10,1.5372784301583502e-08,ENSG00000160888,IER2,immediate early response 2 [Source:HGNC Symbol;Acc:HGNC:28871]
Q9BTN0,175.77097263693943,-0.6382167829753082,0.1261601740290748,-5.058781726380824,4.219435109094275e-07,6.138220441686355e-06,ENSG00000126243,LRFN3,leucine rich repeat and fibronectin type III domain containing 3 [Source:HGNC Symbol;Acc:HGNC:28370]
Q9BTP6,302.46245531407874,2.3059546480542874,0.2741232224228836,8.412109808401945,4.027006152684906e-17,4.554440702118611e-15,ENSG00000177494,ZBED2,zinc finger BED-type containing 2 [Source:HGNC Symbol;Acc:HGNC:20710]
Q9BTT4,70.95798422286917,0.712091626111897,0.2272521782457608,3.1334864713235393,0.0017274288149720755,0.008285496973769934,ENSG00000133398,MED10,mediator complex subunit 10 [Source:HGNC Symbol;Acc:HGNC:28760]
Q9BU20,61.7346963738342,-0.5045037664800621,0.15798383913537684,-3.19338844555962,0.001406136552125226,0.006992319170365216,ENSG00000132881,CPLANE2,ciliogenesis and planar polarity effector complex subunit 2 [Source:HGNC Symbol;Acc:HGNC:28127]
Q9BU23,271.76191261609046,0.7364617811963149,0.20466959883622066,3.5982959139214485,0.00032030905639111125,0.001998895282866318,ENSG00000100258,LMF2,lipase maturation factor 2 [Source:HGNC Symbol;Acc:HGNC:25096]
Q9BU79,151.82952245839982,0.5439943308173029,0.1652474283269125,3.2919987701176643,0.0009947804675602312,0.005227278635113972,ENSG00000135185,TMEM243,transmembrane protein 243 [Source:HGNC Symbol;Acc:HGNC:21707]
Q9BUB4,171.41878236336987,-0.6183619795909827,0.0947417770628774,-6.5268142393043105,6.718328256641561e-11,2.3078817970712304e-09,ENSG00000065457,ADAT1,adenosine deaminase tRNA specific 1 [Source:HGNC Symbol;Acc:HGNC:228]
Q9BUD6,520.4539925684132,-0.7783849868376953,0.19543876542701885,-3.9827563643117743,6.812057964181984e-05,0.0005319139478949698,ENSG00000159674,SPON2,spondin 2 [Source:HGNC Symbol;Acc:HGNC:11253]
Q9BUX1,28.628089506241896,-1.5424268207782625,0.3552798801729528,-4.341441513736713,1.4155095976136307e-05,0.00013618723986254423,ENSG00000128965,CHAC1,ChaC glutathione specific gamma-glutamylcyclotransferase 1 [Source:HGNC Symbol;Acc:HGNC:28680]
Q9BUY7,119.58357110229882,-0.7446077806157381,0.21132529031257366,-3.523514764912331,0.00042586336868434836,0.00254286856245177,ENSG00000140025,EFCAB11,EF-hand calcium binding domain 11 [Source:HGNC Symbol;Acc:HGNC:20357]
Q9BV20,136.03896422459724,0.5608435666461292,0.13060121472441893,4.294321211556591,1.752286241065668e-05,0.00016395808553441765,ENSG00000037757,MRI1,methylthioribose-1-phosphate isomerase 1 [Source:HGNC Symbol;Acc:HGNC:28469]
Q9BV36,126.80020782499166,1.132562740654898,0.19407432547799913,5.83571648576096,5.355990348150091e-09,1.212741387454847e-07,ENSG00000115648,MLPH,melanophilin [Source:HGNC Symbol;Acc:HGNC:29643]
Q9BVA6,211.66306711248842,-0.6176086092420273,0.10975837464359033,-5.626983920339007,1.8338781499654028e-08,3.6240455841699816e-07,ENSG00000198855,FICD,FIC domain protein adenylyltransferase [Source:HGNC Symbol;Acc:HGNC:18416]
Q9BVH7,235.05597840445918,1.3459098574603825,0.2017600313014732,6.670844808946831,2.5433506127219064e-11,9.55554589658755e-10,ENSG00000117069,ST6GALNAC5,"ST6 N-acetylgalactosaminide alpha-2,6-sialyltransferase 5 [Source:HGNC Symbol;Acc:HGNC:19342]"
Q9BVJ7,678.7199579388588,-0.7856973613559474,0.1431383255865076,-5.489077492953489,4.040383463874957e-08,7.419368602189701e-07,ENSG00000158716,DUSP23,dual specificity phosphatase 23 [Source:HGNC Symbol;Acc:HGNC:21480]
Q9BVV2,34.48954440922584,-0.8506054968320149,0.33303848844878847,-2.5540756589243676,0.010647011857889731,0.03679241609431215,ENSG00000125531,FNDC11,fibronectin type III domain containing 11 [Source:HGNC Symbol;Acc:HGNC:28764]
Q9BVV8,24.525992498863836,-0.8304461008540596,0.23824820110986072,-3.485634296441656,0.0004909717078604678,0.0028715196776823077,ENSG00000228300,FAM174C,family with sequence similarity 174 member C [Source:HGNC Symbol;Acc:HGNC:26073]
Q9BVX2,181.7116880716317,0.6415057816853267,0.17665269133868097,3.631452070296642,0.0002818310042314419,0.0017937953729639884,ENSG00000134291,TMEM106C,transmembrane protein 106C [Source:HGNC Symbol;Acc:HGNC:28775]
Q9BW91,323.23042540427554,0.5219448790811345,0.133175658837715,3.9192213024240816,8.883551867264876e-05,0.0006672951392393037,ENSG00000170502,NUDT9,nudix hydrolase 9 [Source:HGNC Symbol;Acc:HGNC:8056]
Q9BWH6,12.952908826896369,0.6222409950686182,0.19000107508510475,3.2749340749251328,0.001056866338873273,0.005499794770531185,ENSG00000103932,RPAP1,RNA polymerase II associated protein 1 [Source:HGNC Symbol;Acc:HGNC:24567]
Q9BWQ8,80.1883395656329,-1.8062242431824038,0.2733816517242716,-6.606969530655016,3.922667336936757e-11,1.4182050073574302e-09,ENSG00000135472,FAIM2,Fas apoptotic inhibitory molecule 2 [Source:HGNC Symbol;Acc:HGNC:17067]
Q9BX26,63.302091059136096,0.7215432917000585,0.19232360616805466,3.7517146546720084,0.0001756292904255856,0.00119954424622046,ENSG00000196074,SYCP2,synaptonemal complex protein 2 [Source:HGNC Symbol;Acc:HGNC:11490]
Q9BX46,34.2458750411364,-0.8869316801793387,0.2964210831292393,-2.992134266619076,0.0027703439083438595,0.012246374935781814,ENSG00000112183,RBM24,RNA binding motif protein 24 [Source:HGNC Symbol;Acc:HGNC:21539]
Q9BX51,390.37764338421596,2.3641753644624175,0.2682598832082905,8.813003778976347,1.218364411390291e-18,1.767750574263255e-16,ENSG00000149435,GGTLC1,gamma-glutamyltransferase light chain 1 [Source:HGNC Symbol;Acc:HGNC:16437]
Q9BX82,293.3057379997942,0.7976128228358099,0.12969343599948593,6.1499860551074566,7.748975968167972e-10,2.0866412210253534e-08,ENSG00000196263,ZNF471,zinc finger protein 471 [Source:HGNC Symbol;Acc:HGNC:23226]
Q9BX84,58.89335746000468,-0.9076911817658232,0.19276578562354468,-4.708777435942224,2.4920699800300885e-06,2.9804832613657038e-05,ENSG00000119121,TRPM6,transient receptor potential cation channel subfamily M member 6 [Source:HGNC Symbol;Acc:HGNC:17995]
Q9BX93,34.42351771293588,1.586673575483447,0.3777213936420358,4.200645243269243,2.66155357777802e-05,0.0002345315036586014,ENSG00000138308,PLA2G12B,phospholipase A2 group XIIB [Source:HGNC Symbol;Acc:HGNC:18555]
Q9BX97,689.2723814368417,-1.5090341158906424,0.2861041306976663,-5.274422680339691,1.331746499679733e-07,2.184171709842999e-06,ENSG00000130300,PLVAP,plasmalemma vesicle associated protein [Source:HGNC Symbol;Acc:HGNC:13635]
Q9BXB1,568.7512647490371,-0.6982421867334347,0.15888346530714795,-4.3946812551175,1.1093540820899014e-05,0.00011010663783263134,ENSG00000205213,LGR4,leucine rich repeat containing G protein-coupled receptor 4 [Source:HGNC Symbol;Acc:HGNC:13299]
Q9BXC0,134.0752710518355,-2.373428285871038,0.38342027362966435,-6.190148119719591,6.010770591444588e-10,1.652886965383029e-08,ENSG00000196917,HCAR1,hydroxycarboxylic acid receptor 1 [Source:HGNC Symbol;Acc:HGNC:4532]
Q9BXI3,23.21593589152094,-1.6583602824296024,0.27231877255373915,-6.089775842032127,1.1306888977312971e-09,2.958032378477583e-08,ENSG00000116981,NT5C1A,"5'-nucleotidase, cytosolic IA [Source:HGNC Symbol;Acc:HGNC:17819]"
Q9BXJ4,33.6106231717306,0.5553851758413454,0.18897460011459263,2.938940870913681,0.003293358975153061,0.014119700396194711,ENSG00000082196,C1QTNF3,C1q and TNF related 3 [Source:HGNC Symbol;Acc:HGNC:14326]
Q9BXL8,156.09696215462952,-0.6430206503762079,0.1291785650335132,-4.977765856195934,6.432239942935829e-07,8.938665387618574e-06,ENSG00000170779,CDCA4,cell division cycle associated 4 [Source:HGNC Symbol;Acc:HGNC:14625]
Q9BXM0,16.690170714296645,0.9012899210808938,0.20820617230490507,4.328833824200996,1.4990098420910189e-05,0.00014298945959115628,ENSG00000105227,PRX,periaxin [Source:HGNC Symbol;Acc:HGNC:13797]
Q9BXP8,66.65300814698737,-1.5860876459937918,0.3733298019863492,-4.248489238080669,2.152169836552317e-05,0.00019561823483008127,ENSG00000116183,PAPPA2,pappalysin 2 [Source:HGNC Symbol;Acc:HGNC:14615]
Q9BXQ6,29.945125084856326,-0.7122307265218853,0.24854789309555414,-2.8655673466041756,0.0041626272096294695,0.017047832958434227,ENSG00000183307,TMEM121B,transmembrane protein 121B [Source:HGNC Symbol;Acc:HGNC:1844]
Q9BXR5,85.78828667252732,-1.6232254956448977,0.30829621574342025,-5.265148946868126,1.400757437569445e-07,2.2832449762126045e-06,ENSG00000174123,TLR10,toll like receptor 10 [Source:HGNC Symbol;Acc:HGNC:15634]
Q9BXS5,130.00636249078764,0.6158751505122285,0.15999790442299824,3.8492701059633507,0.00011847031354343565,0.0008510567735788045,ENSG00000072958,AP1M1,adaptor related protein complex 1 subunit mu 1 [Source:HGNC Symbol;Acc:HGNC:13667]
Q9BXT2,42.42837829276266,-1.656687458865599,0.4604078238061469,-3.598304314574684,0.0003202987125473275,0.001998895282866318,ENSG00000130433,CACNG6,calcium voltage-gated channel auxiliary subunit gamma 6 [Source:HGNC Symbol;Acc:HGNC:13625]
Q9BXY8,72.17189207286812,0.7827212360612503,0.17355507376988585,4.509930012758077,6.484901673719087e-06,6.856089238360535e-05,ENSG00000133134,BEX2,brain expressed X-linked 2 [Source:HGNC Symbol;Acc:HGNC:30933]
Q9BY19,285.1991652189552,-1.3537705343007718,0.5043808583668549,-2.68402440704069,0.007274179566288424,0.027048517308198433,ENSG00000166959,MS4A8,membrane spanning 4-domains A8 [Source:HGNC Symbol;Acc:HGNC:13380]
Q9BY49,115.53125707771483,0.590809447749326,0.11267115660838703,5.243661869939012,1.574205759292243e-07,2.534126555870885e-06,ENSG00000115425,PECR,peroxisomal trans-2-enoyl-CoA reductase [Source:HGNC Symbol;Acc:HGNC:18281]
Q9BYC5,59.39747242184772,-0.5843930818548659,0.13305719816592876,-4.392044097652646,1.1228991600583013e-05,0.00011135080070110512,ENSG00000033170,FUT8,fucosyltransferase 8 [Source:HGNC Symbol;Acc:HGNC:4019]
Q9BYC9,18.550049164568374,0.535737335169614,0.1998615177233101,2.680542714137161,0.0073502883093606005,0.027280925340733536,ENSG00000242485,MRPL20,mitochondrial ribosomal protein L20 [Source:HGNC Symbol;Acc:HGNC:14478]
Q9BYD5,11.599818449029225,-1.589206455648538,0.2719042201488504,-5.84472890776961,5.07393881239263e-09,1.1512412198406076e-07,ENSG00000105427,CNFN,cornifelin [Source:HGNC Symbol;Acc:HGNC:30183]
Q9BYG5,691.8214339988835,1.269095571636861,0.158947395270275,7.984374764234948,1.4123632763368241e-15,1.1934199117368705e-13,ENSG00000124171,PARD6B,par-6 family cell polarity regulator beta [Source:HGNC Symbol;Acc:HGNC:16245]
Q9BYG7,19.57632781830234,-2.094951056854437,0.28374496534786753,-7.383218427456695,1.545082303192147e-13,8.737242337076823e-12,ENSG00000134042,MRO,maestro [Source:HGNC Symbol;Acc:HGNC:24121]
Q9BYG8,13.854225238046228,-3.0833082042246542,0.3775294164027632,-8.167067439680674,3.159762789931595e-16,3.092020640277612e-14,ENSG00000147697,GSDMC,gasdermin C [Source:HGNC Symbol;Acc:HGNC:7151]
Q9BYH8,1358.8525319184566,1.1004775789543941,0.2462178435891253,4.469528133756261,7.839234787752587e-06,8.105320394237953e-05,ENSG00000144802,NFKBIZ,NFKB inhibitor zeta [Source:HGNC Symbol;Acc:HGNC:29805]
Q9BYJ0,50.02338932973147,2.7695780277333735,0.2993924459246908,9.250661015108022,2.23108584266247e-20,4.31617255912966e-18,ENSG00000137441,FGFBP2,fibroblast growth factor binding protein 2 [Source:HGNC Symbol;Acc:HGNC:29451]
Q9BYP7,54.77601378701782,-1.080808810330962,0.18738393829777222,-5.7678839507228545,8.027304904564838e-09,1.7305394170603416e-07,ENSG00000196632,WNK3,WNK lysine deficient protein kinase 3 [Source:HGNC Symbol;Acc:HGNC:14543]
Q9BYS8,72.56424360031815,1.1834876058366037,0.25361737522679856,4.666429517213732,3.0647870793944028e-06,3.566797585697317e-05,ENSG00000163827,LRRC2,leucine rich repeat containing 2 [Source:HGNC Symbol;Acc:HGNC:14676]
Q9BYV6,23.75954483387234,-1.509340738439324,0.35552265024710134,-4.245413723683362,2.1819045318895344e-05,0.00019793343623626856,ENSG00000147573,TRIM55,tripartite motif containing 55 [Source:HGNC Symbol;Acc:HGNC:14215]
Q9BZ72,727.8413364010206,0.8516059425423229,0.12257003660457141,6.947912933156138,3.707296725789067e-12,1.6384914226563542e-10,ENSG00000090975,PITPNM2,phosphatidylinositol transfer protein membrane associated 2 [Source:HGNC Symbol;Acc:HGNC:21044]
Q9BZF3,671.624503119099,-0.5944419385821765,0.23415132944808142,-2.5387083643015687,0.011126252700607176,0.0380785811699551,ENSG00000079156,OSBPL6,oxysterol binding protein like 6 [Source:HGNC Symbol;Acc:HGNC:16388]
Q9BZF9,734.4675298945339,1.14794015257755,0.13885498183704575,8.267187373404603,1.3715630919599118e-16,1.4472943746451624e-14,ENSG00000137831,UACA,uveal autoantigen with coiled-coil domains and ankyrin repeats [Source:HGNC Symbol;Acc:HGNC:15947]
Q9BZI1,1102.52240859909,0.8969845197567728,0.15666916405568548,5.725341838410234,1.0322567566889279e-08,2.1681324297159632e-07,ENSG00000170561,IRX2,iroquois homeobox 2 [Source:HGNC Symbol;Acc:HGNC:14359]
Q9BZJ6,37.56697489539973,0.6047671310962387,0.19144467508359594,3.158965538384194,0.0015833021126915423,0.0077218365310259334,ENSG00000112218,GPR63,G protein-coupled receptor 63 [Source:HGNC Symbol;Acc:HGNC:13302]
Q9BZL3,1146.6023386305149,-0.9478451303412903,0.21976987071308385,-4.312898429915948,1.6112815289691577e-05,0.0001523154858117694,ENSG00000256235,SMIM3,small integral membrane protein 3 [Source:HGNC Symbol;Acc:HGNC:30248]
Q9BZM4,96.83300297690403,-0.5947905120874829,0.13835750552793685,-4.2989392575264676,1.716174949315656e-05,0.0001612634100221878,ENSG00000131019,ULBP3,UL16 binding protein 3 [Source:HGNC Symbol;Acc:HGNC:14895]
Q9BZQ4,90.68460305155963,-0.9168950902221812,0.22016699892079766,-4.164543708714596,3.119758586770443e-05,0.00026865738333711574,ENSG00000157064,NMNAT2,nicotinamide nucleotide adenylyltransferase 2 [Source:HGNC Symbol;Acc:HGNC:16789]
Q9BZQ8,1924.839208648918,-0.5229261012489241,0.13889540403552164,-3.764891321495339,0.00016662153609319196,0.0011465433251167723,ENSG00000135842,NIBAN1,niban apoptosis regulator 1 [Source:HGNC Symbol;Acc:HGNC:16784]
Q9BZS1,20.999578463955963,-1.6006403928227275,0.20897166959730593,-7.65960474885043,1.8650617794302506e-14,1.2813729745655685e-12,ENSG00000049768,FOXP3,forkhead box P3 [Source:HGNC Symbol;Acc:HGNC:6106]
Q9BZV2,25.307013964049254,2.235070048178218,0.2871781177628158,7.782870316129698,7.089729961951136e-15,5.109702764080731e-13,ENSG00000135917,SLC19A3,solute carrier family 19 member 3 [Source:HGNC Symbol;Acc:HGNC:16266]
Q9BZW8,99.59194286124577,1.51149060999698,0.22355282155399445,6.761223586846617,1.3683116825115074e-11,5.506705446370216e-10,ENSG00000122223,CD244,CD244 molecule [Source:HGNC Symbol;Acc:HGNC:18171]
Q9C010,108.69860109023935,-1.522363172081844,0.2620627397566996,-5.809155370562079,6.278879969944535e-09,1.3847441885715677e-07,ENSG00000135549,PKIB,cAMP-dependent protein kinase inhibitor beta [Source:HGNC Symbol;Acc:HGNC:9018]
Q9C0A1,110.59087958297343,-0.9042938110013236,0.24220595790337765,-3.7335737684952828,0.0001887818676301225,0.0012751593594838352,ENSG00000136367,ZFHX2,zinc finger homeobox 2 [Source:HGNC Symbol;Acc:HGNC:20152]
Q9C0B5,230.558384377145,-0.6769610398549385,0.2340666297209643,-2.892172372721211,0.0038258797859772307,0.015866106205329418,ENSG00000156599,ZDHHC5,zinc finger DHHC-type palmitoyltransferase 5 [Source:HGNC Symbol;Acc:HGNC:18472]
Q9C0F3,657.9234584613316,-0.6701082057766987,0.14796321153870806,-4.528883894909204,5.929606888348737e-06,6.335830926145497e-05,ENSG00000125945,ZNF436,zinc finger protein 436 [Source:HGNC Symbol;Acc:HGNC:20814]
Q9C0G6,585.6998928779202,-1.2782182478420683,0.38945382304510046,-3.282079086675303,0.001030446996210074,0.005380084766670685,ENSG00000115423,DNAH6,dynein axonemal heavy chain 6 [Source:HGNC Symbol;Acc:HGNC:2951]
Q9C0H5,257.8663505589398,-1.1091189337315992,0.2877263351753582,-3.85477030823624,0.00011583833358264778,0.0008348688264155929,ENSG00000147799,ARHGAP39,Rho GTPase activating protein 39 [Source:HGNC Symbol;Acc:HGNC:29351]
Q9C0H6,124.33481740448156,-0.9740680467224907,0.2260112669890743,-4.309820743448062,1.633869296021383e-05,0.00015418636480297638,ENSG00000102271,KLHL4,kelch like family member 4 [Source:HGNC Symbol;Acc:HGNC:6355]
Q9C0I4,50.53920131402444,-2.135011094305891,0.3510534195008253,-6.081727098234039,1.1889481143354126e-09,3.0864811700896174e-08,ENSG00000144229,THSD7B,thrombospondin type 1 domain containing 7B [Source:HGNC Symbol;Acc:HGNC:29348]
Q9C0K7,48.39345544599103,1.2922185558543338,0.26621368957012753,4.854065010484482,1.2095605476772689e-06,1.566391563034321e-05,ENSG00000082146,STRADB,STE20 related adaptor beta [Source:HGNC Symbol;Acc:HGNC:13205]
Q9GZL7,345.4311267833565,-0.8245123316151467,0.11171695765747959,-7.380368646835815,1.5785184334778013e-13,8.880776921408018e-12,ENSG00000138442,WDR12,WD repeat domain 12 [Source:HGNC Symbol;Acc:HGNC:14098]
Q9GZN0,11.035315134094455,-1.3042066220094006,0.3353096822549927,-3.8895584918349946,0.00010042676198081963,0.0007412522153107552,ENSG00000181656,GPR88,G protein-coupled receptor 88 [Source:HGNC Symbol;Acc:HGNC:4539]
Q9GZN6,83.26082765095079,0.971462718054035,0.21091211649572952,4.606007156889466,4.104742679159135e-06,4.59756196273111e-05,ENSG00000063127,SLC6A16,solute carrier family 6 member 16 [Source:HGNC Symbol;Acc:HGNC:13622]
Q9GZP0,359.1110417530622,-0.8578009201708603,0.24726664057475314,-3.4691332327602504,0.0005221404483734425,0.003022384632133307,ENSG00000170962,PDGFD,platelet derived growth factor D [Source:HGNC Symbol;Acc:HGNC:30620]
Q9GZP1,102.18601577509241,-0.8068173474776229,0.13056014802460683,-6.17966017720477,6.423972729423076e-10,1.7599291251515096e-08,ENSG00000125841,NRSN2,neurensin 2 [Source:HGNC Symbol;Acc:HGNC:16229]
Q9GZQ6,36.99652598770059,0.9947628249366934,0.27650114121910646,3.5976807204148873,0.0003210674033517299,0.0020019283329146317,ENSG00000148734,NPFFR1,neuropeptide FF receptor 1 [Source:HGNC Symbol;Acc:HGNC:17425]
Q9GZR5,40.653853863149415,-1.2614344051016593,0.15730016905380115,-8.019281941586552,1.0636511093473306e-15,9.420787777327724e-14,ENSG00000118402,ELOVL4,ELOVL fatty acid elongase 4 [Source:HGNC Symbol;Acc:HGNC:14415]
Q9GZT5,37.50826842210405,-1.1807483785399144,0.24342761216387293,-4.850511279488897,1.2314363035049367e-06,1.5900524729214212e-05,ENSG00000135925,WNT10A,Wnt family member 10A [Source:HGNC Symbol;Acc:HGNC:13829]
Q9GZW8,1838.5279232809069,0.7942929614958045,0.174547499688018,4.55058343955373,5.349736690251357e-06,5.789160596997224e-05,ENSG00000166927,MS4A7,membrane spanning 4-domains A7 [Source:HGNC Symbol;Acc:HGNC:13378]
Q9GZX3,581.9650337299267,-2.79441604801378,0.40824329104133505,-6.844977270504226,7.648801482828876e-12,3.213079388615391e-10,ENSG00000183196,CHST6,carbohydrate sulfotransferase 6 [Source:HGNC Symbol;Acc:HGNC:6938]
Q9GZX9,2091.3863351285954,-0.5783728899781233,0.1162022643785693,-4.977294487944507,6.447918368057437e-07,8.95481055976944e-06,ENSG00000128791,TWSG1,twisted gastrulation BMP signaling modulator 1 [Source:HGNC Symbol;Acc:HGNC:12429]
Q9GZY1,11.722571174570746,1.4322397947992653,0.27854519801275396,5.141857784723634,2.720350080153294e-07,4.137558666737982e-06,ENSG00000254440,PBOV1,prostate and breast cancer overexpressed 1 [Source:HGNC Symbol;Acc:HGNC:21079]
Q9GZZ6,18.730001242348184,1.1938624273649745,0.30323837180491436,3.9370427306377795,8.249192220582087e-05,0.0006264727452917264,ENSG00000129749,CHRNA10,cholinergic receptor nicotinic alpha 10 subunit [Source:HGNC Symbol;Acc:HGNC:13800]
Q9H008,149.5516844797967,-0.5304946024978849,0.09107833121542788,-5.824597304523557,5.72504744823954e-09,1.2844374000353492e-07,ENSG00000107902,LHPP,phospholysine phosphohistidine inorganic pyrophosphate phosphatase [Source:HGNC Symbol;Acc:HGNC:30042]
Q9H013,561.9136029670689,-0.9334452846075721,0.18529710809002414,-5.037559917848638,4.715039855230173e-07,6.796437187401715e-06,ENSG00000135074,ADAM19,ADAM metallopeptidase domain 19 [Source:HGNC Symbol;Acc:HGNC:197]
Q9H015,223.1936662380232,-0.9496534134252944,0.2929118663280581,-3.2421131493583566,0.001186469059714688,0.0060514312310239885,ENSG00000197208,SLC22A4,solute carrier family 22 member 4 [Source:HGNC Symbol;Acc:HGNC:10968]
Q9H079,270.496519243122,0.5808256619131525,0.1593024741262286,3.646055499759006,0.0002662964859785425,0.0017117174881290517,ENSG00000134152,KATNBL1,katanin regulatory subunit B1 like 1 [Source:HGNC Symbol;Acc:HGNC:26199]
Q9H091,48.6847034701508,0.9450715758438653,0.24254033055297342,3.896554332589447,9.757092639862531e-05,0.0007233039364017756,ENSG00000141497,ZMYND15,zinc finger MYND-type containing 15 [Source:HGNC Symbol;Acc:HGNC:20997]
Q9H093,318.6693845413861,-0.5246298990270304,0.17500586062255413,-2.997784743669424,0.002719496798433836,0.012050589188800446,ENSG00000163545,NUAK2,NUAK family kinase 2 [Source:HGNC Symbol;Acc:HGNC:29558]
Q9H0A0,298.800658382631,-0.6651759722552368,0.1541284247494861,-4.315725495387279,1.5907956593837134e-05,0.00015063721542313616,ENSG00000135372,NAT10,N-acetyltransferase 10 [Source:HGNC Symbol;Acc:HGNC:29830]
Q9H0A8,29.867569643035758,0.8180039159449003,0.1873695497717368,4.365724937384087,1.267018397524343e-05,0.00012408003436501714,ENSG00000140365,COMMD4,COMM domain containing 4 [Source:HGNC Symbol;Acc:HGNC:26027]
Q9H0B3,163.17219403909465,1.8970564208973384,0.28482783709859016,6.6603617126113,2.7315447733674372e-11,1.02104217681094e-09,ENSG00000130518,IQCN,IQ motif containing N [Source:HGNC Symbol;Acc:HGNC:29350]
Q9H0B8,3210.0713213659865,-1.3309029294024801,0.29849921036847976,-4.458648074008499,8.247821023608941e-06,8.472167901940923e-05,ENSG00000103196,CRISPLD2,cysteine rich secretory protein LCCL domain containing 2 [Source:HGNC Symbol;Acc:HGNC:25248]
Q9H0E7,155.93384098827667,1.1466084659496392,0.2002380229263822,5.726227462659234,1.0268851719139507e-08,2.163030141489042e-07,ENSG00000136014,USP44,ubiquitin specific peptidase 44 [Source:HGNC Symbol;Acc:HGNC:20064]
Q9H0H3,104.21113903595793,-1.2892799757197098,0.23428837538303288,-5.502961782085409,3.734634017534048e-08,6.927133609982833e-07,ENSG00000183655,KLHL25,kelch like family member 25 [Source:HGNC Symbol;Acc:HGNC:25732]
Q9H0I3,655.7798116366981,-1.6882988968072055,0.39280190244945024,-4.2980924641129326,1.7227429981927572e-05,0.0001616739322644386,ENSG00000103021,CCDC113,coiled-coil domain containing 113 [Source:HGNC Symbol;Acc:HGNC:25002]
Q9H0L4,1165.2536361056518,-0.5049802188559978,0.11013382901529407,-4.585150842125648,4.53658797831731e-06,5.01503314655689e-05,ENSG00000177613,CSTF2T,cleavage stimulation factor subunit 2 tau variant [Source:HGNC Symbol;Acc:HGNC:17086]
Q9H0Q3,61.07795337451896,1.3253339309757008,0.19590836712920262,6.765070580684469,1.3324422653660545e-11,5.401779728011574e-10,ENSG00000137726,FXYD6,FXYD domain containing ion transport regulator 6 [Source:HGNC Symbol;Acc:HGNC:4030]
Q9H0W8,76.69845226243173,0.5910984631120637,0.1777306859219938,3.3258098343889673,0.0008816205522172656,0.004723821459179137,ENSG00000105771,SMG9,SMG9 nonsense mediated mRNA decay factor [Source:HGNC Symbol;Acc:HGNC:25763]
Q9H0W9,121.95237367168669,0.5368486225525343,0.15747076207863717,3.4091955577407114,0.0006515475557484656,0.0036562925685691247,ENSG00000182919,C11orf54,chromosome 11 open reading frame 54 [Source:HGNC Symbol;Acc:HGNC:30204]
Q9H156,69.01982651257286,1.8554789379555616,0.3196388224094684,5.804923582088001,6.439536682926013e-09,1.4145173506499033e-07,ENSG00000185985,SLITRK2,SLIT and NTRK like family member 2 [Source:HGNC Symbol;Acc:HGNC:13449]
Q9H158,55.86193422924273,-0.8879222996445922,0.23845379748061624,-3.72366600585076,0.00019635064937927957,0.0013194141442445556,ENSG00000248383,PCDHAC1,"protocadherin alpha subfamily C, 1 [Source:HGNC Symbol;Acc:HGNC:8676]"
Q9H159,100.67292354031983,1.1831858429248658,0.2016018324827169,5.868924048725098,4.386323003739213e-09,1.0055713879881974e-07,ENSG00000071991,CDH19,cadherin 19 [Source:HGNC Symbol;Acc:HGNC:1758]
Q9H165,47.33441130032195,-0.6966501245691542,0.20246687376569555,-3.4408103983239817,0.0005799747854764483,0.0033145280950758202,ENSG00000119866,BCL11A,BCL11 transcription factor A [Source:HGNC Symbol;Acc:HGNC:13221]
Q9H1C3,265.6314268633481,-0.5991610741596931,0.13012771128029976,-4.604407994766608,4.136408337773968e-06,4.623636567727678e-05,ENSG00000120820,GLT8D2,glycosyltransferase 8 domain containing 2 [Source:HGNC Symbol;Acc:HGNC:24890]
Q9H1C7,497.27164610319244,0.5690238859783675,0.15746221692386608,3.6137169734723975,0.00030183854093344476,0.001905808309253746,ENSG00000120306,CYSTM1,cysteine rich transmembrane module containing 1 [Source:HGNC Symbol;Acc:HGNC:30239]
Q9H1H9,131.73714932733546,0.5546024067280031,0.12568568919818293,4.412613800871938,1.0213008081264563e-05,0.00010228777485204753,ENSG00000137177,KIF13A,kinesin family member 13A [Source:HGNC Symbol;Acc:HGNC:14566]
Q9H1M0,29.776416231306175,-0.7915860878262364,0.2776135804683673,-2.851395405407531,0.004352780413613163,0.0176886344650497,ENSG00000198088,NUP62CL,nucleoporin 62 C-terminal like [Source:HGNC Symbol;Acc:HGNC:25960]
Q9H1P6,1176.2812355556084,-1.5766907015124882,0.5096601124020106,-3.0936121213834045,0.0019773582046383274,0.009266910178200133,ENSG00000124237,CIMIP1,ciliary microtubule inner protein 1 [Source:HGNC Symbol;Acc:HGNC:16216]
Q9H1U4,2989.3520699506407,-0.5455668859343928,0.19640592880628804,-2.7777516149854957,0.005473644250215853,0.02145676329439396,ENSG00000106780,MEGF9,multiple EGF like domains 9 [Source:HGNC Symbol;Acc:HGNC:3234]
Q9H1U9,126.47040486001232,-0.5909647440291234,0.12950194779746887,-4.563365679667976,5.034002114549553e-06,5.490597558569527e-05,ENSG00000122696,SLC25A51,solute carrier family 25 member 51 [Source:HGNC Symbol;Acc:HGNC:23323]
Q9H1X1,249.87604378457712,-1.4182874932041019,0.38454278597320457,-3.6882436621836145,0.00022580735935788382,0.0014825708553970734,ENSG00000172426,RSPH9,radial spoke head component 9 [Source:HGNC Symbol;Acc:HGNC:21057]
Q9H211,31.287669953999227,-0.8898975543087525,0.18391098608384893,-4.838740595426036,1.3066445376583288e-06,1.6802763051613285e-05,ENSG00000167513,CDT1,chromatin licensing and DNA replication factor 1 [Source:HGNC Symbol;Acc:HGNC:24576]
Q9H228,100.28221150356724,1.4675474053411568,0.1944222037987713,7.548250028376807,4.411454232818766e-14,2.820006134799567e-12,ENSG00000180739,S1PR5,sphingosine-1-phosphate receptor 5 [Source:HGNC Symbol;Acc:HGNC:14299]
Q9H246,669.7932303839897,0.5187158005993334,0.1641696962513287,3.1596318470689453,0.001579686079027104,0.007707609908598175,ENSG00000116667,C1orf21,chromosome 1 open reading frame 21 [Source:HGNC Symbol;Acc:HGNC:15494]
Q9H2A2,20.958400182599593,1.0382836306546044,0.2606576204268971,3.9833235220751844,6.79581413741389e-05,0.00053090642928277,ENSG00000118514,ALDH8A1,aldehyde dehydrogenase 8 family member A1 [Source:HGNC Symbol;Acc:HGNC:15471]
Q9H2E6,593.5919569897771,1.8493985216127558,0.1890806030906908,9.781006043891812,1.358533696543772e-22,3.6097713425995597e-20,ENSG00000092421,SEMA6A,semaphorin 6A [Source:HGNC Symbol;Acc:HGNC:10738]
Q9H2F9,731.2612159440016,1.5403026323585969,0.20367958849006823,7.56238091296863,3.957573989433851e-14,2.5670687283227687e-12,ENSG00000166510,CCDC68,coiled-coil domain containing 68 [Source:HGNC Symbol;Acc:HGNC:24350]
Q9H2H9,2478.0089366752177,-0.5880090124880438,0.12092355189860327,-4.862650850523319,1.1582404686052241e-06,1.5070109318359654e-05,ENSG00000111371,SLC38A1,solute carrier family 38 member 1 [Source:HGNC Symbol;Acc:HGNC:13447]
Q9H2K8,159.08509908829973,0.5234370254352131,0.1187795025647028,4.406795904453978,1.0491095503233695e-05,0.00010483489815510462,ENSG00000135090,TAOK3,TAO kinase 3 [Source:HGNC Symbol;Acc:HGNC:18133]
Q9H2M3,102.37118376450499,-0.8305759248865265,0.19197340880789004,-4.326515479639648,1.5148667861605159e-05,0.00014425247021582045,ENSG00000132840,BHMT2,betaine--homocysteine S-methyltransferase 2 [Source:HGNC Symbol;Acc:HGNC:1048]
Q9H2S9,69.05936245306647,0.7967803021237557,0.18934320572472688,4.208127242136906,2.574958657497625e-05,0.00022806481217852457,ENSG00000123411,IKZF4,IKAROS family zinc finger 4 [Source:HGNC Symbol;Acc:HGNC:13179]
Q9H2U2,17.050220630410518,0.6619151298186597,0.20586628552159814,3.2152672699251474,0.0013032312163225711,0.006548521586871265,ENSG00000138777,PPA2,inorganic pyrophosphatase 2 [Source:HGNC Symbol;Acc:HGNC:28883]
Q9H2Y9,23.55992664916818,-1.6480914873856956,0.2540322026297327,-6.487726635933195,8.714120116401514e-11,2.9206870067951217e-09,ENSG00000137571,SLCO5A1,solute carrier organic anion transporter family member 5A1 [Source:HGNC Symbol;Acc:HGNC:19046]
Q9H334,1039.8634679865618,0.8155491275276701,0.15773698563995597,5.170310084340076,2.3370587572198586e-07,3.618258926173142e-06,ENSG00000114861,FOXP1,forkhead box P1 [Source:HGNC Symbol;Acc:HGNC:3823]
Q9H336,74.78663367343437,-0.9252426589743393,0.22985706648333065,-4.025295689751781,5.690376758043051e-05,0.0004550238180633845,ENSG00000121005,CRISPLD1,cysteine rich secretory protein LCCL domain containing 1 [Source:HGNC Symbol;Acc:HGNC:18206]
Q9H3D4,332.68692207140487,-2.0365164510558627,0.282660652616237,-7.20481054652061,5.812460786814085e-13,2.960462129154684e-11,ENSG00000073282,TP63,tumor protein p63 [Source:HGNC Symbol;Acc:HGNC:15979]
Q9H3H9,118.68583883898594,1.0388788223025505,0.18699590421474788,5.555623406112105,2.7662269701979074e-08,5.281936761969234e-07,ENSG00000184905,TCEAL2,transcription elongation factor A like 2 [Source:HGNC Symbol;Acc:HGNC:29818]
Q9H3M0,13.521331889397938,-1.382443618655057,0.24831471227685004,-5.567304514416965,2.587100567418601e-08,4.975560977034609e-07,ENSG00000162975,KCNF1,potassium voltage-gated channel modifier subfamily F member 1 [Source:HGNC Symbol;Acc:HGNC:6246]
Q9H3R2,62.99883808049963,-3.5137473329595013,0.5470467255329775,-6.423121040595064,1.33508247540161e-10,4.279637923329521e-09,ENSG00000173702,MUC13,"mucin 13, cell surface associated [Source:HGNC Symbol;Acc:HGNC:7511]"
Q9H3T3,13.317247184130064,-1.6011542539336625,0.3003190530923254,-5.331510729828482,9.739906517533675e-08,1.6447465416361997e-06,ENSG00000167680,SEMA6B,semaphorin 6B [Source:HGNC Symbol;Acc:HGNC:10739]
Q9H3U7,788.8974477374628,-1.4252236772743938,0.2199298004047939,-6.480357253319854,9.150569104893999e-11,3.0346864817944703e-09,ENSG00000112562,SMOC2,SPARC related modular calcium binding 2 [Source:HGNC Symbol;Acc:HGNC:20323]
Q9H3W5,263.160765713202,1.8468048711336897,0.2145608028093333,8.607373047419241,7.47538667371234e-18,9.58501033151465e-16,ENSG00000173114,LRRN3,leucine rich repeat neuronal 3 [Source:HGNC Symbol;Acc:HGNC:17200]
Q9H3Y8,309.23023531053377,0.7429021446891025,0.1974017230599614,3.7634025335404173,0.00016761707251709666,0.0011526744363243061,ENSG00000125534,PPDPF,pancreatic progenitor cell differentiation and proliferation factor [Source:HGNC Symbol;Acc:HGNC:16142]
Q9H426,51.05899935732522,0.9668849845787086,0.24253363816398926,3.986601577818862,6.702643930907e-05,0.000524184784582351,ENSG00000101098,RIMS4,regulating synaptic membrane exocytosis 4 [Source:HGNC Symbol;Acc:HGNC:16183]
Q9H427,31.066140196187135,-1.2334077231796219,0.2651393340313277,-4.651922837800775,3.2885413939671194e-06,3.798285654313726e-05,ENSG00000124249,KCNK15,potassium two pore domain channel subfamily K member 15 [Source:HGNC Symbol;Acc:HGNC:13814]
Q9H461,356.40045653157154,0.8311593670090055,0.11686820517923731,7.111937466090807,1.1442510928304774e-12,5.5098937994068446e-11,ENSG00000177283,FZD8,frizzled class receptor 8 [Source:HGNC Symbol;Acc:HGNC:4046]
Q9H479,60.90437586957751,0.595873971876429,0.14183602476792678,4.201146872604493,2.6556622780863024e-05,0.00023417823223076894,ENSG00000167363,FN3K,fructosamine 3 kinase [Source:HGNC Symbol;Acc:HGNC:24822]
Q9H497,998.3142588633139,-0.5388634742139551,0.1262491482048024,-4.268254335782181,1.9700863158380672e-05,0.0001817919816296767,ENSG00000186283,TOR3A,torsin family 3 member A [Source:HGNC Symbol;Acc:HGNC:11997]
Q9H4A3,62.60306496987898,0.8807530021410325,0.2152593257098014,4.091590453685646,4.284247755606763e-05,0.00035400824279562215,ENSG00000060237,WNK1,WNK lysine deficient protein kinase 1 [Source:HGNC Symbol;Acc:HGNC:14540]
Q9H4A9,129.89894190735282,1.4075276580649927,0.19690627787826095,7.148211185705359,8.791598774254296e-13,4.347307609134624e-11,ENSG00000167261,DPEP2,dipeptidase 2 [Source:HGNC Symbol;Acc:HGNC:23028]
Q9H4B0,75.61760871644596,0.6654453481410103,0.18085682924229943,3.6794040398081562,0.00023377963460398588,0.0015271848523567254,ENSG00000128694,OSGEPL1,O-sialoglycoprotein endopeptidase like 1 [Source:HGNC Symbol;Acc:HGNC:23075]
Q9H4D0,265.8781770039746,-0.8917542483167253,0.3106036525035681,-2.871035936406064,0.004091290107697487,0.016786848750727515,ENSG00000158258,CLSTN2,calsyntenin 2 [Source:HGNC Symbol;Acc:HGNC:17448]
Q9H4D5,21.026181977773742,1.847295743322991,0.26223078401754296,7.044541891768927,1.86072662544984e-12,8.712625264898252e-11,ENSG00000147206,NXF3,nuclear RNA export factor 3 [Source:HGNC Symbol;Acc:HGNC:8073]
Q9H4F8,66.15475877787051,-1.5021646079227027,0.26287780272782346,-5.714307531237253,1.1015163957969417e-08,2.3026391083322988e-07,ENSG00000198732,SMOC1,SPARC related modular calcium binding 1 [Source:HGNC Symbol;Acc:HGNC:20318]
Q9H4K1,19.59440506656328,-1.8043623721793804,0.3866089820476385,-4.667150676693395,3.054053685810829e-06,3.558061277700583e-05,ENSG00000128408,RIBC2,RIB43A domain with coiled-coils 2 [Source:HGNC Symbol;Acc:HGNC:13241]
Q9H4M9,10.892420192911619,1.2300921599723376,0.30536588503302015,4.0282566595129765,5.6191980786511974e-05,0.0004499847292177687,ENSG00000110047,EHD1,EH domain containing 1 [Source:HGNC Symbol;Acc:HGNC:3242]
Q9H4X1,4134.863922059002,1.125032346307913,0.19242637996507753,5.846559845443693,5.018430751324485e-09,1.1398194829012378e-07,ENSG00000102760,RGCC,regulator of cell cycle [Source:HGNC Symbol;Acc:HGNC:20369]
Q9H4Y5,124.89776150962079,0.6680010547603941,0.13552755514883325,4.928894747837889,8.269610760717415e-07,1.1175122286572418e-05,ENSG00000065621,GSTO2,glutathione S-transferase omega 2 [Source:HGNC Symbol;Acc:HGNC:23064]
Q9H5K3,386.36024811849524,-0.8093575292985888,0.17464734104983134,-4.6342390581695625,3.582528093402234e-06,4.091614426302065e-05,ENSG00000185900,POMK,protein O-mannose kinase [Source:HGNC Symbol;Acc:HGNC:26267]
Q9H5L6,37.72364312674474,0.5844872947450583,0.1630105907773422,3.5855786544778274,0.00033633161245974973,0.0020818878504424675,ENSG00000168152,THAP9,THAP domain containing 9 [Source:HGNC Symbol;Acc:HGNC:23192]
Q9H5V8,834.2065554348226,-0.5712561243577738,0.16662507813364352,-3.4283922369692235,0.000607167530698652,0.003451152763409297,ENSG00000163814,CDCP1,CUB domain containing protein 1 [Source:HGNC Symbol;Acc:HGNC:24357]
Q9H668,67.94737045483342,0.5583970532699799,0.11459502943056171,4.872785984215291,1.1003540371536091e-06,1.4367796290932916e-05,ENSG00000107960,STN1,STN1 subunit of CST complex [Source:HGNC Symbol;Acc:HGNC:26200]
Q9H694,734.9660743995333,-0.761237152064825,0.16001946204563908,-4.757153550783172,1.963418219663725e-06,2.4177121952241094e-05,ENSG00000122870,BICC1,BicC family RNA binding protein 1 [Source:HGNC Symbol;Acc:HGNC:19351]
Q9H6B1,125.1280807581095,-2.3799437722675414,0.26131600125119775,-9.107531727380714,8.427745085215901e-20,1.5111015456044837e-17,ENSG00000151789,ZNF385D,zinc finger protein 385D [Source:HGNC Symbol;Acc:HGNC:26191]
Q9H6B4,1154.206982286049,-2.0295339638288685,0.17197735459124414,-11.801169803156153,3.84922846323065e-32,7.07424037734073e-29,ENSG00000166250,CLMP,CXADR like membrane protein [Source:HGNC Symbol;Acc:HGNC:24039]
Q9H6B9,58.437829779458426,-0.893774356618684,0.1681593449007246,-5.315044234659318,1.0663142029617711e-07,1.784255950843619e-06,ENSG00000105131,EPHX3,epoxide hydrolase 3 [Source:HGNC Symbol;Acc:HGNC:23760]
Q9H6E4,235.45855295066386,-0.6620134218890587,0.15693614292962624,-4.218361745935866,2.4608378760066715e-05,0.00021954416875991559,ENSG00000100147,CCDC134,coiled-coil domain containing 134 [Source:HGNC Symbol;Acc:HGNC:26185]
Q9H6H4,58.799200748733725,0.5417401869425611,0.20402059730362834,2.6553210514148744,0.007923295957427513,0.028978502329205034,ENSG00000168476,REEP4,receptor accessory protein 4 [Source:HGNC Symbol;Acc:HGNC:26176]
Q9H6I2,330.1662661828135,1.1376095148971341,0.20798698896285903,5.469618655329835,4.510049050242082e-08,8.193131940200897e-07,ENSG00000164736,SOX17,SRY-box transcription factor 17 [Source:HGNC Symbol;Acc:HGNC:18122]
Q9H6L2,49.33299644116961,-0.7513988871095169,0.2563242726307505,-2.9314386788173943,0.003373959691343462,0.014409238387468767,ENSG00000205084,TMEM231,transmembrane protein 231 [Source:HGNC Symbol;Acc:HGNC:37234]
Q9H6R3,327.16271810518856,0.5543501526093475,0.12730506910032027,4.354501800493921,1.3336988458131598e-05,0.00012951736832040258,ENSG00000111058,ACSS3,acyl-CoA synthetase short chain family member 3 [Source:HGNC Symbol;Acc:HGNC:24723]
Q9H6X2,4568.607164290236,-0.7809098756030688,0.18805387521251313,-4.152585926350041,3.287392552084506e-05,0.00028144470242108576,ENSG00000169604,ANTXR1,ANTXR cell adhesion molecule 1 [Source:HGNC Symbol;Acc:HGNC:21014]
Q9H6X4,12.958018842887014,0.9732520835047022,0.2250478139015165,4.324645801405599,1.5277713250557557e-05,0.0001452930953116845,ENSG00000172663,TMEM134,transmembrane protein 134 [Source:HGNC Symbol;Acc:HGNC:26142]
Q9H6Z9,84.20173898382888,-0.815291719376109,0.23797072718268458,-3.4260168426103457,0.0006125024003059889,0.003476100858555913,ENSG00000129521,EGLN3,egl-9 family hypoxia inducible factor 3 [Source:HGNC Symbol;Acc:HGNC:14661]
Q9H741,2542.9529642592825,0.6631050070120352,0.1402814961624195,4.726959899574244,2.2790625117121044e-06,2.7647109259240237e-05,ENSG00000111412,SPRING1,SREBF pathway regulator in golgi 1 [Source:HGNC Symbol;Acc:HGNC:26128]
Q9H756,16.213102571876018,1.6880692904492318,0.25711273484892544,6.565483002781288,5.186446951110713e-11,1.8213678512706315e-09,ENSG00000184434,LRRC19,leucine rich repeat containing 19 [Source:HGNC Symbol;Acc:HGNC:23379]
Q9H772,162.39652675275653,-0.9640931105555525,0.23136909855974344,-4.1669052460201685,3.087627612055089e-05,0.0002660982389850056,ENSG00000180875,GREM2,"gremlin 2, DAN family BMP antagonist [Source:HGNC Symbol;Acc:HGNC:17655]"
Q9H7D3,36.07222728351293,0.6772174709452149,0.21260480948819585,3.1853346712874577,0.0014458669257885423,0.007154397393165921,ENSG00000141002,TCF25,transcription factor 25 [Source:HGNC Symbol;Acc:HGNC:29181]
Q9H7E2,251.55649777762133,0.9226755840386613,0.2540419194427017,3.6319816275312298,0.0002812531499755818,0.001792399762479634,ENSG00000083544,TDRD3,tudor domain containing 3 [Source:HGNC Symbol;Acc:HGNC:20612]
Q9H7M9,1264.0505585066649,0.518961942291998,0.11270178434835067,4.604735810463614,4.129898110515749e-06,4.618700452804986e-05,ENSG00000107738,VSIR,V-set immunoregulatory receptor [Source:HGNC Symbol;Acc:HGNC:30085]
Q9H7S9,492.2924082660752,-0.7977595190660849,0.18459237169716705,-4.321736113639891,1.5480627038008394e-05,0.0001470959710022564,ENSG00000183779,ZNF703,zinc finger protein 703 [Source:HGNC Symbol;Acc:HGNC:25883]
Q9H7V2,38.54330554765641,-1.8669783335069865,0.23209566810022944,-8.04400335770481,8.695013641884038e-16,7.891351064119777e-14,ENSG00000101463,SYNDIG1,synapse differentiation inducing 1 [Source:HGNC Symbol;Acc:HGNC:15885]
Q9H7X2,1244.0292100429865,1.0118070383273892,0.11921550594080355,8.48721003482384,2.1165702337177387e-17,2.4961946488989845e-15,ENSG00000162817,C1orf115,chromosome 1 open reading frame 115 [Source:HGNC Symbol;Acc:HGNC:25873]
Q9H819,323.5993964867803,0.620223268965379,0.09194712068718765,6.745434379347606,1.525698792562684e-11,6.032557309255488e-10,ENSG00000170464,DNAJC18,DnaJ heat shock protein family (Hsp40) member C18 [Source:HGNC Symbol;Acc:HGNC:28429]
Q9H853,30.69573130966878,-1.2441319968763849,0.4599279083934672,-2.705058715010686,0.006829231735878227,0.02565353035310142,ENSG00000243910,TUBA4B,tubulin alpha 4b [Source:HGNC Symbol;Acc:HGNC:18637]
Q9H8M9,272.75562011462597,1.1549685049427214,0.19203024029056184,6.014513668238571,1.8042754415875526e-09,4.460929438203126e-08,ENSG00000115363,EVA1A,"eva-1 homolog A, regulator of programmed cell death [Source:HGNC Symbol;Acc:HGNC:25816]"
Q9H8V3,19.531847702426315,-1.0383722729069178,0.1917113998293031,-5.4163303477595415,6.083465816677547e-08,1.077628555188808e-06,ENSG00000114346,ECT2,epithelial cell transforming 2 [Source:HGNC Symbol;Acc:HGNC:3155]
Q9H8W3,395.8018310530073,0.5678149985075919,0.07798192065122517,7.281367190828108,3.304538732200126e-13,1.7775194439010142e-11,ENSG00000165669,FAM204A,family with sequence similarity 204 member A [Source:HGNC Symbol;Acc:HGNC:25794]
Q9H8X2,64.19961174201333,-0.5561562361272246,0.13625012812000392,-4.081876793813973,4.467347876892196e-05,0.00036803470331333763,ENSG00000127080,IPPK,inositol-pentakisphosphate 2-kinase [Source:HGNC Symbol;Acc:HGNC:14645]
Q9H910,1351.176883432285,-0.8147457179065918,0.14989696452477919,-5.435371693413496,5.4682322085261724e-08,9.772803332806824e-07,ENSG00000206053,JPT2,Jupiter microtubule associated homolog 2 [Source:HGNC Symbol;Acc:HGNC:14137]
Q9H936,207.72984274362267,-0.5241131982571678,0.14906881887190165,-3.515914342271342,0.0004382423493196779,0.002604418424116458,ENSG00000177542,SLC25A22,solute carrier family 25 member 22 [Source:HGNC Symbol;Acc:HGNC:19954]
Q9H972,16.860704548650094,0.7709533123236293,0.24249595223510936,3.179241984114274,0.0014766076338150421,0.00727711838126412,ENSG00000100802,C14orf93,chromosome 14 open reading frame 93 [Source:HGNC Symbol;Acc:HGNC:20162]
Q9H987,29.681200940236913,1.6810232394289206,0.2850354620059038,5.897593329612097,3.6884165303316523e-09,8.589687239697388e-08,ENSG00000166317,SYNPO2L,synaptopodin 2 like [Source:HGNC Symbol;Acc:HGNC:23532]
Q9H9B4,444.02851142906275,-0.6617140679259056,0.06724186776754337,-9.84080439605672,7.510788869062809e-23,2.123627406645015e-20,ENSG00000164466,SFXN1,sideroflexin 1 [Source:HGNC Symbol;Acc:HGNC:16085]
Q9H9E1,39.181787276096806,1.2057960982881846,0.3150908615345936,3.826820277857538,0.00012980921875483414,0.0009196313878635118,ENSG00000164331,ANKRA2,ankyrin repeat family A member 2 [Source:HGNC Symbol;Acc:HGNC:13208]
Q9H9H4,787.1498287286091,0.5817046283413662,0.16911669833345933,3.4396640549023614,0.0005824366664351989,0.003325150981507087,ENSG00000139722,VPS37B,VPS37B subunit of ESCRT-I [Source:HGNC Symbol;Acc:HGNC:25754]
Q9H9J4,164.88205937871098,0.5888280371257476,0.1773285060601921,3.3205492461876194,0.0008984050754317587,0.004800926952646476,ENSG00000106346,USP42,ubiquitin specific peptidase 42 [Source:HGNC Symbol;Acc:HGNC:20068]
Q9H9L3,24.42827982287761,-0.8402946541265696,0.201048812777136,-4.179555415022729,2.9207954239549276e-05,0.0002536032373224487,ENSG00000143319,ISG20L2,interferon stimulated exonuclease gene 20 like 2 [Source:HGNC Symbol;Acc:HGNC:25745]
Q9HA38,1485.7364123113923,-1.2050047133581734,0.153982836279189,-7.825578112961617,5.0532930872641885e-15,3.8297362799492924e-13,ENSG00000172667,ZMAT3,zinc finger matrin-type 3 [Source:HGNC Symbol;Acc:HGNC:29983]
Q9HA64,228.92409182214337,0.5459647049859304,0.14367534497293202,3.799988822638904,0.00014470261438126328,0.0010153584020249381,ENSG00000141560,FN3KRP,fructosamine 3 kinase related protein [Source:HGNC Symbol;Acc:HGNC:25700]
Q9HAE3,498.9470839025285,-1.1491935437778964,0.4370764894637627,-2.6292732999384407,0.008556756229419545,0.03083004441817001,ENSG00000034239,CLXN,calaxin [Source:HGNC Symbol;Acc:HGNC:25678]
Q9HAS3,118.68571556250882,-1.1363159279950417,0.2901770469747162,-3.915940078107045,9.005261474200072e-05,0.0006757469770398381,ENSG00000197506,SLC28A3,solute carrier family 28 member 3 [Source:HGNC Symbol;Acc:HGNC:16484]
Q9HAV4,41.97226333088799,-0.7272052075178906,0.19861612502790857,-3.6613603624363695,0.0002508795872113804,0.0016244563759130308,ENSG00000124571,XPO5,exportin 5 [Source:HGNC Symbol;Acc:HGNC:17675]
Q9HAV5,202.56013073874132,-0.9246700022385819,0.1878262324062747,-4.923007773687801,8.522406578978606e-07,1.1453574326190991e-05,ENSG00000131080,EDA2R,ectodysplasin A2 receptor [Source:HGNC Symbol;Acc:HGNC:17756]
Q9HAW4,29.25452505867924,-0.646704008680191,0.1860143682388311,-3.476634707324665,0.0005077490896835326,0.0029538112434398913,ENSG00000092853,CLSPN,claspin [Source:HGNC Symbol;Acc:HGNC:19715]
Q9HAZ2,205.00516835158484,0.8113434362016452,0.10425771549316616,7.782094901694127,7.133332315029903e-15,5.124381461748192e-13,ENSG00000142611,PRDM16,PR/SET domain 16 [Source:HGNC Symbol;Acc:HGNC:14000]
Q9HB14,36.197553727419454,-0.838711974119708,0.27177219780721845,-3.0860845255210694,0.00202811159858934,0.009461329359405048,ENSG00000152315,KCNK13,potassium two pore domain channel subfamily K member 13 [Source:HGNC Symbol;Acc:HGNC:6275]
Q9HB63,1956.0073132980551,0.6207088732015641,0.1070683733277787,5.797313005786764,6.7385850894057256e-09,1.4743328924777168e-07,ENSG00000074527,NTN4,netrin 4 [Source:HGNC Symbol;Acc:HGNC:13658]
Q9HB89,133.48837106833287,2.187747267595863,0.2290466880862252,9.551534169192092,1.2778966838779696e-21,2.846740754166135e-19,ENSG00000171596,NMUR1,neuromedin U receptor 1 [Source:HGNC Symbol;Acc:HGNC:4518]
Q9HBH1,18.78562800249914,-0.7934776411175898,0.25792469469042306,-3.0763926737219562,0.0020952171670520613,0.00971979793903369,ENSG00000258429,PDF,"peptide deformylase, mitochondrial [Source:HGNC Symbol;Acc:HGNC:30012]"
Q9HBH7,37.66789756709304,1.661774150825645,0.23786162355309604,6.986306264973003,2.8221765432359495e-12,1.2728073923215875e-10,ENSG00000133169,BEX1,brain expressed X-linked 1 [Source:HGNC Symbol;Acc:HGNC:1036]
Q9HBI0,47.544968206874906,0.7051180977559338,0.18301831130742355,3.8527188493806905,0.00011681349125364018,0.0008413470725368323,ENSG00000138964,PARVG,parvin gamma [Source:HGNC Symbol;Acc:HGNC:14654]
Q9HBL0,32.5604065751222,0.6768080863073879,0.20654474613218468,3.2768109525005475,0.0010498663782515629,0.0054685293117524725,ENSG00000079308,TNS1,tensin 1 [Source:HGNC Symbol;Acc:HGNC:11973]
Q9HBR0,63.48029772438087,-0.805393150087746,0.23261356390767127,-3.462365377830769,0.0005354497079952871,0.003092120413754402,ENSG00000157637,SLC38A10,solute carrier family 38 member 10 [Source:HGNC Symbol;Acc:HGNC:28237]
Q9HBW1,633.4678147379636,-0.672090226616402,0.25410046184304336,-2.64497837485848,0.008169613791823798,0.02968248147691632,ENSG00000128594,LRRC4,leucine rich repeat containing 4 [Source:HGNC Symbol;Acc:HGNC:15586]
Q9HC58,472.81333052132464,-0.5086474598864783,0.13096664174329112,-3.883794018964636,0.00010283903873594433,0.0007565083923557425,ENSG00000185052,SLC24A3,solute carrier family 24 member 3 [Source:HGNC Symbol;Acc:HGNC:10977]
Q9HC84,2472.7138412870227,-3.0609454096850106,0.5663064134792649,-5.405104616208069,6.47705773117173e-08,1.13459119303623e-06,ENSG00000117983,MUC5B,"mucin 5B, oligomeric mucus/gel-forming [Source:HGNC Symbol;Acc:HGNC:7516]"
Q9HC98,1125.6388464829222,-0.9477881379824554,0.1634168344296204,-5.79981946958252,6.638635022433049e-09,1.4553524531286128e-07,ENSG00000119408,NEK6,NIMA related kinase 6 [Source:HGNC Symbol;Acc:HGNC:7749]
Q9HCB6,3887.835184456952,-1.7012512807955824,0.160226890486038,-10.617763820011398,2.4639278308419954e-26,1.468634172469983e-23,ENSG00000262655,SPON1,spondin 1 [Source:HGNC Symbol;Acc:HGNC:11252]
Q9HCE6,36.4032952485173,-0.7179096563136632,0.18069607082649758,-3.973023060379616,7.096617570440815e-05,0.0005506995211066212,ENSG00000074964,ARHGEF10L,Rho guanine nucleotide exchange factor 10 like [Source:HGNC Symbol;Acc:HGNC:25540]
Q9HCJ1,946.9426103540521,-0.5497075244364457,0.09600878090538781,-5.725596338715694,1.0307103436320587e-08,2.1669481333137676e-07,ENSG00000154122,ANKH,ANKH inorganic pyrophosphate transport regulator [Source:HGNC Symbol;Acc:HGNC:15492]
Q9HCJ2,70.85698352945077,-1.3838791270533977,0.23330925270119413,-5.931522693726046,3.001380687030719e-09,7.14821270753515e-08,ENSG00000148948,LRRC4C,leucine rich repeat containing 4C [Source:HGNC Symbol;Acc:HGNC:29317]
Q9HCJ3,673.6364820967506,0.5172065499169473,0.11892700499506491,4.348941184034776,1.3679639074862248e-05,0.00013232050884079476,ENSG00000162437,RAVER2,"ribonucleoprotein, PTB binding 2 [Source:HGNC Symbol;Acc:HGNC:25577]"
Q9HCJ6,48.416242501293254,-1.5868501476166081,0.38594873878415836,-4.111556764288465,3.930002222544659e-05,0.0003295523536730035,ENSG00000171724,VAT1L,vesicle amine transport 1 like [Source:HGNC Symbol;Acc:HGNC:29315]
Q9HCM2,724.3826454166634,-3.1990654823274536,0.25901265567284915,-12.35100066449299,4.8109274052352604e-35,1.178891033278427e-31,ENSG00000221866,PLXNA4,plexin A4 [Source:HGNC Symbol;Acc:HGNC:9102]
Q9HCM4,1430.2243365703919,1.7141442463064693,0.11887209000941834,14.420073258328815,3.8693161909404965e-47,4.266694963750085e-43,ENSG00000115109,EPB41L5,erythrocyte membrane protein band 4.1 like 5 [Source:HGNC Symbol;Acc:HGNC:19819]
Q9HCN8,248.42698678284833,-0.8173837877368367,0.1581647245480717,-5.167927235812975,2.3670442339158767e-07,3.660784960363306e-06,ENSG00000128228,SDF2L1,stromal cell derived factor 2 like 1 [Source:HGNC Symbol;Acc:HGNC:10676]
Q9HCU0,879.2844541130809,-1.911362055725492,0.2626332343306903,-7.277685402597722,3.395961197175224e-13,1.8222512954380142e-11,ENSG00000174807,CD248,CD248 molecule [Source:HGNC Symbol;Acc:HGNC:18219]
Q9HCU4,211.37769466961407,-1.2710658880854484,0.22709094104806024,-5.597166854033367,2.1788299188484745e-08,4.2638311817326955e-07,ENSG00000143126,CELSR2,cadherin EGF LAG seven-pass G-type receptor 2 [Source:HGNC Symbol;Acc:HGNC:3231]
Q9HCY8,758.599728624066,0.7162165031266453,0.1889529396757257,3.7904491158263562,0.00015037513737714648,0.0010506089104075215,ENSG00000189334,S100A14,S100 calcium binding protein A14 [Source:HGNC Symbol;Acc:HGNC:18901]
Q9HD67,10.295291563745115,1.044670660658408,0.3305633406089476,3.160273788176169,0.0015762094802150024,0.007692348722430109,ENSG00000145555,MYO10,myosin X [Source:HGNC Symbol;Acc:HGNC:7593]
Q9HD89,278.2667488105587,0.9415226810870972,0.37888658874992814,2.4849723084511677,0.012956151251730094,0.043249173940608975,ENSG00000104918,RETN,resistin [Source:HGNC Symbol;Acc:HGNC:20389]
Q9HDC5,237.18779037876322,1.4199189524960631,0.14636312268687804,9.701343661092604,2.9755389130382443e-22,7.132884259581026e-20,ENSG00000104369,JPH1,junctophilin 1 [Source:HGNC Symbol;Acc:HGNC:14201]
Q9NNX6,206.60027841971223,-1.850783079555361,0.21651607311909657,-8.548017026603478,1.2522124874843206e-17,1.5257621104408401e-15,ENSG00000090659,CD209,CD209 molecule [Source:HGNC Symbol;Acc:HGNC:1641]
Q9NP31,79.64188739498815,0.6916243709365842,0.24415168942981094,2.8327650427150264,0.00461472917812022,0.018588719140504716,ENSG00000027869,SH2D2A,SH2 domain containing 2A [Source:HGNC Symbol;Acc:HGNC:10821]
Q9NP55,1136.0265003529603,-4.850233009616657,0.8951282099610866,-5.4184785549631025,6.01083473279469e-08,1.067334534597859e-06,ENSG00000198183,BPIFA1,BPI fold containing family A member 1 [Source:HGNC Symbol;Acc:HGNC:15749]
Q9NP90,98.11272197773077,-0.7007764917467671,0.19696052102809933,-3.5579540919613586,0.00037375461446861424,0.0022776414112989276,ENSG00000123570,RAB9B,"RAB9B, member RAS oncogene family [Source:HGNC Symbol;Acc:HGNC:14090]"
Q9NP98,106.37797776548618,0.8848172033548645,0.1864026929214055,4.746804831451321,2.0665518124847556e-06,2.5333926443879267e-05,ENSG00000177791,MYOZ1,myozenin 1 [Source:HGNC Symbol;Acc:HGNC:13752]
Q9NP99,937.225298731982,1.1536754883115075,0.25273375389273106,4.564785947828588,5.000042481550388e-06,5.456256154780419e-05,ENSG00000124731,TREM1,triggering receptor expressed on myeloid cells 1 [Source:HGNC Symbol;Acc:HGNC:17760]
Q9NPB9,147.4815090877,1.3861898487260211,0.18141625802941852,7.640935072650635,2.1564979538677097e-14,1.4633663346030299e-12,ENSG00000129048,ACKR4,atypical chemokine receptor 4 [Source:HGNC Symbol;Acc:HGNC:1611]
Q9NPC3,118.35459438104236,0.787213786456484,0.1571522024992073,5.009244375435685,5.46441523509004e-07,7.745000873693814e-06,ENSG00000100814,CCNB1IP1,cyclin B1 interacting protein 1 [Source:HGNC Symbol;Acc:HGNC:19437]
Q9NPC4,624.4357719407284,-0.9066514956815132,0.1751527751624508,-5.17634673410462,2.2627276759914815e-07,3.5117660919293547e-06,ENSG00000128274,A4GALT,"alpha 1,4-galactosyltransferase (P blood group) [Source:HGNC Symbol;Acc:HGNC:18149]"
Q9NPC8,29.14845137487674,-2.390252132564246,0.42171117516265877,-5.667983855638398,1.4448757579438852e-08,2.918066846675316e-07,ENSG00000170577,SIX2,SIX homeobox 2 [Source:HGNC Symbol;Acc:HGNC:10888]
Q9NPD7,35.46744027984113,0.7273145364577018,0.2118412705039018,3.4332995394507217,0.0005962829477746156,0.0033962872237141973,ENSG00000124785,NRN1,neuritin 1 [Source:HGNC Symbol;Acc:HGNC:17972]
Q9NPF2,1260.5949409437414,-0.7603038462059333,0.15181435895981665,-5.008115513020583,5.49655450354184e-07,7.775562092438213e-06,ENSG00000171310,CHST11,carbohydrate sulfotransferase 11 [Source:HGNC Symbol;Acc:HGNC:17422]
Q9NPG1,332.1847552095276,-0.9249012936123355,0.18785735402921624,-4.92342340491228,8.504317259053674e-07,1.1436232489705471e-05,ENSG00000104290,FZD3,frizzled class receptor 3 [Source:HGNC Symbol;Acc:HGNC:4041]
Q9NPG4,1098.3392284373554,1.4545212991347922,0.20071772699760992,7.246601089459888,4.273602442094142e-13,2.2656256792775052e-11,ENSG00000113555,PCDH12,protocadherin 12 [Source:HGNC Symbol;Acc:HGNC:8657]
Q9NPI8,336.69015157613404,-0.5150766460861342,0.11976517231754508,-4.300721454484792,1.702429432363731e-05,0.0001602448941585562,ENSG00000183161,FANCF,FA complementation group F [Source:HGNC Symbol;Acc:HGNC:3587]
Q9NPI9,106.76411764784723,-1.3111374833594207,0.4157004588969024,-3.154043868122347,0.0016102487889341792,0.007823843752182064,ENSG00000153822,KCNJ16,potassium inwardly rectifying channel subfamily J member 16 [Source:HGNC Symbol;Acc:HGNC:6262]
Q9NQ29,36.11800129978227,0.8804592178225891,0.2485300408069231,3.5426671760239894,0.00039610226992811476,0.0023946380101410756,ENSG00000007392,LUC7L,LUC7 like [Source:HGNC Symbol;Acc:HGNC:6723]
Q9NQ38,196.80497923989788,-0.7552437492025998,0.2772381971036527,-2.7241691696625496,0.006446347777212735,0.024482134299750245,ENSG00000133710,SPINK5,serine peptidase inhibitor Kazal type 5 [Source:HGNC Symbol;Acc:HGNC:15464]
Q9NQ79,10.763102303922961,1.6787766938143678,0.38193270324349965,4.395477736149948,1.1052939287291941e-05,0.00010980248785672814,ENSG00000095713,CRTAC1,cartilage acidic protein 1 [Source:HGNC Symbol;Acc:HGNC:14882]
Q9NQ88,220.89645414138866,-0.6180432590587,0.10755298774936427,-5.746407161639758,9.115964484374605e-09,1.9443276667156433e-07,ENSG00000078237,TIGAR,TP53 induced glycolysis regulatory phosphatase [Source:HGNC Symbol;Acc:HGNC:1185]
Q9NQS1,44.46949358431013,-0.6604404546863124,0.15000141732974742,-4.402894762217274,1.068159871630855e-05,0.00010649727761730052,ENSG00000169857,AVEN,apoptosis and caspase activation inhibitor [Source:HGNC Symbol;Acc:HGNC:13509]
Q9NQS3,409.7404730500086,0.5102492642008216,0.13273022894389988,3.8442581487332848,0.00012091766828846643,0.0008649751075036779,ENSG00000177707,NECTIN3,nectin cell adhesion molecule 3 [Source:HGNC Symbol;Acc:HGNC:17664]
Q9NQS5,32.06216771857452,-1.4162162207776137,0.3027806739354901,-4.677366631000201,2.905824450051469e-06,3.4069671675404086e-05,ENSG00000139572,GPR84,G protein-coupled receptor 84 [Source:HGNC Symbol;Acc:HGNC:4535]
Q9NQU5,102.17098423845323,-0.8763400384147939,0.1535585267217214,-5.706879696774484,1.1506604911753057e-08,2.387268718003781e-07,ENSG00000137843,PAK6,p21 (RAC1) activated kinase 6 [Source:HGNC Symbol;Acc:HGNC:16061]
Q9NQX1,332.28536835606127,0.5759946024695649,0.11838932799345021,4.865257808553752,1.1430770812187156e-06,1.4881595011332677e-05,ENSG00000138738,PRDM5,PR/SET domain 5 [Source:HGNC Symbol;Acc:HGNC:9349]
Q9NQX4,157.33610632523644,0.8350927760937217,0.21555326957100487,3.8741828307950383,0.00010698307495106014,0.0007815186270191057,ENSG00000128833,MYO5C,myosin VC [Source:HGNC Symbol;Acc:HGNC:7604]
Q9NQX6,1226.7414535295356,0.9049218132663415,0.2262462968725192,3.999719888349063,6.341750049455489e-05,0.0004991468793386558,ENSG00000130844,ZNF331,zinc finger protein 331 [Source:HGNC Symbol;Acc:HGNC:15489]
Q9NQX7,746.2672327442142,-1.1537798320135142,0.15992460193464017,-7.214523707147036,5.412307799706335e-13,2.801949206918392e-11,ENSG00000135916,ITM2C,integral membrane protein 2C [Source:HGNC Symbol;Acc:HGNC:6175]
Q9NQZ7,565.6270982730158,-0.9676032591765572,0.13594450782476689,-7.117634060096068,1.0979540966683775e-12,5.333541772670572e-11,ENSG00000198018,ENTPD7,ectonucleoside triphosphate diphosphohydrolase 7 [Source:HGNC Symbol;Acc:HGNC:19745]
Q9NR00,8818.538006436804,0.6427655984569793,0.20455667501782088,3.1422372230140225,0.001676621351154057,0.008083998093211975,ENSG00000176907,TCIM,transcriptional and immune response regulator [Source:HGNC Symbol;Acc:HGNC:1357]
Q9NR12,361.33265510769695,-0.5435884672564367,0.1517702483094236,-3.581653672649916,0.00034142621088093303,0.002106830905083407,ENSG00000196923,PDLIM7,PDZ and LIM domain 7 [Source:HGNC Symbol;Acc:HGNC:22958]
Q9NR16,83.57097696892212,-1.1259158923750705,0.2904571077839686,-3.8763585472746827,0.00010603140475720783,0.0007761090609078864,ENSG00000177675,CD163L1,CD163 molecule like 1 [Source:HGNC Symbol;Acc:HGNC:30375]
Q9NR34,21.802062945535543,-0.7974202498463325,0.28769169349204227,-2.771787534659528,0.005574941131511172,0.021764870191953865,ENSG00000117643,MAN1C1,mannosidase alpha class 1C member 1 [Source:HGNC Symbol;Acc:HGNC:19080]
Q9NR46,21.898223633530627,0.6504120334959257,0.20269014099472224,3.2088982241758934,0.001332446487034425,0.006678585187513003,ENSG00000148341,SH3GLB2,"SH3 domain containing GRB2 like, endophilin B2 [Source:HGNC Symbol;Acc:HGNC:10834]"
Q9NR61,480.9240613352282,1.0080601556490347,0.20219089251156055,4.985685275568964,6.174257992574562e-07,8.64004351321316e-06,ENSG00000128917,DLL4,delta like canonical Notch ligand 4 [Source:HGNC Symbol;Acc:HGNC:2910]
Q9NR81,572.2044875663913,0.806110809099811,0.15283516711212863,5.2743803951115655,1.332053572929552e-07,2.184171709842999e-06,ENSG00000163947,ARHGEF3,Rho guanine nucleotide exchange factor 3 [Source:HGNC Symbol;Acc:HGNC:683]
Q9NR99,2558.2087033351145,-2.117624823235685,0.25697621482394656,-8.240547961555361,1.7142373028889691e-16,1.7666256765380057e-14,ENSG00000101825,MXRA5,matrix remodeling associated 5 [Source:HGNC Symbol;Acc:HGNC:7539]
Q9NRA1,19.89117668840642,-0.647346314020944,0.2545363112937032,-2.543237586538241,0.010983052022136562,0.03768934630492346,ENSG00000145431,PDGFC,platelet derived growth factor C [Source:HGNC Symbol;Acc:HGNC:8801]
Q9NRE2,361.9738852527611,-1.777820116111749,0.19641470391925164,-9.05135960107463,1.411991260899287e-19,2.4139577727033236e-17,ENSG00000182463,TSHZ2,teashirt zinc finger homeobox 2 [Source:HGNC Symbol;Acc:HGNC:13010]
Q9NRG0,109.32619009093999,0.527291508056017,0.1526518777976462,3.4542091172634604,0.0005519092399869532,0.003172450854328794,ENSG00000104472,CHRAC1,chromatin accessibility complex subunit 1 [Source:HGNC Symbol;Acc:HGNC:13544]
Q9NRH3,22.71453959509078,0.8829708686765196,0.2212997798740217,3.9899310753005013,6.609249824946673e-05,0.0005172476779253865,ENSG00000037042,TUBG2,tubulin gamma 2 [Source:HGNC Symbol;Acc:HGNC:12419]
Q9NRR4,19.624213857150323,1.0524241453293033,0.20381033780398253,5.163742706424867,2.42060366022785e-07,3.7227331326823577e-06,ENSG00000113360,DROSHA,drosha ribonuclease III [Source:HGNC Symbol;Acc:HGNC:17904]
Q9NRS4,19.91531728048918,-3.0093979901016015,0.414769285429427,-7.255595088208745,3.9989972236595566e-13,2.13028707175333e-11,ENSG00000137648,TMPRSS4,transmembrane serine protease 4 [Source:HGNC Symbol;Acc:HGNC:11878]
Q9NRV9,45.33685528949574,1.0703797381176443,0.24554600058126014,4.359182131184484,1.305494295172189e-05,0.0001271703674281248,ENSG00000013583,HEBP1,heme binding protein 1 [Source:HGNC Symbol;Acc:HGNC:17176]
Q9NRW1,211.4030415057911,-0.9679033621852683,0.12320457995579563,-7.8560664102953055,3.963849628933288e-15,3.089001403409708e-13,ENSG00000154917,RAB6B,"RAB6B, member RAS oncogene family [Source:HGNC Symbol;Acc:HGNC:14902]"
Q9NRW3,661.8402075370611,-0.5311507166757983,0.10454061049011175,-5.080807488933103,3.75833845240975e-07,5.536833415460563e-06,ENSG00000244509,APOBEC3C,apolipoprotein B mRNA editing enzyme catalytic subunit 3C [Source:HGNC Symbol;Acc:HGNC:17353]
Q9NRX1,251.44050448341093,-0.5679408837694452,0.1524245477554156,-3.7260460479159687,0.00019450688578078956,0.001307422998783765,ENSG00000115946,PNO1,partner of NOB1 homolog [Source:HGNC Symbol;Acc:HGNC:32790]
Q9NS39,47.366811158046154,1.294087082272835,0.2734599248493377,4.732273231574281,2.220192781092409e-06,2.702214767892494e-05,ENSG00000185736,ADARB2,adenosine deaminase RNA specific B2 (inactive) [Source:HGNC Symbol;Acc:HGNC:227]
Q9NS62,429.5188954002646,0.9760682473511303,0.18157408164951191,5.375592366950319,7.633130824704129e-08,1.317222748106611e-06,ENSG00000136114,THSD1,thrombospondin type 1 domain containing 1 [Source:HGNC Symbol;Acc:HGNC:17754]
Q9NS64,16.673336883747172,-1.1307267148697222,0.32243056689659033,-3.5068843681696222,0.0004533861189671469,0.002679254412567379,ENSG00000177519,RPRM,"reprimo, TP53 dependent G2 arrest mediator homolog [Source:HGNC Symbol;Acc:HGNC:24201]"
Q9NS68,2175.1028126371666,-0.7579312360213156,0.17235190245551776,-4.397579749471752,1.094646689792669e-05,0.00010889191744108038,ENSG00000127863,TNFRSF19,TNF receptor superfamily member 19 [Source:HGNC Symbol;Acc:HGNC:11915]
Q9NS73,727.7555676124616,0.78644315951729,0.17103739697717874,4.598077224141946,4.264079521947604e-06,4.756702568388086e-05,ENSG00000151332,MBIP,MAP3K12 binding inhibitory protein 1 [Source:HGNC Symbol;Acc:HGNC:20427]
Q9NS84,202.0468652415482,-0.5799697541215326,0.12125619140443414,-4.783011468561796,1.7268826875578139e-06,2.158994942823131e-05,ENSG00000147119,CHST7,carbohydrate sulfotransferase 7 [Source:HGNC Symbol;Acc:HGNC:13817]
Q9NS98,1404.1095980673854,0.8427112214532414,0.3026704630666399,2.7842532532409647,0.005365112506170542,0.021084958253659938,ENSG00000010319,SEMA3G,semaphorin 3G [Source:HGNC Symbol;Acc:HGNC:30400]
Q9NSA2,84.82194873442405,-0.7783057353778295,0.14923577256145507,-5.215275949051186,1.835437893596816e-07,2.912140093912531e-06,ENSG00000102057,KCND1,potassium voltage-gated channel subfamily D member 1 [Source:HGNC Symbol;Acc:HGNC:6237]
Q9NSA3,739.3418800163505,0.6865827802447022,0.10156245356948142,6.760202772917393,1.3779874594561013e-11,5.535543794325111e-10,ENSG00000178585,CTNNBIP1,catenin beta interacting protein 1 [Source:HGNC Symbol;Acc:HGNC:16913]
Q9NSB8,78.06960850770429,-0.7194901893949053,0.16492486664024522,-4.36253309796119,1.2856512838834382e-05,0.00012551462335000152,ENSG00000103942,HOMER2,homer scaffold protein 2 [Source:HGNC Symbol;Acc:HGNC:17513]
Q9NSD5,13.371959970102406,1.0356424762057066,0.2792543028545305,3.7085998876987576,0.0002084084454314457,0.0013864976939804235,ENSG00000010379,SLC6A13,solute carrier family 6 member 13 [Source:HGNC Symbol;Acc:HGNC:11046]
Q9NST1,22.715819305481936,1.1255057103068933,0.31189212381485437,3.6086378089336324,0.0003078089926007682,0.0019345738167048567,ENSG00000100344,PNPLA3,patatin like phospholipase domain containing 3 [Source:HGNC Symbol;Acc:HGNC:18590]
Q9NT22,14.817960204349747,1.5686799120560577,0.27704203700993624,5.662245083766102,1.494052279664776e-08,3.006371256909395e-07,ENSG00000183798,EMILIN3,elastin microfibril interfacer 3 [Source:HGNC Symbol;Acc:HGNC:16123]
Q9NTN3,664.1183806988424,-0.5601294100970584,0.09200468413247403,-6.088053183146082,1.1429190932363256e-09,2.9794252579472725e-08,ENSG00000116704,SLC35D1,solute carrier family 35 member D1 [Source:HGNC Symbol;Acc:HGNC:20800]
Q9NTU7,113.83582762031605,-2.672642864443157,0.38507580589737606,-6.940562932056617,3.905405508216006e-12,1.7123223275983258e-10,ENSG00000054803,CBLN4,cerebellin 4 precursor [Source:HGNC Symbol;Acc:HGNC:16231]
Q9NUG4,263.844283778984,1.7746369980013683,0.15536659458138186,11.422255876708451,3.2372038264402875e-30,4.199605481665535e-27,ENSG00000101331,CCM2L,CCM2 like scaffold protein [Source:HGNC Symbol;Acc:HGNC:16153]
Q9NUK0,82.345325712644,0.7148560107140693,0.13115436575975367,5.450493443912728,5.023025460798386e-08,9.057874367330139e-07,ENSG00000076770,MBNL3,muscleblind like splicing regulator 3 [Source:HGNC Symbol;Acc:HGNC:20564]
Q9NUN5,29.48572401387446,0.7860508471558981,0.1363111374700598,5.766592970648133,8.089009516210111e-09,1.74213882686033e-07,ENSG00000168216,LMBRD1,LMBR1 domain containing 1 [Source:HGNC Symbol;Acc:HGNC:23038]
Q9NUN7,790.2766909871756,0.5939228055212793,0.12808885956385133,4.636802978366853,3.5383939073562094e-06,4.0453986123812254e-05,ENSG00000078124,ACER3,alkaline ceramidase 3 [Source:HGNC Symbol;Acc:HGNC:16066]
Q9NUP9,128.34253628855114,0.7793167152060657,0.19659935990472663,3.963983990506011,7.370919788995152e-05,0.000568385542050696,ENSG00000148943,LIN7C,"lin-7 homolog C, crumbs cell polarity complex component [Source:HGNC Symbol;Acc:HGNC:17789]"
Q9NUR3,189.6549190563342,1.9028641538079203,0.20433840869839895,9.312317571272295,1.25072916472078e-20,2.5075982726138258e-18,ENSG00000125895,TMEM74B,transmembrane protein 74B [Source:HGNC Symbol;Acc:HGNC:15893]
Q9NUU6,1173.2437603497563,1.236756442672193,0.18136888947343616,6.819010946490534,9.166941700218335e-12,3.7930156145706406e-10,ENSG00000145569,OTULINL,OTU deubiquitinase with linear linkage specificity like [Source:HGNC Symbol;Acc:HGNC:25629]
Q9NUV9,393.25968280073874,0.813149506851886,0.16512532353083686,4.924438538344677,8.460291396169539e-07,1.1397878219372207e-05,ENSG00000133574,GIMAP4,"GTPase, IMAP family member 4 [Source:HGNC Symbol;Acc:HGNC:21872]"
Q9NUZ1,10.233346075416913,1.134762173542698,0.2357399591464305,4.813618266718361,1.4822181544706631e-06,1.8819135969312612e-05,ENSG00000153093,ACOXL,acyl-CoA oxidase like [Source:HGNC Symbol;Acc:HGNC:25621]
Q9NV29,2638.4917756291957,1.6478821429125143,0.35803688831798663,4.6025484989942305,4.17352334853553e-06,4.662760077436808e-05,ENSG00000166292,TMEM100,transmembrane protein 100 [Source:HGNC Symbol;Acc:HGNC:25607]
Q9NV64,15.598676990866243,0.5155248879254265,0.19510663151191945,2.6422725046838402,0.008235176795740805,0.029891143688819573,ENSG00000176142,TMEM39A,transmembrane protein 39A [Source:HGNC Symbol;Acc:HGNC:25600]
Q9NV79,961.0885006354456,0.6874288664464154,0.17191917620051836,3.998558401912251,6.37294569751746e-05,0.0005010657554832445,ENSG00000203880,PCMTD2,protein-L-isoaspartate (D-aspartate) O-methyltransferase domain containing 2 [Source:HGNC Symbol;Acc:HGNC:15882]
Q9NVC3,144.66751960728,-0.5313725132158624,0.12746281551326355,-4.168843368759329,3.061492795372414e-05,0.00026415556380728956,ENSG00000103042,SLC38A7,solute carrier family 38 member 7 [Source:HGNC Symbol;Acc:HGNC:25582]
Q9NVF9,30.41875817036779,-0.7731418496460886,0.13957270975848468,-5.5393482793586655,3.035993361187915e-08,5.737429099197795e-07,ENSG00000143845,ETNK2,ethanolamine kinase 2 [Source:HGNC Symbol;Acc:HGNC:25575]
Q9NVH0,117.49474613089872,0.5025028109285272,0.10388853529635325,4.836941915631824,1.3185193692350426e-06,1.692585923696719e-05,ENSG00000081177,EXD2,exonuclease 3'-5' domain containing 2 [Source:HGNC Symbol;Acc:HGNC:20217]
Q9NVN3,17.519579397487526,0.6121509425230209,0.22299490167207942,2.7451342516485284,0.006048614800938829,0.02319933057737477,ENSG00000111785,RIC8B,RIC8 guanine nucleotide exchange factor B [Source:HGNC Symbol;Acc:HGNC:25555]
Q9NVP2,42.63502948368831,-0.6767135875544419,0.1888219026413117,-3.5838723055340402,0.0003385376389913675,0.002093692958585423,ENSG00000105011,ASF1B,anti-silencing function 1B histone chaperone [Source:HGNC Symbol;Acc:HGNC:20996]
Q9NVR5,400.98067136673694,-0.8120863962667536,0.12542774892303765,-6.474535365894585,9.510413489942106e-11,3.1445676028063447e-09,ENSG00000165506,DNAAF2,dynein axonemal assembly factor 2 [Source:HGNC Symbol;Acc:HGNC:20188]
Q9NWB6,462.6864224973004,1.4671315879203581,0.16765157015717636,8.751075737285944,2.1132847850345318e-18,2.9312190345378344e-16,ENSG00000134884,ARGLU1,arginine and glutamate rich 1 [Source:HGNC Symbol;Acc:HGNC:25482]
Q9NWH9,247.2564085284694,1.0116118361439193,0.20520953672535408,4.929653135457483,8.237574339834615e-07,1.1145488619062123e-05,ENSG00000137776,SLTM,SAFB like transcription modulator [Source:HGNC Symbol;Acc:HGNC:20709]
Q9NWM8,466.8422542045166,-1.0713859566544066,0.12098238008362776,-8.855718956048168,8.314613328141526e-19,1.247418247202947e-16,ENSG00000106080,FKBP14,FKBP prolyl isomerase 14 [Source:HGNC Symbol;Acc:HGNC:18625]
Q9NWT1,445.36233781045826,-0.5723589685488488,0.1262489454647744,-4.533574252376997,5.799386612134408e-06,6.210600215869747e-05,ENSG00000111845,PAK1IP1,PAK1 interacting protein 1 [Source:HGNC Symbol;Acc:HGNC:20882]
Q9NWW9,69.80601257408674,-1.4955531041383336,0.31832056229882205,-4.698261065316886,2.6238590934697113e-06,3.121435385470604e-05,ENSG00000133328,PLAAT2,phospholipase A and acyltransferase 2 [Source:HGNC Symbol;Acc:HGNC:17824]
Q9NWZ8,240.4094438413348,0.5049424293071707,0.11261451359447741,4.483813082259168,7.332089434597504e-06,7.641866748138627e-05,ENSG00000046647,GEMIN8,gem nuclear organelle associated protein 8 [Source:HGNC Symbol;Acc:HGNC:26044]
Q9NX52,71.63522899306317,-1.1950063028729836,0.19523982784348154,-6.12070967318711,9.315950813261291e-10,2.4693987888901986e-08,ENSG00000158315,RHBDL2,rhomboid like 2 [Source:HGNC Symbol;Acc:HGNC:16083]
Q9NX55,20.92119930463973,0.6799490292878994,0.19311331168166956,3.5209847698574817,0.0004299473103012244,0.0025620259339052156,ENSG00000242028,HYPK,huntingtin interacting protein K [Source:HGNC Symbol;Acc:HGNC:18418]
Q9NX94,2732.5204360637454,-0.7017053171840268,0.10762836537967595,-6.519706163971284,7.044525364857202e-11,2.404952978274934e-09,ENSG00000166272,WBP1L,WW domain binding protein 1 like [Source:HGNC Symbol;Acc:HGNC:23510]
Q9NXB9,80.12081480402071,-2.506581187158063,0.35767384759880166,-7.008008005018204,2.417349803751396e-12,1.0969595179410142e-10,ENSG00000197977,ELOVL2,ELOVL fatty acid elongase 2 [Source:HGNC Symbol;Acc:HGNC:14416]
Q9NXK6,481.7863633089523,0.9442152345387975,0.143663808566141,6.572394564523137,4.951244692598373e-11,1.7499158726052007e-09,ENSG00000137819,PAQR5,progestin and adipoQ receptor family member 5 [Source:HGNC Symbol;Acc:HGNC:29645]
Q9NXL6,146.35348433025175,-0.5419232326096377,0.10854911979767203,-4.992424016148125,5.962617420382009e-07,8.381106729707127e-06,ENSG00000072858,SIDT1,SID1 transmembrane family member 1 [Source:HGNC Symbol;Acc:HGNC:25967]
Q9NXZ2,51.34197063734462,1.333777162492062,0.3306736764810946,4.033514783171189,5.494872212330089e-05,0.0004411500246477167,ENSG00000080007,DDX43,DEAD-box helicase 43 [Source:HGNC Symbol;Acc:HGNC:18677]
Q9NY15,546.4337161500737,-1.3366481603341456,0.1674637166185711,-7.981717994343834,1.4431043542251352e-15,1.214741352216837e-13,ENSG00000010327,STAB1,stabilin 1 [Source:HGNC Symbol;Acc:HGNC:18628]
Q9NY25,199.7619019512164,-0.8513606257808297,0.24621236152013604,-3.4578305513356717,0.0005445437655979772,0.003134786793656432,ENSG00000258227,CLEC5A,C-type lectin domain containing 5A [Source:HGNC Symbol;Acc:HGNC:2054]
Q9NY91,54.92321619492839,1.7783513134423925,0.21117585793946986,8.421186639393827,3.726899948245408e-17,4.280888096802303e-15,ENSG00000100191,SLC5A4,solute carrier family 5 member 4 [Source:HGNC Symbol;Acc:HGNC:11039]
Q9NYF0,170.39207670812553,-0.5750033958050736,0.20399646957949266,-2.818692877334371,0.004821963105422725,0.019304527039700863,ENSG00000165617,DACT1,dishevelled binding antagonist of beta catenin 1 [Source:HGNC Symbol;Acc:HGNC:17748]
Q9NYI0,640.1941534109214,-0.8122551235196158,0.11588431397726817,-7.0091895584673125,2.3970251590244278e-12,1.0899792341675203e-10,ENSG00000156011,PSD3,pleckstrin and Sec7 domain containing 3 [Source:HGNC Symbol;Acc:HGNC:19093]
Q9NYJ8,54.734712405477715,0.5759856362499363,0.1720932479885797,3.3469391912933117,0.0008170913201964875,0.0044302753889499035,ENSG00000055208,TAB2,TGF-beta activated kinase 1 (MAP3K7) binding protein 2 [Source:HGNC Symbol;Acc:HGNC:17075]
Q9NYK1,270.1992578935708,0.6995704280589833,0.20442470767160711,3.4221422450694683,0.0006212980044741439,0.003518774060265221,ENSG00000196664,TLR7,toll like receptor 7 [Source:HGNC Symbol;Acc:HGNC:15631]
Q9NYQ6,15.183203498645343,1.0370165689595972,0.31042467663874845,3.340638315833402,0.0008358603420878771,0.004510414481136786,ENSG00000075275,CELSR1,cadherin EGF LAG seven-pass G-type receptor 1 [Source:HGNC Symbol;Acc:HGNC:1850]
Q9NYQ8,138.93622870445574,-3.906559730142387,0.39864094721425386,-9.799695082609675,1.1292601543763885e-22,3.0746547462489966e-20,ENSG00000086570,FAT2,FAT atypical cadherin 2 [Source:HGNC Symbol;Acc:HGNC:3596]
Q9NYZ2,954.1831532145538,0.628551517874744,0.18053134798146842,3.4816752043488033,0.00049828768582576,0.002908744474113635,ENSG00000147454,SLC25A37,solute carrier family 25 member 37 [Source:HGNC Symbol;Acc:HGNC:29786]
Q9NYZ3,28.489890487215987,-0.9891703125618166,0.2489709985605292,-3.9730342822291895,7.096283110058678e-05,0.0005506995211066212,ENSG00000075218,GTSE1,G2 and S-phase expressed 1 [Source:HGNC Symbol;Acc:HGNC:13698]
Q9NZ43,22.183626594805666,0.6827181740004025,0.2035897429253276,3.353401621273273,0.0007982478537530627,0.004338235132249888,ENSG00000053501,USE1,unconventional SNARE in the ER 1 [Source:HGNC Symbol;Acc:HGNC:30882]
Q9NZ45,98.12364041634851,-0.5744024883171006,0.12028915075803943,-4.775181175503567,1.795455360960639e-06,2.2308153538380808e-05,ENSG00000122873,CISD1,CDGSH iron sulfur domain 1 [Source:HGNC Symbol;Acc:HGNC:30880]
Q9NZ53,133.16825326304905,-1.121105981908484,0.17739099539176614,-6.31997119939788,2.6161205541177826e-10,7.839119932134996e-09,ENSG00000114631,PODXL2,podocalyxin like 2 [Source:HGNC Symbol;Acc:HGNC:17936]
Q9NZ72,456.74687088059744,-0.7753570095691494,0.11552279983788512,-6.711722799804191,1.923398267418092e-11,7.390004423281986e-10,ENSG00000197457,STMN3,stathmin 3 [Source:HGNC Symbol;Acc:HGNC:15926]
Q9NZA1,4472.479610001612,1.7770196362921886,0.20906510715120777,8.499838449880338,1.8985472895167917e-17,2.2511054797313613e-15,ENSG00000112782,CLIC5,chloride intracellular channel 5 [Source:HGNC Symbol;Acc:HGNC:13517]
Q9NZC4,3339.0196957894454,-1.1070433121010566,0.206142538316707,-5.370280783097038,7.861414375496484e-08,1.3555561582267355e-06,ENSG00000135373,EHF,ETS homologous factor [Source:HGNC Symbol;Acc:HGNC:3246]
Q9NZD1,68.48094579429893,1.474638856397813,0.2583513933283393,5.707880408152828,1.143917468432321e-08,2.3777526718950434e-07,ENSG00000111291,GPRC5D,G protein-coupled receptor class C group 5 member D [Source:HGNC Symbol;Acc:HGNC:13310]
Q9NZH0,47.692977468909085,-0.5402317232460979,0.19534865938470045,-2.765474434007856,0.005684006037637565,0.022085107321011075,ENSG00000167191,GPRC5B,G protein-coupled receptor class C group 5 member B [Source:HGNC Symbol;Acc:HGNC:13308]
Q9NZL3,463.0048959345583,0.6996057870148172,0.2060290359685324,3.3956659736138874,0.0006846185218103249,0.003812771939395178,ENSG00000267680,ZNF224,zinc finger protein 224 [Source:HGNC Symbol;Acc:HGNC:13017]
Q9NZM1,788.2791262873707,-1.1422105518716763,0.23584750400340038,-4.843004621559227,1.2789031285481894e-06,1.6474842054323464e-05,ENSG00000138119,MYOF,myoferlin [Source:HGNC Symbol;Acc:HGNC:3656]
Q9NZP8,728.6894935556372,-0.5921087778607809,0.0977604369030605,-6.056732115957271,1.3891463807527175e-09,3.5335910358847094e-08,ENSG00000139178,C1RL,complement C1r subcomponent like [Source:HGNC Symbol;Acc:HGNC:21265]
Q9NZQ7,667.8637036894521,0.8086980721939719,0.2543356866861344,3.179648450954326,0.0014745381998650254,0.007273421037759622,ENSG00000120217,CD274,CD274 molecule [Source:HGNC Symbol;Acc:HGNC:17635]
Q9NZU0,2716.835130776263,0.5846753643386962,0.1619920144639911,3.6092851013261673,0.0003070420124999736,0.0019303034617087849,ENSG00000125848,FLRT3,fibronectin leucine rich transmembrane protein 3 [Source:HGNC Symbol;Acc:HGNC:3762]
Q9NZU5,661.8618574905914,1.1470323042595156,0.20584883228337897,5.572207000331532,2.515322980757154e-08,4.85327497966914e-07,ENSG00000071282,LMCD1,LIM and cysteine rich domains 1 [Source:HGNC Symbol;Acc:HGNC:6633]
Q9P000,48.796511258202806,0.6810493131343784,0.1857645192481485,3.6661969459550954,0.000246184354822343,0.001597185384969913,ENSG00000110442,COMMD9,COMM domain containing 9 [Source:HGNC Symbol;Acc:HGNC:25014]
Q9P0B6,186.3368227608656,-0.6278399792025409,0.141140791645845,-4.448324059127691,8.65428954786691e-06,8.832100957364962e-05,ENSG00000198937,CCDC167,coiled-coil domain containing 167 [Source:HGNC Symbol;Acc:HGNC:21239]
Q9P0X4,45.96491424972915,-1.1785706490933041,0.25155162153697697,-4.685203943000857,2.7968130264435057e-06,3.298444624876207e-05,ENSG00000100346,CACNA1I,calcium voltage-gated channel subunit alpha1 I [Source:HGNC Symbol;Acc:HGNC:1396]
Q9P104,52.42162349679639,-2.5159624228643906,0.295572619705841,-8.512163357243038,1.7071783259646063e-17,2.035141124368834e-15,ENSG00000101134,DOK5,docking protein 5 [Source:HGNC Symbol;Acc:HGNC:16173]
Q9P1V8,131.94028210985746,-1.6270102836202514,0.35482071302173535,-4.58544336311219,4.5302407029104095e-06,5.01052800712067e-05,ENSG00000100583,SAMD15,sterile alpha motif domain containing 15 [Source:HGNC Symbol;Acc:HGNC:18631]
Q9P1W3,26.569298456969236,-1.022930271426337,0.2832960497424435,-3.6108172788018984,0.000305233652754865,0.0019233208508159406,ENSG00000165548,TMEM63C,transmembrane protein 63C [Source:HGNC Symbol;Acc:HGNC:23787]
Q9P1W8,20.659224222316723,-0.6988585043182699,0.28365308810457857,-2.4637789385201803,0.01374808744202217,0.04534853730875814,ENSG00000089012,SIRPG,signal regulatory protein gamma [Source:HGNC Symbol;Acc:HGNC:15757]
Q9P1W9,1391.8160544087948,-1.943405882081307,0.27013899442079026,-7.194096084677436,6.287590748758076e-13,3.1804249168144635e-11,ENSG00000102096,PIM2,"Pim-2 proto-oncogene, serine/threonine kinase [Source:HGNC Symbol;Acc:HGNC:8987]"
Q9P1Z2,247.4249549747519,0.8037661140427801,0.16594947851903347,4.843438624910127,1.276111518488421e-06,1.6448488269283247e-05,ENSG00000012822,CALCOCO1,calcium binding and coiled-coil domain 1 [Source:HGNC Symbol;Acc:HGNC:29306]
Q9P206,2008.071576644234,-0.6191901356547946,0.13989378373085165,-4.426144744544792,9.59321655509896e-06,9.68278251286739e-05,ENSG00000162522,NHSL3,NHS like 3 [Source:HGNC Symbol;Acc:HGNC:29301]
Q9P217,202.15903842707937,0.5358572686655343,0.12127383181336536,4.418572915962556,9.935476088343278e-06,9.968925825856354e-05,ENSG00000162415,ZSWIM5,zinc finger SWIM-type containing 5 [Source:HGNC Symbol;Acc:HGNC:29299]
Q9P219,642.5491712698008,-0.6626416205788471,0.18243117855661692,-3.63228273709364,0.0002809250737190665,0.001791648807345371,ENSG00000015133,CCDC88C,coiled-coil domain containing 88C [Source:HGNC Symbol;Acc:HGNC:19967]
Q9P225,303.33140193475936,-1.3352621555559512,0.4050698208456972,-3.2963753082572675,0.0009794108035529488,0.005158807227503399,ENSG00000183914,DNAH2,dynein axonemal heavy chain 2 [Source:HGNC Symbol;Acc:HGNC:2948]
Q9P232,151.8317299546984,-1.2665540012914918,0.20926855430107524,-6.052290108858386,1.4280099666798507e-09,3.6199231959951065e-08,ENSG00000113805,CNTN3,contactin 3 [Source:HGNC Symbol;Acc:HGNC:2173]
Q9P242,94.4743240623893,1.1495607251763962,0.3153869284220779,3.644921908868573,0.00026747300607560644,0.0017172779260528164,ENSG00000144460,NYAP2,neuronal tyrosine-phosphorylated phosphoinositide-3-kinase adaptor 2 [Source:HGNC Symbol;Acc:HGNC:29291]
Q9P266,3150.812859987641,0.9210411943768704,0.24062333196530575,3.8277301991216324,0.0001293304084027297,0.000917439788582669,ENSG00000165757,JCAD,junctional cadherin 5 associated [Source:HGNC Symbol;Acc:HGNC:29283]
Q9P273,165.8843892934091,-1.6262585627545318,0.28595311815541624,-5.68715100309085,1.2917622928972103e-08,2.6378264451439883e-07,ENSG00000218336,TENM3,teneurin transmembrane protein 3 [Source:HGNC Symbol;Acc:HGNC:29944]
Q9P2B2,1461.4442513608508,-2.1167885283781134,0.20225983961651783,-10.465688751615339,1.2417019538186096e-25,6.085443308781248e-23,ENSG00000134247,PTGFRN,prostaglandin F2 receptor inhibitor [Source:HGNC Symbol;Acc:HGNC:9601]
Q9P2E8,21.194645161263917,-1.540078913472779,0.41291920681796523,-3.7297342628862515,0.0001916818209196255,0.0012923726317827639,ENSG00000144583,MARCHF4,membrane associated ring-CH-type finger 4 [Source:HGNC Symbol;Acc:HGNC:29269]
Q9P2E9,842.6937833376197,-0.9555702424566108,0.17217414569595427,-5.550021686438749,2.856341635442916e-08,5.435181917865234e-07,ENSG00000125844,RRBP1,ribosome binding protein 1 [Source:HGNC Symbol;Acc:HGNC:10448]
Q9P2K3,712.3793405372795,0.7015185335296392,0.17624584941790666,3.9803407333935468,6.881655823009401e-05,0.0005366620845850401,ENSG00000117625,RCOR3,REST corepressor 3 [Source:HGNC Symbol;Acc:HGNC:25594]
Q9P2K8,28.269741878910228,-0.6183001725776373,0.17140930470599566,-3.607156412180522,0.00030957106328002154,0.0019428799742679552,ENSG00000128829,EIF2AK4,eukaryotic translation initiation factor 2 alpha kinase 4 [Source:HGNC Symbol;Acc:HGNC:19687]
Q9P2M7,449.91747399989237,0.7513651608384688,0.1605123110784376,4.681043813962027,2.8541792540791375e-06,3.35176087696812e-05,ENSG00000143375,CGN,cingulin [Source:HGNC Symbol;Acc:HGNC:17429]
Q9P2P5,481.5017569625463,1.2814233512981708,0.3128779141756044,4.095601809014123,4.210731304547731e-05,0.0003492420766848276,ENSG00000138411,HECW2,"HECT, C2 and WW domain containing E3 ubiquitin protein ligase 2 [Source:HGNC Symbol;Acc:HGNC:29853]"
Q9P2P6,393.43724841178056,1.1244379906554414,0.19638006769828648,5.7258254558858805,1.0293200915634582e-08,2.1660902003187506e-07,ENSG00000159433,STARD9,StAR related lipid transfer domain containing 9 [Source:HGNC Symbol;Acc:HGNC:19162]
Q9P2U7,10.552976483608777,-0.7685742772732751,0.28130500796181407,-2.7321741722337407,0.006291786990046647,0.023990157378715207,ENSG00000104888,SLC17A7,solute carrier family 17 member 7 [Source:HGNC Symbol;Acc:HGNC:16704]
Q9P2W6,135.26129383719288,1.7960611160103297,0.2554674954052311,7.030487824532657,2.058126845658052e-12,9.515708480952343e-11,ENSG00000110665,C11orf21,chromosome 11 open reading frame 21 [Source:HGNC Symbol;Acc:HGNC:13231]
Q9UBB6,337.4201842288273,-0.7622061084350118,0.10146956547019327,-7.5116721442836,5.837684104206044e-14,3.616412506577531e-12,ENSG00000020129,NCDN,neurochondrin [Source:HGNC Symbol;Acc:HGNC:17597]
Q9UBF2,91.21957592426513,-0.5455459473002245,0.20331600945161815,-2.6832414661868755,0.0072912325142839435,0.027098220739807565,ENSG00000158623,COPG2,COPI coat complex subunit gamma 2 [Source:HGNC Symbol;Acc:HGNC:2237]
Q9UBH6,1463.7200169763046,-0.6921644158910151,0.0994688393908953,-6.95860553043078,3.436572687145068e-12,1.5249532000462242e-10,ENSG00000143324,XPR1,xenotropic and polytropic retrovirus receptor 1 [Source:HGNC Symbol;Acc:HGNC:12827]
Q9UBI6,3826.711950806851,-0.6881679119019309,0.13587740243263677,-5.064623694459425,4.0920786543861625e-07,5.968697264803731e-06,ENSG00000172380,GNG12,G protein subunit gamma 12 [Source:HGNC Symbol;Acc:HGNC:19663]
Q9UBK5,51.42010194084829,0.7666745469358708,0.2032004927182244,3.772995511379044,0.0001612991909549641,0.0011165387185564277,ENSG00000126264,HCST,hematopoietic cell signal transducer [Source:HGNC Symbol;Acc:HGNC:16977]
Q9UBN1,283.90788108797267,1.0357223892858196,0.24291594534534194,4.263706887637132,2.0106316159311625e-05,0.0001848373057846847,ENSG00000075461,CACNG4,calcium voltage-gated channel auxiliary subunit gamma 4 [Source:HGNC Symbol;Acc:HGNC:1408]
Q9UBN4,69.65547386749715,-1.0021073609746898,0.23528752811167186,-4.259075561791235,2.0527407656393937e-05,0.00018769131362110776,ENSG00000133107,TRPC4,transient receptor potential cation channel subfamily C member 4 [Source:HGNC Symbol;Acc:HGNC:12336]
Q9UBS3,1698.8765163106978,-0.8478911699045746,0.13197689394935835,-6.424542543257035,1.3226666730221012e-10,4.252199826068429e-09,ENSG00000128590,DNAJB9,DnaJ heat shock protein family (Hsp40) member B9 [Source:HGNC Symbol;Acc:HGNC:6968]
Q9UBT7,406.3173656548199,0.5490793456665624,0.16360561686821126,3.356115493937232,0.0007904555135543868,0.0043029755367918945,ENSG00000119326,CTNNAL1,catenin alpha like 1 [Source:HGNC Symbol;Acc:HGNC:2512]
Q9UBU8,20.660929993665604,0.7295602450893989,0.19537437754129924,3.7341654226649075,0.00018833867906784668,0.001272945518897423,ENSG00000185787,MORF4L1,mortality factor 4 like 1 [Source:HGNC Symbol;Acc:HGNC:16989]
Q9UBV2,5141.915056321867,-0.5405149550780615,0.13662147853854584,-3.9562956049078535,7.612095918065024e-05,0.0005850693152629776,ENSG00000071537,SEL1L,SEL1L adaptor subunit of SYVN1 ubiquitin ligase [Source:HGNC Symbol;Acc:HGNC:10717]
Q9UBY5,141.62634821100895,-0.7839853278869036,0.2832621807808106,-2.767702083369733,0.005645303431596928,0.021985082444011768,ENSG00000171517,LPAR3,lysophosphatidic acid receptor 3 [Source:HGNC Symbol;Acc:HGNC:14298]
Q9UEF7,254.59255860087475,1.2289462509029638,0.2315840868272032,5.306695584053424,1.1163037352988342e-07,1.8622513296732594e-06,ENSG00000133116,KL,klotho [Source:HGNC Symbol;Acc:HGNC:6344]
Q9UEW3,2571.1422199605026,0.763497402689884,0.28806238031832554,2.650458563336786,0.008038258684869515,0.029311467763907452,ENSG00000019169,MARCO,macrophage receptor with collagenous structure [Source:HGNC Symbol;Acc:HGNC:6895]
Q9UF47,29.615753884426006,0.7751423614879831,0.3120308556712617,2.4841849688885573,0.012984834202460204,0.0433102742742071,ENSG00000147570,DNAJC5B,DnaJ heat shock protein family (Hsp40) member C5 beta [Source:HGNC Symbol;Acc:HGNC:24138]
Q9UFH2,10.462718440031697,1.4156791026165136,0.29778090004858887,4.7540963922988935,1.9933592284728428e-06,2.4518429684740698e-05,ENSG00000187775,DNAH17,dynein axonemal heavy chain 17 [Source:HGNC Symbol;Acc:HGNC:2946]
Q9UGC6,72.74180719064324,-0.710097056753564,0.2024657468241283,-3.507245387884743,0.00045277141270712827,0.002677056497545042,ENSG00000091844,RGS17,regulator of G protein signaling 17 [Source:HGNC Symbol;Acc:HGNC:14088]
Q9UGI9,11.80664522066101,2.321740769487827,0.46908202975930446,4.949541065726093,7.438868141427163e-07,1.0177220719046814e-05,ENSG00000115592,PRKAG3,protein kinase AMP-activated non-catalytic subunit gamma 3 [Source:HGNC Symbol;Acc:HGNC:9387]
Q9UGP4,1006.3542022104377,1.108027220115422,0.13742760228688797,8.062624987099403,7.467333296891071e-16,6.833384586291936e-14,ENSG00000144791,LIMD1,LIM domain containing 1 [Source:HGNC Symbol;Acc:HGNC:6612]
Q9UHC1,120.91075413064557,0.5839823450922268,0.19150675650477145,3.0494085731000133,0.002292924120234013,0.010471764039685427,ENSG00000119684,MLH3,mutL homolog 3 [Source:HGNC Symbol;Acc:HGNC:7128]
Q9UHF1,1351.4531655287353,1.6903298947643488,0.2146933627213043,7.873228465653984,3.4560469597548906e-15,2.731595243827957e-13,ENSG00000172889,EGFL7,EGF like domain multiple 7 [Source:HGNC Symbol;Acc:HGNC:20594]
Q9UHF4,436.5019175712775,1.0839068884820555,0.2451757979322948,4.420937537975816,9.827358050411683e-06,9.873920475798599e-05,ENSG00000016402,IL20RA,interleukin 20 receptor subunit alpha [Source:HGNC Symbol;Acc:HGNC:6003]
Q9UHF7,504.5192507313288,-0.9052328452031841,0.10990694046745414,-8.236357425227785,1.7753302483988734e-16,1.812645060101331e-14,ENSG00000104447,TRPS1,transcriptional repressor GATA binding 1 [Source:HGNC Symbol;Acc:HGNC:12340]
Q9UHG0,304.3778224992161,0.5611169853779525,0.17568942016740582,3.193800655971724,0.001404130397910904,0.006983917860966865,ENSG00000146038,DCDC2,doublecortin domain containing 2 [Source:HGNC Symbol;Acc:HGNC:18141]
Q9UHG2,61.88537120644373,-1.6070465762612842,0.23844215969231197,-6.739775291144118,1.586317697207171e-11,6.225026778328638e-10,ENSG00000102109,PCSK1N,proprotein convertase subtilisin/kexin type 1 inhibitor [Source:HGNC Symbol;Acc:HGNC:17301]
Q9UHG3,2295.871053804226,0.8592357926734292,0.10974395297810155,7.829459112383916,4.899733028242964e-15,3.7390557856356515e-13,ENSG00000116005,PCYOX1,prenylcysteine oxidase 1 [Source:HGNC Symbol;Acc:HGNC:20588]
Q9UHI7,63.18646786236643,-1.0357560619016624,0.35656969418992585,-2.904778725670303,0.003675128168051774,0.015397278992821777,ENSG00000170482,SLC23A1,solute carrier family 23 member 1 [Source:HGNC Symbol;Acc:HGNC:10974]
Q9UHP3,315.0606754211854,0.6212236767827368,0.09503326010988457,6.536907984261841,6.280366029443115e-11,2.1641748814584135e-09,ENSG00000155313,USP25,ubiquitin specific peptidase 25 [Source:HGNC Symbol;Acc:HGNC:12624]
Q9UHP6,36.490593581618064,-1.5860235069379505,0.48868071277406305,-3.245520982268096,0.001172359246403941,0.005991937617657594,ENSG00000100218,RSPH14,radial spoke head 14 homolog [Source:HGNC Symbol;Acc:HGNC:13437]
Q9UHP7,284.4395124680604,0.7405058282257315,0.21939370484229462,3.3752373558668176,0.0007375205186230615,0.004066319379428249,ENSG00000069493,CLEC2D,C-type lectin domain family 2 member D [Source:HGNC Symbol;Acc:HGNC:14351]
Q9UHV2,1054.3419887989912,0.7361941731156153,0.28848173686520645,2.5519611089266396,0.01071184750376931,0.03696433810798441,ENSG00000197019,SERTAD1,SERTA domain containing 1 [Source:HGNC Symbol;Acc:HGNC:17932]
Q9UHX3,128.07217713775321,-0.9596233593396548,0.24846266629882846,-3.862243666762822,0.00011235042373549386,0.0008145221055432549,ENSG00000127507,ADGRE2,adhesion G protein-coupled receptor E2 [Source:HGNC Symbol;Acc:HGNC:3337]
Q9UI08,304.86042344154504,0.5464486693685242,0.16895879381335785,3.234212656443112,0.001219785942364153,0.006198545915039344,ENSG00000196405,EVL,Enah/Vasp-like [Source:HGNC Symbol;Acc:HGNC:20234]
Q9UI36,16.47023346637859,1.2923885240057214,0.25417019248460937,5.084736771736043,3.681362664761385e-07,5.43796196976876e-06,ENSG00000276644,DACH1,dachshund family transcription factor 1 [Source:HGNC Symbol;Acc:HGNC:2663]
Q9UIA9,172.634933663452,0.6465534007382122,0.1995072817666628,3.2407508889545196,0.0011921531396635195,0.006077611036093217,ENSG00000130227,XPO7,exportin 7 [Source:HGNC Symbol;Acc:HGNC:14108]
Q9UIB8,1139.1853982169828,-0.9473014296949691,0.19125488206350139,-4.95308365190093,7.304655344670961e-07,1.0012235486101515e-05,ENSG00000066294,CD84,CD84 molecule [Source:HGNC Symbol;Acc:HGNC:1704]
Q9UIK4,70.92730434259262,1.5969936950793313,0.17868750477423131,8.937355172635638,3.985956055333397e-19,6.190582735515685e-17,ENSG00000035664,DAPK2,death associated protein kinase 2 [Source:HGNC Symbol;Acc:HGNC:2675]
Q9UIU6,223.2255787124566,-1.8247899727484267,0.33873570943921305,-5.387061127300161,7.161908183305435e-08,1.2407598041996706e-06,ENSG00000100625,SIX4,SIX homeobox 4 [Source:HGNC Symbol;Acc:HGNC:10890]
Q9UJ55,10.688790565274903,-0.9935508279010602,0.32866355245004497,-3.0230027652733846,0.0025027995628321077,0.011246279861185678,ENSG00000254585,MAGEL2,MAGE family member L2 [Source:HGNC Symbol;Acc:HGNC:6814]
Q9UJ71,82.21037279866127,-1.062644319574568,0.27093618455494123,-3.922120337378125,8.777313298580126e-05,0.0006615100435097747,ENSG00000116031,CD207,CD207 molecule [Source:HGNC Symbol;Acc:HGNC:17935]
Q9UJA9,556.1070475284939,-0.6247941484744237,0.1556705977359263,-4.013565551629093,5.9808382999403304e-05,0.0004749780621781925,ENSG00000112796,ENPP5,ectonucleotide pyrophosphatase/phosphodiesterase family member 5 [Source:HGNC Symbol;Acc:HGNC:13717]
Q9UJF2,66.92036194131887,0.9446014105755729,0.1205947248725342,7.832858456901779,4.769011050915271e-15,3.6519364485029644e-13,ENSG00000075391,RASAL2,RAS protein activator like 2 [Source:HGNC Symbol;Acc:HGNC:9874]
Q9UJM3,3220.5664055460547,0.7169396257346563,0.20695328822801196,3.464258199873413,0.0005316959023883057,0.0030728567692011773,ENSG00000116285,ERRFI1,ERBB receptor feedback inhibitor 1 [Source:HGNC Symbol;Acc:HGNC:18185]
Q9UJP4,894.9441094467446,-0.5388535123797282,0.11898053129218404,-4.528921719608476,5.9285456399839085e-06,6.335830926145497e-05,ENSG00000162413,KLHL21,kelch like family member 21 [Source:HGNC Symbol;Acc:HGNC:29041]
Q9UJQ1,101.92734120523986,-1.948314903398604,0.21641569295022572,-9.002650763624173,2.203323317830824e-19,3.5994142556622957e-17,ENSG00000125869,LAMP5,lysosomal associated membrane protein family member 5 [Source:HGNC Symbol;Acc:HGNC:16097]
Q9UJT0,114.01491621245634,1.006003293329737,0.22869184366495127,4.398946972519048,1.0877739903929305e-05,0.00010825707393558524,ENSG00000074935,TUBE1,tubulin epsilon 1 [Source:HGNC Symbol;Acc:HGNC:20775]
Q9UJT1,97.20683027308091,0.7135609147887148,0.17940840494792612,3.9772992519265093,6.970242394535433e-05,0.0005421054319292413,ENSG00000108423,TUBD1,tubulin delta 1 [Source:HGNC Symbol;Acc:HGNC:16811]
Q9UJU2,15.624502011192412,-1.485648390785609,0.23598959969353014,-6.295397732421085,3.066126538667968e-10,9.064390708281954e-09,ENSG00000138795,LEF1,lymphoid enhancer binding factor 1 [Source:HGNC Symbol;Acc:HGNC:6551]
Q9UJV8,20.557054305426163,0.7459730207955931,0.2721768513135174,2.7407658557131125,0.006129617096449378,0.023448842228117016,ENSG00000172733,PURG,purine rich element binding protein G [Source:HGNC Symbol;Acc:HGNC:17930]
Q9UJX3,11.47194029091886,0.6025120231175443,0.24279469607038628,2.481569955477428,0.013080503208276882,0.043563488033122676,ENSG00000196510,ANAPC7,anaphase promoting complex subunit 7 [Source:HGNC Symbol;Acc:HGNC:17380]
Q9UJY4,1046.498262850865,0.7639037002435407,0.10672164493050315,7.1579078521605695,8.19175856223863e-13,4.0873539215296545e-11,ENSG00000103365,GGA2,"golgi associated, gamma adaptin ear containing, ARF binding protein 2 [Source:HGNC Symbol;Acc:HGNC:16064]"
Q9UK17,397.12328734528364,-1.8607723895973176,0.2031964121162213,-9.157506130241218,5.3110465281069294e-20,1.0097398287143984e-17,ENSG00000171385,KCND3,potassium voltage-gated channel subfamily D member 3 [Source:HGNC Symbol;Acc:HGNC:6239]
Q9UK58,46.82830259037947,0.5822273833434464,0.16448958192041413,3.539600359767152,0.0004007333690957153,0.002420644678728268,ENSG00000163660,CCNL1,cyclin L1 [Source:HGNC Symbol;Acc:HGNC:20569]
Q9UK97,185.52037454829113,0.8501130238304442,0.15587882736604403,5.453678592501582,4.9338345177098855e-08,8.911612322160018e-07,ENSG00000112146,FBXO9,F-box protein 9 [Source:HGNC Symbol;Acc:HGNC:13588]
Q9UKA9,51.39734430034146,0.6414925029365096,0.15894586979300868,4.03591803783206,5.438920252633552e-05,0.00043777353011525673,ENSG00000117569,PTBP2,polypyrimidine tract binding protein 2 [Source:HGNC Symbol;Acc:HGNC:17662]
Q9UKB3,19.05092270945425,-1.4646604106109562,0.27836606260049535,-5.261634255728234,1.4278057365937396e-07,2.323898724342312e-06,ENSG00000108176,DNAJC12,DnaJ heat shock protein family (Hsp40) member C12 [Source:HGNC Symbol;Acc:HGNC:28908]
Q9UKB5,80.34604999171431,1.0754553837133998,0.3580041858798124,3.004030193307424,0.002664288832102989,0.011848805384795184,ENSG00000196581,AJAP1,adherens junctions associated protein 1 [Source:HGNC Symbol;Acc:HGNC:30801]
Q9UKE5,571.133686477657,0.514977458973012,0.09708225564769134,5.304547731583926,1.1295268633380619e-07,1.882886276950689e-06,ENSG00000154310,TNIK,TRAF2 and NCK interacting kinase [Source:HGNC Symbol;Acc:HGNC:30765]
Q9UKF5,11.335203039703462,3.9324211442599997,0.42047027174330254,9.352435614427328,8.565219813773751e-21,1.733003282320792e-18,ENSG00000168594,ADAM29,ADAM metallopeptidase domain 29 [Source:HGNC Symbol;Acc:HGNC:207]
Q9UKG9,318.65698878543583,-0.5189800224261878,0.12479165170216179,-4.1587719638876885,3.1996312152723595e-05,0.00027498246060543926,ENSG00000005469,CROT,carnitine O-octanoyltransferase [Source:HGNC Symbol;Acc:HGNC:2366]
Q9UKP4,97.93964793246003,0.506572408605574,0.17049557838543508,2.9711762228834955,0.0029666150043213316,0.012924876986428814,ENSG00000136378,ADAMTS7,ADAM metallopeptidase with thrombospondin type 1 motif 7 [Source:HGNC Symbol;Acc:HGNC:223]
Q9UKP6,11.943422154768973,-1.1920198168728233,0.3685969741218877,-3.233938150774526,0.0012209589355145507,0.0062000986331655315,ENSG00000181408,UTS2R,urotensin 2 receptor [Source:HGNC Symbol;Acc:HGNC:4468]
Q9UKQ2,12.908716451768521,-1.328647742936333,0.3093654582455108,-4.294751425939496,1.7488917918269114e-05,0.00016370993029266005,ENSG00000042980,ADAM28,ADAM metallopeptidase domain 28 [Source:HGNC Symbol;Acc:HGNC:206]
Q9UKR3,24.620745889252266,-2.1127397602509435,0.3445771052161642,-6.131399121614754,8.710956311611589e-10,2.3201863586507488e-08,ENSG00000167759,KLK13,kallikrein related peptidase 13 [Source:HGNC Symbol;Acc:HGNC:6361]
Q9UKT9,1115.1597635288454,-0.6217489567514364,0.16827670410368126,-3.6948011316430036,0.00022005895379862748,0.0014539185641326933,ENSG00000161405,IKZF3,IKAROS family zinc finger 3 [Source:HGNC Symbol;Acc:HGNC:13178]
Q9UKU6,235.0857004726124,0.6465411314038927,0.19344347750530863,3.342274134759337,0.0008309495082194138,0.004489407264642566,ENSG00000072657,TRHDE,thyrotropin releasing hormone degrading enzyme [Source:HGNC Symbol;Acc:HGNC:30748]
Q9UKU9,1439.556707358877,-1.1191691308752836,0.20274257016047903,-5.520148679132436,3.3871294893877794e-08,6.341235463409007e-07,ENSG00000136859,ANGPTL2,angiopoietin like 2 [Source:HGNC Symbol;Acc:HGNC:490]
Q9UKV0,58.42650388276168,-0.6798028888235434,0.2337393790174295,-2.9083798018170137,0.0036330680838175954,0.015264561539438608,ENSG00000048052,HDAC9,histone deacetylase 9 [Source:HGNC Symbol;Acc:HGNC:14065]
Q9UKX2,21.510221166552682,1.3024566501293284,0.4188599044374114,3.109528117470956,0.0018738644832149197,0.00885308639949054,ENSG00000125414,MYH2,myosin heavy chain 2 [Source:HGNC Symbol;Acc:HGNC:7572]
Q9UKX5,300.5504228641976,-2.5122337554208083,0.30805793926619707,-8.15506901528012,3.4898053614394126e-16,3.346268149616731e-14,ENSG00000137809,ITGA11,integrin subunit alpha 11 [Source:HGNC Symbol;Acc:HGNC:6136]
Q9UKY7,343.16024118475053,-0.5392146799955123,0.18317958726205227,-2.943639561891385,0.0032437753396128955,0.01394493182194537,ENSG00000091527,CDV3,CDV3 homolog [Source:HGNC Symbol;Acc:HGNC:26928]
Q9UL17,115.2878347635445,1.401431269311974,0.19837605566824473,7.064518268553867,1.6117414001480635e-12,7.627756403189998e-11,ENSG00000073861,TBX21,T-box transcription factor 21 [Source:HGNC Symbol;Acc:HGNC:11599]
Q9UL42,467.61915307967615,-0.8050720390961816,0.15346530133797254,-5.245954831986372,1.554749920140567e-07,2.5046351160540585e-06,ENSG00000240694,PNMA2,PNMA family member 2 [Source:HGNC Symbol;Acc:HGNC:9159]
Q9UL51,12.151731037366293,-0.6103903918719942,0.22779679341116144,-2.6795389993496137,0.007372361473839542,0.027349042883777503,ENSG00000099822,HCN2,hyperpolarization activated cyclic nucleotide gated potassium and sodium channel 2 [Source:HGNC Symbol;Acc:HGNC:4846]
Q9UL58,87.29229928214333,-2.1492893019179986,0.3373168084787161,-6.371723103901044,1.8691613095922163e-10,5.781554491128574e-09,ENSG00000149054,ZNF215,zinc finger protein 215 [Source:HGNC Symbol;Acc:HGNC:13007]
Q9ULA0,230.297841603161,0.5240351326456729,0.09778751298453908,5.3589166617677115,8.372246124446195e-08,1.4335521430786987e-06,ENSG00000123992,DNPEP,aspartyl aminopeptidase [Source:HGNC Symbol;Acc:HGNC:2981]
Q9ULC0,1135.0197771153903,1.502773858218256,0.19453205119824782,7.7250707477852965,1.11791236891637e-14,7.802037779772665e-13,ENSG00000164035,EMCN,endomucin [Source:HGNC Symbol;Acc:HGNC:16041]
Q9ULC3,405.31161316734074,-0.8247741218312056,0.2125810811899239,-3.8798096105943554,0.00010453825887605893,0.0007672168922637616,ENSG00000112210,RAB23,"RAB23, member RAS oncogene family [Source:HGNC Symbol;Acc:HGNC:14263]"
Q9ULD2,40.2401925820529,-1.1497558704515058,0.2946088513654203,-3.9026521610696534,9.514438750907424e-05,0.0007079333070597582,ENSG00000129422,MTUS1,microtubule associated scaffold protein 1 [Source:HGNC Symbol;Acc:HGNC:29789]
Q9ULG6,218.67004785750368,-0.6951639489954885,0.15787656683377202,-4.403211717464224,1.0665998486055439e-05,0.00010643797765224735,ENSG00000260916,CCPG1,cell cycle progression 1 [Source:HGNC Symbol;Acc:HGNC:24227]
Q9ULI3,2707.3782350963334,0.7378728412158417,0.13538416366004313,5.45021530781606,5.0308876362554954e-08,9.064640190357736e-07,ENSG00000173706,HEG1,heart development protein with EGF like domains 1 [Source:HGNC Symbol;Acc:HGNC:29227]
Q9ULJ8,797.0207634078695,0.73900495116812,0.10913439358357754,6.771512874190057,1.274426179440338e-11,5.185644826822364e-10,ENSG00000158528,PPP1R9A,protein phosphatase 1 regulatory subunit 9A [Source:HGNC Symbol;Acc:HGNC:14946]
Q9ULK4,11.05373488297996,0.6431359683746743,0.2317115312019932,2.775588962009941,0.005510182219925225,0.021580813119913143,ENSG00000112282,MED23,mediator complex subunit 23 [Source:HGNC Symbol;Acc:HGNC:2372]
Q9ULK6,242.14325254520585,-0.5263528786698803,0.19634997652006414,-2.6806872503806725,0.007347114633138642,0.027273736091439085,ENSG00000170153,RNF150,ring finger protein 150 [Source:HGNC Symbol;Acc:HGNC:23138]
Q9ULL8,3076.7817600733842,0.8469518252902142,0.14652252998055862,5.780352177938725,7.454441197523668e-09,1.6165215945937756e-07,ENSG00000158352,SHROOM4,shroom family member 4 [Source:HGNC Symbol;Acc:HGNC:29215]
Q9ULQ0,120.91461056199823,-1.1138142327326792,0.24986873450931665,-4.457597445794681,8.288336299535914e-06,8.509821636404332e-05,ENSG00000128578,STRIP2,striatin interacting protein 2 [Source:HGNC Symbol;Acc:HGNC:22209]
Q9ULR0,91.1196208514122,0.688142032027739,0.09926768150330599,6.932186000584907,4.143866041664471e-12,1.8061031953136014e-10,ENSG00000240682,ISY1,ISY1 splicing factor homolog [Source:HGNC Symbol;Acc:HGNC:29201]
Q9ULR3,424.52982361964587,-0.7811619157624128,0.17234217826639575,-4.532621808661032,5.8256062011173375e-06,6.233766092161172e-05,ENSG00000111110,PPM1H,"protein phosphatase, Mg2+/Mn2+ dependent 1H [Source:HGNC Symbol;Acc:HGNC:18583]"
Q9ULR5,416.80724274026204,-0.6457595984307842,0.20903030135527606,-3.0893109479530723,0.0020062134326051754,0.009377072957050415,ENSG00000124374,PAIP2B,poly(A) binding protein interacting protein 2B [Source:HGNC Symbol;Acc:HGNC:29200]
Q9ULS6,47.853615078292904,-2.8896151708321507,0.34845973397253094,-8.2925368101783,1.108583455021103e-16,1.1868300736424956e-14,ENSG00000156486,KCNS2,potassium voltage-gated channel modifier subfamily S member 2 [Source:HGNC Symbol;Acc:HGNC:6301]
Q9ULV1,3036.9837536334776,0.7464676995571004,0.19313895287885985,3.86492568397271,0.00011112302874402367,0.0008077479485565913,ENSG00000174804,FZD4,frizzled class receptor 4 [Source:HGNC Symbol;Acc:HGNC:4042]
Q9ULV8,28.359646312770536,-1.4467324036406364,0.22460113728040804,-6.441340507703808,1.1842285180492616e-10,3.852061318150208e-09,ENSG00000142273,CBLC,Cbl proto-oncogene C [Source:HGNC Symbol;Acc:HGNC:15961]
Q9ULW0,173.49751499553744,-1.270127074445633,0.24062307286500847,-5.278492454288391,1.3025102885206198e-07,2.140503867588208e-06,ENSG00000088325,TPX2,TPX2 microtubule nucleation factor [Source:HGNC Symbol;Acc:HGNC:1249]
Q9ULZ2,138.26187073776717,-1.0763777337576912,0.25231401144661253,-4.26602441769447,1.9898701134504294e-05,0.0001831777747774952,ENSG00000035720,STAP1,signal transducing adaptor family member 1 [Source:HGNC Symbol;Acc:HGNC:24133]
Q9UM47,1607.6007939019603,-0.7367124376976257,0.1359825195393246,-5.41769957045528,6.037074640374459e-08,1.070270451115903e-06,ENSG00000074181,NOTCH3,notch receptor 3 [Source:HGNC Symbol;Acc:HGNC:7883]
Q9UM63,684.3942470434854,0.7887097593916826,0.11692601702741928,6.745374378114063,1.52632945432328e-11,6.032557309255488e-10,ENSG00000118495,PLAGL1,PLAG1 like zinc finger 1 [Source:HGNC Symbol;Acc:HGNC:9046]
Q9UMD9,166.05389442277718,-4.7940286736357205,0.317356867034648,-15.106112933464031,1.4759320642562398e-51,3.255020574510711e-47,ENSG00000065618,COL17A1,collagen type XVII alpha 1 chain [Source:HGNC Symbol;Acc:HGNC:2194]
Q9UMQ3,28.347720420773058,-1.8081459862869327,0.39492813916030073,-4.578417709438043,4.6850640648758426e-06,5.156449252314888e-05,ENSG00000043039,BARX2,BARX homeobox 2 [Source:HGNC Symbol;Acc:HGNC:956]
Q9UMR2,171.42150886287052,0.6244916077230344,0.08271061357664243,7.55032009458326,4.341897823563613e-14,2.7836108895602304e-12,ENSG00000157349,DDX19B,DEAD-box helicase 19B [Source:HGNC Symbol;Acc:HGNC:2742]
Q9UMS6,2338.59304495169,-1.35887001607203,0.21474954892160864,-6.327696718785969,2.4884762371196987e-10,7.497384553748338e-09,ENSG00000172403,SYNPO2,synaptopodin 2 [Source:HGNC Symbol;Acc:HGNC:17732]
Q9UMX6,46.897850086390584,0.845297399870768,0.23525270661365616,3.593146332037565,0.0003267089888296261,0.0020315269406986376,ENSG00000112599,GUCA1B,guanylate cyclase activator 1B [Source:HGNC Symbol;Acc:HGNC:4679]
Q9UN70,282.93214973315156,-0.87731045102818,0.24513350162140932,-3.5789088199911636,0.0003450318106644434,0.002124918054284734,ENSG00000240184,PCDHGC3,"protocadherin gamma subfamily C, 3 [Source:HGNC Symbol;Acc:HGNC:8716]"
Q9UN79,637.3719172771068,0.6660020369328064,0.11891907281040101,5.600464426716887,2.1377827649570746e-08,4.1945428023454917e-07,ENSG00000143842,SOX13,SRY-box transcription factor 13 [Source:HGNC Symbol;Acc:HGNC:11192]
Q9UNA0,223.43328560454762,-0.8089935614642134,0.21710600235004454,-3.726260686979332,0.00019434141207007538,0.0013067089944492202,ENSG00000154736,ADAMTS5,ADAM metallopeptidase with thrombospondin type 1 motif 5 [Source:HGNC Symbol;Acc:HGNC:221]
Q9UNA4,269.79381779335495,0.5810743202356746,0.15456175335132438,3.759496173124227,0.0001702558817524394,0.0011679076877661892,ENSG00000101751,POLI,DNA polymerase iota [Source:HGNC Symbol;Acc:HGNC:9182]
Q9UNE2,84.05192862195616,0.517559967499456,0.1418254179846908,3.649275107761879,0.0002629813528874385,0.001692381312103755,ENSG00000181031,RPH3AL,rabphilin 3A like (without C2 domains) [Source:HGNC Symbol;Acc:HGNC:10296]
Q9UNG2,25.007546339487288,-0.6566037973561429,0.262842300955858,-2.498090280629577,0.012486438950828387,0.04198093856619842,ENSG00000120337,TNFSF18,TNF superfamily member 18 [Source:HGNC Symbol;Acc:HGNC:11932]
Q9UNL2,4144.153998551895,-0.6025904562501354,0.10175993364896414,-5.921686803854057,3.1865606344354606e-09,7.548486383656247e-08,ENSG00000114850,SSR3,signal sequence receptor subunit 3 [Source:HGNC Symbol;Acc:HGNC:11325]
Q9UNQ0,345.08282665624046,0.6318979688315565,0.1977782719697212,3.194981746671832,0.001398396845982582,0.0069632522107247385,ENSG00000118777,ABCG2,ATP binding cassette subfamily G member 2 (Junior blood group) [Source:HGNC Symbol;Acc:HGNC:74]
Q9UNS1,141.49158660944195,-0.6905527544497865,0.13557198256192346,-5.0936243713510025,3.5128242329099717e-07,5.209941199233122e-06,ENSG00000111602,TIMELESS,timeless circadian regulator [Source:HGNC Symbol;Acc:HGNC:11813]
Q9UNX4,663.342258402602,-0.6454499564958253,0.09707591522905352,-6.648919610728024,2.952521924655047e-11,1.090702152870057e-09,ENSG00000065183,WDR3,WD repeat domain 3 [Source:HGNC Symbol;Acc:HGNC:12755]
Q9UP95,38.365186660419575,0.7501812536888518,0.16400865671642004,4.574034497373857,4.784210142881867e-06,5.251914907472209e-05,ENSG00000124067,SLC12A4,solute carrier family 12 member 4 [Source:HGNC Symbol;Acc:HGNC:10913]
Q9UPC5,537.0947517997236,-0.7869159011360949,0.2377225955445132,-3.3102276177560332,0.0009322013167681823,0.004946900426835384,ENSG00000171659,GPR34,G protein-coupled receptor 34 [Source:HGNC Symbol;Acc:HGNC:4490]
Q9UPI3,321.5196278654698,0.723443388641717,0.2093803310993701,3.455164030179974,0.000549958127822156,0.003163478495302511,ENSG00000119686,FLVCR2,FLVCR choline and putative heme transporter 2 [Source:HGNC Symbol;Acc:HGNC:20105]
Q9UPM6,167.18881541282067,-0.6299487401521056,0.24661317027508228,-2.554400235191962,0.010637090761224231,0.03676965511724752,ENSG00000106852,LHX6,LIM homeobox 6 [Source:HGNC Symbol;Acc:HGNC:21735]
Q9UPP2,106.85203938340067,0.9054611617603521,0.24338105640464383,3.7203436254912874,0.00019895189760262724,0.0013340483884853576,ENSG00000120645,IQSEC3,IQ motif and Sec7 domain ArfGEF 3 [Source:HGNC Symbol;Acc:HGNC:29193]
Q9UPQ0,10.89996216522582,2.3024692780150517,0.32884130941276435,7.001764109645279,2.527593987026024e-12,1.1446315767940848e-10,ENSG00000064042,LIMCH1,LIM and calponin homology domains 1 [Source:HGNC Symbol;Acc:HGNC:29191]
Q9UPQ7,23.504311818529185,-1.163290334400913,0.29755856222717997,-3.9094500447033487,9.250648234903411e-05,0.0006915721904154571,ENSG00000121440,PDZRN3,PDZ domain containing ring finger 3 [Source:HGNC Symbol;Acc:HGNC:17704]
Q9UPR6,11.593987967418656,-1.0152325151887525,0.3719198251880518,-2.7297079812172584,0.006339044937622367,0.024141132283599324,ENSG00000105278,ZFR2,zinc finger RNA binding protein 2 [Source:HGNC Symbol;Acc:HGNC:29189]
Q9UPV7,17.485414377283156,-0.8846894657557836,0.23949019249066222,-3.6940530071613593,0.00022070776250323644,0.0014573527980860988,ENSG00000122733,PHF24,PHD finger protein 24 [Source:HGNC Symbol;Acc:HGNC:29180]
Q9UPW8,14.82965167170949,-1.0981791289881941,0.2433900324199077,-4.512013569617201,6.421507883126282e-06,6.805378897379482e-05,ENSG00000130477,UNC13A,unc-13 homolog A [Source:HGNC Symbol;Acc:HGNC:23150]
Q9UPX0,339.5322800713926,-0.9000896632026889,0.18318172473839767,-4.913643347818182,8.939931359199326e-07,1.1941928903439244e-05,ENSG00000080854,IGSF9B,immunoglobulin superfamily member 9B [Source:HGNC Symbol;Acc:HGNC:32326]
Q9UPX6,10.90762068685706,-1.172166825457929,0.2451600308474425,-4.7812313508287225,1.7422471776466029e-06,2.175212831876948e-05,ENSG00000169330,MINAR1,membrane integral NOTCH2 associated receptor 1 [Source:HGNC Symbol;Acc:HGNC:29172]
Q9UPY5,160.33002512461337,-0.93055789274495,0.24027190452761354,-3.872936765430286,0.0001075317345633747,0.0007847468147123315,ENSG00000151012,SLC7A11,solute carrier family 7 member 11 [Source:HGNC Symbol;Acc:HGNC:11059]
Q9UPY6,262.9299838695362,0.5660586838189822,0.12270084370439457,4.6133234844147095,3.962808179517918e-06,4.472659753893969e-05,ENSG00000132970,WASF3,WASP family member 3 [Source:HGNC Symbol;Acc:HGNC:12734]
Q9UPZ3,385.27025345369486,0.886363625576284,0.14557817613090615,6.088574875256386,1.139201734711437e-09,2.9767719262234636e-08,ENSG00000110756,HPS5,HPS5 biogenesis of lysosomal organelles complex 2 subunit 2 [Source:HGNC Symbol;Acc:HGNC:17022]
Q9UQ16,199.58159495610846,1.0249026328453807,0.12446898211461668,8.234201127326678,1.807597844756146e-16,1.8370858464632278e-14,ENSG00000197959,DNM3,dynamin 3 [Source:HGNC Symbol;Acc:HGNC:29125]
Q9UQ52,14.870920744503032,2.739696273703527,0.3408482514610889,8.037876861505008,9.140841882788251e-16,8.261972413238201e-14,ENSG00000134115,CNTN6,contactin 6 [Source:HGNC Symbol;Acc:HGNC:2176]
Q9UQ88,13.881565178494785,0.8678070224347919,0.22245310355627235,3.901078513005637,9.576508302580023e-05,0.0007115913548015493,ENSG00000008128,CDK11A,cyclin dependent kinase 11A [Source:HGNC Symbol;Acc:HGNC:1730]
Q9UQC9,319.87490830821866,-3.842870642398875,0.5139201647098216,-7.4775634549555035,7.571321274385109e-14,4.612649706775945e-12,ENSG00000137975,CLCA2,chloride channel accessory 2 [Source:HGNC Symbol;Acc:HGNC:2016]
Q9UQD0,17.22662435901255,0.5629455896726385,0.20743873470842134,2.713792052694124,0.006651790632396698,0.02506422238761275,ENSG00000196876,SCN8A,sodium voltage-gated channel alpha subunit 8 [Source:HGNC Symbol;Acc:HGNC:10596]
Q9UQK1,718.1976011511988,-0.683629196083349,0.25733346893895176,-2.656588740291412,0.007893567296712839,0.028883415495987233,ENSG00000119938,PPP1R3C,protein phosphatase 1 regulatory subunit 3C [Source:HGNC Symbol;Acc:HGNC:9293]
Q9UQL6,66.45249437968106,0.7001399295082049,0.14200395383227668,4.93042560163608,8.205066095236204e-07,1.1108319684735374e-05,ENSG00000108840,HDAC5,histone deacetylase 5 [Source:HGNC Symbol;Acc:HGNC:14068]
Q9UQV4,5607.812163197431,0.8547495389785581,0.2314955790893907,3.6922931415830686,0.0002222410886209196,0.0014652630697894653,ENSG00000078081,LAMP3,lysosomal associated membrane protein 3 [Source:HGNC Symbol;Acc:HGNC:14582]
Q9Y210,559.4777469213744,0.9181735876752688,0.1784027299549152,5.146634179349743,2.652017877704654e-07,4.047584932518923e-06,ENSG00000137672,TRPC6,transient receptor potential cation channel subfamily C member 6 [Source:HGNC Symbol;Acc:HGNC:12338]
Q9Y225,560.0048184177784,-0.9074808246871788,0.2139645077439356,-4.241268022700366,2.222605313526624e-05,0.00020105552741803186,ENSG00000101236,RNF24,ring finger protein 24 [Source:HGNC Symbol;Acc:HGNC:13779]
Q9Y234,59.57193391611896,0.7114848272705497,0.19868955974964117,3.5808868275064696,0.0003424299634211617,0.002111252561724993,ENSG00000144182,LIPT1,lipoyltransferase 1 [Source:HGNC Symbol;Acc:HGNC:29569]
Q9Y236,812.9746016550057,0.5122154928169562,0.11406245330754605,4.490658213670645,7.100341025472407e-06,7.424889567366925e-05,ENSG00000164823,OSGIN2,oxidative stress induced growth inhibitor family member 2 [Source:HGNC Symbol;Acc:HGNC:1355]
Q9Y240,51.17977447497288,-0.9782245484741541,0.1942808613143039,-5.035105063136409,4.775868178145228e-07,6.8751303394787766e-06,ENSG00000105472,CLEC11A,C-type lectin domain containing 11A [Source:HGNC Symbol;Acc:HGNC:10576]
Q9Y250,479.111360980371,-1.0842669674779086,0.23147434204107561,-4.684177770707318,2.810859783747817e-06,3.311280116111322e-05,ENSG00000061337,LZTS1,leucine zipper tumor suppressor 1 [Source:HGNC Symbol;Acc:HGNC:13861]
Q9Y261,502.6669778073065,0.8425831147337219,0.15344522238939037,5.491100352382039,3.994373027910542e-08,7.347114491871484e-07,ENSG00000125798,FOXA2,forkhead box A2 [Source:HGNC Symbol;Acc:HGNC:5022]
Q9Y264,90.11345242250454,2.193776450668227,0.2639524134949868,8.311257402879907,9.469327129659898e-17,1.0338442599877198e-14,ENSG00000101280,ANGPT4,angiopoietin 4 [Source:HGNC Symbol;Acc:HGNC:487]
Q9Y265,42.464130645944536,-0.9990817310771639,0.21327519900194566,-4.684472155002183,2.8068231954182085e-06,3.308480959473713e-05,ENSG00000175792,RUVBL1,RuvB like AAA ATPase 1 [Source:HGNC Symbol;Acc:HGNC:10474]
Q9Y275,578.1216255987206,-0.6733517054107866,0.18943248451661138,-3.554573583981792,0.0003785925554713141,0.0023026696686057253,ENSG00000102524,TNFSF13B,TNF superfamily member 13b [Source:HGNC Symbol;Acc:HGNC:11929]
Q9Y277,25.059800057371437,0.6482931462286375,0.2555049377231174,2.537301830664315,0.011171059401498004,0.03818452325490344,ENSG00000078668,VDAC3,voltage dependent anion channel 3 [Source:HGNC Symbol;Acc:HGNC:12674]
Q9Y278,10.252565846155322,-1.9948963040211385,0.4061217873802514,-4.912064228047236,9.012251894375758e-07,1.2023968740384934e-05,ENSG00000122254,HS3ST2,heparan sulfate-glucosamine 3-sulfotransferase 2 [Source:HGNC Symbol;Acc:HGNC:5195]
Q9Y281,832.4968378007245,0.5497350058785084,0.10827120733147072,5.077388711437407,3.826575023129468e-07,5.629261587402211e-06,ENSG00000165410,CFL2,cofilin 2 [Source:HGNC Symbol;Acc:HGNC:1875]
Q9Y287,113.54732807565219,1.2870382538364047,0.140563577890615,9.156271298372637,5.372148560549432e-20,1.0126270457637366e-17,ENSG00000136156,ITM2B,integral membrane protein 2B [Source:HGNC Symbol;Acc:HGNC:6174]
Q9Y2A9,137.33875305340715,-3.2889792858788027,0.36868712620742056,-8.920786900566872,4.62986702890769e-19,7.090769962189597e-17,ENSG00000179913,B3GNT3,"UDP-GlcNAc:betaGal beta-1,3-N-acetylglucosaminyltransferase 3 [Source:HGNC Symbol;Acc:HGNC:13528]"
Q9Y2C3,41.64324076499945,-1.660301392821147,0.42243113732935583,-3.9303480404349647,8.482298889103531e-05,0.0006419650641739509,ENSG00000183778,B3GALT5,"beta-1,3-galactosyltransferase 5 [Source:HGNC Symbol;Acc:HGNC:920]"
Q9Y2D2,124.2296417278707,0.794841357031932,0.13627322280854515,5.832703891861657,5.453630049063645e-09,1.2335831497646116e-07,ENSG00000117620,SLC35A3,solute carrier family 35 member A3 [Source:HGNC Symbol;Acc:HGNC:11023]
Q9Y2G0,171.66176672761458,1.7740683930406858,0.16900603707311943,10.497071132868147,8.910189280945845e-26,4.678697961951897e-23,ENSG00000084710,EFR3B,EFR3 homolog B [Source:HGNC Symbol;Acc:HGNC:29155]
Q9Y2H1,1188.6619190101508,-0.573557849042423,0.09987980075655463,-5.742480909031881,9.329940051417193e-09,1.984209237164463e-07,ENSG00000211455,STK38L,serine/threonine kinase 38 like [Source:HGNC Symbol;Acc:HGNC:17848]
Q9Y2I2,119.40744440693128,1.5305050886157108,0.24069271553834523,6.358751178624194,2.034005728781602e-10,6.256340633549436e-09,ENSG00000162631,NTNG1,netrin G1 [Source:HGNC Symbol;Acc:HGNC:23319]
Q9Y2J4,218.82257548222668,1.3255210490821747,0.21164368691596971,6.2629841144680825,3.776791077003917e-10,1.0945249725656292e-08,ENSG00000114019,AMOTL2,angiomotin like 2 [Source:HGNC Symbol;Acc:HGNC:17812]
Q9Y2K7,333.42869088515755,0.7556304415230537,0.22310937016373686,3.3868162550434664,0.0007070872773701088,0.003915165155691785,ENSG00000173120,KDM2A,lysine demethylase 2A [Source:HGNC Symbol;Acc:HGNC:13606]
Q9Y2L5,12.151207085805376,0.7489272016136437,0.18573754789816857,4.0321798693296325,5.52618646086906e-05,0.0004433412739469125,ENSG00000153339,TRAPPC8,trafficking protein particle complex subunit 8 [Source:HGNC Symbol;Acc:HGNC:29169]
Q9Y2L6,380.21731553993214,0.771891838068402,0.15461647524570668,4.992300056263477,5.966446665500377e-07,8.381147437002887e-06,ENSG00000114541,FRMD4B,FERM domain containing 4B [Source:HGNC Symbol;Acc:HGNC:24886]
Q9Y2N7,592.4847169601925,2.282856572824655,0.2496006480332962,9.146036241541035,5.906088176462084e-20,1.08544057203079e-17,ENSG00000124440,HIF3A,hypoxia inducible factor 3 subunit alpha [Source:HGNC Symbol;Acc:HGNC:15825]
Q9Y2P4,33.170689871428856,1.4740452892129738,0.3414448204697053,4.317082002255058,1.5810543287987046e-05,0.00014990787690166222,ENSG00000113396,SLC27A6,solute carrier family 27 member 6 [Source:HGNC Symbol;Acc:HGNC:11000]
Q9Y2T3,23.666838704922295,-2.801932873064224,0.37719986774298364,-7.428244579802992,1.1004833548607334e-13,6.420650769338258e-12,ENSG00000119125,GDA,guanine deaminase [Source:HGNC Symbol;Acc:HGNC:4212]
Q9Y2T4,10.232947227907157,-1.191615480610615,0.3889428162938947,-3.0637292442244295,0.00218596652039882,0.010068777285061732,ENSG00000074211,PPP2R2C,protein phosphatase 2 regulatory subunit Bgamma [Source:HGNC Symbol;Acc:HGNC:9306]
Q9Y2U9,38.058032606794384,0.533324116879411,0.15815971593371722,3.372060412038932,0.0007460808129225266,0.004098988703068811,ENSG00000165516,KLHDC2,kelch domain containing 2 [Source:HGNC Symbol;Acc:HGNC:20231]
Q9Y2V2,544.7872752427941,0.5668600995768001,0.09587429077380509,5.912534997668826,3.36882236397125e-09,7.895431287462482e-08,ENSG00000153048,CARHSP1,calcium regulated heat stable protein 1 [Source:HGNC Symbol;Acc:HGNC:17150]
Q9Y2Z2,41.75062954419045,0.5077013202101226,0.18012967853022546,2.818532317121363,0.004824375426048199,0.01930975964538421,ENSG00000135297,MTO1,mitochondrial tRNA translation optimization 1 [Source:HGNC Symbol;Acc:HGNC:19261]
Q9Y342,602.8377714464266,1.8126568193508346,0.19532723872145624,9.280102617616732,1.6931541689051633e-20,3.3044975257552632e-18,ENSG00000102934,PLLP,plasmolipin [Source:HGNC Symbol;Acc:HGNC:18553]
Q9Y343,273.09580213299057,0.6062126852189755,0.11725034311815273,5.170242313134191,2.3379064885266744e-07,3.618258926173142e-06,ENSG00000064652,SNX24,sorting nexin 24 [Source:HGNC Symbol;Acc:HGNC:21533]
Q9Y383,85.4214558341223,0.9678885509635454,0.19169322552344953,5.04915365851124,4.437716920853253e-07,6.421877229166511e-06,ENSG00000146963,LUC7L2,"LUC7 like 2, pre-mRNA splicing factor [Source:HGNC Symbol;Acc:HGNC:21608]"
Q9Y385,3437.593299518465,-0.5850796300578751,0.11454771979703209,-5.107737029550495,3.2603997240332647e-07,4.87490545856472e-06,ENSG00000198833,UBE2J1,ubiquitin conjugating enzyme E2 J1 [Source:HGNC Symbol;Acc:HGNC:17598]
Q9Y397,1239.690412415245,-0.6926803402963685,0.20754326585563576,-3.3375226001222678,0.0008452884720330821,0.004552378989552526,ENSG00000188706,ZDHHC9,zinc finger DHHC-type palmitoyltransferase 9 [Source:HGNC Symbol;Acc:HGNC:18475]
Q9Y3M9,41.2207744389184,0.5690625430298546,0.16619453267408024,3.4240749913586406,0.0006168959505731067,0.0034987832994401854,ENSG00000130684,ZNF337,zinc finger protein 337 [Source:HGNC Symbol;Acc:HGNC:15809]
Q9Y3Q3,52.53908365305542,-1.0503407670256315,0.14971832865497978,-7.015445446536489,2.2921749187450484e-12,1.0509693483992368e-10,ENSG00000166557,TMED3,transmembrane p24 trafficking protein 3 [Source:HGNC Symbol;Acc:HGNC:28889]
Q9Y3Q4,40.24552715069361,-1.469649721819405,0.39963382163872097,-3.6774908484798,0.000235539523602584,0.001536405990396743,ENSG00000138622,HCN4,hyperpolarization activated cyclic nucleotide gated potassium channel 4 [Source:HGNC Symbol;Acc:HGNC:16882]
Q9Y3R0,14.80139067445401,0.7720984175380796,0.29169301705871176,2.6469554373414166,0.008122005515510912,0.029543577377383747,ENSG00000155974,GRIP1,glutamate receptor interacting protein 1 [Source:HGNC Symbol;Acc:HGNC:18708]
Q9Y4G6,128.17811223246005,-0.7550104546653854,0.1491016354093922,-5.063730203846079,4.111313847618625e-07,5.984878917186875e-06,ENSG00000171914,TLN2,talin 2 [Source:HGNC Symbol;Acc:HGNC:15447]
Q9Y4K0,323.4000899579193,-0.7914536719720273,0.20992024648118807,-3.77025887325715,0.0001630782994948741,0.0011263792098527884,ENSG00000134013,LOXL2,lysyl oxidase like 2 [Source:HGNC Symbol;Acc:HGNC:6666]
Q9Y543,114.09241800617522,-1.502871150933858,0.23018873892792238,-6.528864782583666,6.627004368968476e-11,2.2800616903780153e-09,ENSG00000069812,HES2,hes family bHLH transcription factor 2 [Source:HGNC Symbol;Acc:HGNC:16005]
Q9Y570,17.739674818166755,-0.7248312019918914,0.19994343226514658,-3.6251813514468783,0.00028875874516853665,0.0018312054688438377,ENSG00000214517,PPME1,protein phosphatase methylesterase 1 [Source:HGNC Symbol;Acc:HGNC:30178]
Q9Y575,50.530024493871615,0.830427259672048,0.21488955165993015,3.8644375832019358,0.0001113454568393279,0.0008085763394442463,ENSG00000115239,ASB3,ankyrin repeat and SOCS box containing 3 [Source:HGNC Symbol;Acc:HGNC:16013]
Q9Y5E2,97.950194652825,-0.8256866821748909,0.18859403524757393,-4.378116630735343,1.1970928766754486e-05,0.00011780761402142053,ENSG00000113212,PCDHB7,protocadherin beta 7 [Source:HGNC Symbol;Acc:HGNC:8692]
Q9Y5G4,67.89122152006027,-0.5556461592652422,0.21916078949135478,-2.5353356344208677,0.011233963371659106,0.03834604986822008,ENSG00000261934,PCDHGA9,"protocadherin gamma subfamily A, 9 [Source:HGNC Symbol;Acc:HGNC:8707]"
Q9Y5G5,10.931484488286477,0.6043743353683797,0.19690694711050927,3.0693398289761165,0.0021453240794401295,0.009906402271351051,ENSG00000253767,PCDHGA8,"protocadherin gamma subfamily A, 8 [Source:HGNC Symbol;Acc:HGNC:8706]"
Q9Y5I7,66.69168641859811,-1.2921336611662235,0.39287476807981536,-3.288919946377715,0.0010057262480104852,0.005272233580609281,ENSG00000113946,CLDN16,claudin 16 [Source:HGNC Symbol;Acc:HGNC:2037]
Q9Y5J1,220.4282185804248,-0.6297780730513959,0.17119420519187092,-3.678734758256295,0.0002343938791702604,0.0015307440364882802,ENSG00000011260,UTP18,UTP18 small subunit processome component [Source:HGNC Symbol;Acc:HGNC:24274]
Q9Y5K3,121.30021922675824,-0.7646821554859675,0.3013165597052288,-2.537803286464039,0.011155066616578871,0.03814759484602736,ENSG00000102230,PCYT1B,"phosphate cytidylyltransferase 1B, choline [Source:HGNC Symbol;Acc:HGNC:8755]"
Q9Y5L2,109.5296990102349,-1.1633297964112201,0.3090151448303788,-3.764636833737655,0.00016679131421406922,0.0011473536006478735,ENSG00000135245,HILPDA,hypoxia inducible lipid droplet associated [Source:HGNC Symbol;Acc:HGNC:28859]
Q9Y5M8,656.5508088391877,-0.9553516489875699,0.11674786882455346,-8.183032877655819,2.767876033622953e-16,2.7251222341750272e-14,ENSG00000144867,SRPRB,SRP receptor subunit beta [Source:HGNC Symbol;Acc:HGNC:24085]
Q9Y5Q3,2245.1122362496617,-0.5504975966277221,0.18859410419296255,-2.9189544338272277,0.0035120755655850453,0.014878085770920589,ENSG00000204103,MAFB,MAF bZIP transcription factor B [Source:HGNC Symbol;Acc:HGNC:6408]
Q9Y5R4,235.84013083976535,0.6421100427309069,0.12380786453059855,5.186342928741916,2.1446374145172343e-07,3.3544562794158217e-06,ENSG00000114735,HEMK1,HemK methyltransferase family member 1 [Source:HGNC Symbol;Acc:HGNC:24923]
Q9Y5U5,27.62922305887169,-1.2546699691862202,0.25072971849902304,-5.004073616391465,5.613130492459333e-07,7.930299800172847e-06,ENSG00000186891,TNFRSF18,TNF receptor superfamily member 18 [Source:HGNC Symbol;Acc:HGNC:11914]
Q9Y5W3,997.9252179608508,1.973211817298684,0.20257694506540314,9.740554714464775,2.024462065437394e-22,5.1318949874892286e-20,ENSG00000127528,KLF2,KLF transcription factor 2 [Source:HGNC Symbol;Acc:HGNC:6347]
Q9Y5W5,1775.6716370100667,1.3074511224606573,0.2255227206370805,5.797425282770759,6.734076683584427e-09,1.4743328924777168e-07,ENSG00000156076,WIF1,WNT inhibitory factor 1 [Source:HGNC Symbol;Acc:HGNC:18081]
Q9Y5X9,55.431169175527906,-1.9204041205722924,0.35586558533659884,-5.396431123722908,6.797949027749454e-08,1.186091517863817e-06,ENSG00000101670,LIPG,"lipase G, endothelial type [Source:HGNC Symbol;Acc:HGNC:6623]"
Q9Y5Y6,1605.4367384864365,-0.9303240699070134,0.13573605566852529,-6.853920023865396,7.18532627495348e-12,3.0532791072798466e-10,ENSG00000149418,ST14,ST14 transmembrane serine protease matriptase [Source:HGNC Symbol;Acc:HGNC:11344]
Q9Y5Z0,534.2542764171533,-1.6474254946619413,0.1728797516896555,-9.529314327216941,1.5832547220360785e-21,3.3900096737654053e-19,ENSG00000182240,BACE2,beta-secretase 2 [Source:HGNC Symbol;Acc:HGNC:934]
Q9Y608,40.102536578104285,0.6068717635835454,0.14013309366676696,4.330681266672607,1.4864871962836176e-05,0.0001419176996832853,ENSG00000093167,LRRFIP2,LRR binding FLII interacting protein 2 [Source:HGNC Symbol;Acc:HGNC:6703]
Q9Y617,267.9927392649532,-3.016994056979983,0.2781883326611023,-10.845149500411935,2.1029177754669893e-27,1.4053863218226964e-24,ENSG00000135069,PSAT1,phosphoserine aminotransferase 1 [Source:HGNC Symbol;Acc:HGNC:19129]
Q9Y625,484.2945873829587,-0.8630787826571727,0.26166242921364175,-3.298443667480009,0.0009722238550882481,0.0051319829823159935,ENSG00000183098,GPC6,glypican 6 [Source:HGNC Symbol;Acc:HGNC:4454]
Q9Y653,10.119810678210388,1.6617290605217472,0.35868404561286016,4.632849107304058,3.606674217339572e-06,4.112802129741826e-05,ENSG00000205336,ADGRG1,adhesion G protein-coupled receptor G1 [Source:HGNC Symbol;Acc:HGNC:4512]
Q9Y663,49.09286374184916,-1.3675704728563054,0.21567149887978374,-6.340988401154458,2.2829573008012586e-10,6.915980812070187e-09,ENSG00000153976,HS3ST3A1,heparan sulfate-glucosamine 3-sulfotransferase 3A1 [Source:HGNC Symbol;Acc:HGNC:5196]
Q9Y672,27.17139387943276,0.5738585954028094,0.13608757912768898,4.216833006224369,2.4775730981998177e-05,0.00022059102586878795,ENSG00000088035,ALG6,"ALG6 alpha-1,3-glucosyltransferase [Source:HGNC Symbol;Acc:HGNC:23157]"
Q9Y6C2,1914.371157823201,-2.037500924705574,0.25428308653160997,-8.012726888354376,1.1219259901150459e-15,9.818633248411596e-14,ENSG00000138080,EMILIN1,elastin microfibril interfacer 1 [Source:HGNC Symbol;Acc:HGNC:19880]
Q9Y6F6,1137.1648473205503,-1.4030642191983962,0.17180241853135286,-8.166731476730323,3.1685710741939795e-16,3.092020640277612e-14,ENSG00000072952,IRAG1,"inositol 1,4,5-triphosphate receptor associated 1 [Source:HGNC Symbol;Acc:HGNC:7237]"
Q9Y6I7,299.1157853889594,0.7486965450654522,0.18286012933435303,4.0943673604019395,4.2332266887495265e-05,0.00035044887910541314,ENSG00000109046,WSB1,WD repeat and SOCS box containing 1 [Source:HGNC Symbol;Acc:HGNC:19221]
Q9Y6I8,1018.2931489426238,0.6322647985502886,0.13780593118849063,4.588081173991548,4.4733870586337345e-06,4.957591868899919e-05,ENSG00000101417,PXMP4,peroxisomal membrane protein 4 [Source:HGNC Symbol;Acc:HGNC:15920]
Q9Y6M1,38.47704577397964,1.9314847391099554,0.3486349001264822,5.540135937076944,3.0223694395056585e-08,5.71658109938746e-07,ENSG00000073792,IGF2BP2,insulin like growth factor 2 mRNA binding protein 2 [Source:HGNC Symbol;Acc:HGNC:28867]
Q9Y6M5,1554.97086005369,-0.6828991032611106,0.18024944047176475,-3.7886336926970023,0.00015147806961438379,0.001057182704834057,ENSG00000170385,SLC30A1,solute carrier family 30 member 1 [Source:HGNC Symbol;Acc:HGNC:11012]
Q9Y6Q1,64.49667904264194,-1.3819639121721548,0.32877492797262536,-4.203373781248978,2.629658131936994e-05,0.00023207075006698066,ENSG00000077274,CAPN6,calpain 6 [Source:HGNC Symbol;Acc:HGNC:1483]
Q9Y6Q6,153.17251711697705,-0.8276250689802326,0.13450786606864754,-6.152986387858129,7.603733400022473e-10,2.050033452372807e-08,ENSG00000141655,TNFRSF11A,TNF receptor superfamily member 11a [Source:HGNC Symbol;Acc:HGNC:11908]
Q9Y6W6,72.29664937886417,-0.632588676973673,0.19374267992994132,-3.265097175296746,0.0010942652838710942,0.005656421982924406,ENSG00000143507,DUSP10,dual specificity phosphatase 10 [Source:HGNC Symbol;Acc:HGNC:3065]
Q9Y6W8,164.68442901145,0.7541664452189407,0.2314720789822758,3.258131384721734,0.001121484703187602,0.005774742854097449,ENSG00000163600,ICOS,inducible T cell costimulator [Source:HGNC Symbol;Acc:HGNC:5351]
Q9Y6X3,283.31432143891925,0.6173797686015273,0.15944200665989128,3.8721274370214847,0.00010788951398279592,0.0007869549591035867,ENSG00000129933,MAU2,MAU2 sister chromatid cohesion factor [Source:HGNC Symbol;Acc:HGNC:29140]
Q9Y6X9,145.76278554396163,-0.5336304201438611,0.12975965134999923,-4.112452635253357,3.914778050511159e-05,0.00032865060953929615,ENSG00000133422,MORC2,MORC family CW-type zinc finger 2 [Source:HGNC Symbol;Acc:HGNC:23573]
Q9Y6Y1,176.365467609483,1.4701110462347113,0.19511174127210945,7.5347133732174765,4.89408629635367e-14,3.1104950772272e-12,ENSG00000171735,CAMTA1,calmodulin binding transcription activator 1 [Source:HGNC Symbol;Acc:HGNC:18806]
Q9Y6Y9,474.00111964642184,-0.6194437366135914,0.16411193321142079,-3.774519771304988,0.0001603161939068822,0.0011107801886341125,ENSG00000154589,LY96,lymphocyte antigen 96 [Source:HGNC Symbol;Acc:HGNC:17156]
Q9Y6Z7,70.39693398667045,2.374620131583874,0.39331575462752066,6.037439649049135,1.5657869294905347e-09,3.9330142304082295e-08,ENSG00000184374,COLEC10,collectin subfamily member 10 [Source:HGNC Symbol;Acc:HGNC:2220]
R4GMY7,55.6113805551933,2.2343778999912294,0.30353225684346724,7.361253539334722,1.821911457423754e-13,1.0146574566167543e-11,ENSG00000076944,STXBP2,syntaxin binding protein 2 [Source:HGNC Symbol;Acc:HGNC:11445]
S4R369,11.621537141334667,1.0651359795852677,0.27216669160582824,3.913542738462191,9.095179374678999e-05,0.0006813352103572372,ENSG00000116221,MRPL37,mitochondrial ribosomal protein L37 [Source:HGNC Symbol;Acc:HGNC:14034]
S4R3D6,34.36401764305524,0.7184161545888411,0.2929138407146203,2.4526534930412476,0.014180686493974125,0.04645099148955948,ENSG00000149089,APIP,APAF1 interacting protein [Source:HGNC Symbol;Acc:HGNC:17581]
S4R3K6,15.430154949588749,-1.1361857550282701,0.42898753090198943,-2.648528624222073,0.008084300276988981,0.029425838968264565,ENSG00000135338,LCA5,lebercilin LCA5 [Source:HGNC Symbol;Acc:HGNC:31923]
S4R3M9,36.86807942917567,0.5249375038456746,0.1872757764842888,2.803018701618964,0.00506267335620094,0.02009217171093315,ENSG00000204219,TCEA3,transcription elongation factor A3 [Source:HGNC Symbol;Acc:HGNC:11615]
S4R3Y0,28.498771241338034,0.891222631797019,0.22589623619316623,3.94527437382766,7.970865569181511e-05,0.0006080576591585232,ENSG00000151332,MBIP,MAP3K12 binding inhibitory protein 1 [Source:HGNC Symbol;Acc:HGNC:20427]
S4R3Z4,15.668900164840652,1.3585403944950964,0.3532470071669739,3.845865264055691,0.00012012776400930246,0.0008610002299191279,ENSG00000120833,SOCS2,suppressor of cytokine signaling 2 [Source:HGNC Symbol;Acc:HGNC:19382]
S5TLS4,24.185966954987187,-0.9132635009213563,0.30802048568795515,-2.9649440324776055,0.0030273800042894448,0.013142881617047129,ENSG00000118432,CNR1,cannabinoid receptor 1 [Source:HGNC Symbol;Acc:HGNC:2159]
U3KPR8,223.0100544293002,0.6515132899558251,0.17042776652838726,3.8228118764163117,0.00013193844054760866,0.0009338159075214895,ENSG00000143995,MEIS1,Meis homeobox 1 [Source:HGNC Symbol;Acc:HGNC:7000]
U3KPT4,17.076678049254173,1.532460455998741,0.2514759275983256,6.0938654074535945,1.1021633785561732e-09,2.8937037084140294e-08,ENSG00000071073,MGAT4A,"alpha-1,3-mannosyl-glycoprotein 4-beta-N-acetylglucosaminyltransferase A [Source:HGNC Symbol;Acc:HGNC:7047]"
U3KPZ2,11.883053689009937,0.6885051665577526,0.19234353530068912,3.5795596950082986,0.0003441736229666164,0.002120817289998815,ENSG00000131378,RFTN1,"raftlin, lipid raft linker 1 [Source:HGNC Symbol;Acc:HGNC:30278]"
U3KQ14,18.25926079709309,0.6829927538183816,0.22131945474976408,3.0860041408949375,0.0020286599695843047,0.009461329359405048,ENSG00000139597,N4BP2L1,NEDD4 binding protein 2 like 1 [Source:HGNC Symbol;Acc:HGNC:25037]
U3KQD5,41.07922044437881,-0.5209132326050688,0.13609646945861736,-3.827529359705118,0.00012943594890120816,0.0009176217235034201,ENSG00000173914,RBM4B,RNA binding motif protein 4B [Source:HGNC Symbol;Acc:HGNC:28842]
U3KQE6,43.600008895235774,1.4414978638779707,0.20768460329384056,6.940802741349494,3.8987809779113735e-12,1.7123223275983258e-10,ENSG00000136153,LMO7,LIM domain 7 [Source:HGNC Symbol;Acc:HGNC:6646]
U3KQT2,229.52344781188424,0.864512787653652,0.22585554836887406,3.8277243747038874,0.00012933346797422318,0.000917439788582669,ENSG00000168878,SFTPB,surfactant protein B [Source:HGNC Symbol;Acc:HGNC:10801]
U5YV54,4800.9203144988505,0.598138235865336,0.24264839296657323,2.465040994307077,0.013699757659304349,0.045222938993907814,ENSG00000228253,MT-ATP8,mitochondrially encoded ATP synthase membrane subunit 8 [Source:HGNC Symbol;Acc:HGNC:7415]
U5Z754,47727.909676137315,0.5619306900346771,0.1809254414134443,3.1058688354976756,0.001897208501904841,0.00894039237201055,ENSG00000198888,MT-ND1,mitochondrially encoded NADH:ubiquinone oxidoreductase core subunit 1 [Source:HGNC Symbol;Acc:HGNC:7455]
V9GY19,16.22925783113389,1.91828108164191,0.35591846403212035,5.389664418951842,7.058937194709032e-08,1.2252657733970354e-06,ENSG00000145391,SETD7,"SET domain containing 7, histone lysine methyltransferase [Source:HGNC Symbol;Acc:HGNC:30412]"
V9GY64,15.746014291998685,-1.5252934959242408,0.25210378829481783,-6.050260118029311,1.4461214581747958e-09,3.6574269080948335e-08,ENSG00000149527,PLCH2,phospholipase C eta 2 [Source:HGNC Symbol;Acc:HGNC:29037]
V9GY70,13.322601741838286,0.6483914500800494,0.18502052749125267,3.504429799610769,0.0004575861922421733,0.002701179305061266,ENSG00000148719,DNAJB12,DnaJ heat shock protein family (Hsp40) member B12 [Source:HGNC Symbol;Acc:HGNC:14891]
V9GY82,20.34822506297109,-0.7820805010510249,0.22659468760789633,-3.4514511761385664,0.000557580627555862,0.0031989810510189855,ENSG00000154856,APCDD1,APC down-regulated 1 [Source:HGNC Symbol;Acc:HGNC:15718]
V9GY94,15.50420889878496,1.5929772265270168,0.279245233688943,5.704581616248702,1.1662920112471995e-08,2.412889682555885e-07,ENSG00000116584,ARHGEF2,Rho/Rac guanine nucleotide exchange factor 2 [Source:HGNC Symbol;Acc:HGNC:682]
V9GYG0,23.692452119616526,0.7788022434220724,0.18390602359461583,4.2347837672722815,2.287717327537538e-05,0.0002058478904182491,ENSG00000151729,SLC25A4,solute carrier family 25 member 4 [Source:HGNC Symbol;Acc:HGNC:10990]
V9GYI0,24.45245909421488,0.587404227369522,0.20410233732904381,2.8779887337720083,0.004002194320625749,0.016479535763084443,ENSG00000160783,PMF1,polyamine modulated factor 1 [Source:HGNC Symbol;Acc:HGNC:9112]
V9GYM8,36.728486168727834,1.4831964459064797,0.21479945456456204,6.90502892064224,5.019320106716692e-12,2.1705114830103908e-10,ENSG00000116584,ARHGEF2,Rho/Rac guanine nucleotide exchange factor 2 [Source:HGNC Symbol;Acc:HGNC:682]
V9GYT2,106.9035281779274,2.0642640559118663,0.19969518842668652,10.337074579389345,4.7893496826767425e-25,2.0890940028723807e-22,ENSG00000154065,ANKRD29,ankyrin repeat domain 29 [Source:HGNC Symbol;Acc:HGNC:27110]
V9GZ06,49.664836598071055,0.6525850386261463,0.13889977477196994,4.698244037454251,2.6240778111283667e-06,3.121435385470604e-05,ENSG00000106052,TAX1BP1,Tax1 binding protein 1 [Source:HGNC Symbol;Acc:HGNC:11575]
V9GZ26,15.402392060489847,1.3349943069417083,0.29528966431405584,4.520965236093983,6.1558297835853e-06,6.548995178349746e-05,ENSG00000125898,FAM110A,family with sequence similarity 110 member A [Source:HGNC Symbol;Acc:HGNC:16188]
V9GZ71,29.28093738314403,0.6811363770577006,0.22200380150223642,3.06812934034753,0.0021540336507199984,0.009940376257162344,ENSG00000162836,ACP6,"acid phosphatase 6, lysophosphatidic [Source:HGNC Symbol;Acc:HGNC:29609]"
V9HVX9,657.0054846600443,-0.7689698027057187,0.2127924812006138,-3.613707581992801,0.00030184947965100823,0.001905808309253746,ENSG00000175040,CHST2,carbohydrate sulfotransferase 2 [Source:HGNC Symbol;Acc:HGNC:1970]
V9HW04,387.89888452350795,0.6493691397321424,0.19697636398066498,3.2966855850577277,0.0009783295543978505,0.005155574669698971,ENSG00000213639,PPP1CB,protein phosphatase 1 catalytic subunit beta [Source:HGNC Symbol;Acc:HGNC:9282]
V9HW21,264.90171231970515,1.8385590145428663,0.2309316488329298,7.961485676971861,1.6998574418285469e-15,1.4146662649844063e-13,ENSG00000104267,CA2,carbonic anhydrase 2 [Source:HGNC Symbol;Acc:HGNC:1373]
V9HW95,92.74262584697956,-1.3172572628208337,0.2682603013569938,-4.910369727304012,9.090483138903038e-07,1.2121010589199976e-05,ENSG00000049449,RCN1,reticulocalbin 1 [Source:HGNC Symbol;Acc:HGNC:9934]
V9HWA3,614.3973629501162,-1.7448703763174036,0.2840260754389496,-6.143345724933123,8.080114912454034e-10,2.167869273470332e-08,ENSG00000164879,CA3,carbonic anhydrase 3 [Source:HGNC Symbol;Acc:HGNC:1374]
V9HWB6,86.02925910438354,-0.7231374843836362,0.20119372767793814,-3.594234734500283,0.0003253464228380053,0.0020246021470850363,ENSG00000004776,HSPB6,heat shock protein family B (small) member 6 [Source:HGNC Symbol;Acc:HGNC:26511]
V9HWD4,31.04969276581366,-0.7843610061594031,0.2618997421289542,-2.994890333924801,0.002745435304630724,0.01215087903036845,ENSG00000111254,AKAP3,A-kinase anchoring protein 3 [Source:HGNC Symbol;Acc:HGNC:373]
V9HWF8,19.017087387605653,1.5961726984013778,0.346572792110386,4.6055914795901955,4.112951256528602e-06,4.60441761479603e-05,ENSG00000130988,RGN,regucalcin [Source:HGNC Symbol;Acc:HGNC:9989]
V9HWG3,13.200241127775117,-0.6069113230973541,0.22740657267652134,-2.668838090096306,0.007611413163576801,0.028030455781394466,ENSG00000198959,TGM2,transglutaminase 2 [Source:HGNC Symbol;Acc:HGNC:11778]
V9HWH0,12.746741439290243,-0.9815665063304103,0.3395842436033304,-2.8904948472137644,0.0038463583680412427,0.01594203861093433,ENSG00000168078,PBK,PDZ binding kinase [Source:HGNC Symbol;Acc:HGNC:18282]
V9HWN9,325.94886075451825,1.110081753051875,0.22578095368615592,4.916631517975296,8.804605433293629e-07,1.1782570887491365e-05,ENSG00000169442,CD52,CD52 molecule [Source:HGNC Symbol;Acc:HGNC:1804]
W0UV60,44.03240961731865,-1.4654137307456307,0.2838363283219034,-5.162882917100313,2.431752524139979e-07,3.7372731823960346e-06,ENSG00000169385,RNASE2,ribonuclease A family member 2 [Source:HGNC Symbol;Acc:HGNC:10045]
W0UV93,37.41182089030315,-0.5085387899516886,0.18338097878836565,-2.773127252955594,0.0055520405159363235,0.02169917234226368,ENSG00000129538,RNASE1,"ribonuclease A family member 1, pancreatic [Source:HGNC Symbol;Acc:HGNC:10044]"
W6CJ52,366.58736338604876,-1.1949723976307949,0.20003889141993975,-5.973700359707557,2.3193162586820383e-09,5.6024316285841916e-08,ENSG00000054598,FOXC1,forkhead box C1 [Source:HGNC Symbol;Acc:HGNC:3800]
X5D2B0,146.5757010606355,-0.9331646278525396,0.3384262699244845,-2.7573646338411124,0.005826933377553955,0.02252370986515388,ENSG00000166148,AVPR1A,arginine vasopressin receptor 1A [Source:HGNC Symbol;Acc:HGNC:895]
X5D999,30.522158232486955,1.733567300196362,0.2998860511302808,5.780753368362709,7.436684541578092e-09,1.614258276377591e-07,ENSG00000138650,PCDH10,protocadherin 10 [Source:HGNC Symbol;Acc:HGNC:13404]
X5D9A5,26.77738906974014,-2.850070304333146,0.6034646441210237,-4.722845542151711,2.325674792957343e-06,2.8088955029507797e-05,ENSG00000069011,PITX1,paired like homeodomain 1 [Source:HGNC Symbol;Acc:HGNC:9004]
X5D9C4,158.69817811200707,-0.7867849892436736,0.14937803321120524,-5.267072891040413,1.3861617859335575e-07,2.261131511516271e-06,ENSG00000130821,SLC6A8,solute carrier family 6 member 8 [Source:HGNC Symbol;Acc:HGNC:11055]
X5DQM5,746.5756457276985,1.3466150586441334,0.13028089294748404,10.336243697584658,4.831041722430916e-25,2.0890940028723807e-22,ENSG00000169252,ADRB2,adrenoceptor beta 2 [Source:HGNC Symbol;Acc:HGNC:286]
X5DR95,1854.3458596116195,1.2968077792858048,0.1740431031955921,7.451072495693402,9.258446651773196e-14,5.54852669723386e-12,ENSG00000112902,SEMA5A,semaphorin 5A [Source:HGNC Symbol;Acc:HGNC:10736]
X5DRB1,17.67216569993165,1.1949399576708695,0.3226250408652168,3.703804126506349,0.00021239027703497928,0.0014104351610145839,ENSG00000154767,XPC,"XPC complex subunit, DNA damage recognition and repair factor [Source:HGNC Symbol;Acc:HGNC:12816]"
X6R7A2,13.030025048465797,-0.6471094149229596,0.22268944582096445,-2.9058827307119706,0.0036621867159776166,0.015354727344899309,ENSG00000172469,MANEA,mannosidase endo-alpha [Source:HGNC Symbol;Acc:HGNC:21072]
X6RJP6,11.556576581191793,1.6709459355101062,0.2692021258315245,6.207030982199001,5.399495668037727e-10,1.504779416591141e-08,ENSG00000158710,TAGLN2,transgelin 2 [Source:HGNC Symbol;Acc:HGNC:11554]
