gene_ids,baseMean,log2FoldChange,lfcSE,stat,pvalue,padj,converted_alias,name,description
A0A075B6H7,12.32684066256565,-2.6459143664242086,0.6210799946247448,-4.2601828900041525,2.04259694703373e-05,0.00018699640128635068,ENSG00000243063,IGKV3-7,immunoglobulin kappa variable 3-7 (non-functional) [Source:HGNC Symbol;Acc:HGNC:5821]
A0A075B6H9,1385.1268126632583,-3.215910560446141,0.5246107015396665,-6.130089514010765,8.78296428108244e-10,2.3365439596500863e-08,ENSG00000211637,IGLV4-69,immunoglobulin lambda variable 4-69 [Source:HGNC Symbol;Acc:HGNC:5921]
A0A075B6I0,982.1759714210283,-2.8065610251432687,0.45056358859491524,-6.229000958323203,4.694189195974908e-10,1.3289556935562339e-08,ENSG00000211638,IGLV8-61,immunoglobulin lambda variable 8-61 [Source:HGNC Symbol;Acc:HGNC:5931]
A0A075B6I1,374.5187435727387,-3.2170943856406167,0.6653290320639791,-4.83534346255802,1.3291593626693287e-06,1.7042604990877542e-05,ENSG00000211639,IGLV4-60,immunoglobulin lambda variable 4-60 [Source:HGNC Symbol;Acc:HGNC:5920]
A0A075B6I4,269.9609686058713,-2.302054341337639,0.6367586563752117,-3.61526980165802,0.00030003498214395185,0.001895980371404789,ENSG00000211642,IGLV10-54,immunoglobulin lambda variable 10-54 [Source:HGNC Symbol;Acc:HGNC:5884]
A0A075B6I6,18.13032166132082,-3.5345175207852892,0.6061686528173762,-5.830914390504045,5.512446228003807e-09,1.2430622608629442e-07,ENSG00000211645,IGLV1-50,immunoglobulin lambda variable 1-50 (non-functional) [Source:HGNC Symbol;Acc:HGNC:5881]
A0A075B6I9,673.1607468036816,-2.865458611543853,0.4601094427340175,-6.227776144990645,4.731023825235078e-10,1.3376666595094156e-08,ENSG00000211649,IGLV7-46,immunoglobulin lambda variable 7-46 [Source:HGNC Symbol;Acc:HGNC:5930]
A0A075B6J9,393.00415452653505,-3.2159989293236233,0.539058424805122,-5.9659561586228005,2.432055847377266e-09,5.8555196133251346e-08,ENSG00000211664,IGLV2-18,immunoglobulin lambda variable 2-18 [Source:HGNC Symbol;Acc:HGNC:5889]
A0A075B6K0,50.8811596854749,-2.6442018338457838,0.6029414141444415,-4.385503751799566,1.1571766348061974e-05,0.00011433859096781309,ENSG00000211665,IGLV3-16,immunoglobulin lambda variable 3-16 [Source:HGNC Symbol;Acc:HGNC:5901]
A0A075B6K2,21.18408362464653,-2.648020172877965,0.5571726004159417,-4.75260300111879,2.0081440936751645e-06,2.4686516076874066e-05,ENSG00000211667,IGLV3-12,immunoglobulin lambda variable 3-12 [Source:HGNC Symbol;Acc:HGNC:5898]
A0A075B6K4,1702.6489558175479,-3.29617612612364,0.61221171256615,-5.3840461697594275,7.282980944207356e-08,1.2597557783807766e-06,ENSG00000211669,IGLV3-10,immunoglobulin lambda variable 3-10 [Source:HGNC Symbol;Acc:HGNC:5897]
A0A075B6K5,496.2633984269013,-3.323747814062471,0.5328044047564455,-6.238213844312747,4.425953515806751e-10,1.2643779642176437e-08,ENSG00000211670,IGLV3-9,immunoglobulin lambda variable 3-9 [Source:HGNC Symbol;Acc:HGNC:5918]
A0A075B6K6,14.458082986113254,-2.234705220892445,0.7212782440904583,-3.0982567950741933,0.001946626720274144,0.009140069339775595,ENSG00000211672,IGLV4-3,immunoglobulin lambda variable 4-3 [Source:HGNC Symbol;Acc:HGNC:5919]
A0A075B6P5,171.95721779426557,-3.078342554271104,0.5189308120325377,-5.932086673007359,2.991086454672763e-09,7.131396829335472e-08,ENSG00000244116,IGKV2-28,immunoglobulin kappa variable 2-28 [Source:HGNC Symbol;Acc:HGNC:5783]
A0A075B6R9,98.98699791396864,-2.934151599386439,0.5815011618710905,-5.045822419245473,4.5157468337140267e-07,6.521956821920704e-06,ENSG00000241566,IGKV2D-24,immunoglobulin kappa variable 2D-24 (non-functional) [Source:HGNC Symbol;Acc:HGNC:5797]
A0A075B6S2,715.054329746763,-3.211000928522691,0.574721554140129,-5.587054992790095,2.3095260713425917e-08,4.4915597863659185e-07,ENSG00000243264,IGKV2D-29,immunoglobulin kappa variable 2D-29 [Source:HGNC Symbol;Acc:HGNC:5800]
A0A075B6S4,131.45848421347324,-2.5578884758689275,0.9466118526398002,-2.7021513292230477,0.00688923988750309,0.025848128016160796,ENSG00000242766,IGKV1D-17,immunoglobulin kappa variable 1D-17 [Source:HGNC Symbol;Acc:HGNC:5749]
A0A075B6S5,2335.7384655544665,-3.358996028574834,0.5107221416365808,-6.576953992656589,4.801832703578917e-11,1.7025662129377722e-09,ENSG00000244575,IGKV1-27,immunoglobulin kappa variable 1-27 [Source:HGNC Symbol;Acc:HGNC:5735]
A0A075B6S6,96.30943274720761,-2.5832744586359246,0.46028880785166254,-5.612290402395439,1.99665984283168e-08,3.9281298995370094e-07,ENSG00000239571,IGKV2D-30,immunoglobulin kappa variable 2D-30 [Source:HGNC Symbol;Acc:HGNC:5801]
A0A075B7D4,26.697322740064518,-3.3962961582221203,0.45653230162763503,-7.439333747280532,1.011943665033949e-13,5.983218656476867e-12,ENSG00000231292,IGKV1OR2-108,immunoglobulin kappa variable 1/OR2-108 (non-functional) [Source:HGNC Symbol;Acc:HGNC:5767]
A0A075B7D8,21.45405089700053,-2.563035664672508,0.4287504115487092,-5.977920010419228,2.2600465176539384e-09,5.465248453984645e-08,ENSG00000259490,IGHV3OR15-7,immunoglobulin heavy variable 3/OR15-7 (pseudogene) [Source:HGNC Symbol;Acc:HGNC:5633]
A0A075B7E8,40.124310222359085,-3.370285538875371,0.44941877184085116,-7.499209534729585,6.420382563050172e-14,3.944153678147869e-12,ENSG00000271178,IGHV3OR16-13,immunoglobulin heavy variable 3/OR16-13 (non-functional) [Source:HGNC Symbol;Acc:HGNC:5637]
A0A087WSY4,242.63666105078488,-3.7577026622301792,0.8962433108080118,-4.192726034231048,2.7562223013740082e-05,0.00024169275003778283,ENSG00000231475,IGHV4-31,immunoglobulin heavy variable 4-31 [Source:HGNC Symbol;Acc:HGNC:5649]
A0A087WSY6,357.71254687948806,-3.705864707032341,0.5280579775639722,-7.017912548406467,2.2520742083918803e-12,1.0347342623307193e-10,ENSG00000224041,IGKV3D-15,immunoglobulin kappa variable 3D-15 [Source:HGNC Symbol;Acc:HGNC:5824]
A0A087WSZ0,16.13449911678568,-3.7062356678008865,0.6047629340446995,-6.128410752645348,8.876119443115519e-10,2.3584811831140923e-08,ENSG00000239819,IGKV1D-8,immunoglobulin kappa variable 1D-8 [Source:HGNC Symbol;Acc:HGNC:5759]
A0A087WT50,22.055124253025486,-1.3607462182897274,0.36870754375417414,-3.690584153594016,0.00022373965243851937,0.0014725020277168326,ENSG00000166246,DNAAF8,dynein axonemal assembly factor 8 [Source:HGNC Symbol;Acc:HGNC:25081]
A0A087WUI4,12.727634108417803,-1.5577863518859822,0.3881521671802815,-4.013339312781555,5.9865760659720504e-05,0.00047526259380470696,ENSG00000197253,TPSB2,tryptase beta 2 [Source:HGNC Symbol;Acc:HGNC:14120]
A0A087WUV0,138.72398112612993,-0.5546584523173316,0.1446657209015654,-3.834069666681693,0.0001260404186085725,0.0008978344289384555,ENSG00000233757,ZNF892,zinc finger protein 892 [Source:HGNC Symbol;Acc:HGNC:38707]
A0A087WVM2,20.496224008133236,-2.6185717503066823,0.4128592233891339,-6.342529370692028,2.2602310117554407e-10,6.856552232909834e-09,ENSG00000204936,CD177,CD177 molecule [Source:HGNC Symbol;Acc:HGNC:30072]
A0A087WVW6,11.64165383540339,-0.9766850073999598,0.282561478567552,-3.456539838166453,0.0005471583230822835,0.0031481945362005427,ENSG00000108352,RAPGEFL1,Rap guanine nucleotide exchange factor like 1 [Source:HGNC Symbol;Acc:HGNC:17428]
A0A087WW87,14.486438962684442,-3.6023242165643583,0.5526099568472645,-6.518746490049223,7.089735830223384e-11,2.4161884699943567e-09,ENSG00000273962,IGKV2-40,immunoglobulin kappa variable 2-40 [Source:HGNC Symbol;Acc:HGNC:5789]
A0A087WXI2,967.7558321265577,-1.774019648264633,0.31209843485021643,-5.684167077339008,1.3145172144137082e-08,2.679331113371527e-07,ENSG00000275395,FCGBP,Fc gamma binding protein [Source:HGNC Symbol;Acc:HGNC:13572]
A0A087WYL2,69.21640382576498,-0.9843196145294465,0.383631397066994,-2.5657952452665223,0.010293957358036013,0.0358023869380423,ENSG00000131044,TTLL9,tubulin tyrosine ligase like 9 [Source:HGNC Symbol;Acc:HGNC:16118]
A0A087X227,151.23147868488098,-0.5599359006249941,0.1959853287624407,-2.8570296774801345,0.004276258532871609,0.017441946677261042,ENSG00000140937,CDH11,cadherin 11 [Source:HGNC Symbol;Acc:HGNC:1750]
A0A0A0MRZ8,377.9220902099939,-3.0968980250201974,0.5624844992016086,-5.505748210690142,3.6760361906435334e-08,6.82418368252967e-07,ENSG00000211632,IGKV3D-11,immunoglobulin kappa variable 3D-11 [Source:HGNC Symbol;Acc:HGNC:5823]
A0A0A0MT16,121.2308242576449,-1.6308651921873105,0.5048979605231895,-3.2300886905888113,0.0012375182261125973,0.006269751196574138,ENSG00000179869,ABCA13,ATP binding cassette subfamily A member 13 [Source:HGNC Symbol;Acc:HGNC:14638]
A0A0A0MT36,119.76573533373491,-3.5112808454201923,0.6037745928528728,-5.815549191676268,6.043513704031178e-09,1.343585193837738e-07,ENSG00000225523,IGKV6D-21,immunoglobulin kappa variable 6D-21 (non-functional) [Source:HGNC Symbol;Acc:HGNC:5837]
A0A0A0MT69,52.65949636150437,-2.770636827310989,0.43238987777981785,-6.407728232532437,1.477038844852469e-10,4.66662904840435e-09,ENSG00000211594,IGKJ4,immunoglobulin kappa joining 4 [Source:HGNC Symbol;Acc:HGNC:5722]
A0A0A0MT89,27.02494186443756,-2.6251189232553758,0.4111182991130713,-6.385312765008741,1.710475103647532e-10,5.335617812707591e-09,ENSG00000211597,IGKJ1,immunoglobulin kappa joining 1 [Source:HGNC Symbol;Acc:HGNC:5719]
A0A0A0MT96,28.713153113785403,-2.5141634918647955,0.475201470240662,-5.290731719730407,1.2182796133253168e-07,2.012579669833448e-06,ENSG00000211595,IGKJ3,immunoglobulin kappa joining 3 [Source:HGNC Symbol;Acc:HGNC:5721]
A0A0A0MTA3,52.225063765197724,-2.6793250263028097,0.4130255835983114,-6.4870679509979,8.752287206839853e-11,2.9290279523466787e-09,ENSG00000211593,IGKJ5,immunoglobulin kappa joining 5 [Source:HGNC Symbol;Acc:HGNC:5723]
A0A0B4J1Y8,332.0860186582134,-2.8401746819392137,0.6341958194472277,-4.478387581322662,7.520895947432348e-06,7.816486297109944e-05,ENSG00000223350,IGLV9-49,immunoglobulin lambda variable 9-49 [Source:HGNC Symbol;Acc:HGNC:5933]
A0A0B4J2A3,29.70171022483246,-0.784275800510785,0.22451234910159726,-3.4932412566574738,0.00047719517646999847,0.002803426324419112,ENSG00000167641,PPP1R14A,protein phosphatase 1 regulatory inhibitor subunit 14A [Source:HGNC Symbol;Acc:HGNC:14871]
A0A0B4J2H0,2508.8554482646446,-3.624638784873979,0.5602239655888849,-6.469981663608241,9.801481062972521e-11,3.231119033823557e-09,ENSG00000280411,IGHV1-69D,immunoglobulin heavy variable 1-69D [Source:HGNC Symbol;Acc:HGNC:49601]
A0A0C4DFU4,24.572586761814154,-0.9760052597069236,0.29335567860240186,-3.327037214199448,0.0008777465060254838,0.004704209342378134,ENSG00000122224,LY9,lymphocyte antigen 9 [Source:HGNC Symbol;Acc:HGNC:6730]
A0A0C4DGB2,14.62908080505857,-1.038873580547421,0.3056140470573799,-3.3992991832354145,0.0006755877102197971,0.003771048180508075,ENSG00000001084,GCLC,glutamate-cysteine ligase catalytic subunit [Source:HGNC Symbol;Acc:HGNC:4311]
A0A0C4DGU3,153.4298076400889,-0.6069208282023438,0.1218920706542185,-4.979165789414204,6.385892329510254e-07,8.885455484859252e-06,ENSG00000101294,HM13,histocompatibility minor 13 [Source:HGNC Symbol;Acc:HGNC:16435]
A0A0C4DH05,14.24954828981532,-0.5527768199856464,0.1825838958058639,-3.0275223208809052,0.0024656750375702764,0.011115698544271232,ENSG00000174501,ANKRD36C,ankyrin repeat domain 36C [Source:HGNC Symbol;Acc:HGNC:32946]
A0A0C4DH24,376.45563459261575,-3.5084903555092164,0.5938837156423168,-5.907705941582516,3.4690452424262746e-09,8.104483450897147e-08,ENSG00000211611,IGKV6-21,immunoglobulin kappa variable 6-21 (non-functional) [Source:HGNC Symbol;Acc:HGNC:5836]
A0A0C4DH25,540.3137344104382,-3.204754835060765,0.43261979510245485,-7.407785938925428,1.2842537297764392e-13,7.432893411591365e-12,ENSG00000211625,IGKV3D-20,immunoglobulin kappa variable 3D-20 [Source:HGNC Symbol;Acc:HGNC:5825]
A0A0C4DH67,302.3116488685525,-2.7885526725868806,0.562233326011567,-4.959778340370936,7.057366109737241e-07,9.68532372023305e-06,ENSG00000240671,IGKV1-8,immunoglobulin kappa variable 1-8 [Source:HGNC Symbol;Acc:HGNC:5743]
A0A0C4DH68,1300.211207823126,-1.8492620021275343,0.549359462518035,-3.3662148889750387,0.0007620731630311891,0.004171447390789239,ENSG00000241294,IGKV2-24,immunoglobulin kappa variable 2-24 [Source:HGNC Symbol;Acc:HGNC:5781]
A0A0C4DH69,2548.6858115141085,-2.6308187349179435,0.5136906519520943,-5.121406677190786,3.032648155498073e-07,4.559101732880334e-06,ENSG00000241755,IGKV1-9,immunoglobulin kappa variable 1-9 [Source:HGNC Symbol;Acc:HGNC:5744]
A0A0C4DH72,992.2588791859365,-3.2362416792215276,0.41363147223615643,-7.823973504061234,5.118158420729861e-15,3.8656118428348067e-13,ENSG00000239855,IGKV1-6,immunoglobulin kappa variable 1-6 [Source:HGNC Symbol;Acc:HGNC:5742]
A0A0C4DH73,1422.2306189382437,-2.871765411084066,0.4641355933364931,-6.187341484500345,6.118732346233932e-10,1.680479740521085e-08,ENSG00000243290,IGKV1-12,immunoglobulin kappa variable 1-12 [Source:HGNC Symbol;Acc:HGNC:5730]
A0A0C4DH90,14.534537424637469,-2.2369862022404776,0.5095972469910047,-4.389714064291176,1.134998020638647e-05,0.00011249998358276278,ENSG00000233999,IGKV3OR2-268,immunoglobulin kappa variable 3/OR2-268 (non-functional) [Source:HGNC Symbol;Acc:HGNC:5830]
A0A0G2JMB2,3850.001468395612,-2.767484291998435,0.5054493135700991,-5.475295381155209,4.367824097449901e-08,7.980778181040606e-07,ENSG00000211890,IGHA2,immunoglobulin heavy constant alpha 2 (A2m marker) [Source:HGNC Symbol;Acc:HGNC:5479]
A0A0G2JQJ0,43.36832299231462,-3.414119292099165,0.575967899022688,-5.927620789096581,3.0735525626974437e-09,7.302422212919429e-08,ENSG00000239819,IGKV1D-8,immunoglobulin kappa variable 1D-8 [Source:HGNC Symbol;Acc:HGNC:5759]
A0A0G2JSC0,204.54353439673642,-3.4548642542671124,0.5300055749359577,-6.518543233596317,7.0993476401394e-11,2.4161884699943567e-09,ENSG00000211650,IGLV5-45,immunoglobulin lambda variable 5-45 [Source:HGNC Symbol;Acc:HGNC:5924]
A0A1B0GTL5,93.36547584338489,-0.7976405279527665,0.19061240851730055,-4.184620162754883,2.856433196533728e-05,0.0002486021220061359,ENSG00000135631,RAB11FIP5,RAB11 family interacting protein 5 [Source:HGNC Symbol;Acc:HGNC:24845]
A0A1B0GTX1,46.59729356844543,-0.7311341959296803,0.28731487023476004,-2.5447140808698245,0.010936724858103214,0.03755816412653508,ENSG00000107554,DNMBP,dynamin binding protein [Source:HGNC Symbol;Acc:HGNC:30373]
A0A1B0GUI7,153.31878391222634,-0.6321935742124519,0.17827194979382835,-3.546231333328571,0.00039078299270967157,0.002367022279928343,ENSG00000235106,BRD3OS,BRD3 opposite strand [Source:HGNC Symbol;Acc:HGNC:24742]
A0A1B0GUL3,35.54205921974945,-1.3692359517345842,0.2526538675781663,-5.419414176634239,5.979464592749771e-08,1.0626197592949513e-06,ENSG00000131149,GSE1,Gse1 coiled-coil protein [Source:HGNC Symbol;Acc:HGNC:28979]
A0A1B0GUN9,15.55136425168776,-0.9917693322042926,0.2719185649503062,-3.6473027591387184,0.00026500759900469724,0.0017044262433507124,ENSG00000187017,ESPN,espin [Source:HGNC Symbol;Acc:HGNC:13281]
A0A1B0GUX5,15.960850978762942,-0.9534787841390557,0.2716188139196641,-3.510356187701576,0.0004475068037426149,0.002652328688454617,ENSG00000106976,DNM1,dynamin 1 [Source:HGNC Symbol;Acc:HGNC:2972]
A0A1B0GV96,1331.3371326456102,-1.7959936429972003,0.427700914866231,-4.199181204835441,2.678818878027967e-05,0.00023584300014382745,ENSG00000277639,CHD9NB,CHD9 neighbor [Source:HGNC Symbol;Acc:HGNC:53436]
A0A1B0GVJ7,16.793176123951664,-0.8183121935053626,0.2584166990963764,-3.1666382101729944,0.0015421204506989175,0.007552725831604247,ENSG00000197077,KIAA1671,KIAA1671 [Source:HGNC Symbol;Acc:HGNC:29345]
A0A1B0GVM6,120.1613540189984,-1.3652722880824382,0.5153679409096071,-2.6491214910899936,0.008070131489088712,0.029388817678395383,ENSG00000257057,C11orf97,chromosome 11 open reading frame 97 [Source:HGNC Symbol;Acc:HGNC:49544]
A0A1B0GVV1,20.123355536624832,-1.3182736539783677,0.2979029051315567,-4.425178913230825,9.63623859467475e-06,9.721756906082201e-05,ENSG00000255274,SMIM35,small integral membrane protein 35 [Source:HGNC Symbol;Acc:HGNC:44179]
A0A1B0GVY4,74.6759811985473,-2.621048487581606,0.41848033715109595,-6.263253622440218,3.770266517741556e-10,1.0940718129246352e-08,ENSG00000248771,SMIM31,small integral membrane protein 31 [Source:HGNC Symbol;Acc:HGNC:49638]
A0A1B0GW12,45.515247405320025,-0.5734473579963896,0.22906804116511661,-2.5033931188289933,0.012300882761408895,0.04145532830380681,ENSG00000181090,EHMT1,euchromatic histone lysine methyltransferase 1 [Source:HGNC Symbol;Acc:HGNC:24650]
A0A1B0GW72,13.392114447128634,-0.8140587982431426,0.26242878707976397,-3.1020179123706932,0.001922063277726813,0.00904206133254845,ENSG00000153404,PLEKHG4B,pleckstrin homology and RhoGEF domain containing G4B [Source:HGNC Symbol;Acc:HGNC:29399]
A0A1W2PQX5,341.1160095965299,-1.374428985314338,0.5284079737795941,-2.601075406722818,0.009293202424774556,0.03297920877771432,ENSG00000260220,CCDC187,coiled-coil domain containing 187 [Source:HGNC Symbol;Acc:HGNC:30942]
A0A1W2PR94,263.4310261417018,-1.256606525603622,0.38363117966253235,-3.2755589019354923,0.0010545312175377303,0.005488938275094902,ENSG00000197057,DTHD1,death domain containing 1 [Source:HGNC Symbol;Acc:HGNC:37261]
A0A1X7SC74,25.841747499280142,-1.3122666831329641,0.4733769775043981,-2.772138793168859,0.00556892862789499,0.02175536666629897,ENSG00000153789,CIBAR2,CBY1 interacting BAR domain containing 2 [Source:HGNC Symbol;Acc:HGNC:24781]
A0A2R8Y648,21.034727310907268,-0.9948152366344345,0.259551008759271,-3.832831324331735,0.0001266768154927079,0.0009012242235472353,ENSG00000001084,GCLC,glutamate-cysteine ligase catalytic subunit [Source:HGNC Symbol;Acc:HGNC:4311]
A0A2R8YGH2,23.866508926997223,-0.6322553687516353,0.19572610053752112,-3.23030687790375,0.0012365741290144485,0.00626640759220695,ENSG00000147044,CASK,calcium/calmodulin dependent serine protein kinase [Source:HGNC Symbol;Acc:HGNC:1497]
A0A2U3U043,58.42333821533382,-1.5456349642581138,0.28648877546146884,-5.395097807125058,6.848623582776741e-08,1.1930453751544884e-06,ENSG00000134504,KCTD1,potassium channel tetramerization domain containing 1 [Source:HGNC Symbol;Acc:HGNC:18249]
A0A2Z4LIS9,79.36106116714546,-0.834486516235849,0.18033494707200734,-4.62742540913404,3.702395115190073e-06,4.208898034556798e-05,ENSG00000240445,FOXO3B,forkhead box O3B [Source:HGNC Symbol;Acc:HGNC:3822]
A0A3B3IS25,135.13642281255613,-1.2891709614364917,0.4423302042232912,-2.914499053258659,0.0035625988935580923,0.015025732644584082,ENSG00000133640,LRRIQ1,leucine rich repeats and IQ motif containing 1 [Source:HGNC Symbol;Acc:HGNC:25708]
A0A3B3IS58,23.667592561126888,-2.0598413418431396,0.48075307247751425,-4.28461399368276,1.8305673249413828e-05,0.00017027132764343002,ENSG00000128422,KRT17,keratin 17 [Source:HGNC Symbol;Acc:HGNC:6427]
A0A494BZU2,35.27326963105334,-1.3218612763649458,0.2260833244509814,-5.846788035229672,5.011554326478808e-09,1.1394311249089035e-07,ENSG00000281406,BLACAT1,BLACAT1 overlapping LEMD1 locus [Source:HGNC Symbol;Acc:HGNC:48597]
A0A494C120,10.735754371647499,-1.2358997167794696,0.2525316591183585,-4.894038716152491,9.87873915567511e-07,1.305366766562366e-05,ENSG00000172667,ZMAT3,zinc finger matrin-type 3 [Source:HGNC Symbol;Acc:HGNC:29983]
A0A590UJL0,1003.7242806839733,-0.7159830273995522,0.13641224193512194,-5.248671360009434,1.532000954086794e-07,2.471598320514276e-06,ENSG00000101846,STS,steroid sulfatase [Source:HGNC Symbol;Acc:HGNC:11425]
A0A5F9ZHM5,41.788611965707965,-1.6134391661107734,0.44114059181939436,-3.6574262174706544,0.00025476056007703963,0.0016462025760149521,ENSG00000087495,PHACTR3,phosphatase and actin regulator 3 [Source:HGNC Symbol;Acc:HGNC:15833]
A0A5H1ZRQ3,189760.3887852403,-3.1137884076287317,0.4080686862961762,-7.630549738797512,2.3375475527057015e-14,1.5765221323355211e-12,ENSG00000211592,IGKC,immunoglobulin kappa constant [Source:HGNC Symbol;Acc:HGNC:5716]
A0A5H1ZRQ7,284.52839152979107,-1.8543275581914278,0.6165785895845359,-3.0074472087019983,0.0026345187853901537,0.011735272541488139,ENSG00000211685,IGLC7,immunoglobulin lambda constant 7 [Source:HGNC Symbol;Acc:HGNC:5861]
A0A6Q8JR05,100.53744560294216,-0.7546015932524799,0.29902843691248543,-2.5235111451066574,0.011618937748134918,0.03947074138899684,ENSG00000196159,FAT4,FAT atypical cadherin 4 [Source:HGNC Symbol;Acc:HGNC:23109]
A0A7I2PJA1,62.68329990254737,-0.6514357236480145,0.1936051174060174,-3.3647650040254944,0.0007660887669389728,0.004191347473597644,ENSG00000074047,GLI2,GLI family zinc finger 2 [Source:HGNC Symbol;Acc:HGNC:4318]
A0A7I2V302,20.941305600941995,-0.5564933185032124,0.21768662230463318,-2.5563964960807244,0.010576253021462957,0.036622497116555824,ENSG00000164733,CTSB,cathepsin B [Source:HGNC Symbol;Acc:HGNC:2527]
A0A7I2V436,47.72345906670691,-0.9021543815702832,0.16007905041859016,-5.6356804916773475,1.743684068239057e-08,3.4550950980183436e-07,ENSG00000117411,B4GALT2,"beta-1,4-galactosyltransferase 2 [Source:HGNC Symbol;Acc:HGNC:925]"
A0A8I5KR34,15.314448772565262,-1.4255017349251058,0.35031477548039225,-4.069202427931543,4.717434800384926e-05,0.0003867595059021902,ENSG00000144649,GASK1A,golgi associated kinase 1A [Source:HGNC Symbol;Acc:HGNC:24485]
A0A8I5KRL2,21.673432003714307,-0.5523537746794263,0.13177017742998565,-4.191796546475109,2.767541335007305e-05,0.00024229994681322393,ENSG00000068912,ERLEC1,endoplasmic reticulum lectin 1 [Source:HGNC Symbol;Acc:HGNC:25222]
A0A8I5KTB8,79.47898636328377,-1.0254254468346944,0.39608260553222585,-2.588918151194257,0.009627797560365582,0.033935024356129544,ENSG00000163491,NEK10,NIMA related kinase 10 [Source:HGNC Symbol;Acc:HGNC:18592]
A0A8I5QKK7,15.66687568932663,-1.9017092254747268,0.28988621529079944,-6.5601919827992745,5.373854716332103e-11,1.878209063613125e-09,ENSG00000169507,SLC38A11,solute carrier family 38 member 11 [Source:HGNC Symbol;Acc:HGNC:26836]
A0A8J8YXK0,87.56465825538092,-1.5451673211496293,0.46265015731016823,-3.339817995811733,0.0008383331180728672,0.004519334780244197,ENSG00000185860,CCDC190,coiled-coil domain containing 190 [Source:HGNC Symbol;Acc:HGNC:28736]
A0AVF1,236.96150196160843,-0.7303833592656949,0.24397614206943333,-2.9936671392149266,0.002756464853119528,0.01219235376468072,ENSG00000105948,IFT56,intraflagellar transport 56 [Source:HGNC Symbol;Acc:HGNC:21882]
A0AVK6,36.66312078098456,-1.365133030812496,0.23722568998583712,-5.754575024711689,8.686002397716831e-09,1.859816474555796e-07,ENSG00000129173,E2F8,E2F transcription factor 8 [Source:HGNC Symbol;Acc:HGNC:24727]
A0PJZ3,208.9176804565405,-0.9833505571257782,0.22031704328307375,-4.463343109876084,8.069068646262743e-06,8.315665417041052e-05,ENSG00000172986,GXYLT2,glucoside xylosyltransferase 2 [Source:HGNC Symbol;Acc:HGNC:33383]
A1L020,83.34643330960026,-1.8896083632443839,0.1977837827876216,-9.55390950972673,1.2489223512132244e-21,2.8105850544547397e-19,ENSG00000254726,MEX3A,mex-3 RNA binding family member A [Source:HGNC Symbol;Acc:HGNC:33482]
A1L157,553.4940001730762,-1.4962963515867544,0.22654311225552928,-6.604907722372098,3.9776502826422463e-11,1.4357299399900508e-09,ENSG00000110900,TSPAN11,tetraspanin 11 [Source:HGNC Symbol;Acc:HGNC:30795]
A1L167,17.999619674654358,-1.220391837738414,0.28671887202400614,-4.256405687994735,2.077396087871496e-05,0.00018970970319634773,ENSG00000215218,UBE2QL1,ubiquitin conjugating enzyme E2 Q family like 1 [Source:HGNC Symbol;Acc:HGNC:37269]
A1L4H1,566.5145725320764,-1.8589018651279354,0.22127500098956643,-8.400867051473142,4.431939448906469e-17,4.961522467318948e-15,ENSG00000179954,SSC5D,scavenger receptor cysteine rich family member with 5 domains [Source:HGNC Symbol;Acc:HGNC:26641]
A1X283,1854.5587766173232,-2.1611239730730705,0.28404443412904024,-7.608401057741835,2.775075755574157e-14,1.848988541191313e-12,ENSG00000174705,SH3PXD2B,SH3 and PX domains 2B [Source:HGNC Symbol;Acc:HGNC:29242]
A2A288,57.109282934696715,-0.6914530357333726,0.16188882964256113,-4.27115964245372,1.94459136981577e-05,0.0001798155893916855,ENSG00000178199,ZC3H12D,zinc finger CCCH-type containing 12D [Source:HGNC Symbol;Acc:HGNC:21175]
A2A3R5,12.694978629320948,-0.7016602748771068,0.2719804457056163,-2.579818828727722,0.009885216076700292,0.03467057178046251,ENSG00000137154,RPS6,ribosomal protein S6 [Source:HGNC Symbol;Acc:HGNC:10429]
A4D1S5,44.51304145364674,-0.6536414638769101,0.14630124274855502,-4.467777932688587,7.90362890860716e-06,8.166760756808303e-05,ENSG00000146955,RAB19,"RAB19, member RAS oncogene family [Source:HGNC Symbol;Acc:HGNC:19982]"
A4QMS7,80.71714018259075,-1.0134226497544716,0.3863620194420293,-2.622987247085057,0.008716253510303347,0.03130243525748738,ENSG00000215217,CFAP90,cilia and flagella associated protein 90 [Source:HGNC Symbol;Acc:HGNC:27028]
A5PKW4,49.83361104740285,-0.7406662435873703,0.21191893706929832,-3.4950451046532454,0.0004739816487203924,0.0027867745350252026,ENSG00000059915,PSD,pleckstrin and Sec7 domain containing [Source:HGNC Symbol;Acc:HGNC:9507]
A6H8M9,209.18741450727293,-1.308596865375166,0.4952484533033795,-2.642303790444238,0.008234416061819023,0.029891143688819573,ENSG00000187492,CDHR4,cadherin related family member 4 [Source:HGNC Symbol;Acc:HGNC:34527]
A6NFA1,125.61219418785556,-1.625708934982363,0.18896816393516416,-8.603083721235452,7.760232536342756e-18,9.779666763228752e-16,ENSG00000269113,TRABD2B,TraB domain containing 2B [Source:HGNC Symbol;Acc:HGNC:44200]
A6NFN9,28.164966615900777,-1.694752346500945,0.4743526920769805,-3.5727684796735835,0.00035322703498787963,0.0021705402701651427,ENSG00000206199,ANKUB1,ankyrin repeat and ubiquitin domain containing 1 [Source:HGNC Symbol;Acc:HGNC:29642]
A6NFT4,173.64761050161272,-1.1910074253453944,0.43138973642349643,-2.760861756284761,0.005764907296682176,0.022328638131547014,ENSG00000186710,CFAP73,cilia and flagella associated protein 73 [Source:HGNC Symbol;Acc:HGNC:37100]
A6NGB9,65.36924818938031,-1.1169642238326314,0.26666958695436477,-4.188569970012283,2.8071776238041407e-05,0.00024528326194681667,ENSG00000122574,WIPF3,WAS/WASL interacting protein family member 3 [Source:HGNC Symbol;Acc:HGNC:22004]
A6NIH7,1167.821270266858,-0.7215289859481187,0.1777338152078457,-4.059604443331998,4.915591707256673e-05,0.00039988365736569044,ENSG00000175970,UNC119B,unc-119 lipid binding chaperone B [Source:HGNC Symbol;Acc:HGNC:16488]
A6NIK2,479.58283305682767,-1.6751831327376094,0.42132902435041264,-3.9759499961350544,7.009885486622072e-05,0.0005449277917587705,ENSG00000204950,LRRC10B,leucine rich repeat containing 10B [Source:HGNC Symbol;Acc:HGNC:37215]
A6NK89,110.04873252514153,-0.9544900993766562,0.30794723282014963,-3.0995248459793987,0.0019383131982788461,0.0091049114536404,ENSG00000189431,RASSF10,Ras association domain family member 10 [Source:HGNC Symbol;Acc:HGNC:33984]
A6NKL6,32.529031194234555,-1.9870264384448504,0.23759296790972087,-8.363153404438588,6.106373190832686e-17,6.767334389478596e-15,ENSG00000206432,TMEM200C,transmembrane protein 200C [Source:HGNC Symbol;Acc:HGNC:37208]
A6NKN8,137.72812101185897,-0.6969669315688664,0.1876633574160608,-3.7139212532772143,0.00020407231890407184,0.001362170375638741,ENSG00000248485,PCP4L1,Purkinje cell protein 4 like 1 [Source:HGNC Symbol;Acc:HGNC:20448]
A6NLC5,255.56675467884875,-1.02994292748939,0.18211554704652047,-5.6554365851384265,1.5545061829293524e-08,3.116643578029449e-07,ENSG00000187068,C3orf70,chromosome 3 open reading frame 70 [Source:HGNC Symbol;Acc:HGNC:33731]
A6NMK8,17.800426710847173,-0.9633142822528683,0.253270978619892,-3.803492557663333,0.00014267028173640137,0.0010017352414564138,ENSG00000204767,INSYN2B,inhibitory synaptic factor family member 2B [Source:HGNC Symbol;Acc:HGNC:37271]
A6NML5,148.46244853318274,-1.5621302961032109,0.531198871213599,-2.940763583578977,0.0032740431388719946,0.014050544344168704,ENSG00000186329,TMEM212,transmembrane protein 212 [Source:HGNC Symbol;Acc:HGNC:34295]
A6NMZ2,824.8535973257082,-1.3613551215314175,0.49883790222475766,-2.729053096125887,0.006351647617592596,0.024168260275774175,ENSG00000188817,SNTN,"sentan, cilia apical structure protein [Source:HGNC Symbol;Acc:HGNC:33706]"
A6PVS1,18.92287873680564,-1.0431843788725508,0.20710998866639369,-5.036861744765385,4.732263275085357e-07,6.816808247467829e-06,ENSG00000079931,MOXD1,monooxygenase DBH like 1 [Source:HGNC Symbol;Acc:HGNC:21063]
A6QL63,63.13436643990528,-0.7625805949049365,0.17471724730324106,-4.364655502964705,1.2732325047869476e-05,0.00012457794880466432,ENSG00000151136,ABTB3,ankyrin repeat and BTB domain containing 3 [Source:HGNC Symbol;Acc:HGNC:23844]
A8MQ27,1450.3697219824749,-1.0762593573544101,0.17935449572960385,-6.000738107936734,1.9642258078593415e-09,4.829323965053502e-08,ENSG00000214357,NEURL1B,neuralized E3 ubiquitin protein ligase 1B [Source:HGNC Symbol;Acc:HGNC:35422]
A8MU93,38.34613054535767,-0.5352047133612667,0.13310325952767044,-4.020973755717866,5.795806252199062e-05,0.00046228105275225356,ENSG00000256806,C17orf100,chromosome 17 open reading frame 100 [Source:HGNC Symbol;Acc:HGNC:34494]
A9QM74,29.35542561960181,-0.8215139613076299,0.2604434541781447,-3.154289148483302,0.0016088959201332655,0.007818993085636631,ENSG00000185467,KPNA7,karyopherin subunit alpha 7 [Source:HGNC Symbol;Acc:HGNC:21839]
B1AHH1,26.69689993370401,-0.8702688957046077,0.2899002977704848,-3.0019593025516755,0.00268248035048578,0.011918695208928071,ENSG00000100219,XBP1,X-box binding protein 1 [Source:HGNC Symbol;Acc:HGNC:12801]
B1AKI9,481.89068372714405,-1.981354287986148,0.19667498861706953,-10.074256528082927,7.180175472931635e-24,2.3286998511769747e-21,ENSG00000101230,ISM1,isthmin 1 [Source:HGNC Symbol;Acc:HGNC:16213]
B1AL88,107.01329292154398,-0.8997451726222527,0.2843931680400743,-3.163736944958777,0.00155757506797195,0.007613200476297292,ENSG00000204442,NALF1,NALCN channel auxiliary factor 1 [Source:HGNC Symbol;Acc:HGNC:33877]
B2CW77,37.14772563413916,-0.9236406180842613,0.19819338120498917,-4.660300018439821,3.1574880724391393e-06,3.661158882732533e-05,ENSG00000227268,KLLN,"killin, p53 regulated DNA replication inhibitor [Source:HGNC Symbol;Acc:HGNC:37212]"
B2RG49,422.92754907819017,-0.6044421361047303,0.1644473314576441,-3.6755971090988093,0.00023729375597322604,0.001546019643791293,ENSG00000184828,ZBTB7C,zinc finger and BTB domain containing 7C [Source:HGNC Symbol;Acc:HGNC:31700]
B3KW44,247.82949446163033,-0.5884199834005425,0.07377407992784514,-7.975971831516537,1.5118642368997679e-15,1.2677815163721475e-13,ENSG00000123600,METTL8,"methyltransferase 8, tRNA N3-cytidine [Source:HGNC Symbol;Acc:HGNC:25856]"
B4E2M5,102.73115574996307,-1.3565233679740312,0.5130944069294628,-2.6438085265671543,0.008197901573876655,0.029775448173629076,ENSG00000230062,ANKRD66,ankyrin repeat domain 66 [Source:HGNC Symbol;Acc:HGNC:44669]
B7Z9S8,10.180827252929959,-0.7118632312142608,0.24256728472164532,-2.934704208076326,0.0033386578505885116,0.014269527177689735,ENSG00000143153,ATP1B1,ATPase Na+/K+ transporting subunit beta 1 [Source:HGNC Symbol;Acc:HGNC:804]
B7ZBQ0,12.600507149006448,-0.7417075319701232,0.16466111985649784,-4.5044484855715865,6.654553739597689e-06,7.011922034070111e-05,ENSG00000119383,PTPA,protein phosphatase 2 phosphatase activator [Source:HGNC Symbol;Acc:HGNC:9308]
C9J8V9,50.83989892218004,-1.9001128744448652,0.2844304295671581,-6.680413475226361,2.3826902691416578e-11,9.013353549854223e-10,ENSG00000102096,PIM2,"Pim-2 proto-oncogene, serine/threonine kinase [Source:HGNC Symbol;Acc:HGNC:8987]"
C9JA92,12.493483469596985,-0.8560937477353467,0.3293914171884956,-2.5990165592124206,0.009349126319977434,0.03311686987805691,ENSG00000128594,LRRC4,leucine rich repeat containing 4 [Source:HGNC Symbol;Acc:HGNC:15586]
C9JCD5,20.282511199375836,-1.548500232981891,0.38613958392505116,-4.010208477570773,6.066515973269043e-05,0.0004807435978242022,ENSG00000145107,TM4SF19,transmembrane 4 L six family member 19 [Source:HGNC Symbol;Acc:HGNC:25167]
C9JK00,10.812064852925454,-1.5810272503471523,0.42855537142652866,-3.689201806255281,0.0002249587280223713,0.0014787553961144216,ENSG00000196872,CRACDL,CRACD like [Source:HGNC Symbol;Acc:HGNC:33454]
C9JL16,71.76345538305057,-0.7201818950525013,0.17206187587491567,-4.185598299393493,2.8441594908325965e-05,0.0002479252703985063,ENSG00000113916,BCL6,BCL6 transcription repressor [Source:HGNC Symbol;Acc:HGNC:1001]
C9JQ22,16.48870871669925,-1.677218160431637,0.4081274201267854,-4.109545396167223,3.964387787339306e-05,0.00033180496494110456,ENSG00000176532,PRR15,proline rich 15 [Source:HGNC Symbol;Acc:HGNC:22310]
C9JQI7,25.436648260790392,-1.1589129422496367,0.3657873970957154,-3.1682691953063227,0.0015334945649209187,0.007513816737339689,ENSG00000186952,TMEM232,transmembrane protein 232 [Source:HGNC Symbol;Acc:HGNC:37270]
C9JWI2,16.714031642649527,-1.180390085952102,0.36641561761502184,-3.2214513497956037,0.001275431140706194,0.006432279528272216,ENSG00000163638,ADAMTS9,ADAM metallopeptidase with thrombospondin type 1 motif 9 [Source:HGNC Symbol;Acc:HGNC:13202]
C9JXY5,30.7432352351863,-1.2611020666390202,0.4859458701297296,-2.595149262822941,0.009454984824405587,0.03341134999478301,ENSG00000188817,SNTN,"sentan, cilia apical structure protein [Source:HGNC Symbol;Acc:HGNC:33706]"
D6RAE9,14.194975850016862,-0.5436450508381929,0.22132039133826936,-2.456371270405345,0.014034807523143776,0.046066921434054595,ENSG00000164466,SFXN1,sideroflexin 1 [Source:HGNC Symbol;Acc:HGNC:16085]
D6RAV7,186.4524198262654,-0.6236086004033347,0.1527995601195534,-4.081219866833457,4.479995048477392e-05,0.0003688010854763733,ENSG00000174130,TLR6,toll like receptor 6 [Source:HGNC Symbol;Acc:HGNC:16711]
D6RCE4,10.721154422213646,-0.9448445590122493,0.3354096722777403,-2.8169866199620457,0.004847654514128428,0.019388859748746528,ENSG00000083857,FAT1,FAT atypical cadherin 1 [Source:HGNC Symbol;Acc:HGNC:3595]
D6REC4,30.67350478407687,-1.089962219027865,0.43337524324360144,-2.51505418461385,0.011901409094374937,0.04029996563294102,ENSG00000206113,CFAP99,cilia and flagella associated protein 99 [Source:HGNC Symbol;Acc:HGNC:51180]
D6RFM4,12.531877518260849,-0.5907894732593482,0.17798954328640465,-3.3192369751109663,0.0009026379392722757,0.004817709853027775,ENSG00000138640,FAM13A,family with sequence similarity 13 member A [Source:HGNC Symbol;Acc:HGNC:19367]
D6RFZ2,16.027660340376812,-0.6500902711262955,0.2241824074493567,-2.899827325982982,0.00373368281091199,0.015568659616534888,ENSG00000133138,TBC1D8B,TBC1 domain family member 8B [Source:HGNC Symbol;Acc:HGNC:24715]
D6RIE6,31.337317855579993,-1.2214049424832447,0.2840535917174944,-4.299910221511979,1.708673154112655e-05,0.00016069542746610017,ENSG00000164056,SPRY1,sprouty RTK signaling antagonist 1 [Source:HGNC Symbol;Acc:HGNC:11269]
E1CKY7,116.11238671759621,-0.9259828037863387,0.31093369130248183,-2.978071626485552,0.0029006818923535127,0.012682719756931872,ENSG00000077157,PPP1R12B,protein phosphatase 1 regulatory subunit 12B [Source:HGNC Symbol;Acc:HGNC:7619]
E5RI87,36.5469256783951,-0.6295373614795997,0.14897267004735965,-4.225858080408067,2.3803198073680635e-05,0.00021322328607512297,ENSG00000113269,RNF130,ring finger protein 130 [Source:HGNC Symbol;Acc:HGNC:18280]
E5RJL3,20.98913217133198,-0.5700529504109076,0.19550606876455617,-2.9157813566258675,0.0035479904279155277,0.014987048630003648,ENSG00000198363,ASPH,aspartate beta-hydroxylase [Source:HGNC Symbol;Acc:HGNC:757]
E5RJM6,593.7042800300057,-0.7867969987849074,0.19101829820255944,-4.118961409396355,3.805838708146351e-05,0.00032048097315563046,ENSG00000235098,ANKRD65,ankyrin repeat domain 65 [Source:HGNC Symbol;Acc:HGNC:42950]
E7EW31,93.46061589483637,-1.4867484511872697,0.13319200419940552,-11.162445224274999,6.225532222372928e-29,5.491915505288502e-26,ENSG00000228672,PROB1,proline rich basic protein 1 [Source:HGNC Symbol;Acc:HGNC:41906]
E9PG32,231.54478697459038,-1.3821185354963403,0.4593038653189815,-3.009159381962689,0.0026197164638760585,0.011680319605839245,ENSG00000174844,DNAH12,dynein axonemal heavy chain 12 [Source:HGNC Symbol;Acc:HGNC:2943]
E9PLM6,11.140155911734016,-1.094389920824447,0.30956538730335775,-3.5352463993398673,0.0004073950831121331,0.002454163114710457,ENSG00000110492,MDK,midkine [Source:HGNC Symbol;Acc:HGNC:6972]
F2Z388,59.96912553384074,-1.2947741020071053,0.2663629470824487,-4.860939241696885,1.1683011027177606e-06,1.5183095179338534e-05,ENSG00000136942,RPL35,ribosomal protein L35 [Source:HGNC Symbol;Acc:HGNC:10344]
G3V1D9,16.172132822548793,-3.8733624346000015,0.4811443090672104,-8.050313308514966,8.258235594301354e-16,7.525914371765373e-14,ENSG00000134339,SAA2,serum amyloid A2 [Source:HGNC Symbol;Acc:HGNC:10514]
G3V1Q5,16.370694938535127,-1.1680728258595194,0.47844249969658775,-2.4414069122209505,0.014630159573718634,0.047673395277599104,ENSG00000173838,MARCHF10,membrane associated ring-CH-type finger 10 [Source:HGNC Symbol;Acc:HGNC:26655]
G3V2N3,126.81138411192602,-1.3343883740461573,0.18253480991453672,-7.310322752525512,2.6650147724310836e-13,1.4476412756451999e-11,ENSG00000116132,PRRX1,paired related homeobox 1 [Source:HGNC Symbol;Acc:HGNC:9142]
G3XAN4,19.34563620676836,-0.9821333991876489,0.2611316681863159,-3.761065848539299,0.00016919087888555808,0.0011616860656731313,ENSG00000067167,TRAM1,translocation associated membrane protein 1 [Source:HGNC Symbol;Acc:HGNC:20568]
G5E9M7,80.83179097899131,-0.966258672276085,0.16822467690058435,-5.743858095486873,9.2543351085185e-09,1.97002998535972e-07,ENSG00000144560,VGLL4,vestigial like family member 4 [Source:HGNC Symbol;Acc:HGNC:28966]
H0Y590,10.444860083870486,-1.8555737953088984,0.29660115585580643,-6.256124626200012,3.946614093896459e-10,1.1362745068771868e-08,ENSG00000180113,TDRD6,tudor domain containing 6 [Source:HGNC Symbol;Acc:HGNC:21339]
H0Y5P0,13.382887819329747,-1.1902003357901831,0.35323475502274454,-3.3694315716853707,0.0007532339102672601,0.004133321885303348,ENSG00000142621,FHAD1,forkhead associated phosphopeptide binding domain 1 [Source:HGNC Symbol;Acc:HGNC:29408]
H0Y5Y0,30.56108414565737,-0.5671681794218031,0.1504761912363053,-3.7691556037003333,0.00016380075196964933,0.0011292471972299612,ENSG00000085377,PREP,prolyl endopeptidase [Source:HGNC Symbol;Acc:HGNC:9358]
H0Y9M6,11.480405970064918,-0.5722186316115435,0.20699192037567324,-2.764449117497021,0.005701899917776455,0.022139031828634144,ENSG00000091490,SEL1L3,SEL1L family member 3 [Source:HGNC Symbol;Acc:HGNC:29108]
H0YIH3,57.87621407750361,-0.5448176530676182,0.14812804958424136,-3.6780181376639067,0.0002350532486790339,0.001534595721245534,ENSG00000011465,DCN,decorin [Source:HGNC Symbol;Acc:HGNC:2705]
H3BPS4,26.196608327563638,-1.0008542400646874,0.14149804528624826,-7.073272553270792,1.513218577320581e-12,7.176886560049052e-11,ENSG00000103494,RPGRIP1L,RPGRIP1 like [Source:HGNC Symbol;Acc:HGNC:29168]
H3BQN5,17.216430174758404,-0.6157509123597947,0.18845754317137417,-3.26731900457739,0.0010857126513869292,0.005623118052342771,ENSG00000176723,ZNF843,zinc finger protein 843 [Source:HGNC Symbol;Acc:HGNC:28710]
H3BRY4,74.9252746725214,-0.6998370416268584,0.2299538412130039,-3.0433805233921123,0.002339363143227631,0.01065076687876593,ENSG00000140511,HAPLN3,hyaluronan and proteoglycan link protein 3 [Source:HGNC Symbol;Acc:HGNC:21446]
H3BS89,83.25768250070239,-1.3949876218323043,0.21523973680203043,-6.481087751539868,9.106368652654863e-11,3.0245761184585895e-09,ENSG00000261115,TMEM178B,transmembrane protein 178B [Source:HGNC Symbol;Acc:HGNC:44112]
H3BTF0,60.05051183402134,-1.554287753555032,0.47933360980710726,-3.242601231698537,0.0011844386191675745,0.00604247265952387,ENSG00000230062,ANKRD66,ankyrin repeat domain 66 [Source:HGNC Symbol;Acc:HGNC:44669]
H7BXT2,122.58019367316464,-0.6629001999404163,0.14675456607196816,-4.5170669484677655,6.2702085745647555e-06,6.657832446001498e-05,ENSG00000130038,CRACR2A,calcium release activated channel regulator 2A [Source:HGNC Symbol;Acc:HGNC:28657]
H7BY79,21.023562034133594,-0.6063080487702673,0.2264035359592239,-2.6779972591923897,0.007406382438542476,0.027447548025477362,ENSG00000124215,CDH26,cadherin 26 [Source:HGNC Symbol;Acc:HGNC:15902]
H7C012,14.891932149784848,-0.8047706106584284,0.19129760073517463,-4.2069038376101915,2.5889323885377643e-05,0.00022902653388211735,ENSG00000163803,PLB1,phospholipase B1 [Source:HGNC Symbol;Acc:HGNC:30041]
H7C1Z4,80.09684573853215,-2.911711073660915,0.3606917005477272,-8.072575746099357,6.88304441895306e-16,6.351408435798778e-14,ENSG00000162949,CAPN13,calpain 13 [Source:HGNC Symbol;Acc:HGNC:16663]
H7C3M6,16.42559809063189,-0.5330543859112504,0.21646361577285753,-2.4625588185249674,0.013794954403880445,0.045475922933210663,ENSG00000188859,FAM78B,family with sequence similarity 78 member B [Source:HGNC Symbol;Acc:HGNC:13495]
H7C3P2,29.001721514944855,-0.8289185102770735,0.3082418087944071,-2.6891826047839937,0.007162722566487323,0.026697090329780536,ENSG00000215018,COL28A1,collagen type XXVIII alpha 1 chain [Source:HGNC Symbol;Acc:HGNC:22442]
H7C4M0,26.895706442371157,-0.5873811836176349,0.1925998321289876,-3.0497491982456926,0.00229032538314868,0.010462062137522987,ENSG00000168386,FILIP1L,filamin A interacting protein 1 like [Source:HGNC Symbol;Acc:HGNC:24589]
H7C5G6,23.302980769081405,-1.4435874851290202,0.4054206027518512,-3.5607156501925665,0.00036984542377469035,0.002255065240787122,ENSG00000182329,KIAA2012,KIAA2012 [Source:HGNC Symbol;Acc:HGNC:51250]
I3L124,19.426921484291075,-0.8471927994148579,0.24040999635430169,-3.5239499698935837,0.0004251645185918678,0.0025403896757044304,ENSG00000181045,SLC26A11,solute carrier family 26 member 11 [Source:HGNC Symbol;Acc:HGNC:14471]
I3L165,11.291929497227796,-0.6293682171527646,0.24681451787905542,-2.5499643317625624,0.01077339406021864,0.037106855245710425,ENSG00000185359,HGS,hepatocyte growth factor-regulated tyrosine kinase substrate [Source:HGNC Symbol;Acc:HGNC:4897]
I3L2S3,12.523551899193993,-0.9078052115223065,0.2995607096935936,-3.0304548699021887,0.00244185676793283,0.011026524879044961,ENSG00000186260,MRTFB,myocardin related transcription factor B [Source:HGNC Symbol;Acc:HGNC:29819]
I3L3H3,21.616860155241806,-0.6577959528878716,0.2491498244151155,-2.6401622173808934,0.008286635239356995,0.030038371723993946,ENSG00000108405,P2RX1,purinergic receptor P2X 1 [Source:HGNC Symbol;Acc:HGNC:8533]
J3KR48,97.91309799356004,-1.5786952651533779,0.38874487229499605,-4.061006016190992,4.8861712229409976e-05,0.00039837197837612107,ENSG00000185055,EFCAB10,EF-hand calcium binding domain 10 [Source:HGNC Symbol;Acc:HGNC:34531]
J3KSK6,39.916209367700226,-0.6054291162210557,0.1691998403403652,-3.5781896425148183,0.00034598238374511603,0.0021289886972976533,ENSG00000243156,MICAL3,"microtubule associated monooxygenase, calponin and LIM domain containing 3 [Source:HGNC Symbol;Acc:HGNC:24694]"
J3QQK8,65.46443414264971,-1.2962223063233076,0.4673649099053812,-2.773469464332977,0.005546204517307906,0.02168723305402634,ENSG00000007174,DNAH9,dynein axonemal heavy chain 9 [Source:HGNC Symbol;Acc:HGNC:2953]
J3QR87,43.54029471248438,-0.5690002443743241,0.16102939699320032,-3.5335178234465525,0.00041006843958496633,0.0024648812664504896,ENSG00000076604,TRAF4,TNF receptor associated factor 4 [Source:HGNC Symbol;Acc:HGNC:12034]
O00194,1231.5653047745886,-1.2292919226147596,0.19820676951505728,-6.202068302825416,5.572588095186656e-10,1.5400734066572245e-08,ENSG00000041353,RAB27B,"RAB27B, member RAS oncogene family [Source:HGNC Symbol;Acc:HGNC:9767]"
O00198,26.65588692982952,-1.4146382542594553,0.3727259278328724,-3.7953846207709194,0.00014741474057345289,0.0010324124495218296,ENSG00000135116,HRK,"harakiri, BCL2 interacting protein [Source:HGNC Symbol;Acc:HGNC:5185]"
O00212,48.778473694897606,-0.5870941848222542,0.1682413937854318,-3.4895941576126632,0.0004837546044079013,0.0028374266078754935,ENSG00000173156,RHOD,ras homolog family member D [Source:HGNC Symbol;Acc:HGNC:670]
O00238,333.48902996391615,-1.1666974115624518,0.2936076977029544,-3.97366084298924,7.077632489834277e-05,0.0005498066464628571,ENSG00000138696,BMPR1B,bone morphogenetic protein receptor type 1B [Source:HGNC Symbol;Acc:HGNC:1077]
O00254,119.43486816923262,-2.698238870326592,0.3067406897476877,-8.796481720589638,1.4117255178855456e-18,2.0086577142869563e-16,ENSG00000164220,F2RL2,coagulation factor II thrombin receptor like 2 [Source:HGNC Symbol;Acc:HGNC:3539]
O00300,127.87463760065089,-1.8338624819705929,0.35992884474871745,-5.095069508115959,3.4861332694071314e-07,5.177318728855548e-06,ENSG00000164761,TNFRSF11B,TNF receptor superfamily member 11b [Source:HGNC Symbol;Acc:HGNC:11909]
O00358,15.46710752226365,-2.8450273045304693,0.45465057735486436,-6.257612870707663,3.9091472240116065e-10,1.1284336764182195e-08,ENSG00000178919,FOXE1,forkhead box E1 [Source:HGNC Symbol;Acc:HGNC:3806]
O00398,240.07949375988542,-0.7188608697449348,0.20516405599643672,-3.503834364424049,0.00045861051383654306,0.002706501544594895,ENSG00000078589,P2RY10,P2Y receptor family member 10 [Source:HGNC Symbol;Acc:HGNC:19906]
O00487,77.65567188215849,-0.6657109678669493,0.15371155119783117,-4.330910479266196,1.4849404827875694e-05,0.00014183143095451302,ENSG00000115233,PSMD14,"proteasome 26S subunit, non-ATPase 14 [Source:HGNC Symbol;Acc:HGNC:16889]"
O00534,1253.6701617963258,-0.678636189380473,0.0983145514694688,-6.902703406943995,5.1022086815868925e-12,2.197736528588229e-10,ENSG00000110002,VWA5A,von Willebrand factor A domain containing 5A [Source:HGNC Symbol;Acc:HGNC:6658]
O00562,41.34815318109572,-0.9275115522886782,0.17361674487742654,-5.342293181130089,9.177805707981833e-08,1.5533946821475927e-06,ENSG00000110697,PITPNM1,phosphatidylinositol transfer protein membrane associated 1 [Source:HGNC Symbol;Acc:HGNC:9003]
O00585,271.827534861223,-0.787960267593114,0.24914913330310043,-3.162604891081548,0.0015636439405572716,0.007637785928028808,ENSG00000137077,CCL21,C-C motif chemokine ligand 21 [Source:HGNC Symbol;Acc:HGNC:10620]
O00590,54.07295084755248,-0.8447042644627589,0.14823892688613002,-5.6982621380659335,1.2103485043616737e-08,2.492346023827484e-07,ENSG00000144648,ACKR2,atypical chemokine receptor 2 [Source:HGNC Symbol;Acc:HGNC:1565]
O00591,118.0715180753723,-2.499387595968493,0.42222415364697063,-5.91957512231353,3.227743812753347e-09,7.63612735187345e-08,ENSG00000094755,GABRP,gamma-aminobutyric acid type A receptor subunit pi [Source:HGNC Symbol;Acc:HGNC:4089]
O00626,173.50835740178582,-1.4790213816541153,0.23272451156651605,-6.355245400231035,2.0809414349176228e-10,6.382904367965681e-09,ENSG00000102962,CCL22,C-C motif chemokine ligand 22 [Source:HGNC Symbol;Acc:HGNC:10621]
O00631,67.939392201568,-2.387825537387041,0.44684681366706497,-5.34372286956969,9.105674924818778e-08,1.5435553788774277e-06,ENSG00000170290,SLN,sarcolipin [Source:HGNC Symbol;Acc:HGNC:11089]
O00716,551.1492791616677,-0.877458091335909,0.1405490921315071,-6.2430719261772305,4.2905947520215995e-10,1.2304912439672868e-08,ENSG00000112242,E2F3,E2F transcription factor 3 [Source:HGNC Symbol;Acc:HGNC:3115]
O14494,97.21381029825652,-0.746803985559171,0.12088152475303167,-6.177982839684867,6.492576949201304e-10,1.774315886464505e-08,ENSG00000067113,PLPP1,phospholipid phosphatase 1 [Source:HGNC Symbol;Acc:HGNC:9228]
O14498,1166.972961922327,-0.8259864337120817,0.18879107824363298,-4.375134891947354,1.2135740863866398e-05,0.00011916368166149133,ENSG00000129009,ISLR,immunoglobulin superfamily containing leucine rich repeat [Source:HGNC Symbol;Acc:HGNC:6133]
O14519,350.6529415146019,-0.7342332657138331,0.10245570940139505,-7.166347976151299,7.702484391967448e-13,3.869489539417998e-11,ENSG00000111328,CDK2AP1,cyclin dependent kinase 2 associated protein 1 [Source:HGNC Symbol;Acc:HGNC:14002]
O14529,10.780033769612428,-1.7220878707479663,0.2961772542394543,-5.814382590486463,6.085808190882303e-09,1.351625517036438e-07,ENSG00000111249,CUX2,cut like homeobox 2 [Source:HGNC Symbol;Acc:HGNC:19347]
O14757,45.20795388829054,-0.7992172648117534,0.1639019017487015,-4.876192748740238,1.081529335196564e-06,1.4155518076216632e-05,ENSG00000149554,CHEK1,checkpoint kinase 1 [Source:HGNC Symbol;Acc:HGNC:1925]
O14777,55.54161004122057,-0.6619220936225113,0.18719821552179378,-3.5359423260391596,0.00040632339029718026,0.0024497146117042137,ENSG00000080986,NDC80,NDC80 kinetochore complex component [Source:HGNC Symbol;Acc:HGNC:16909]
O14792,222.0148535888679,-1.2072368997385408,0.21036135367442396,-5.738872082022158,9.53091721813643e-09,2.0230495508063603e-07,ENSG00000002587,HS3ST1,heparan sulfate-glucosamine 3-sulfotransferase 1 [Source:HGNC Symbol;Acc:HGNC:5194]
O14798,55.268839654935,-1.0716347274429754,0.3442971367392356,-3.1125287232772196,0.001854919626720293,0.008773099265358996,ENSG00000173535,TNFRSF10C,TNF receptor superfamily member 10c [Source:HGNC Symbol;Acc:HGNC:11906]
O14827,219.5317345002015,-0.5499723084531011,0.1655978611063808,-3.3211317149790744,0.0008965321649140417,0.00479493148319605,ENSG00000113319,RASGRF2,Ras protein specific guanine nucleotide releasing factor 2 [Source:HGNC Symbol;Acc:HGNC:9876]
O14967,71.73659492287871,-0.8764278409699837,0.3081899008652645,-2.8437915665287923,0.004458020045331686,0.018053098435502204,ENSG00000153132,CLGN,calmegin [Source:HGNC Symbol;Acc:HGNC:2060]
O15020,160.41338627531783,-1.892782124508344,0.21074805490985143,-8.981255486879778,2.676944446310169e-19,4.2780675955742375e-17,ENSG00000173898,SPTBN2,"spectrin beta, non-erythrocytic 2 [Source:HGNC Symbol;Acc:HGNC:11276]"
O15031,127.85844702602283,-0.6468772320542198,0.15585763376096712,-4.150436628893716,3.3184163727305144e-05,0.00028355038622316454,ENSG00000196576,PLXNB2,plexin B2 [Source:HGNC Symbol;Acc:HGNC:9104]
O15040,496.8052422610654,-0.5159016075700916,0.09889891752938632,-5.216453531119784,1.8238130260126529e-07,2.895779155916706e-06,ENSG00000196663,TECPR2,tectonin beta-propeller repeat containing 2 [Source:HGNC Symbol;Acc:HGNC:19957]
O15061,147.7417240120781,-0.7034968952240092,0.2572994384080658,-2.7341563571868095,0.006254033853808387,0.02385858201208963,ENSG00000182253,SYNM,synemin [Source:HGNC Symbol;Acc:HGNC:24466]
O15072,139.3240930701741,-0.9213674305681374,0.19720219193710747,-4.6721967008459195,2.9799536707417244e-06,3.480926814329343e-05,ENSG00000156140,ADAMTS3,ADAM metallopeptidase with thrombospondin type 1 motif 3 [Source:HGNC Symbol;Acc:HGNC:219]
O15075,348.15601308182346,-1.814919490366411,0.22692398751129111,-7.997918202790728,1.265403851128341e-15,1.0909200487469316e-13,ENSG00000133083,DCLK1,doublecortin like kinase 1 [Source:HGNC Symbol;Acc:HGNC:2700]
O15146,94.52718342834497,-0.6908911254918029,0.22703903047230853,-3.043050016794665,0.0023419340424148376,0.010660271077691812,ENSG00000030304,MUSK,muscle associated receptor tyrosine kinase [Source:HGNC Symbol;Acc:HGNC:7525]
O15235,261.353922834445,-0.5106123850189231,0.12144367123481699,-4.204520332983267,2.616364188616945e-05,0.0002310824822417225,ENSG00000128626,MRPS12,mitochondrial ribosomal protein S12 [Source:HGNC Symbol;Acc:HGNC:10380]
O15263,23.22716012922142,-3.792364181155313,0.627633360719554,-6.0423240995468035,1.5190992635207527e-09,3.828824589449906e-08,ENSG00000177257,DEFB4B,defensin beta 4B [Source:HGNC Symbol;Acc:HGNC:30193]
O15321,36.592173531624276,-0.5685889872018268,0.09996734623858539,-5.687747135397728,1.2872623767947785e-08,2.633339992061203e-07,ENSG00000100926,TM9SF1,transmembrane 9 superfamily member 1 [Source:HGNC Symbol;Acc:HGNC:11864]
O15327,690.8967503452928,-0.5178822141340109,0.17048371726586106,-3.037722443172674,0.002383734001730186,0.01080593415707246,ENSG00000109452,INPP4B,inositol polyphosphate-4-phosphatase type II B [Source:HGNC Symbol;Acc:HGNC:6075]
O15347,767.7275467937385,-1.9346297195737054,0.18352044719096086,-10.541766594327447,5.544740842225494e-26,3.0570928633610265e-23,ENSG00000029993,HMGB3,high mobility group box 3 [Source:HGNC Symbol;Acc:HGNC:5004]
O15350,95.99225819137816,-1.5359740831303392,0.3735147534306268,-4.112217975388801,3.918760372721014e-05,0.00032885974604257703,ENSG00000078900,TP73,tumor protein p73 [Source:HGNC Symbol;Acc:HGNC:12003]
O15354,36.20773638233379,-1.332012535815355,0.23996935159874164,-5.550761074033505,2.8442859686422246e-08,5.416915609018619e-07,ENSG00000170775,GPR37,G protein-coupled receptor 37 [Source:HGNC Symbol;Acc:HGNC:4494]
O15391,26.818154362395727,-0.8792804158398999,0.14287767067988105,-6.154078602036682,7.551522707116826e-10,2.0409470806710108e-08,ENSG00000230797,YY2,YY2 transcription factor [Source:HGNC Symbol;Acc:HGNC:31684]
O15438,63.059203516299206,-0.6498880284821875,0.22035197206424534,-2.9493179588731233,0.00318476134129096,0.013726153336101393,ENSG00000108846,ABCC3,ATP binding cassette subfamily C member 3 [Source:HGNC Symbol;Acc:HGNC:54]
O15484,197.69416995737657,-1.4537662191416636,0.14157638195135328,-10.268423299877721,9.778977561691447e-25,3.783606511325319e-22,ENSG00000149260,CAPN5,calpain 5 [Source:HGNC Symbol;Acc:HGNC:1482]
O15539,6416.857297966902,-0.6770422535154523,0.17601300523189936,-3.8465467516075904,0.00011979428102210808,0.000859727651695923,ENSG00000143248,RGS5,regulator of G protein signaling 5 [Source:HGNC Symbol;Acc:HGNC:10001]
O43155,428.8807450453733,-0.6192858589112009,0.2316934939318481,-2.6728668483602815,0.007520609482660571,0.027758915737338283,ENSG00000185070,FLRT2,fibronectin leucine rich transmembrane protein 2 [Source:HGNC Symbol;Acc:HGNC:3761]
O43157,406.11979628774736,-0.5577529671179635,0.14358059597213843,-3.884598495650447,0.00010249913378929267,0.0007542595584214415,ENSG00000164050,PLXNB1,plexin B1 [Source:HGNC Symbol;Acc:HGNC:9103]
O43240,18.661834065967856,-1.1255984626486293,0.32251663299099126,-3.490047791364826,0.0004829341741032636,0.0028333679903360938,ENSG00000129451,KLK10,kallikrein related peptidase 10 [Source:HGNC Symbol;Acc:HGNC:6358]
O43255,579.5239503547518,-0.5032948072336118,0.07443385901736121,-6.761637967960541,1.3644029906809276e-11,5.501013447253597e-10,ENSG00000181788,SIAH2,siah E3 ubiquitin protein ligase 2 [Source:HGNC Symbol;Acc:HGNC:10858]
O43286,3502.6387568975797,-0.5595114854397701,0.19292886978074156,-2.900092070593892,0.0037305306406992924,0.015559485824744675,ENSG00000158470,B4GALT5,"beta-1,4-galactosyltransferase 5 [Source:HGNC Symbol;Acc:HGNC:928]"
O43295,210.98659339103796,-1.3353607508289282,0.27401076149691656,-4.873387977661436,1.0970048339550655e-06,1.4332550123249418e-05,ENSG00000196220,SRGAP3,SLIT-ROBO Rho GTPase activating protein 3 [Source:HGNC Symbol;Acc:HGNC:19744]
O43361,122.73512092307504,-0.6031730757861808,0.14691460512047863,-4.105603219581493,4.0326116261444434e-05,0.00033700347405452654,ENSG00000186230,ZNF749,zinc finger protein 749 [Source:HGNC Symbol;Acc:HGNC:32783]
O43497,21.84858622128086,-2.5267346878016403,0.2817958251178856,-8.966544081143196,3.059635080061402e-19,4.8544742486096516e-17,ENSG00000006283,CACNA1G,calcium voltage-gated channel subunit alpha1 G [Source:HGNC Symbol;Acc:HGNC:1394]
O43511,20.548596683448174,-1.0536880430894264,0.37025414461326406,-2.845850771474872,0.004429294655421783,0.01795325571230877,ENSG00000091137,SLC26A4,solute carrier family 26 member 4 [Source:HGNC Symbol;Acc:HGNC:8818]
O43581,133.0673491427788,-0.8205377611486845,0.20947027742914479,-3.91720377334316,8.958202226473888e-05,0.00067244449252095,ENSG00000011347,SYT7,synaptotagmin 7 [Source:HGNC Symbol;Acc:HGNC:11514]
O43593,37.35246439206287,-1.9301138087843608,0.2217061113093935,-8.705731192456234,3.1553387246724e-18,4.269192652388044e-16,ENSG00000168453,HR,HR lysine demethylase and nuclear receptor corepressor [Source:HGNC Symbol;Acc:HGNC:5172]
O43609,1669.1517022535495,-0.6942070840272571,0.1592390650834288,-4.3595275045325526,1.3034357125282865e-05,0.00012702594433980924,ENSG00000164056,SPRY1,sprouty RTK signaling antagonist 1 [Source:HGNC Symbol;Acc:HGNC:11269]
O43653,163.49317570389445,-3.9768112503092445,0.7252686954522148,-5.483224734840719,4.1764191054616546e-08,7.656421193005098e-07,ENSG00000167653,PSCA,prostate stem cell antigen [Source:HGNC Symbol;Acc:HGNC:9500]
O43692,756.2884604963382,-3.417151814066303,0.4392901246935361,-7.778804079536788,7.321334239183352e-15,5.24236056204382e-13,ENSG00000137558,PI15,peptidase inhibitor 15 [Source:HGNC Symbol;Acc:HGNC:8946]
O43731,161.910405372626,-1.140028717533362,0.1543161522991933,-7.38761756658523,1.4948294459802862e-13,8.496641392177637e-12,ENSG00000100196,KDELR3,KDEL endoplasmic reticulum protein retention receptor 3 [Source:HGNC Symbol;Acc:HGNC:6306]
O43745,57.40899494862357,-1.9842936899323529,0.7718888823066115,-2.570698626987281,0.010149360658600563,0.03545042761558074,ENSG00000166869,CHP2,calcineurin like EF-hand protein 2 [Source:HGNC Symbol;Acc:HGNC:24927]
O43761,10.19586437122904,-0.6974222511454234,0.25951358929724677,-2.6874209286458455,0.007200614840680884,0.026811136197260887,ENSG00000127561,SYNGR3,synaptogyrin 3 [Source:HGNC Symbol;Acc:HGNC:11501]
O43818,428.9471772712125,-0.6726120301801459,0.14450389971985791,-4.654628916479787,3.2456471382487588e-06,3.7515462257305095e-05,ENSG00000114767,RRP9,"ribosomal RNA processing 9, U3 small nucleolar RNA binding protein [Source:HGNC Symbol;Acc:HGNC:16829]"
O43820,35.668138169972636,-0.5880690488670272,0.15680934775637279,-3.7502167905237513,0.00017668175372317983,0.0012055561579766933,ENSG00000186792,HYAL3,hyaluronidase 3 [Source:HGNC Symbol;Acc:HGNC:5322]
O43852,53.54561644343279,-1.272301118794871,0.24492619650354255,-5.194630615090079,2.0512671512518197e-07,3.2244223630582775e-06,ENSG00000128595,CALU,calumenin [Source:HGNC Symbol;Acc:HGNC:1458]
O43895,93.53282350806093,-2.933496545360461,0.2718422330141072,-10.791172927159657,3.789221853439353e-27,2.3876428215929e-24,ENSG00000122121,XPNPEP2,X-prolyl aminopeptidase 2 [Source:HGNC Symbol;Acc:HGNC:12823]
O60237,4763.247491583097,-0.6817678677786231,0.15791447182912807,-4.317323547878072,1.5793257192675478e-05,0.00014987284601001075,ENSG00000077157,PPP1R12B,protein phosphatase 1 regulatory subunit 12B [Source:HGNC Symbol;Acc:HGNC:7619]
O60243,1272.5360751633,-1.2122763547639832,0.168253981631035,-7.2050381394384475,5.802760544381934e-13,2.960462129154684e-11,ENSG00000136720,HS6ST1,heparan sulfate 6-O-sulfotransferase 1 [Source:HGNC Symbol;Acc:HGNC:5201]
O60245,23.424181545806842,-1.6860432799412717,0.23050678264255972,-7.314506152974122,2.5832967170074594e-13,1.406716686342778e-11,ENSG00000169851,PCDH7,protocadherin 7 [Source:HGNC Symbol;Acc:HGNC:8659]
O60279,168.28446969289013,-1.081714453972608,0.24949567707443743,-4.335603993851472,1.4536043143760272e-05,0.00013904955452728797,ENSG00000173705,SUSD5,sushi domain containing 5 [Source:HGNC Symbol;Acc:HGNC:29061]
O60287,1000.6758163322091,-1.4141786061705828,0.14515524092817572,-9.742525293112445,1.9855765319207631e-22,5.0918493994163385e-20,ENSG00000142207,URB1,URB1 ribosome biogenesis homolog [Source:HGNC Symbol;Acc:HGNC:17344]
O60303,537.6796299374637,-0.5178157699420289,0.1539643214914438,-3.363219250576864,0.0007703915192816455,0.004209666641783303,ENSG00000047578,KATNIP,katanin interacting protein [Source:HGNC Symbol;Acc:HGNC:29068]
O60391,110.00777133279105,-1.1015608372154084,0.3643597873727599,-3.023277747410835,0.002500526276952097,0.01124362885583671,ENSG00000116032,GRIN3B,glutamate ionotropic receptor NMDA type subunit 3B [Source:HGNC Symbol;Acc:HGNC:16768]
O60462,2209.317877865537,-0.5519969597250526,0.12100317815214019,-4.561838524861005,5.070763888729107e-06,5.527959802374283e-05,ENSG00000118257,NRP2,neuropilin 2 [Source:HGNC Symbol;Acc:HGNC:8005]
O60476,1594.7917105133033,-0.5002551584889177,0.08642509216342226,-5.788309227868443,7.109843517860016e-09,1.548081229871067e-07,ENSG00000198162,MAN1A2,mannosidase alpha class 1A member 2 [Source:HGNC Symbol;Acc:HGNC:6822]
O60487,2139.891289769385,-0.5941006691565544,0.17166272838666696,-3.4608599941296174,0.0005384527674466936,0.003105773788233842,ENSG00000149573,MPZL2,myelin protein zero like 2 [Source:HGNC Symbol;Acc:HGNC:3496]
O60507,299.8858649464464,-0.9896913837972852,0.14184185780468542,-6.977428236734453,3.006322907020687e-12,1.3475903534844358e-10,ENSG00000169902,TPST1,tyrosylprotein sulfotransferase 1 [Source:HGNC Symbol;Acc:HGNC:12020]
O60522,114.74200403051759,-0.847012744213768,0.20893876031351477,-4.053880395111069,5.037497916491879e-05,0.00040902588194187373,ENSG00000180113,TDRD6,tudor domain containing 6 [Source:HGNC Symbol;Acc:HGNC:21339]
O60547,41.17558194172395,-1.466632208054322,0.20301658944819778,-7.224198830453467,5.040646242316512e-13,2.634275171280767e-11,ENSG00000112699,GMDS,"GDP-mannose 4,6-dehydratase [Source:HGNC Symbol;Acc:HGNC:4369]"
O60565,54.43088162775699,-6.655429972703836,0.6436117543521669,-10.3407526784574,4.60903127681211e-25,2.0744403220166178e-22,ENSG00000166923,GREM1,"gremlin 1, DAN family BMP antagonist [Source:HGNC Symbol;Acc:HGNC:2001]"
O60566,28.6868487488799,-1.0001834382312624,0.22425474468355128,-4.460032449447765,8.194724470123044e-06,8.421549555642758e-05,ENSG00000156970,BUB1B,BUB1 mitotic checkpoint serine/threonine kinase B [Source:HGNC Symbol;Acc:HGNC:1149]
O60635,328.34941883085816,-1.829432963019317,0.3878587680647955,-4.716750306167354,2.3964149496193932e-06,2.8801381634281252e-05,ENSG00000117472,TSPAN1,tetraspanin 1 [Source:HGNC Symbol;Acc:HGNC:20657]
O60667,20.620041365569104,-0.7143067180231516,0.20531215495173305,-3.4791253259753585,0.0005030532674695063,0.0029319071777939992,ENSG00000162894,FCMR,Fc mu receptor [Source:HGNC Symbol;Acc:HGNC:14315]
O60669,713.8838687759428,-1.0614997605585408,0.1670009673439809,-6.356249172929115,2.0673957905732157e-10,6.350187571769039e-09,ENSG00000118596,SLC16A7,solute carrier family 16 member 7 [Source:HGNC Symbol;Acc:HGNC:10928]
O60682,73.88993263133362,-0.9987844368345091,0.3588803770834811,-2.7830566969176376,0.005384939503678376,0.021150392843120733,ENSG00000178860,MSC,musculin [Source:HGNC Symbol;Acc:HGNC:7321]
O60687,16.6182449701067,-1.1243676471563535,0.21793839763906434,-5.159107616357074,2.481296639777059e-07,3.805460089961284e-06,ENSG00000102359,SRPX2,sushi repeat containing protein X-linked 2 [Source:HGNC Symbol;Acc:HGNC:30668]
O60701,1096.0771408253834,-0.8114627128212318,0.14826196243465417,-5.473168569307725,4.420592420301898e-08,8.061108947547735e-07,ENSG00000109814,UGDH,UDP-glucose 6-dehydrogenase [Source:HGNC Symbol;Acc:HGNC:12525]
O60725,786.8718625259754,-0.6504766639913693,0.09771600382686348,-6.656807877079232,2.7983859423216987e-11,1.0407353047548523e-09,ENSG00000116237,ICMT,isoprenylcysteine carboxyl methyltransferase [Source:HGNC Symbol;Acc:HGNC:5350]
O60729,16.70837199489916,-0.6868697555642554,0.18889456218116363,-3.6362600788131605,0.000276625046614196,0.0017683155878346316,ENSG00000081377,CDC14B,cell division cycle 14B [Source:HGNC Symbol;Acc:HGNC:1719]
O60861,2285.2575257846747,-1.2936311665053482,0.1805868834655451,-7.163483535902346,7.8652312743259e-13,3.9333290368250205e-11,ENSG00000007237,GAS7,growth arrest specific 7 [Source:HGNC Symbol;Acc:HGNC:4169]
O60909,10.355973916319435,-1.1088403869641037,0.2683054351931425,-4.132754098573863,3.5844215108916205e-05,0.00030404166154309153,ENSG00000117411,B4GALT2,"beta-1,4-galactosyltransferase 2 [Source:HGNC Symbol;Acc:HGNC:925]"
O60938,17.45379004794783,-1.478091166752053,0.30619792379110755,-4.8272409833857255,1.384375658892493e-06,1.7678645501572115e-05,ENSG00000139330,KERA,keratocan [Source:HGNC Symbol;Acc:HGNC:6309]
O75074,50.81834301086961,-0.758299531898405,0.18313578105327674,-4.14064104533349,3.4633657158697385e-05,0.0002947937765256319,ENSG00000130881,LRP3,LDL receptor related protein 3 [Source:HGNC Symbol;Acc:HGNC:6695]
O75077,96.29285916723963,-1.4204474985044697,0.1985017203170587,-7.155844776738695,8.315919953933772e-13,4.139939021761973e-11,ENSG00000114948,ADAM23,ADAM metallopeptidase domain 23 [Source:HGNC Symbol;Acc:HGNC:202]
O75084,680.8436827877252,-0.5505753343874793,0.1736996603944747,-3.1696972414172486,0.0015259784863935807,0.007486551512846934,ENSG00000155760,FZD7,frizzled class receptor 7 [Source:HGNC Symbol;Acc:HGNC:4045]
O75112,94.22244735901883,-0.7273136532523302,0.2672662252734615,-2.7213077616079517,0.006502419271971956,0.024644157866311998,ENSG00000122367,LDB3,LIM domain binding 3 [Source:HGNC Symbol;Acc:HGNC:15710]
O75129,14.456120182395274,-0.8924077754510316,0.26118924707576735,-3.4167094757624406,0.0006338288027191358,0.0035759683845402457,ENSG00000148219,ASTN2,astrotactin 2 [Source:HGNC Symbol;Acc:HGNC:17021]
O75144,14.720421135393467,-1.356051146080691,0.4246950629110177,-3.1929995531047917,0.0014080316445044545,0.007000164537398836,ENSG00000160223,ICOSLG,inducible T cell costimulator ligand [Source:HGNC Symbol;Acc:HGNC:17087]
O75159,1259.0430716560118,-0.5096433342868216,0.1534464796447104,-3.3213100454754554,0.0008959594727012447,0.004793665747441352,ENSG00000171150,SOCS5,suppressor of cytokine signaling 5 [Source:HGNC Symbol;Acc:HGNC:16852]
O75325,123.73969954981548,-1.3246605109370957,0.19743382845523877,-6.709389780370978,1.9543997527639253e-11,7.483043775599931e-10,ENSG00000170382,LRRN2,leucine rich repeat neuronal 2 [Source:HGNC Symbol;Acc:HGNC:16914]
O75330,75.76742450862692,-0.9333665452885271,0.2225131147697352,-4.1946585766614675,2.7328290968651784e-05,0.0002399275991332191,ENSG00000072571,HMMR,hyaluronan mediated motility receptor [Source:HGNC Symbol;Acc:HGNC:5012]
O75339,366.6239736768327,-2.828969069538566,0.2888524944023206,-9.793819074999265,1.1968778859146583e-22,3.219017670239253e-20,ENSG00000138615,CILP,cartilage intermediate layer protein [Source:HGNC Symbol;Acc:HGNC:1980]
O75417,47.96727604497921,-0.9713785926574524,0.18155648265519747,-5.3502831650591265,8.781671567074973e-08,1.4955288396932158e-06,ENSG00000051341,POLQ,DNA polymerase theta [Source:HGNC Symbol;Acc:HGNC:9186]
O75446,272.4461889676934,-0.9962120209758726,0.14678869636286357,-6.786708007224368,1.1472105993703423e-11,4.693985632377279e-10,ENSG00000164105,SAP30,Sin3A associated protein 30 [Source:HGNC Symbol;Acc:HGNC:10532]
O75509,1922.1963394509507,-1.4446738161751662,0.14497777654057045,-9.96479495442455,2.173218329772246e-23,6.750444654196777e-21,ENSG00000146072,TNFRSF21,TNF receptor superfamily member 21 [Source:HGNC Symbol;Acc:HGNC:13469]
O75556,56.315649326516954,-1.0306925169261751,0.37901414890270685,-2.719403800386235,0.006539971536180427,0.02475245104838221,ENSG00000124939,SCGB2A1,secretoglobin family 2A member 1 [Source:HGNC Symbol;Acc:HGNC:7051]
O75604,120.65263724803859,-0.8329503786402093,0.22454315350420817,-3.7095336270165946,0.00020764137886871326,0.001383063415756751,ENSG00000036672,USP2,ubiquitin specific peptidase 2 [Source:HGNC Symbol;Acc:HGNC:12618]
O75635,18.98512634338548,-2.4453982894153503,0.6577613653641533,-3.717759081306814,0.0002009978127096463,0.0013462015032862748,ENSG00000166396,SERPINB7,serpin family B member 7 [Source:HGNC Symbol;Acc:HGNC:13902]
O75691,795.2465614276949,-0.6630906227177864,0.14370482651722782,-4.6142543628365384,3.9450903894592065e-06,4.4549423169039086e-05,ENSG00000120800,UTP20,UTP20 small subunit processome component [Source:HGNC Symbol;Acc:HGNC:17897]
O75712,66.53543336254954,-1.9044705598499052,0.29559803265500734,-6.442771431001417,1.1731130197797626e-10,3.821541290727162e-09,ENSG00000188910,GJB3,gap junction protein beta 3 [Source:HGNC Symbol;Acc:HGNC:4285]
O75795,13.68454209424252,-1.8669079336648349,0.5335605439271192,-3.498961748415644,0.0004670735826470153,0.0027512929465003406,ENSG00000197888,UGT2B17,UDP glucuronosyltransferase family 2 member B17 [Source:HGNC Symbol;Acc:HGNC:12547]
O75808,180.71410430187024,-0.5176722700054571,0.1538862507884535,-3.363992997120308,0.0007682349251568926,0.0042010049688594375,ENSG00000103326,CAPN15,calpain 15 [Source:HGNC Symbol;Acc:HGNC:11182]
O75874,976.9415785556533,-0.5253232525712547,0.14960473438469507,-3.511407942615194,0.0004457398126966109,0.002643276641358176,ENSG00000138413,IDH1,isocitrate dehydrogenase (NADP(+)) 1 [Source:HGNC Symbol;Acc:HGNC:5382]
O75881,1141.3878376169632,-1.5129588949019661,0.23196557732555936,-6.52234229037594,6.921782851184925e-11,2.370388183230316e-09,ENSG00000172817,CYP7B1,cytochrome P450 family 7 subfamily B member 1 [Source:HGNC Symbol;Acc:HGNC:2652]
O75899,44.796223284133404,-3.092135075052282,0.44212206153813804,-6.993849310063325,2.6744481440491434e-12,1.2086532657553241e-10,ENSG00000136928,GABBR2,gamma-aminobutyric acid type B receptor subunit 2 [Source:HGNC Symbol;Acc:HGNC:4507]
O75914,79.33263329827648,-0.6361421001016694,0.1723387895792587,-3.6912299410638907,0.00022317226794935294,0.00147008398965204,ENSG00000077264,PAK3,p21 (RAC1) activated kinase 3 [Source:HGNC Symbol;Acc:HGNC:8592]
O75923,353.6955905919136,-0.5845202355184032,0.22067463100798357,-2.648787642007007,0.008078107333863991,0.029413006297017742,ENSG00000135636,DYSF,dysferlin [Source:HGNC Symbol;Acc:HGNC:3097]
O75936,18.982900936808594,-2.235679491915409,0.34489254419659493,-6.4822494122721075,9.036509310659027e-11,3.0149951034383385e-09,ENSG00000129151,BBOX1,gamma-butyrobetaine hydroxylase 1 [Source:HGNC Symbol;Acc:HGNC:964]
O75949,17.385030596245667,-2.140794696626254,0.32656396921880715,-6.555514075075014,5.5450518528765864e-11,1.9319205934176973e-09,ENSG00000130054,NALF2,NALCN channel auxiliary factor 2 [Source:HGNC Symbol;Acc:HGNC:30701]
O75976,3844.6541739200497,-0.8678977087442752,0.13848769139314443,-6.266966399782434,3.681495517026021e-10,1.069719395685005e-08,ENSG00000108582,CPD,carboxypeptidase D [Source:HGNC Symbol;Acc:HGNC:2301]
O76054,22.84981967642171,-1.4911700573369164,0.20954912752539015,-7.116088121895129,1.110333199419958e-12,5.3818216219797255e-11,ENSG00000100003,SEC14L2,SEC14 like lipid binding 2 [Source:HGNC Symbol;Acc:HGNC:10699]
O94829,310.3504276777589,-0.5625565703269688,0.09932024519815835,-5.664067473903096,1.4782623389558613e-08,2.9773148514458963e-07,ENSG00000117408,IPO13,importin 13 [Source:HGNC Symbol;Acc:HGNC:16853]
O94985,15.265006207522248,-0.9633676402833532,0.2755484790157325,-3.496182028384013,0.00047196661977443944,0.0027778894669083236,ENSG00000171603,CLSTN1,calsyntenin 1 [Source:HGNC Symbol;Acc:HGNC:17447]
O95049,265.03413447321753,-1.1296524605110654,0.2480454177128525,-4.554216203335783,5.258125656970482e-06,5.708849300609358e-05,ENSG00000105289,TJP3,tight junction protein 3 [Source:HGNC Symbol;Acc:HGNC:11829]
O95057,44.35254916659267,-1.7981392896954544,0.32268589743980763,-5.5724136194420195,2.5123406947489132e-08,4.851765471277804e-07,ENSG00000176490,DIRAS1,DIRAS family GTPase 1 [Source:HGNC Symbol;Acc:HGNC:19127]
O95084,2841.623845298657,-0.7709550379787982,0.1652611898658609,-4.665070114795654,3.0851182526486714e-06,3.588565292400517e-05,ENSG00000150687,PRSS23,serine protease 23 [Source:HGNC Symbol;Acc:HGNC:14370]
O95136,677.2088080573967,-0.5453931942632705,0.1613124094447569,-3.380974818617696,0.0007222916188782756,0.003992335679885085,ENSG00000267534,S1PR2,sphingosine-1-phosphate receptor 2 [Source:HGNC Symbol;Acc:HGNC:3169]
O95235,37.53401342761698,-1.4007958523128332,0.2535901425151263,-5.523857664259476,3.3163616203532443e-08,6.235212205905408e-07,ENSG00000112984,KIF20A,kinesin family member 20A [Source:HGNC Symbol;Acc:HGNC:9787]
O95238,123.02122681681837,-2.1661809481372316,0.31049820628810715,-6.976468476366208,3.0269221796542164e-12,1.3540718407726994e-10,ENSG00000124664,SPDEF,SAM pointed domain containing ETS transcription factor [Source:HGNC Symbol;Acc:HGNC:17257]
O95239,68.7788952817681,-1.3438301756089142,0.2591998633096291,-5.184532732579539,2.1655711145383735e-07,3.380007456477657e-06,ENSG00000090889,KIF4A,kinesin family member 4A [Source:HGNC Symbol;Acc:HGNC:13339]
O95274,27.389987394478474,-0.8514438039869311,0.24303585270839814,-3.5033670732051188,0.0004594158885800151,0.0027098042275324028,ENSG00000124466,LYPD3,LY6/PLAUR domain containing 3 [Source:HGNC Symbol;Acc:HGNC:24880]
O95279,500.1876843845831,-0.5102614355591288,0.19553934715999974,-2.6095077178589956,0.009067260069621443,0.03234613689251456,ENSG00000164626,KCNK5,potassium two pore domain channel subfamily K member 5 [Source:HGNC Symbol;Acc:HGNC:6280]
O95297,1997.806037905824,-0.8525815699439083,0.1034821348421758,-8.238925213943547,1.7376450894575111e-16,1.7824197582742303e-14,ENSG00000197965,MPZL1,myelin protein zero like 1 [Source:HGNC Symbol;Acc:HGNC:7226]
O95373,4261.5557202731,-0.5068412458297888,0.10214006526655801,-4.9622177595742665,6.969279607963481e-07,9.571426781245893e-06,ENSG00000205339,IPO7,importin 7 [Source:HGNC Symbol;Acc:HGNC:9852]
O95377,41.61087279261962,-2.8470715459460743,0.4245084623490187,-6.70674862449572,1.990086446651662e-11,7.593316002500996e-10,ENSG00000189280,GJB5,gap junction protein beta 5 [Source:HGNC Symbol;Acc:HGNC:4287]
O95388,549.3929741084527,-2.8075574743853564,0.3189036970706393,-8.803778382548709,1.322854826361969e-18,1.9068130941560041e-16,ENSG00000104415,CCN4,cellular communication network factor 4 [Source:HGNC Symbol;Acc:HGNC:12769]
O95390,289.4073732574603,-0.6376572903254444,0.10150309436086935,-6.282146316233575,3.3393033506264606e-10,9.780211964769716e-09,ENSG00000135414,GDF11,growth differentiation factor 11 [Source:HGNC Symbol;Acc:HGNC:4216]
O95395,80.98436637082541,-2.875334610095395,0.3509821610196665,-8.192252853370181,2.563813071323028e-16,2.5469519583314442e-14,ENSG00000140297,GCNT3,"glucosaminyl (N-acetyl) transferase 3, mucin type [Source:HGNC Symbol;Acc:HGNC:4205]"
O95425,82.92687941003767,-1.4417576846686089,0.25941096296202965,-5.557813240451373,2.7317544670650185e-08,5.23424092238505e-07,ENSG00000197321,SVIL,supervillin [Source:HGNC Symbol;Acc:HGNC:11480]
O95450,876.0133774025342,-1.6247494960639295,0.2066371743506821,-7.862813170812052,3.756010189926821e-15,2.937413075483905e-13,ENSG00000087116,ADAMTS2,ADAM metallopeptidase with thrombospondin type 1 motif 2 [Source:HGNC Symbol;Acc:HGNC:218]
O95470,1070.8383757947347,-0.5492265400588074,0.07089684084636819,-7.746840811270684,9.42069366917892e-15,6.680513767847971e-13,ENSG00000166224,SGPL1,sphingosine-1-phosphate lyase 1 [Source:HGNC Symbol;Acc:HGNC:10817]
O95486,1259.143086410266,-0.7440065738274745,0.12681099254792158,-5.867051103998859,4.4361397991819315e-09,1.0159358995966596e-07,ENSG00000113615,SEC24A,"SEC24 homolog A, COPII coat complex component [Source:HGNC Symbol;Acc:HGNC:10703]"
O95497,205.99175783171444,-1.1329594740659288,0.207703731828831,-5.454690024537462,4.90583479617371e-08,8.875576751010254e-07,ENSG00000112299,VNN1,vanin 1 [Source:HGNC Symbol;Acc:HGNC:12705]
O95502,250.5685345076269,-0.6863858268152307,0.20532840524454737,-3.3428683478924457,0.000829172278862989,0.004480903072297074,ENSG00000221890,NPTXR,neuronal pentraxin receptor [Source:HGNC Symbol;Acc:HGNC:7954]
O95528,584.857725629434,-0.6800158698083749,0.13810553375941892,-4.923885750971925,8.48423823516666e-07,1.1419510910470177e-05,ENSG00000197496,SLC2A10,solute carrier family 2 member 10 [Source:HGNC Symbol;Acc:HGNC:13444]
O95602,607.9507322563032,-0.5347096125597569,0.11140039321425001,-4.799889813058204,1.5875295017098003e-06,2.0017939182794704e-05,ENSG00000068654,POLR1A,RNA polymerase I subunit A [Source:HGNC Symbol;Acc:HGNC:17264]
O95631,965.5841801741914,-1.9269650672671863,0.24476252883646551,-7.872794403732687,3.4680632459954103e-15,2.731595243827957e-13,ENSG00000065320,NTN1,netrin 1 [Source:HGNC Symbol;Acc:HGNC:8029]
O95661,158.29200172775208,-0.605120119262784,0.16257181668032747,-3.72217110947748,0.00019751709444625325,0.0013252744922803122,ENSG00000162595,DIRAS3,DIRAS family GTPase 3 [Source:HGNC Symbol;Acc:HGNC:687]
O95714,282.4363385276641,-0.6030441474651155,0.22471127636453914,-2.6836399010382714,0.007282549873350292,0.027070513215383004,ENSG00000128731,HERC2,HECT and RLD domain containing E3 ubiquitin protein ligase 2 [Source:HGNC Symbol;Acc:HGNC:4868]
O95716,619.326792641263,-0.7022424010156202,0.16457084570565136,-4.267113035753848,1.9801883925126838e-05,0.00018257138297857328,ENSG00000105514,RAB3D,"RAB3D, member RAS oncogene family [Source:HGNC Symbol;Acc:HGNC:9779]"
O95751,64.6046714299689,-1.0551287360409698,0.18549640661710742,-5.688135718008353,1.2843373569653696e-08,2.6299699229818255e-07,ENSG00000182195,LDOC1,LDOC1 regulator of NFKB signaling [Source:HGNC Symbol;Acc:HGNC:6548]
O95755,564.8792366841743,-1.2940127359903446,0.29011401301359113,-4.460359299947788,8.182236156835543e-06,8.412635720412637e-05,ENSG00000100228,RAB36,"RAB36, member RAS oncogene family [Source:HGNC Symbol;Acc:HGNC:9775]"
O95757,276.671815018531,-1.345124876871956,0.20311404517276235,-6.6225104016210965,3.5314920117169166e-11,1.2937462595748317e-09,ENSG00000164070,HSPA4L,heat shock protein family A (Hsp70) member 4 like [Source:HGNC Symbol;Acc:HGNC:17041]
O95816,610.047091893247,-0.7937056841062661,0.13107245214259683,-6.055472916938907,1.400057297402434e-09,3.553148865007282e-08,ENSG00000112208,BAG2,BAG cochaperone 2 [Source:HGNC Symbol;Acc:HGNC:938]
O95832,1594.2105991339356,-1.1831405067232383,0.26719473305115043,-4.428008341379782,9.510722441477847e-06,9.617123921336655e-05,ENSG00000163347,CLDN1,claudin 1 [Source:HGNC Symbol;Acc:HGNC:2032]
O95886,13.475642110267614,-0.8397558912290848,0.21171888409896134,-3.9663721769691898,7.297488269154255e-05,0.0005637086034603431,ENSG00000116544,DLGAP3,DLG associated protein 3 [Source:HGNC Symbol;Acc:HGNC:30368]
O95989,39.35466984421057,-0.5706957367612866,0.2305260406166699,-2.4756237309878046,0.01330036669233791,0.0441357639230846,ENSG00000272325,NUDT3,nudix hydrolase 3 [Source:HGNC Symbol;Acc:HGNC:8050]
P00326,94.37324521443053,-0.974007403135082,0.32592357545447415,-2.9884533568242406,0.0028039329481712957,0.012360171344986959,ENSG00000248144,ADH1C,"alcohol dehydrogenase 1C (class I), gamma polypeptide [Source:HGNC Symbol;Acc:HGNC:251]"
P00488,3165.6084159928546,-1.7142797734119255,0.28580543988544865,-5.998065586501824,1.996818758283139e-09,4.8985362508538763e-08,ENSG00000124491,F13A1,coagulation factor XIII A chain [Source:HGNC Symbol;Acc:HGNC:3531]
P00519,2489.7725870429167,-0.8880461399476474,0.16323565744331875,-5.440270550299396,5.3199717514392646e-08,9.546513995625838e-07,ENSG00000097007,ABL1,"ABL proto-oncogene 1, non-receptor tyrosine kinase [Source:HGNC Symbol;Acc:HGNC:76]"
P00749,883.8511074636428,-1.1759489629668114,0.2397599333396704,-4.904693401381757,9.357338405849588e-07,1.2431731397747398e-05,ENSG00000122861,PLAU,"plasminogen activator, urokinase [Source:HGNC Symbol;Acc:HGNC:9052]"
P01023,31316.665895205217,-1.1857978358701258,0.19050753844006987,-6.224414244075469,4.833584363197996e-10,1.3614287298335709e-08,ENSG00000175899,A2M,alpha-2-macroglobulin [Source:HGNC Symbol;Acc:HGNC:7]
P01037,24.17316311253635,-5.086703167143642,0.9476668347421512,-5.367607033043077,7.978815952184348e-08,1.3715105768470272e-06,ENSG00000170373,CST1,cystatin SN [Source:HGNC Symbol;Acc:HGNC:2473]
P01135,312.3581602828312,-0.6965792106723284,0.12536706744344223,-5.556317339771717,2.7552575909788552e-08,5.265550338946938e-07,ENSG00000163235,TGFA,transforming growth factor alpha [Source:HGNC Symbol;Acc:HGNC:11765]
P01591,22346.40381174043,-1.1955896199350724,0.32120826860598767,-3.7221632715864192,0.00019752322735673287,0.0013252744922803122,ENSG00000132465,JCHAIN,joining chain of multimeric IgA and IgM [Source:HGNC Symbol;Acc:HGNC:5713]
P01593,241.53514897408908,-3.2368086353604517,0.5356002387722263,-6.043329336036692,1.5096605335304135e-09,3.809955683700455e-08,ENSG00000239975,IGKV1D-33,immunoglobulin kappa variable 1D-33 [Source:HGNC Symbol;Acc:HGNC:5753]
P01594,252.69634382217717,-3.115937862477264,0.5462570031028728,-5.704160943984202,1.1691756776919502e-08,2.4165886031694724e-07,ENSG00000242076,IGKV1-33,immunoglobulin kappa variable 1-33 [Source:HGNC Symbol;Acc:HGNC:5737]
P01597,470.63940747434793,-3.28809153636398,0.44901163223148377,-7.322954017968147,2.425709373161983e-13,1.3274589209854684e-11,ENSG00000242371,IGKV1-39,immunoglobulin kappa variable 1-39 [Source:HGNC Symbol;Acc:HGNC:5740]
P01599,1666.7693757825398,-3.069637382871243,0.46491948886834344,-6.602513889755452,4.042433872328704e-11,1.4543529628113743e-09,ENSG00000240382,IGKV1-17,immunoglobulin kappa variable 1-17 [Source:HGNC Symbol;Acc:HGNC:5733]
P01601,339.023196698518,-3.953419868679561,0.548491811748711,-7.207801071952559,5.686261635089274e-13,2.916391025587415e-11,ENSG00000241244,IGKV1D-16,immunoglobulin kappa variable 1D-16 [Source:HGNC Symbol;Acc:HGNC:5748]
P01602,10904.723831173585,-3.098376746355732,0.4535322034667452,-6.831657647840915,8.393897820707821e-12,3.49281174599793e-10,ENSG00000243466,IGKV1-5,immunoglobulin kappa variable 1-5 [Source:HGNC Symbol;Acc:HGNC:5741]
P01611,194.2108254191167,-3.035501348588733,0.505887640601346,-6.0003469248239565,1.968963925585063e-09,4.835582451542648e-08,ENSG00000278857,IGKV1D-12,immunoglobulin kappa variable 1D-12 [Source:HGNC Symbol;Acc:HGNC:5746]
P01614,449.2548657063735,-4.360169461729892,0.6051215552240374,-7.205443970865659,5.785503016197816e-13,2.9604056500980654e-11,ENSG00000251039,IGKV2D-40,immunoglobulin kappa variable 2D-40 [Source:HGNC Symbol;Acc:HGNC:5804]
P01615,201.23227834069846,-3.0390332620805323,0.5099359732170563,-5.959636938159206,2.5279894675156205e-09,6.073233084595806e-08,ENSG00000242534,IGKV2D-28,immunoglobulin kappa variable 2D-28 [Source:HGNC Symbol;Acc:HGNC:5799]
P01619,15652.485125575322,-3.0737543850740128,0.44977100250835195,-6.834043030635207,8.255424409801655e-12,3.441684875874588e-10,ENSG00000239951,IGKV3-20,immunoglobulin kappa variable 3-20 [Source:HGNC Symbol;Acc:HGNC:5817]
P01624,5534.356850488808,-3.584794463607118,0.5051478909660847,-7.096524656870831,1.2793313114303843e-12,6.120254390951345e-11,ENSG00000244437,IGKV3-15,immunoglobulin kappa variable 3-15 [Source:HGNC Symbol;Acc:HGNC:5816]
P01700,2792.463082626888,-3.118671497531234,0.45135595961781433,-6.909560915451231,4.861560816321677e-12,2.110568154392879e-10,ENSG00000211648,IGLV1-47,immunoglobulin lambda variable 1-47 [Source:HGNC Symbol;Acc:HGNC:5880]
P01704,8283.877972362508,-2.323522042460076,0.4561589512684908,-5.093667538472731,3.5120241071800974e-07,5.209941199233122e-06,ENSG00000211666,IGLV2-14,immunoglobulin lambda variable 2-14 [Source:HGNC Symbol;Acc:HGNC:5888]
P01705,4092.652932759556,-2.6058875375926855,0.44853058698536485,-5.8098324020825665,6.253541392005656e-09,1.3805365551480756e-07,ENSG00000211660,IGLV2-23,immunoglobulin lambda variable 2-23 [Source:HGNC Symbol;Acc:HGNC:5890]
P01706,4344.000125698969,-2.7100176353251584,0.5331223983251852,-5.083293524786679,3.70945781135008e-07,5.475795352845694e-06,ENSG00000211668,IGLV2-11,immunoglobulin lambda variable 2-11 [Source:HGNC Symbol;Acc:HGNC:5887]
P01709,1526.9235022112432,-2.4025071563575944,0.46525406371170647,-5.16386065968099,2.419078020928817e-07,3.7227331326823577e-06,ENSG00000278196,IGLV2-8,immunoglobulin lambda variable 2-8 [Source:HGNC Symbol;Acc:HGNC:5895]
P01714,3620.703403201399,-3.308002204020548,0.41664591150226493,-7.939600780176058,2.028330277352291e-15,1.6629292169787146e-13,ENSG00000211663,IGLV3-19,immunoglobulin lambda variable 3-19 [Source:HGNC Symbol;Acc:HGNC:5903]
P01715,5433.712262656035,-3.0446301539782232,0.49140360683787326,-6.195783082607135,5.799595398226414e-10,1.600804466989804e-08,ENSG00000211673,IGLV3-1,immunoglobulin lambda variable 3-1 [Source:HGNC Symbol;Acc:HGNC:5896]
P01717,4220.8524376237265,-3.3354966832452937,0.5193952581077378,-6.42188512732516,1.3459698017646996e-10,4.299330315666927e-09,ENSG00000211659,IGLV3-25,immunoglobulin lambda variable 3-25 [Source:HGNC Symbol;Acc:HGNC:5908]
P01718,468.6718251691331,-3.488551339875481,0.574748747729143,-6.06969802658796,1.2815098459724131e-09,3.2978317553180394e-08,ENSG00000211658,IGLV3-27,immunoglobulin lambda variable 3-27 [Source:HGNC Symbol;Acc:HGNC:5910]
P01721,2335.633395829207,-3.2953885329857213,0.49571350879849285,-6.647768266338076,2.9757030593503505e-11,1.0974273456674354e-09,ENSG00000211640,IGLV6-57,immunoglobulin lambda variable 6-57 [Source:HGNC Symbol;Acc:HGNC:5927]
P01764,12.967617180357498,-3.745523409179346,0.49213993815766655,-7.610687771451288,2.72641149097657e-14,1.8220690612726445e-12,ENSG00000211949,IGHV3-23,immunoglobulin heavy variable 3-23 [Source:HGNC Symbol;Acc:HGNC:5588]
P01772,3836.1830073294764,-3.6751046318838743,0.6182735845482387,-5.944139817277179,2.779123191823328e-09,6.654808129475752e-08,ENSG00000211955,IGHV3-33,immunoglobulin heavy variable 3-33 [Source:HGNC Symbol;Acc:HGNC:5596]
P01814,955.2782021198451,-3.4534511318820753,0.5968869362889757,-5.78577100941966,7.21804866926058e-09,1.5698899936082134e-07,ENSG00000274576,IGHV2-70,immunoglobulin heavy variable 2-70 [Source:HGNC Symbol;Acc:HGNC:5577]
P01833,13720.191394004427,-0.6555132377798069,0.2085904071412596,-3.142585734232191,0.0016746266302131213,0.008076146009779179,ENSG00000162896,PIGR,polymeric immunoglobulin receptor [Source:HGNC Symbol;Acc:HGNC:8968]
P01871,66.39929463659652,-1.4323365600232503,0.37140098295006324,-3.8565771922467835,0.00011498579805918534,0.000830624562855314,ENSG00000211899,IGHM,immunoglobulin heavy constant mu [Source:HGNC Symbol;Acc:HGNC:5541]
P02452,9997.240483821075,-3.6142246869312626,0.36815988842719455,-9.816997452849874,9.513491954430412e-23,2.622631894537604e-20,ENSG00000108821,COL1A1,collagen type I alpha 1 chain [Source:HGNC Symbol;Acc:HGNC:2197]
P02461,25532.577745699524,-3.5874208137046923,0.31541243049377254,-11.3737458225367,5.650931884840037e-30,6.559244830961167e-27,ENSG00000168542,COL3A1,collagen type III alpha 1 chain [Source:HGNC Symbol;Acc:HGNC:2201]
P02462,2913.797667489818,-1.6557960212103349,0.29018619378473565,-5.705977943384269,1.1567697858080584e-08,2.3976880503957633e-07,ENSG00000187498,COL4A1,collagen type IV alpha 1 chain [Source:HGNC Symbol;Acc:HGNC:2202]
P02533,59.031045584015395,-7.87719333422611,0.846293224936626,-9.307877107034608,1.3041277147982458e-20,2.5679671984071886e-18,ENSG00000186847,KRT14,keratin 14 [Source:HGNC Symbol;Acc:HGNC:6416]
P02538,458.0456954631397,-7.450626944658806,0.7571099683324274,-9.84087815019684,7.505284351234488e-23,2.123627406645015e-20,ENSG00000205420,KRT6A,keratin 6A [Source:HGNC Symbol;Acc:HGNC:6443]
P02649,1411.8151609753909,-1.1234320398523152,0.2511180233413563,-4.473721260242568,7.68699359774121e-06,7.966586316004919e-05,ENSG00000130203,APOE,apolipoprotein E [Source:HGNC Symbol;Acc:HGNC:613]
P02750,534.5587083049288,-0.7530684909314076,0.21599418599084885,-3.4865220444559246,0.0004893450517473328,0.0028664052513242178,ENSG00000171236,LRG1,leucine rich alpha-2-glycoprotein 1 [Source:HGNC Symbol;Acc:HGNC:29480]
P03956,553.3306384806035,-7.6690015357425425,0.5928139756467334,-12.936607183351246,2.797118714701717e-38,1.2337531226806336e-34,ENSG00000196611,MMP1,matrix metallopeptidase 1 [Source:HGNC Symbol;Acc:HGNC:7155]
P04114,23.517327544420375,-1.0281575124927262,0.2847714100648083,-3.610466065602366,0.00030564729058760724,0.0019242778608675678,ENSG00000084674,APOB,apolipoprotein B [Source:HGNC Symbol;Acc:HGNC:603]
P04216,705.6889005531009,-2.65616702854726,0.30952131361409985,-8.581531906584226,9.361791183055762e-18,1.1664686031136258e-15,ENSG00000154096,THY1,Thy-1 cell surface antigen [Source:HGNC Symbol;Acc:HGNC:11801]
P04259,33.989956064952935,-5.209461927677074,0.7505604654997411,-6.940762493010459,3.899892034622851e-12,1.7123223275983258e-10,ENSG00000185479,KRT6B,keratin 6B [Source:HGNC Symbol;Acc:HGNC:6444]
P04430,1782.667380103715,-2.990321458640911,0.5209700625906146,-5.739910358324652,9.472667918638636e-09,2.0126225267596962e-07,ENSG00000240864,IGKV1-16,immunoglobulin kappa variable 1-16 [Source:HGNC Symbol;Acc:HGNC:5732]
P04432,416.8471629584863,-3.334047730521259,0.4553439803807182,-7.322041959868723,2.4422575625911553e-13,1.3332066407273599e-11,ENSG00000251546,IGKV1D-39,immunoglobulin kappa variable 1D-39 [Source:HGNC Symbol;Acc:HGNC:5756]
P04433,9633.569220191594,-3.49209036280816,0.5305990173168601,-6.581411289577971,4.6600351909054046e-11,1.6549503397782255e-09,ENSG00000241351,IGKV3-11,immunoglobulin kappa variable 3-11 [Source:HGNC Symbol;Acc:HGNC:5815]
P05019,82.59069859658607,-1.8651009373679612,0.33000157464082985,-5.651794054006914,1.587817667642302e-08,3.180538677764153e-07,ENSG00000017427,IGF1,insulin like growth factor 1 [Source:HGNC Symbol;Acc:HGNC:5464]
P05026,156.3778248057546,-0.7688793085716751,0.1408688249729799,-5.45812253860394,4.811955326857835e-08,8.720038026172777e-07,ENSG00000143153,ATP1B1,ATPase Na+/K+ transporting subunit beta 1 [Source:HGNC Symbol;Acc:HGNC:804]
P05106,504.0215755964893,-1.3505441377030705,0.21207645755342328,-6.368194533628801,1.9126623649661156e-10,5.907822940751081e-09,ENSG00000259207,ITGB3,integrin subunit beta 3 [Source:HGNC Symbol;Acc:HGNC:6156]
P05120,67.9573934188065,-3.452071214625323,0.46813651887919777,-7.374069476336083,1.6549687136286727e-13,9.28719593139103e-12,ENSG00000197632,SERPINB2,serpin family B member 2 [Source:HGNC Symbol;Acc:HGNC:8584]
P05154,30.618873504997108,-3.165264780087266,0.3006414944536439,-10.528369631209772,6.393216519337277e-26,3.438926758962544e-23,ENSG00000188488,SERPINA5,serpin family A member 5 [Source:HGNC Symbol;Acc:HGNC:8723]
P05413,18.31495448996243,-0.7009735817676216,0.22766703053182388,-3.0789419975749968,0.002077371222715186,0.009652654823061444,ENSG00000121769,FABP3,fatty acid binding protein 3 [Source:HGNC Symbol;Acc:HGNC:3557]
P05546,478.31591054048596,-1.5759885166740681,0.5416302134803922,-2.9097130799759587,0.0036176069470163466,0.015211192299237083,ENSG00000099937,SERPIND1,serpin family D member 1 [Source:HGNC Symbol;Acc:HGNC:4838]
P05997,281.69961527128334,-2.7984829991016484,0.3062946760055133,-9.136570819961872,6.446401341966577e-20,1.1749498776506686e-17,ENSG00000204262,COL5A2,collagen type V alpha 2 chain [Source:HGNC Symbol;Acc:HGNC:2210]
P06126,72.3892660787137,-1.8222459159201734,0.28470112435409495,-6.400557497109736,1.548106378626868e-10,4.856605700460448e-09,ENSG00000158477,CD1A,CD1a molecule [Source:HGNC Symbol;Acc:HGNC:1634]
P06310,1603.5315351914799,-2.8513428506016045,0.4320288814518467,-6.599889435677487,4.114645284541095e-11,1.473123167293333e-09,ENSG00000243238,IGKV2-30,immunoglobulin kappa variable 2-30 [Source:HGNC Symbol;Acc:HGNC:5785]
P06312,10427.668692885676,-2.7285409234647795,0.48986497320974143,-5.56998575665977,2.54760161034583e-08,4.91125925826634e-07,ENSG00000211598,IGKV4-1,immunoglobulin kappa variable 4-1 [Source:HGNC Symbol;Acc:HGNC:5834]
P06315,177.62240798160283,-3.0674333708735078,0.6012810628153265,-5.101496721867689,3.369778593276775e-07,5.024820628541311e-06,ENSG00000211599,IGKV5-2,immunoglobulin kappa variable 5-2 [Source:HGNC Symbol;Acc:HGNC:5835]
P06731,199.37355812314203,-1.0381132035466156,0.42698354158673374,-2.4312721743063777,0.015045907356406693,0.04877288997637185,ENSG00000105388,CEACAM5,CEA cell adhesion molecule 5 [Source:HGNC Symbol;Acc:HGNC:1817]
P07476,63.30367229522231,-3.507955691095132,0.4579779254353204,-7.6596610803036524,1.8642439409871265e-14,1.2813729745655685e-12,ENSG00000163207,IVL,involucrin [Source:HGNC Symbol;Acc:HGNC:6187]
P07814,759.3650590246237,-0.6036286374959398,0.10097294468916988,-5.978122549105805,2.257239055387773e-09,5.464451166577601e-08,ENSG00000136628,EPRS1,glutamyl-prolyl-tRNA synthetase 1 [Source:HGNC Symbol;Acc:HGNC:3418]
P07900,14361.214768239804,-0.5381819973715247,0.11704344101417595,-4.598138885085768,4.26281800387182e-06,4.756702568388086e-05,ENSG00000080824,HSP90AA1,heat shock protein 90 alpha family class A member 1 [Source:HGNC Symbol;Acc:HGNC:5253]
P07996,19231.197484271106,-0.9317322062661154,0.35744753122092093,-2.6066264972753643,0.009143904192879073,0.032562516239262894,ENSG00000137801,THBS1,thrombospondin 1 [Source:HGNC Symbol;Acc:HGNC:11785]
P08123,13268.303269841133,-2.682378874333352,0.27964769414967855,-9.591993534899796,8.639923772163391e-22,1.984842488242619e-19,ENSG00000164692,COL1A2,collagen type I alpha 2 chain [Source:HGNC Symbol;Acc:HGNC:2198]
P08138,183.74243366995523,-2.8237942339114257,0.25427818876586616,-11.10513743871093,1.184349990096206e-28,9.36111562707857e-26,ENSG00000064300,NGFR,nerve growth factor receptor [Source:HGNC Symbol;Acc:HGNC:7809]
P08151,90.55862254944546,-0.9372096641065903,0.2108522199226186,-4.444865055015974,8.794705303507678e-06,8.967102670529741e-05,ENSG00000111087,GLI1,GLI family zinc finger 1 [Source:HGNC Symbol;Acc:HGNC:4317]
P08238,17411.398490075015,-0.5860055489853139,0.1186957612830943,-4.9370385483915165,7.931779759989098e-07,1.0778032706518765e-05,ENSG00000096384,HSP90AB1,heat shock protein 90 alpha family class B member 1 [Source:HGNC Symbol;Acc:HGNC:5258]
P08253,2635.6920250102917,-1.9658798061937242,0.22824409957559327,-8.613058606330522,7.11367045841863e-18,9.228522840586144e-16,ENSG00000087245,MMP2,matrix metallopeptidase 2 [Source:HGNC Symbol;Acc:HGNC:7166]
P08254,10.274021820085531,-3.3352566714395744,0.4896251930006058,-6.811856740867187,9.63470286438718e-12,3.971658634975605e-10,ENSG00000149968,MMP3,matrix metallopeptidase 3 [Source:HGNC Symbol;Acc:HGNC:7173]
P08294,1349.2859306825926,-0.8191757664166307,0.15774421460758536,-5.193063773872563,2.0686128444496005e-07,3.2493723412743227e-06,ENSG00000109610,SOD3,superoxide dismutase 3 [Source:HGNC Symbol;Acc:HGNC:11181]
P08493,315.9992013154733,-0.6418808574437734,0.18000159755723388,-3.5659731144312703,0.0003625085368247232,0.0022176874538508864,ENSG00000111341,MGP,matrix Gla protein [Source:HGNC Symbol;Acc:HGNC:7060]
P08572,288.2602316803991,-1.1671357685520674,0.2559972590963301,-4.559172909397759,5.1355475767016245e-06,5.5902944845299915e-05,ENSG00000134871,COL4A2,collagen type IV alpha 2 chain [Source:HGNC Symbol;Acc:HGNC:2203]
P08582,41.876161509707174,-0.8792093572763094,0.18319215752375742,-4.799383167711688,1.5915504597277113e-06,2.0057173622191397e-05,ENSG00000163975,MELTF,melanotransferrin [Source:HGNC Symbol;Acc:HGNC:7037]
P08913,283.9371286303627,-1.496269437648447,0.19558914015699452,-7.650063988457789,2.0087932786506218e-14,1.3727336455239797e-12,ENSG00000150594,ADRA2A,adrenoceptor alpha 2A [Source:HGNC Symbol;Acc:HGNC:281]
P09017,41.63670915026307,-0.9253212644362449,0.23594801705786303,-3.9217166390057963,8.792035028276692e-05,0.0006618406857449012,ENSG00000198353,HOXC4,homeobox C4 [Source:HGNC Symbol;Acc:HGNC:5126]
P09210,418.8384196307103,-1.8208306659057887,0.6784849997828024,-2.6836712182121576,0.0072818678069741846,0.027070513215383004,ENSG00000244067,GSTA2,glutathione S-transferase alpha 2 [Source:HGNC Symbol;Acc:HGNC:4627]
P09228,47.11090715293026,-4.410969202857747,0.48823617634420474,-9.034498909699861,1.6475551579470255e-19,2.785815347163042e-17,ENSG00000170369,CST2,cystatin SA [Source:HGNC Symbol;Acc:HGNC:2474]
P09237,1361.869392418721,-3.814430245349708,0.3527525785276339,-10.813330582219665,2.9766265980781382e-27,1.930780088059272e-24,ENSG00000137673,MMP7,matrix metallopeptidase 7 [Source:HGNC Symbol;Acc:HGNC:7174]
P09238,191.38447210979342,-6.193918281883186,0.47544526376065466,-13.027615908697506,8.52292853928052e-39,4.6991166501323144e-35,ENSG00000166670,MMP10,matrix metallopeptidase 10 [Source:HGNC Symbol;Acc:HGNC:7156]
P09529,566.2605723825812,-1.8327811725750043,0.2457941801287247,-7.456568628334324,8.880484968855097e-14,5.336518133600281e-12,ENSG00000163083,INHBB,inhibin subunit beta B [Source:HGNC Symbol;Acc:HGNC:6067]
P09619,1836.410288878993,-0.6662956269818526,0.15916673881958662,-4.186148638360241,2.837275868021841e-05,0.0002474230209306196,ENSG00000113721,PDGFRB,platelet derived growth factor receptor beta [Source:HGNC Symbol;Acc:HGNC:8804]
P09630,15.275905048969703,-1.2165281166127935,0.41539260017586394,-2.9286225033805473,0.0034046763930693775,0.014509884841768222,ENSG00000197757,HOXC6,homeobox C6 [Source:HGNC Symbol;Acc:HGNC:5128]
P0C0S8,14.769838710657018,-1.1973154837582858,0.2561690045644914,-4.673928002311684,2.954929570882058e-06,3.457189217837289e-05,ENSG00000278677,H2AC17,H2A clustered histone 17 [Source:HGNC Symbol;Acc:HGNC:4735]
P0C7U0,45.05732247869955,-0.7570879269911228,0.25679110881771905,-2.948263787156802,0.0031956425336998715,0.013764980554339251,ENSG00000225968,ELFN1,extracellular leucine rich repeat and fibronectin type III domain containing 1 [Source:HGNC Symbol;Acc:HGNC:33154]
P0CG21,175.88285859556586,-1.299981001338023,0.356994131774143,-3.6414632220354615,0.0002710928575583473,0.001736979047237592,ENSG00000257108,NHLRC4,NHL repeat containing 4 [Source:HGNC Symbol;Acc:HGNC:26700]
P0CW24,16.092705331595763,-0.8168685363488148,0.21920906479506094,-3.726435935085564,0.00019420640450762492,0.0013065979392956558,ENSG00000235961,PNMA6A,PNMA family member 6A [Source:HGNC Symbol;Acc:HGNC:28248]
P0DJI9,176.43818092562583,-4.204410365326139,0.47676678588873844,-8.81858906653642,1.1591098552675928e-18,1.692914486627251e-16,ENSG00000134339,SAA2,serum amyloid A2 [Source:HGNC Symbol;Acc:HGNC:10514]
P0DKB5,15.881733421539906,-1.6164231434302712,0.23959340491895872,-6.74652603220451,1.514269091289517e-11,6.006419161744426e-10,ENSG00000261594,TPBGL,trophoblast glycoprotein like [Source:HGNC Symbol;Acc:HGNC:44159]
P0DMB2,34.36051165736712,-0.9235754304952151,0.2374594832705145,-3.8894021741093208,0.00010049146617014724,0.0007414649698616351,ENSG00000253250,C8orf88,chromosome 8 open reading frame 88 [Source:HGNC Symbol;Acc:HGNC:44672]
P0DMS8,39.551946781361174,-0.9990465868889229,0.2588946870135113,-3.8588918081458514,0.00011390234518862998,0.0008236073182918182,ENSG00000282608,ADORA3,adenosine A3 receptor [Source:HGNC Symbol;Acc:HGNC:268]
P0DN25,14.3416474818986,-0.8735416997740428,0.21744807784001421,-4.017242683638457,5.8883075869463e-05,0.00046898062666129905,ENSG00000223658,C1GALT1C1L,C1GALT1 specific chaperone 1 like [Source:HGNC Symbol;Acc:HGNC:51617]
P0DOY2,29547.843994445866,-3.1439605763731717,0.40087240452479533,-7.842796213673289,4.406227509652571e-15,3.3977252271985243e-13,ENSG00000211677,IGLC2,immunoglobulin lambda constant 2 [Source:HGNC Symbol;Acc:HGNC:5856]
P0DOY3,14843.541264712056,-2.855845375846973,0.42493295934395775,-6.720696319381847,1.80858176758333e-11,7.01113634656626e-10,ENSG00000211679,IGLC3,immunoglobulin lambda constant 3 (Kern-Oz+ marker) [Source:HGNC Symbol;Acc:HGNC:5857]
P0DP02,3743.262160768622,-2.74469859896516,0.6800989179129084,-4.035734400795854,5.443176523522242e-05,0.0004379562752636247,ENSG00000211955,IGHV3-33,immunoglobulin heavy variable 3-33 [Source:HGNC Symbol;Acc:HGNC:5596]
P0DP09,905.5069684603656,-3.7741803999544374,0.7777000129858065,-4.853002876345996,1.216059263670836e-06,1.5729601760115317e-05,ENSG00000276566,IGKV1D-13,immunoglobulin kappa variable 1D-13 [Source:HGNC Symbol;Acc:HGNC:5747]
P0DPD7,31.067996923999925,-1.2612442737652896,0.21084962497477644,-5.981724055312737,2.2078808476624996e-09,5.3626216095097755e-08,ENSG00000284753,EEF1AKMT4,EEF1A lysine methyltransferase 4 [Source:HGNC Symbol;Acc:HGNC:53611]
P10600,145.46045244520687,-1.5142803795681778,0.21592241270346724,-7.013076412997408,2.331340366440564e-12,1.0667091377900455e-10,ENSG00000177410,ZFAS1,ZNFX1 antisense RNA 1 [Source:HGNC Symbol;Acc:HGNC:33101]
P10643,193.78904909565216,-1.200280335536206,0.2367672258924868,-5.069453050403348,3.989605335959039e-07,5.842414082286896e-06,ENSG00000228340,MIR646HG,MIR646 host gene [Source:HGNC Symbol;Acc:HGNC:27659]
P10747,230.33539709913944,-0.9894177123343033,0.2470163880990613,-4.005473968542994,6.189325006961748e-05,0.0004887195621322391,ENSG00000235888,CD28,long intergenic non-protein coding RNA 2940 [Source:HGNC Symbol;Acc:HGNC:55955]
P11047,4533.294190845774,-0.6679019131099263,0.15095788425218243,-4.4244255039648275,9.669926391751388e-06,9.742734169985212e-05,ENSG00000234300,LAMC1,long intergenic non-protein coding RNA 229 [Source:HGNC Symbol;Acc:HGNC:13240]
P11217,36.7647238316298,-0.7391614316845746,0.18070306813969134,-4.0904752713615835,4.3049011131177205e-05,0.00035544848052676233,ENSG00000182057,OGFRP1,opioid growth factor receptor pseudogene 1 [Source:HGNC Symbol;Acc:HGNC:50511]
P11388,260.38678412370234,-1.2946680352099573,0.2632216557870606,-4.918546809299421,8.718906876169227e-07,1.168206392752346e-05,ENSG00000243715,CACNA2D3-AS1,CACNA2D3 antisense RNA 1 [Source:HGNC Symbol;Acc:HGNC:40702]
P11473,340.85898674048707,-0.6471240528367882,0.15926659575798327,-4.063149901314764,4.84149157606484e-05,0.0003957533551465307,ENSG00000241219,LOLI1,lncRNA oncogene in liver cancer 1 [Source:HGNC Symbol;Acc:HGNC:56775]
P11511,19.821853960576192,-3.6325345395238506,0.4606895166188068,-7.8849950096206705,3.1454808672975265e-15,2.5134215596876687e-13,ENSG00000243832,CYP19A1,long intergenic non-protein coding RNA 2000 [Source:HGNC Symbol;Acc:HGNC:52835]
P11836,25.472736927167404,-1.9237560116799657,0.4306714413191557,-4.466876201002464,7.937002870697856e-06,8.194881147489255e-05,ENSG00000241158,ADAMTS9-AS1,ADAMTS9 antisense RNA 1 [Source:HGNC Symbol;Acc:HGNC:40625]
P11912,137.50895871479932,-2.411885907271615,0.374644134360235,-6.437805069043179,1.2121352845732333e-10,3.9197113733105695e-09,ENSG00000240057,NEPRO-AS1,NEPRO antisense RNA 1 [Source:HGNC Symbol;Acc:HGNC:41049]
P12109,2532.1858568928387,-1.375843501711791,0.20093606447767542,-6.847170542969657,7.532490243733648e-12,3.170258393803471e-10,ENSG00000241696,COL6A1,long intergenic non-protein coding RNA 2053 [Source:HGNC Symbol;Acc:HGNC:52893]
P12110,6181.295118023481,-1.1278705513039549,0.1761603728118878,-6.402521369027456,1.5283172953055813e-10,4.805182530325477e-09,ENSG00000243187,CCDC39-AS1,CCDC39 antisense RNA 1 [Source:HGNC Symbol;Acc:HGNC:41089]
P12111,5483.893513292746,-2.6552640369186555,0.34049093835159666,-7.798339802443686,6.272691611158267e-15,4.611264693082814e-13,ENSG00000242808,SOX2-OT,SOX2 overlapping transcript [Source:HGNC Symbol;Acc:HGNC:20209]
P12532,18.95097900576817,-2.3685691264124804,0.34579941607838993,-6.849546344738607,7.408454616848309e-12,3.1240164076476595e-10,ENSG00000248174,CKMT1A,long intergenic non-protein coding RNA 2268 [Source:HGNC Symbol;Acc:HGNC:53183]
P13521,117.58231102196768,-2.097085740478671,0.28224113996853767,-7.430120714196521,1.0849861621918768e-13,6.347025151453488e-12,ENSG00000204758,RPL26L1-AS1,RPL26L1 antisense RNA 1 [Source:HGNC Symbol;Acc:HGNC:55914]
P13611,1168.8650719812047,-1.8857679121252904,0.20820809875654056,-9.057130454518651,1.3392738207250049e-19,2.3075269408022856e-17,ENSG00000250981,MARCHF11-AS1,MARCHF11 antisense RNA 1 [Source:HGNC Symbol;Acc:HGNC:41287]
P13647,395.20616263034725,-4.55205275440165,0.5517803899674528,-8.249754498651459,1.5872025027312625e-16,1.6511398110960028e-14,ENSG00000248461,KRT5,long intergenic non-protein coding RNA 2119 [Source:HGNC Symbol;Acc:HGNC:52975]
P14091,403.212951580084,-1.5930308450645716,0.264804015735648,-6.015886279666103,1.789051383282e-09,4.4332291243709246e-08,ENSG00000216863,LY86-AS1,LY86 antisense RNA 1 [Source:HGNC Symbol;Acc:HGNC:26593]
P14210,1393.752404489079,-0.968144338809117,0.16764253386141004,-5.775051930493255,7.692935490540765e-09,1.6649656458134057e-07,ENSG00000226803,ZNF451-AS1,ZNF451 regulatory antisense RNA 1 [Source:HGNC Symbol;Acc:HGNC:53824]
P14415,127.24087796784188,-0.752000430166156,0.19553171771417943,-3.8459255560031482,0.0001200982251479779,0.0008610002299191279,ENSG00000129244,ATP1B2,ATPase Na+/K+ transporting subunit beta 2 [Source:HGNC Symbol;Acc:HGNC:805]
P14543,3571.0823500316833,-0.9614261193133499,0.19657967907028748,-4.8907706221739735,1.0044195886491154e-06,1.324056760793042e-05,ENSG00000204110,NID1,long intergenic non-protein coding RNA 2520 [Source:HGNC Symbol;Acc:HGNC:53511]
P14635,11.34334323634754,-0.7266395052361277,0.21382983919827536,-3.3982137757787196,0.0006782739627030781,0.0037831699477626924,ENSG00000203808,BVES-AS1,BVES antisense RNA 1 [Source:HGNC Symbol;Acc:HGNC:21223]
P15088,2106.451816909884,-1.1963323590432302,0.20973716829066263,-5.703959716788501,1.1705575186473313e-08,2.417179355453955e-07,ENSG00000230442,ASB15-AS1,ASB15 antisense RNA 1 [Source:HGNC Symbol;Acc:HGNC:40904]
P15382,43.92449506817589,-1.4843700495678698,0.40079502731839645,-3.703564037456653,0.0002125914843837456,0.0014109216360514972,ENSG00000234456,MAGI2-AS3,MAGI2 antisense RNA 3 [Source:HGNC Symbol;Acc:HGNC:40862]
P16402,13.963661552184975,-1.5826766517667676,0.374823463139903,-4.222458857054082,2.416515199346487e-05,0.00021602685936922346,ENSG00000254101,H1-3,long intergenic non-protein coding RNA 2055 [Source:HGNC Symbol;Acc:HGNC:52895]
P16519,91.43313460417036,-1.3493286758163632,0.37383908049659653,-3.6093836792663727,0.0003069253641250529,0.0019301203251821833,ENSG00000233086,LNCARSR,lncRNA regulator of Akt signaling associated with HCC and RCC [Source:HGNC Symbol;Acc:HGNC:53864]
P17098,446.050235826478,-0.5586255074089833,0.06844379614627565,-8.161813617338066,3.300311898268406e-16,3.178387711983032e-14,ENSG00000278129,ZNF8,zinc finger protein 8 [Source:HGNC Symbol;Acc:HGNC:13154]
P17174,246.08576697023267,-0.5625419947250905,0.10976378886368887,-5.125023475854029,2.975006759701108e-07,4.487742755023819e-06,ENSG00000224294,PINCR,p53-induced noncoding RNA [Source:HGNC Symbol;Acc:HGNC:53590]
P17301,1776.1635804636305,-1.058762806229098,0.23683886708128907,-4.470392969181464,7.807600864008944e-06,8.07639913015259e-05,ENSG00000164171,ITGA2,integrin subunit alpha 2 [Source:HGNC Symbol;Acc:HGNC:6137]
P18075,66.84934168463421,-0.7419950917466605,0.19645202051650812,-3.776978672939175,0.00015874231859136094,0.0011009129227087654,ENSG00000101144,BMP7,bone morphogenetic protein 7 [Source:HGNC Symbol;Acc:HGNC:1074]
P18428,16.260067919738944,-4.844608333129151,0.5310398969007523,-9.122870732318209,7.316021013476439e-20,1.3225207166492574e-17,ENSG00000129988,LBP,lipopolysaccharide binding protein [Source:HGNC Symbol;Acc:HGNC:6517]
P18509,64.8829341749181,-1.7161538969065748,0.5175650963093982,-3.315822317122918,0.0009137390442310076,0.004868712462302644,ENSG00000141433,ADCYAP1,adenylate cyclase activating polypeptide 1 [Source:HGNC Symbol;Acc:HGNC:241]
P19419,637.132483897691,-0.8666760640611109,0.1277784683241251,-6.782645585191123,1.1799485631632937e-11,4.810089761922973e-10,ENSG00000257185,ELK1,long intergenic non-protein coding RNA 2293 [Source:HGNC Symbol;Acc:HGNC:53209]
P20132,123.50430294062976,-2.3725978951634836,0.33786453445235903,-7.022334850886915,2.1819083944999624e-12,1.0066905383326815e-10,ENSG00000135094,SDS,serine dehydratase [Source:HGNC Symbol;Acc:HGNC:10691]
P20248,149.64094675233423,-0.5111020780207451,0.16380075951245698,-3.1202668384567294,0.0018068727929545227,0.008586247053613239,ENSG00000145386,CCNA2,cyclin A2 [Source:HGNC Symbol;Acc:HGNC:1578]
P20337,38.1733959816554,-2.2524925242268465,0.35250381529213237,-6.389980552012257,1.6590685391471885e-10,5.189942916645688e-09,ENSG00000169213,RAB3B,"RAB3B, member RAS oncogene family [Source:HGNC Symbol;Acc:HGNC:9778]"
P20393,328.1042712552665,-0.9990758000517551,0.38787913636026833,-2.575739982889406,0.010002583404739878,0.035004280293261386,ENSG00000260302,NR1D1,long intergenic non-protein coding RNA 1882 [Source:HGNC Symbol;Acc:HGNC:52701]
P20800,13.370687856765153,-1.6381015916167248,0.4988004887339877,-3.2840817693952404,0.001023152321036488,0.005345795140520897,ENSG00000127129,EDN2,endothelin 2 [Source:HGNC Symbol;Acc:HGNC:3177]
P20809,43.7872221380684,-3.309828580259681,0.4743344618810945,-6.97783704589734,2.9975904687344165e-12,1.3464126313130107e-10,ENSG00000095752,IL11,interleukin 11 [Source:HGNC Symbol;Acc:HGNC:5966]
P20929,16.550988307112902,-0.8480210993021847,0.30792243249118834,-2.754008834112637,0.005887017909926337,0.022717811546021947,ENSG00000183091,NEB,nebulin [Source:HGNC Symbol;Acc:HGNC:7720]
P20930,28.952433707444335,-1.0744729033948694,0.33304931991069503,-3.2261675348353274,0.001254598954807602,0.006350453373726613,ENSG00000163166,IWS1,"interacts with SUPT6H, CTD assembly factor 1 [Source:HGNC Symbol;Acc:HGNC:25467]"
P21217,135.35480240240165,-1.6971774889531228,0.15122803995352932,-11.222637610555863,3.157112571639431e-29,2.901123360622334e-26,ENSG00000171124,FUT3,fucosyltransferase 3 (Lewis blood group) [Source:HGNC Symbol;Acc:HGNC:4014]
P21781,1307.472813284175,-1.6289783825011541,0.2233252154659418,-7.294198190305032,3.00442902232538e-13,1.62800190806791e-11,ENSG00000140285,FGF7,fibroblast growth factor 7 [Source:HGNC Symbol;Acc:HGNC:3685]
P22223,106.3777402732706,-2.5996784220980604,0.23410349919264606,-11.104825135308037,1.188497495049424e-28,9.36111562707857e-26,ENSG00000062038,CDH3,cadherin 3 [Source:HGNC Symbol;Acc:HGNC:1762]
P22234,47.46284756334245,-0.5565091220569444,0.11319512606410996,-4.916370001140828,8.816369596382519e-07,1.1791159192154038e-05,ENSG00000128050,PAICS,phosphoribosylaminoimidazole carboxylase and phosphoribosylaminoimidazolesuccinocarboxamide synthase [Source:HGNC Symbol;Acc:HGNC:8587]
P22460,145.58299379740046,-0.7658167015915013,0.289948230612161,-2.6412187443760224,0.00826083643351989,0.02995962616425714,ENSG00000130037,KCNA5,potassium voltage-gated channel subfamily A member 5 [Source:HGNC Symbol;Acc:HGNC:6224]
P22528,30.675011060968252,-6.917177208756903,0.8533261496766006,-8.106135281777574,5.225526190529349e-16,4.9460838886667066e-14,ENSG00000169469,SPRR1B,small proline rich protein 1B [Source:HGNC Symbol;Acc:HGNC:11260]
P22674,138.07626820868566,-2.1794711170125236,0.5404436478586049,-4.032744441808545,5.512922212965074e-05,0.0004424380876445842,ENSG00000152669,CCNO,cyclin O [Source:HGNC Symbol;Acc:HGNC:18576]
P22692,21011.778013268395,-1.5415924042075912,0.1639602196823232,-9.402234317534235,5.341649841784612e-21,1.1009789309412883e-18,ENSG00000271874,RAI14-DT,RAI14 divergent transcript [Source:HGNC Symbol;Acc:HGNC:55983]
P22732,77.34828614408332,-2.3413701599589305,0.2921442411993763,-8.01443201600213,1.1064714184975925e-15,9.760848265418361e-14,ENSG00000142583,SLC2A5,solute carrier family 2 member 5 [Source:HGNC Symbol;Acc:HGNC:11010]
P22894,10.62488811586573,-3.6086822805772165,0.566298522203164,-6.372402785968377,1.860893768680892e-10,5.76406617619219e-09,ENSG00000118113,MMP8,matrix metallopeptidase 8 [Source:HGNC Symbol;Acc:HGNC:7175]
P23142,4520.1421856669,-0.7344386425174024,0.15752138446387828,-4.662469448304137,3.124374810941018e-06,3.626576951604906e-05,ENSG00000077942,FBLN1,fibulin 1 [Source:HGNC Symbol;Acc:HGNC:3600]
P23219,400.4836219292293,-0.535967768086164,0.12593440013562665,-4.255928225401056,2.081834897475443e-05,0.00019003636932501416,ENSG00000283215,PTGS1,long intergenic non-protein coding RNA 2537 [Source:HGNC Symbol;Acc:HGNC:27784]
P23510,113.43017434622332,-0.7750692815027941,0.17694956711105067,-4.380170543262043,1.1858646083808433e-05,0.00011680686946507868,ENSG00000117586,TNFSF4,TNF superfamily member 4 [Source:HGNC Symbol;Acc:HGNC:11934]
P24593,11852.643371044931,-2.07024080245865,0.22562206365317297,-9.175701919121842,4.4864195667478566e-20,8.60378235870063e-18,ENSG00000115461,IGFBP5,insulin like growth factor binding protein 5 [Source:HGNC Symbol;Acc:HGNC:5474]
P25063,3027.1771817984295,-1.5499895787824003,0.24517320019693978,-6.322018791357878,2.581679752133892e-10,7.74644425218515e-09,ENSG00000272398,CD24,CD24 molecule [Source:HGNC Symbol;Acc:HGNC:1645]
P25067,412.86128388049417,-0.6697528403026312,0.17637419165177828,-3.7973403820041174,0.0001462568945088333,0.001025285934996125,ENSG00000277512,SNORD65,"small nucleolar RNA, C/D box 65 [Source:HGNC Symbol;Acc:HGNC:32726]"
P25103,137.31476309008545,-2.0001901788872494,0.2658691204741186,-7.523213584640271,5.3446006253240653e-14,3.348574494059572e-12,ENSG00000161551,ZNF577,zinc finger protein 577 [Source:HGNC Symbol;Acc:HGNC:28673]
P25791,10.84904042516456,-1.3634763850983256,0.4700704223597928,-2.9005789776211834,0.0037247396183926976,0.015546065015903209,ENSG00000135363,LMO2,LIM domain only 2 [Source:HGNC Symbol;Acc:HGNC:6642]
P25815,25.655490643776385,-1.7364266238839425,0.3812851570580679,-4.554141675175393,5.2599899242034166e-06,5.708849300609358e-05,ENSG00000163993,S100P,S100 calcium binding protein P [Source:HGNC Symbol;Acc:HGNC:10504]
P26022,547.7227373519198,-1.9548391598252872,0.43402096384220534,-4.504020134234801,6.667988487178725e-06,7.022722927232072e-05,ENSG00000163661,PTX3,pentraxin 3 [Source:HGNC Symbol;Acc:HGNC:9692]
P26441,20.88710404736869,-1.0161685330032495,0.23285947086180472,-4.363870317331073,1.2778134441961706e-05,0.00012493594502065657,ENSG00000242689,CNTF,ciliary neurotrophic factor [Source:HGNC Symbol;Acc:HGNC:2169]
P26842,37.88024283556393,-1.6737636379298078,0.3642715998426201,-4.594823309456298,4.331161092335781e-06,4.824213471230975e-05,ENSG00000139193,CD27,CD27 molecule [Source:HGNC Symbol;Acc:HGNC:11922]
P27144,232.1439189108964,-1.6176059625407444,0.2409783576061804,-6.712660749328875,1.911070824202519e-11,7.368313978489922e-10,ENSG00000162433,AK4,adenylate kinase 4 [Source:HGNC Symbol;Acc:HGNC:363]
P27658,4503.523159387737,-0.9918848313467613,0.1758297709787934,-5.641165462624593,1.6890294918015068e-08,3.358868928060453e-07,ENSG00000144810,COL8A1,collagen type VIII alpha 1 chain [Source:HGNC Symbol;Acc:HGNC:2215]
P28300,380.5490100439633,-1.1711498956356743,0.16137556274865578,-7.2572939526150755,3.949108871050051e-13,2.108805013126824e-11,ENSG00000113083,LOX,lysyl oxidase [Source:HGNC Symbol;Acc:HGNC:6664]
P28325,44.47682653743241,-0.9255568702152099,0.22260426233501276,-4.157857807871956,3.212458689670685e-05,0.00027577876193848693,ENSG00000170367,CST5,cystatin D [Source:HGNC Symbol;Acc:HGNC:2477]
P28907,1049.0782586986018,-0.7323022894719506,0.241291272958973,-3.0349306897496646,0.0024059096985610496,0.010890790741392733,ENSG00000004468,CD38,CD38 molecule [Source:HGNC Symbol;Acc:HGNC:1667]
P29120,52.33651585870738,-3.7269615998717542,0.35603143351958616,-10.468068965227266,1.2108785176338476e-25,6.069253369976562e-23,ENSG00000259361,PCSK1,long intergenic non-protein coding RNA 927 [Source:HGNC Symbol;Acc:HGNC:27522]
P29275,14.385115864442652,-0.9334023576524318,0.23297037573443902,-4.006528103454705,6.16177967450352e-05,0.000486893188611611,ENSG00000231890,DARS1-AS1,DARS1 antisense RNA 1 [Source:HGNC Symbol;Acc:HGNC:40170]
P29320,336.1417032129139,-1.5093146306959868,0.22646969359312855,-6.664532488870652,2.6550916638919372e-11,9.941492624019149e-10,ENSG00000215498,FAM230B,family with sequence similarity 230 member B [Source:HGNC Symbol;Acc:HGNC:32943]
P29323,148.6405568004388,-1.938278502039433,0.17110324548188707,-11.32812236600514,9.522415803903994e-30,1.0000350387585651e-26,ENSG00000235513,L3MBTL2-AS1,L3MBTL2 antisense RNA 1 [Source:HGNC Symbol;Acc:HGNC:40847]
P29353,45.06288865675207,-1.7603739026437295,0.19855211447249088,-8.866054674464959,7.578327389772819e-19,1.1526374638210328e-16,ENSG00000228791,THRB-AS1,THRB antisense RNA 1 [Source:HGNC Symbol;Acc:HGNC:44515]
P29373,87.52920501179082,-2.5210451013831703,0.2870335694700062,-8.783101941832657,1.5902692175181406e-18,2.248192136099043e-16,ENSG00000231160,KLF3-AS1,KLF3 antisense RNA 1 [Source:HGNC Symbol;Acc:HGNC:25796]
P29536,283.53628413316454,-1.3202893258450852,0.2526250119162052,-5.226281102692319,1.7295335505572407e-07,2.7560067141610828e-06,ENSG00000163431,LMOD1,leiomodin 1 [Source:HGNC Symbol;Acc:HGNC:6647]
P29558,15.669802042820915,-0.6552598927276756,0.2620961318971604,-2.5000746404940544,0.012416714253656277,0.04178184561338656,ENSG00000223745,CCDC18-AS1,CCDC18 antisense RNA 1 [Source:HGNC Symbol;Acc:HGNC:52262]
P29973,15.497450225846128,-1.4301782934033604,0.31043671162229053,-4.606988284115905,4.085430107704883e-06,4.578255873746113e-05,ENSG00000234183,H2AZ2-DT,H2AZ2 divergent transcript [Source:HGNC Symbol;Acc:HGNC:52775]
P30038,408.08695452320046,-0.8852113726707419,0.12840752652924117,-6.89376547152133,5.433457648821262e-12,2.331312742939769e-10,ENSG00000242125,SNHG3,small nucleolar RNA host gene 3 [Source:HGNC Symbol;Acc:HGNC:10118]
P30304,29.954249007756925,-0.9579088208370593,0.22024381819041558,-4.3493108170186305,1.3656603814023376e-05,0.00013215565621521347,ENSG00000249637,ANKHD1-DT,ANKHD1 divergent transcript [Source:HGNC Symbol;Acc:HGNC:55564]
P30405,495.2475215393039,-0.8077647771726238,0.19693918419552803,-4.101595020169511,4.1031194699318903e-05,0.00034185945141623693,ENSG00000108179,PPIF,peptidylprolyl isomerase F [Source:HGNC Symbol;Acc:HGNC:9259]
P30411,508.23095356512994,-1.6546171168970611,0.2620832063538916,-6.31332751119821,2.7309868536991745e-10,8.150092567182895e-09,ENSG00000168398,BDKRB2,bradykinin receptor B2 [Source:HGNC Symbol;Acc:HGNC:1030]
P30559,167.68180796553645,-1.4814878354809105,0.4624430885716783,-3.2036111514969283,0.001357156409869605,0.006785474373898044,ENSG00000180914,OXTR,oxytocin receptor [Source:HGNC Symbol;Acc:HGNC:8529]
P30679,435.58781234881144,-0.5462211671890692,0.20561756986235696,-2.6564907247698564,0.007895862296667768,0.028883415495987233,ENSG00000060558,GNA15,G protein subunit alpha 15 [Source:HGNC Symbol;Acc:HGNC:4383]
P30825,818.3400076541635,-1.168356255028329,0.18411516380403137,-6.345790487262119,2.2128622010729164e-10,6.740671682660511e-09,ENSG00000139514,SLC7A1,solute carrier family 7 member 1 [Source:HGNC Symbol;Acc:HGNC:11057]
P30837,620.1935589416737,-1.450178499219917,0.169736495470295,-8.543704730098588,1.299859148655294e-17,1.5709936241937118e-15,ENSG00000137124,ALDH1B1,aldehyde dehydrogenase 1 family member B1 [Source:HGNC Symbol;Acc:HGNC:407]
P30874,112.49353608791553,-1.9061490760812425,0.3236020929265191,-5.890410222143017,3.852381144263521e-09,8.933797450640136e-08,ENSG00000180616,SSTR2,somatostatin receptor 2 [Source:HGNC Symbol;Acc:HGNC:11331]
P31213,297.5269078247132,-1.909576232321695,0.5387446275871345,-3.5444923894166296,0.00039336986103117097,0.0023813831773761857,ENSG00000277893,SRD5A2,steroid 5 alpha-reductase 2 [Source:HGNC Symbol;Acc:HGNC:11285]
P31415,11.847059489194612,-0.8038771401762033,0.26931182618684624,-2.9849307086072048,0.002836425679518862,0.012470999189814388,ENSG00000143318,CASQ1,calsequestrin 1 [Source:HGNC Symbol;Acc:HGNC:1512]
P32242,16.40455057959315,-2.083785890603068,0.4176028046084285,-4.989875229781948,6.041830450130313e-07,8.476242286715898e-06,ENSG00000115507,OTX1,orthodenticle homeobox 1 [Source:HGNC Symbol;Acc:HGNC:8521]
P32245,17.51554915266408,-5.288900947610751,0.5781432200878359,-9.14808089733755,5.795389251130094e-20,1.0740463407094378e-17,ENSG00000166603,MC4R,melanocortin 4 receptor [Source:HGNC Symbol;Acc:HGNC:6932]
P32249,1179.476118327441,-0.788230690926721,0.2335129002824363,-3.375533814077714,0.0007367263813709136,0.004063972890133599,ENSG00000169508,GPR183,G protein-coupled receptor 183 [Source:HGNC Symbol;Acc:HGNC:3128]
P32745,11.488856628341194,-1.5729489748111714,0.3385727498494919,-4.645822723507445,3.387237905900755e-06,3.8988593307273096e-05,ENSG00000278195,SSTR3,somatostatin receptor 3 [Source:HGNC Symbol;Acc:HGNC:11332]
P32926,108.59834380807894,-6.176127574356536,0.7732994021494805,-7.986722293059108,1.3857377600668182e-15,1.1799637282051586e-13,ENSG00000134757,DSG3,desmoglein 3 [Source:HGNC Symbol;Acc:HGNC:3050]
P32970,12.335449989885758,-0.7744420962946964,0.31575885553479865,-2.4526377731608795,0.014181306143974061,0.04645099148955948,ENSG00000125726,CD70,CD70 molecule [Source:HGNC Symbol;Acc:HGNC:11937]
P34820,127.62830046754185,-0.666617513172947,0.12131353459955266,-5.4949970370033645,3.907169746424071e-08,7.210771680973763e-07,ENSG00000116985,BMP8B,bone morphogenetic protein 8b [Source:HGNC Symbol;Acc:HGNC:1075]
P34932,1661.8727242346831,-0.6994773999172457,0.10692905203691143,-6.541509408273714,6.09010020906899e-11,2.1096797229292563e-09,ENSG00000170606,HSPA4,heat shock protein family A (Hsp70) member 4 [Source:HGNC Symbol;Acc:HGNC:5237]
P34972,37.04307753816536,-1.5134442491096676,0.36203553351165413,-4.1803748776525795,2.910289137605924e-05,0.00025279053422907073,ENSG00000188822,CNR2,cannabinoid receptor 2 [Source:HGNC Symbol;Acc:HGNC:2160]
P34995,58.537527372542954,-1.5236539710485548,0.2763023917401498,-5.514443655201813,3.4988497413333e-08,6.528226074057919e-07,ENSG00000160951,PTGER1,prostaglandin E receptor 1 [Source:HGNC Symbol;Acc:HGNC:9593]
P35052,581.2471197804267,-1.111534346634469,0.16674094873359305,-6.66623498952498,2.624489281464015e-11,9.843620172348194e-10,ENSG00000063660,GPC1,glypican 1 [Source:HGNC Symbol;Acc:HGNC:4449]
P35367,522.8546251794216,-0.826254798807224,0.22119743565522448,-3.7353724122511482,0.00018743759381608893,0.0012687994763720151,ENSG00000196639,HRH1,histamine receptor H1 [Source:HGNC Symbol;Acc:HGNC:5182]
P35555,177.44745364398236,-2.015033117029167,0.2381218619498746,-8.462192847514933,2.623961347233056e-17,3.045728607993569e-15,ENSG00000166147,FBN1,fibrillin 1 [Source:HGNC Symbol;Acc:HGNC:3603]
P35556,41.329063752190045,-1.252085778727345,0.28246699039055556,-4.432679999160742,9.306894664875226e-06,9.4413180744783e-05,ENSG00000138829,FBN2,fibrillin 2 [Source:HGNC Symbol;Acc:HGNC:3604]
P35568,934.3572162192368,-0.5631460091575826,0.14572534406807475,-3.864434239349006,0.00011134698208452781,0.0008085763394442463,ENSG00000169047,IRS1,insulin receptor substrate 1 [Source:HGNC Symbol;Acc:HGNC:6125]
P35610,2466.5873575498827,-0.5953635932080271,0.10752097118537852,-5.5371857847298624,3.073704548264307e-08,5.803722611936732e-07,ENSG00000057252,SOAT1,sterol O-acyltransferase 1 [Source:HGNC Symbol;Acc:HGNC:11177]
P35789,37.03575939283932,-0.5002350874072548,0.14182887813366812,-3.527032674797039,0.0004202448983208967,0.0025178160792091973,ENSG00000184635,ZNF93,zinc finger protein 93 [Source:HGNC Symbol;Acc:HGNC:13169]
P36021,12.323500378496544,-1.2193249520954212,0.26950042796953555,-4.524389668996201,6.057003961946633e-06,6.462562427516742e-05,ENSG00000147100,SLC16A2,solute carrier family 16 member 2 [Source:HGNC Symbol;Acc:HGNC:10923]
P36222,523.6874511535411,-2.576114406536905,0.3226019698850077,-7.985426770503501,1.4003697518636781e-15,1.187836711830829e-13,ENSG00000133048,CHI3L1,chitinase 3 like 1 [Source:HGNC Symbol;Acc:HGNC:1932]
P36269,180.63041390359308,-2.2439932168718286,0.19355520549492086,-11.59355653150188,4.4429305628494725e-31,6.124024414567641e-28,ENSG00000099998,GGT5,gamma-glutamyltransferase 5 [Source:HGNC Symbol;Acc:HGNC:4260]
P36896,1091.4060715272037,-0.5282943371441546,0.14894231975042022,-3.5469726672003445,0.0003896850181958477,0.002361020162442644,ENSG00000135503,ACVR1B,activin A receptor type 1B [Source:HGNC Symbol;Acc:HGNC:172]
P36952,155.66082740799794,-4.551325531252344,0.5635439498297831,-8.076256577019521,6.678528315004622e-16,6.188582498282014e-14,ENSG00000206075,SERPINB5,serpin family B member 5 [Source:HGNC Symbol;Acc:HGNC:8949]
P36956,15.686852794373557,-0.6923070557847905,0.22626453286610362,-3.059724151263585,0.0022154093713616188,0.010189497033578548,ENSG00000072310,SREBF1,sterol regulatory element binding transcription factor 1 [Source:HGNC Symbol;Acc:HGNC:11289]
P38405,181.2980127209667,-0.8072148419549723,0.1340470798237767,-6.021875620238554,1.7240736588829515e-09,4.2963525958197304e-08,ENSG00000141404,GNAL,G protein subunit alpha L [Source:HGNC Symbol;Acc:HGNC:4388]
P39060,1706.1371712485316,-1.8477188480520863,0.22388245903614243,-8.253075546904729,1.5436939950534254e-16,1.613489448668637e-14,ENSG00000182871,COL18A1,collagen type XVIII alpha 1 chain [Source:HGNC Symbol;Acc:HGNC:2195]
P39900,72.89889089677384,-2.4654587478026455,0.45992378258214506,-5.360581124900407,8.295466360068416e-08,1.4215090528745055e-06,ENSG00000262406,MMP12,matrix metallopeptidase 12 [Source:HGNC Symbol;Acc:HGNC:7158]
P40197,20.45853717977054,-0.8090865991704916,0.3058001707558969,-2.6458016592029314,0.008149758584941914,0.02962010148851499,ENSG00000178732,GP5,glycoprotein V platelet [Source:HGNC Symbol;Acc:HGNC:4443]
P40199,12707.929962353079,-0.9674598837063096,0.17676692747295022,-5.473081970349659,4.4227540702515464e-08,8.061108947547735e-07,ENSG00000086548,CEACAM6,CEA cell adhesion molecule 6 [Source:HGNC Symbol;Acc:HGNC:1818]
P40222,2813.046873931132,-0.6430522584682304,0.11221201865889725,-5.730689690406377,1.0002310157741654e-08,2.1109181647735353e-07,ENSG00000084652,TXLNA,taxilin alpha [Source:HGNC Symbol;Acc:HGNC:30685]
P41208,981.2501139201203,-0.7533913499690753,0.23269012693713773,-3.2377452360606913,0.0012047834348488942,0.006134909691100788,ENSG00000147400,CETN2,centrin 2 [Source:HGNC Symbol;Acc:HGNC:1867]
P41231,312.71519378842646,-0.5672210993148357,0.1588653293961416,-3.5704524169677767,0.0003563651885552072,0.0021867773701715466,ENSG00000175591,P2RY2,purinergic receptor P2Y2 [Source:HGNC Symbol;Acc:HGNC:8541]
P41595,41.16576056941368,-1.951188409431466,0.3214190833406686,-6.070543133754826,1.2747837035556852e-09,3.284355116614145e-08,ENSG00000135914,HTR2B,5-hydroxytryptamine receptor 2B [Source:HGNC Symbol;Acc:HGNC:5294]
P41597,423.81401508055063,-0.7342502507753915,0.24492556082286482,-2.997850646165985,0.0027189088232241142,0.012050404981387583,ENSG00000121807,CCR2,C-C motif chemokine receptor 2 [Source:HGNC Symbol;Acc:HGNC:1603]
P42263,13.16328553200658,-1.325115124891617,0.3467419419675406,-3.82161764848068,0.00013257913781686978,0.0009380495044636658,ENSG00000125675,GRIA3,glutamate ionotropic receptor AMPA type subunit 3 [Source:HGNC Symbol;Acc:HGNC:4573]
P42684,1465.0002045209533,-0.6094595126693015,0.1816704154914158,-3.354753777717316,0.0007943565401646569,0.004321346605029932,ENSG00000143322,ABL2,"ABL proto-oncogene 2, non-receptor tyrosine kinase [Source:HGNC Symbol;Acc:HGNC:77]"
P42685,744.8323925901467,-0.7411061505800934,0.12390153862186637,-5.981412005236404,2.2121155158375183e-09,5.36699621411228e-08,ENSG00000111816,FRK,fyn related Src family tyrosine kinase [Source:HGNC Symbol;Acc:HGNC:3955]
P42857,104.82333808452135,-1.4474223143879212,0.24894963884255325,-5.814116947979728,6.0954790829617344e-09,1.3524114255094376e-07,ENSG00000168824,NSG1,neuronal vesicle trafficking associated 1 [Source:HGNC Symbol;Acc:HGNC:18790]
P42892,1882.6231017232901,-0.6017170329475595,0.12213078301884832,-4.9268253103289865,8.357641235201397e-07,1.1266468203003154e-05,ENSG00000117298,ECE1,endothelin converting enzyme 1 [Source:HGNC Symbol;Acc:HGNC:3146]
P43007,38.97168541992081,-1.8757619929945493,0.29209246984427284,-6.421808799092285,1.3466450249438768e-10,4.299330315666927e-09,ENSG00000115902,SLC1A4,solute carrier family 1 member 4 [Source:HGNC Symbol;Acc:HGNC:10942]
P45452,92.5377204915638,-5.624911538954832,0.495568275648486,-11.350427005429754,7.38013985419629e-30,8.13808021722225e-27,ENSG00000137745,MMP13,matrix metallopeptidase 13 [Source:HGNC Symbol;Acc:HGNC:7159]
P45877,645.1084779961344,-0.6010915155099239,0.1073922035937754,-5.597161575933655,2.178896228263693e-08,4.2638311817326955e-07,ENSG00000168938,PPIC,peptidylprolyl isomerase C [Source:HGNC Symbol;Acc:HGNC:9256]
P45974,108.92783571495984,-0.6288863855812685,0.16335217760125198,-3.8498806371372707,0.00011817540118400587,0.0008494916224615598,ENSG00000111667,USP5,ubiquitin specific peptidase 5 [Source:HGNC Symbol;Acc:HGNC:12628]
P46013,323.3408477430123,-1.191261644809491,0.2346826189693499,-5.076053991732011,3.8535383480852427e-07,5.661954345681009e-06,ENSG00000148773,MKI67,marker of proliferation Ki-67 [Source:HGNC Symbol;Acc:HGNC:7107]
P46821,2070.245501517659,-1.916476725641713,0.2318113408305801,-8.267398474876062,1.3691374705093559e-16,1.4472943746451624e-14,ENSG00000131711,MAP1B,microtubule associated protein 1B [Source:HGNC Symbol;Acc:HGNC:6836]
P47712,286.14787967126733,-0.7431533741745785,0.11649909784970415,-6.379048317896187,1.7819181549024286e-10,5.542795908070262e-09,ENSG00000116711,PLA2G4A,phospholipase A2 group IVA [Source:HGNC Symbol;Acc:HGNC:9035]
P47972,66.3845551039501,-3.0755297254252385,0.31309938744334087,-9.822854495305563,8.976504948730363e-23,2.5059220270797393e-20,ENSG00000106236,NPTX2,neuronal pentraxin 2 [Source:HGNC Symbol;Acc:HGNC:7953]
P47989,41.41199712388191,-0.9394255731702333,0.2403060298580828,-3.9092883924928086,9.25684013612866e-05,0.0006918005840805878,ENSG00000158125,XDH,xanthine dehydrogenase [Source:HGNC Symbol;Acc:HGNC:12805]
P48060,1027.1838877931357,-0.7420893345302969,0.11395511958049613,-6.51211930856776,7.409782615292254e-11,2.514082243040852e-09,ENSG00000139278,GLIPR1,GLI pathogenesis related 1 [Source:HGNC Symbol;Acc:HGNC:17001]
P48061,3158.9179359755913,-1.0732550031004051,0.1488706409173855,-7.209312705894771,5.623498703066432e-13,2.8976785139585767e-11,ENSG00000107562,CXCL12,C-X-C motif chemokine ligand 12 [Source:HGNC Symbol;Acc:HGNC:10672]
P48431,421.11115045291507,-1.9541981867882576,0.4545262747036268,-4.299417427655838,1.7124766303694172e-05,0.000160984482549732,ENSG00000181449,SOX2,SRY-box transcription factor 2 [Source:HGNC Symbol;Acc:HGNC:11195]
P48436,418.42953566788844,-1.0598763169270604,0.19791433891673985,-5.3552275329224,8.544882017973038e-08,1.4597120683530394e-06,ENSG00000125398,SOX9,SRY-box transcription factor 9 [Source:HGNC Symbol;Acc:HGNC:11204]
P48448,24.184683372619958,-2.6149368207252515,0.454283155271922,-5.756182659161154,8.603728907100831e-09,1.843990644482038e-07,ENSG00000132746,ALDH3B2,aldehyde dehydrogenase 3 family member B2 [Source:HGNC Symbol;Acc:HGNC:411]
P48507,727.5146847629451,-0.5849920576076616,0.11535987902929648,-5.071018299690645,3.956927174138286e-07,5.802265418779639e-06,ENSG00000023909,GCLM,glutamate-cysteine ligase modifier subunit [Source:HGNC Symbol;Acc:HGNC:4312]
P48594,17.217767916925744,-6.946069798083837,0.7660393384164738,-9.067510569943416,1.2176716209423367e-19,2.1145299156112042e-17,ENSG00000206073,SERPINB4,serpin family B member 4 [Source:HGNC Symbol;Acc:HGNC:10570]
P48723,1528.6445808045687,-0.6312247320028204,0.1335947433088204,-4.724921927082626,2.302037808274618e-06,2.786702951644283e-05,ENSG00000155304,HSPA13,heat shock protein family A (Hsp70) member 13 [Source:HGNC Symbol;Acc:HGNC:11375]
P49418,32.66507415531651,-1.1229103972283707,0.2390933731883202,-4.696535007450492,2.6461190141521852e-06,3.1459573443726306e-05,ENSG00000078053,AMPH,amphiphysin [Source:HGNC Symbol;Acc:HGNC:471]
P49448,29.356418345349446,-0.6546257027827249,0.16741424554944218,-3.9102150514986813,9.221398555261519e-05,0.0006896192734409547,ENSG00000182890,GLUD2,glutamate dehydrogenase 2 [Source:HGNC Symbol;Acc:HGNC:4336]
P49788,939.1665497788632,-1.904398909701163,0.21080301269141816,-9.03402131395958,1.6547647160531355e-19,2.785815347163042e-17,ENSG00000118849,RARRES1,retinoic acid receptor responder 1 [Source:HGNC Symbol;Acc:HGNC:9867]
P49961,1383.617927326424,-0.7008570094634481,0.10837099333587805,-6.467201119872153,9.983473845139674e-11,3.2862019728464236e-09,ENSG00000138185,ENTPD1,ectonucleoside triphosphate diphosphohydrolase 1 [Source:HGNC Symbol;Acc:HGNC:3363]
P50150,15.06809519766266,-1.812020106571163,0.3831371823961791,-4.729429013489644,2.2515216008104483e-06,2.735815833844277e-05,ENSG00000168243,GNG4,G protein subunit gamma 4 [Source:HGNC Symbol;Acc:HGNC:4407]
P50221,129.21664286394642,-1.961363977047867,0.3891367434237561,-5.040294986772841,4.6481482416156795e-07,6.704399039934088e-06,ENSG00000005102,MEOX1,mesenchyme homeobox 1 [Source:HGNC Symbol;Acc:HGNC:7013]
P50222,481.79323621299307,-0.7060445046108108,0.20508854278275518,-3.442632606535729,0.0005760813534196357,0.0032956934288759132,ENSG00000106511,MEOX2,mesenchyme homeobox 2 [Source:HGNC Symbol;Acc:HGNC:7014]
P50479,80.43163387045396,-1.8154422351634176,0.2763500542832545,-6.569357259118241,5.053290979172087e-11,1.7802760264322876e-09,ENSG00000131435,PDLIM4,PDZ and LIM domain 4 [Source:HGNC Symbol;Acc:HGNC:16501]
P50607,437.2192074905092,-0.8198514389571423,0.20033296262092434,-4.09244404031746,4.2685027411085285e-05,0.00035297172648071797,ENSG00000166402,TUB,TUB bipartite transcription factor [Source:HGNC Symbol;Acc:HGNC:12406]
P50748,87.44151653119766,-0.8387887940944198,0.20360583634701168,-4.119669696819723,3.7941590485757744e-05,0.0003197871059816973,ENSG00000184445,KNTC1,kinetochore associated 1 [Source:HGNC Symbol;Acc:HGNC:17255]
P51397,1577.3711680361562,-0.6641119098705695,0.111328468500853,-5.965337696758858,2.4412860744944776e-09,5.8713329429554204e-08,ENSG00000112977,DAP,death associated protein [Source:HGNC Symbol;Acc:HGNC:2672]
P51512,108.37929215178829,-2.0116309129608023,0.30273609437460225,-6.64483340553252,3.0356022378421104e-11,1.1176489441297145e-09,ENSG00000156103,MMP16,matrix metallopeptidase 16 [Source:HGNC Symbol;Acc:HGNC:7162]
P51610,71.9989627875831,-0.5014988072708133,0.17455534318056387,-2.8730074836612247,0.004065844849887736,0.0167197729478695,ENSG00000172534,HCFC1,host cell factor C1 [Source:HGNC Symbol;Acc:HGNC:4839]
P51679,258.2077810002815,-0.9253156685190663,0.2663465857983037,-3.4741037349725223,0.0005125628320933112,0.0029778874338740476,ENSG00000183813,CCR4,C-C motif chemokine receptor 4 [Source:HGNC Symbol;Acc:HGNC:1605]
P51786,14.387562770535679,-0.8130149011161567,0.31130346377790646,-2.611647462092445,0.009010711853106802,0.03218173914306355,ENSG00000147117,ZNF157,zinc finger protein 157 [Source:HGNC Symbol;Acc:HGNC:12942]
P51884,2280.3265720531735,-1.431078974058146,0.250762589450132,-5.706907785552031,1.150470696766592e-08,2.387268718003781e-07,ENSG00000139329,LUM,lumican [Source:HGNC Symbol;Acc:HGNC:6724]
P51955,17.954825427441783,-1.3810595111871,0.31176923533662443,-4.429749169112014,9.434275360480807e-06,9.557349967847667e-05,ENSG00000117650,NEK2,NIMA related kinase 2 [Source:HGNC Symbol;Acc:HGNC:7745]
P51993,25.66708743846481,-3.0533577900315847,0.43945755256678964,-6.948015279740878,3.704608888641648e-12,1.6384914226563542e-10,ENSG00000156413,FUT6,fucosyltransferase 6 [Source:HGNC Symbol;Acc:HGNC:4017]
P52179,81.44362011800561,-0.680009711265787,0.19529835026439762,-3.4819019738015213,0.00049786591085159,0.0029070518395342775,ENSG00000101605,MYOM1,myomesin 1 [Source:HGNC Symbol;Acc:HGNC:7613]
P52198,60.62792008821094,-0.8665400520541131,0.1962922919135675,-4.4145393770004615,1.0122529050680183e-05,0.00010151989799167837,ENSG00000108830,RND2,Rho family GTPase 2 [Source:HGNC Symbol;Acc:HGNC:18315]
P52797,10.05365841692033,-0.7689574973548104,0.21204132350508761,-3.6264511305804996,0.0002873431698834584,0.0018251918976410688,ENSG00000143590,EFNA3,ephrin A3 [Source:HGNC Symbol;Acc:HGNC:3223]
P52798,108.19967904549792,-0.8001185495511554,0.11963916872123884,-6.687764200497283,2.2660586760184994e-11,8.586882824898966e-10,ENSG00000243364,EFNA4,ephrin A4 [Source:HGNC Symbol;Acc:HGNC:3224]
P52803,316.36029273998525,-0.7616107050360383,0.14359829112204264,-5.303758833653205,1.1344216253064974e-07,1.8892513211907258e-06,ENSG00000184349,EFNA5,ephrin A5 [Source:HGNC Symbol;Acc:HGNC:3225]
P52926,18.06405669683753,-1.8703039181125876,0.39335059421676,-4.75480130349552,1.986416851059242e-06,2.4446672563203416e-05,ENSG00000149948,HMGA2,high mobility group AT-hook 2 [Source:HGNC Symbol;Acc:HGNC:5009]
P53794,1051.26659622347,-0.6200922801775076,0.14722723228471046,-4.211804233189434,2.533390578273841e-05,0.00022510634896555717,ENSG00000198743,SLC5A3,solute carrier family 5 member 3 [Source:HGNC Symbol;Acc:HGNC:11038]
P54687,2020.0115753611055,-1.0062210301913128,0.22830960175700374,-4.4072654958343005,1.0468384098430046e-05,0.00010465536849808532,ENSG00000060982,BCAT1,branched chain amino acid transaminase 1 [Source:HGNC Symbol;Acc:HGNC:976]
P54707,304.2188721856386,-3.0080285120910206,0.5576890098697798,-5.393738192533855,6.900674376695957e-08,1.2011639518836043e-06,ENSG00000075673,ATP12A,ATPase H+/K+ transporting non-gastric alpha2 subunit [Source:HGNC Symbol;Acc:HGNC:13816]
P54750,24.942341679706594,-1.622947580349661,0.29933425960821475,-5.421857098729243,5.898302687203771e-08,1.0498883572525582e-06,ENSG00000115252,PDE1A,phosphodiesterase 1A [Source:HGNC Symbol;Acc:HGNC:8774]
P54753,197.7686958955672,-1.003711527576701,0.18974722043435716,-5.289729806207802,1.2249718380153679e-07,2.0206079966784535e-06,ENSG00000182580,EPHB3,EPH receptor B3 [Source:HGNC Symbol;Acc:HGNC:3394]
P54821,1582.7696434843062,-1.3635849009194676,0.17338227326192956,-7.8646154261658126,3.702330707717361e-15,2.905736705622729e-13,ENSG00000116132,PRRX1,paired related homeobox 1 [Source:HGNC Symbol;Acc:HGNC:9142]
P54886,620.412591876814,-1.0862885712938455,0.09106408285441,-11.928836674614784,8.37354752272902e-33,1.846702170662658e-29,ENSG00000059573,ALDH18A1,aldehyde dehydrogenase 18 family member A1 [Source:HGNC Symbol;Acc:HGNC:9722]
P55040,1412.5375855487407,-0.8026195720801715,0.25966302595838503,-3.0910044628718283,0.0019948063570175557,0.009340437239419358,ENSG00000164949,GEM,GTP binding protein overexpressed in skeletal muscle [Source:HGNC Symbol;Acc:HGNC:4234]
P55058,2077.673234773302,-1.6863677646843107,0.2296724931609932,-7.3424890437455215,2.0965769128192009e-13,1.1588447928650289e-11,ENSG00000100979,PLTP,phospholipid transfer protein [Source:HGNC Symbol;Acc:HGNC:9093]
P55060,900.7003005343996,-0.537454438262173,0.18089855965834348,-2.971026631042523,0.002968060420560834,0.01292862028738863,ENSG00000124207,CSE1L,chromosome segregation 1 like [Source:HGNC Symbol;Acc:HGNC:2431]
P55064,356.2741287311614,-1.6869438039836637,0.2991642348232542,-5.638855209347827,1.7118439646830807e-08,3.401171783524384e-07,ENSG00000161798,AQP5,aquaporin 5 [Source:HGNC Symbol;Acc:HGNC:638]
P55085,267.51416480814936,-0.9570550279605288,0.13722729329344338,-6.974232348327285,3.0754544439827965e-12,1.3702236829817494e-10,ENSG00000164251,F2RL1,F2R like trypsin receptor 1 [Source:HGNC Symbol;Acc:HGNC:3538]
P55157,14.150704403775558,-1.8701354431947612,0.3416383810657822,-5.474020329216664,4.3993856267615074e-08,8.031792269254825e-07,ENSG00000138823,MTTP,microsomal triglyceride transfer protein [Source:HGNC Symbol;Acc:HGNC:7467]
P55287,1752.8692038579284,-0.6845540291640252,0.16795545831249853,-4.075806979076211,4.585504449678376e-05,0.0003770645605264985,ENSG00000140937,CDH11,cadherin 11 [Source:HGNC Symbol;Acc:HGNC:1750]
P55317,517.4553085458418,-0.773278529992004,0.2410150652143844,-3.2084240431367554,0.0013346455795602518,0.006686568289782325,ENSG00000129514,FOXA1,forkhead box A1 [Source:HGNC Symbol;Acc:HGNC:5021]
P55318,19.537144756159147,-1.3331893213199097,0.24858310337462775,-5.363153421215132,8.178148650326477e-08,1.4035866952085612e-06,ENSG00000170608,FOXA3,forkhead box A3 [Source:HGNC Symbol;Acc:HGNC:5023]
P55809,437.0958577204031,-0.6577122373806634,0.08936482161802228,-7.35985621044447,1.841084353674376e-13,1.0227525021646017e-11,ENSG00000083720,OXCT1,3-oxoacid CoA-transferase 1 [Source:HGNC Symbol;Acc:HGNC:8527]
P56159,560.4131479278867,-0.8383385277527715,0.2351878548890344,-3.564548552680638,0.0003644829806158719,0.0022266780206377946,ENSG00000151892,GFRA1,GDNF family receptor alpha 1 [Source:HGNC Symbol;Acc:HGNC:4243]
P56597,21.623304865604876,-0.962669542804881,0.37382481308729776,-2.575188989876049,0.010018532820314037,0.035054533209456736,ENSG00000112981,NME5,NME/NM23 family member 5 [Source:HGNC Symbol;Acc:HGNC:7853]
P56705,87.84344887372193,-0.502386241440948,0.196560245266656,-2.555889369996485,0.010591678722534923,0.036664398453427276,ENSG00000162552,WNT4,Wnt family member 4 [Source:HGNC Symbol;Acc:HGNC:12783]
P56706,190.92639271321767,-0.6321058951593005,0.18083750104901786,-3.4954359106519712,0.0004732880995323642,0.002783676529517257,ENSG00000188064,WNT7B,Wnt family member 7B [Source:HGNC Symbol;Acc:HGNC:12787]
P57077,11.987328567947934,-1.3327521668042832,0.32941278680191005,-4.045842238679471,5.2135336470895005e-05,0.00042163282380972434,ENSG00000156265,MAP3K7CL,MAP3K7 C-terminal like [Source:HGNC Symbol;Acc:HGNC:16457]
P57078,380.04032171151385,-0.6876466980985212,0.19371829602195814,-3.549725101962366,0.0003856336138635487,0.002338400802899836,ENSG00000183421,RIPK4,receptor interacting serine/threonine kinase 4 [Source:HGNC Symbol;Acc:HGNC:496]
P57739,229.87715460002218,-1.8498679626508894,0.39962052460494196,-4.629061443927679,3.673267742317558e-06,4.180095293553737e-05,ENSG00000165376,CLDN2,claudin 2 [Source:HGNC Symbol;Acc:HGNC:2041]
P58004,535.846000866748,-0.5344023907123286,0.14472226870026167,-3.6926065042494898,0.0002219673339539971,0.0014643337071556842,ENSG00000130766,SESN2,sestrin 2 [Source:HGNC Symbol;Acc:HGNC:20746]
P58005,2631.8882214032237,-0.6620231476922617,0.12819223710200944,-5.164299825468015,2.413405895864027e-07,3.721683517760969e-06,ENSG00000149212,SESN3,sestrin 3 [Source:HGNC Symbol;Acc:HGNC:23060]
P58397,409.33451794576587,-1.0444839388415914,0.23802224248818554,-4.388177877508381,1.1430427389929793e-05,0.00011319561996295988,ENSG00000151388,ADAMTS12,ADAM metallopeptidase with thrombospondin type 1 motif 12 [Source:HGNC Symbol;Acc:HGNC:14605]
P58872,18.996690263451757,-1.4395427904786884,0.2312419830705506,-6.225265721058499,4.80740526004282e-10,1.3557866445650174e-08,ENSG00000141314,RHBDL3,rhomboid like 3 [Source:HGNC Symbol;Acc:HGNC:16502]
P58876,144.36196538626223,-1.204076845823809,0.2213490974420288,-5.4397187959582975,5.3364735002887654e-08,9.560963790873398e-07,ENSG00000158373,H2BC5,H2B clustered histone 5 [Source:HGNC Symbol;Acc:HGNC:4747]
P60606,159.29044957220188,-1.622640995872406,0.3740712521113691,-4.337785880935086,1.4392526446660723e-05,0.00013788565519316055,ENSG00000178531,CTXN1,cortexin 1 [Source:HGNC Symbol;Acc:HGNC:31108]
P61225,1383.0120729953107,-0.5772401091707106,0.09823822448370396,-5.875921640526644,4.204972103364591e-09,9.690329651787115e-08,ENSG00000181467,RAP2B,"RAP2B, member of RAS oncogene family [Source:HGNC Symbol;Acc:HGNC:9862]"
P61981,4913.658308956946,-0.5391505539240131,0.143576491561206,-3.755145066308963,0.0001732411076071995,0.0011854357391154755,ENSG00000170027,YWHAG,tyrosine 3-monooxygenase/tryptophan 5-monooxygenase activation protein gamma [Source:HGNC Symbol;Acc:HGNC:12852]
P62166,666.3617075907302,-1.9421191699338762,0.20863447617222752,-9.308716399923563,1.2938649399624622e-20,2.5679671984071886e-18,ENSG00000107130,NCS1,neuronal calcium sensor 1 [Source:HGNC Symbol;Acc:HGNC:3953]
P62273,178.08933420566643,-0.8172910084978948,0.11773164565615675,-6.941982369675258,3.86635478223087e-12,1.705371767346392e-10,ENSG00000213741,RPS29,ribosomal protein S29 [Source:HGNC Symbol;Acc:HGNC:10419]
P62508,70.00059705446337,-0.7140473817135905,0.2678458269104394,-2.6658895154351203,0.007678492309267357,0.028204775048065005,ENSG00000196482,ESRRG,estrogen related receptor gamma [Source:HGNC Symbol;Acc:HGNC:3474]
P62736,123.56465402112477,-1.0292144343574579,0.2611143325686806,-3.941623672023996,8.093188744268012e-05,0.0006163231511259901,ENSG00000107796,ACTA2,"actin alpha 2, smooth muscle [Source:HGNC Symbol;Acc:HGNC:130]"
P62807,90.9802041610738,-0.9378065261314339,0.19638786250875065,-4.775277423723918,1.794596813239942e-06,2.2308153538380808e-05,ENSG00000278588,H2BC10,H2B clustered histone 10 [Source:HGNC Symbol;Acc:HGNC:4756]
P68431,85.12939805489766,-0.5020241367043818,0.17718810086559278,-2.833283579720715,0.004607249372927588,0.01856876419417855,ENSG00000287080,H3C3,H3 clustered histone 3 [Source:HGNC Symbol;Acc:HGNC:4768]
P78363,32.129496851695116,-0.7405194326105604,0.1954654905451572,-3.788491925327774,0.00015156451798186167,0.0010572105810885725,ENSG00000198691,ABCA4,ATP binding cassette subfamily A member 4 [Source:HGNC Symbol;Acc:HGNC:34]
P78369,40.79943043956922,-2.8559165591533855,0.29951654363549957,-9.535087860218264,1.4975870304155102e-21,3.27007766027561e-19,ENSG00000134873,CLDN10,claudin 10 [Source:HGNC Symbol;Acc:HGNC:2033]
P78396,197.59766483791987,-1.9372561187632953,0.4254052308572169,-4.55390761147814,5.2658489716241256e-06,5.712397108716108e-05,ENSG00000133101,CCNA1,cyclin A1 [Source:HGNC Symbol;Acc:HGNC:1577]
P78527,453.9205993536929,-0.9336139078524865,0.27116260012503135,-3.4430039667048598,0.0005752908756697876,0.00329202516139634,ENSG00000253729,PRKDC,"protein kinase, DNA-activated, catalytic subunit [Source:HGNC Symbol;Acc:HGNC:9413]"
P78539,309.7465331124378,-1.4899268423543612,0.27016989887398657,-5.514777362556209,3.492217557471157e-08,6.521533892824868e-07,ENSG00000101955,SRPX,sushi repeat containing protein X-linked [Source:HGNC Symbol;Acc:HGNC:11309]
P80162,362.7776059065068,-3.9178124933816263,0.5205244738139737,-7.526663376027509,5.2053337961288956e-14,3.270610585180247e-12,ENSG00000124875,CXCL6,C-X-C motif chemokine ligand 6 [Source:HGNC Symbol;Acc:HGNC:10643]
P80723,840.6218571097154,-1.5233850234136554,0.1769676942271531,-8.608266215291593,7.417384376371629e-18,9.566257019678357e-16,ENSG00000176788,BASP1,brain abundant membrane attached signal protein 1 [Source:HGNC Symbol;Acc:HGNC:957]
P80748,6784.976387578381,-3.321511598296079,0.4636062510987426,-7.164509948742336,7.806529940621704e-13,3.912845711601615e-11,ENSG00000211662,IGLV3-21,immunoglobulin lambda variable 3-21 [Source:HGNC Symbol;Acc:HGNC:5905]
P83110,1326.2811779647366,-0.9763488480932077,0.23270448220619408,-4.1956598293112695,2.7207834142999806e-05,0.0002389651828712536,ENSG00000170801,HTRA3,HtrA serine peptidase 3 [Source:HGNC Symbol;Acc:HGNC:30406]
P98066,165.4355959333919,-1.3405559782771883,0.3460427034313398,-3.873961118047892,0.00010708050451889468,0.0007819713399535441,ENSG00000123610,TNFAIP6,TNF alpha induced protein 6 [Source:HGNC Symbol;Acc:HGNC:11898]
P98088,687.3313763953977,-2.8613517868606664,0.8371859606336968,-3.417821035477953,0.0006312459932692274,0.0035632196405322608,ENSG00000215182,MUC5AC,"mucin 5AC, oligomeric mucus/gel-forming [Source:HGNC Symbol;Acc:HGNC:7515]"
P98095,1644.192102233619,-2.221069748493762,0.2829820828172032,-7.848799918291991,4.200371064736016e-15,3.250350296901337e-13,ENSG00000163520,FBLN2,fibulin 2 [Source:HGNC Symbol;Acc:HGNC:3601]
P98160,2963.1895944471917,-1.1654383735762464,0.204401819274352,-5.701702547040312,1.186166809868579e-08,2.4448339088637047e-07,ENSG00000142798,HSPG2,heparan sulfate proteoglycan 2 [Source:HGNC Symbol;Acc:HGNC:5273]
P98174,81.03915746621493,-1.0353461614031176,0.18221625846157405,-5.681963674067276,1.3315694752783376e-08,2.7090805542240275e-07,ENSG00000102302,FGD1,"FYVE, RhoGEF and PH domain containing 1 [Source:HGNC Symbol;Acc:HGNC:3663]"
Q008S8,406.4256706071488,-1.5739293422141336,0.42367794957603394,-3.714919182811221,0.000203268649218565,0.0013580390154093404,ENSG00000203734,ECT2L,epithelial cell transforming 2 like [Source:HGNC Symbol;Acc:HGNC:21118]
Q01196,3297.3274770487574,-0.7494422583712882,0.1331436618255538,-5.628824144503515,1.8144226615110088e-08,3.5888141145259e-07,ENSG00000159216,RUNX1,RUNX family transcription factor 1 [Source:HGNC Symbol;Acc:HGNC:10471]
Q01344,22.13687031958377,-0.963450006819741,0.2817871426623214,-3.4190701453482846,0.0006283552585797169,0.0035505372464045806,ENSG00000091181,IL5RA,interleukin 5 receptor subunit alpha [Source:HGNC Symbol;Acc:HGNC:6017]
Q01432,314.78744310304177,-0.6684027666356652,0.13672295546380434,-4.888738429975033,1.014842314459577e-06,1.3346053907627615e-05,ENSG00000133805,AMPD3,adenosine monophosphate deaminase 3 [Source:HGNC Symbol;Acc:HGNC:470]
Q01650,43.65488263570593,-2.2809855456996178,0.39754306605938144,-5.737706780575326,9.59670757650947e-09,2.0350556624263448e-07,ENSG00000103257,SLC7A5,solute carrier family 7 member 5 [Source:HGNC Symbol;Acc:HGNC:11063]
Q01892,45.003381029466965,-1.152668948076985,0.3017457607612476,-3.8200004704921753,0.00013345141949789514,0.000943313335130314,ENSG00000269404,SPIB,Spi-B transcription factor [Source:HGNC Symbol;Acc:HGNC:11242]
Q02223,51.825316713852345,-1.8452293090051657,0.3467401119272261,-5.321649401187374,1.028306091007263e-07,1.7258951697925556e-06,ENSG00000048462,TNFRSF17,TNF receptor superfamily member 17 [Source:HGNC Symbol;Acc:HGNC:11913]
Q02224,120.65882927502436,-0.722857614425948,0.1969672280625772,-3.669938504674968,0.00024260882607321082,0.001575528577802883,ENSG00000138778,CENPE,centromere protein E [Source:HGNC Symbol;Acc:HGNC:1856]
Q02388,220.46985957057979,-2.241687764510199,0.22652162706953338,-9.896131303268836,4.3269023236101756e-23,1.2895338357418759e-20,ENSG00000114270,COL7A1,collagen type VII alpha 1 chain [Source:HGNC Symbol;Acc:HGNC:2214]
Q02809,133.43344624813162,-0.8744257375944371,0.19088956710329902,-4.5807937587350995,4.632144733055086e-06,5.105313340469609e-05,ENSG00000083444,PLOD1,"procollagen-lysine,2-oxoglutarate 5-dioxygenase 1 [Source:HGNC Symbol;Acc:HGNC:9081]"
Q03001,588.8002116738725,-2.5690289576029346,0.2449328873387292,-10.48870564306909,9.735286066023778e-26,4.9930697418625214e-23,ENSG00000151914,DST,dystonin [Source:HGNC Symbol;Acc:HGNC:1090]
Q03252,568.5082818042904,-0.7091197434017031,0.13024866165063817,-5.444353396150452,5.199390511068577e-08,9.337732763119414e-07,ENSG00000176619,LMNB2,lamin B2 [Source:HGNC Symbol;Acc:HGNC:6638]
Q03692,285.7573564042753,-3.776625013961893,0.3214962546324607,-11.747026472452648,7.314773486116029e-32,1.240923188175407e-28,ENSG00000123500,COL10A1,collagen type X alpha 1 chain [Source:HGNC Symbol;Acc:HGNC:2185]
Q03701,781.6325405400182,-0.514888387359997,0.14637732000389617,-3.517542112031372,0.0004355632322141086,0.0025926886702429017,ENSG00000115816,CEBPZ,CCAAT enhancer binding protein zeta [Source:HGNC Symbol;Acc:HGNC:24218]
Q05682,568.7073934912873,-1.4686578607619971,0.2494802128145552,-5.886871123737924,3.935753732625096e-09,9.107986654702398e-08,ENSG00000122786,CALD1,caldesmon 1 [Source:HGNC Symbol;Acc:HGNC:1441]
Q05707,4523.795687314054,-2.468043921932795,0.23978718368852175,-10.29264318454455,7.605930825701002e-25,3.1063184894446274e-22,ENSG00000187955,COL14A1,collagen type XIV alpha 1 chain [Source:HGNC Symbol;Acc:HGNC:2191]
Q06278,154.36733021833612,-0.756603023216492,0.1968450763440779,-3.8436471831989225,0.00012121924325802614,0.0008665702401337143,ENSG00000138356,AOX1,aldehyde oxidase 1 [Source:HGNC Symbol;Acc:HGNC:553]
Q06828,30.022762663573378,-1.3349699887897712,0.2602681080633157,-5.129210792376498,2.909593970065427e-07,4.398093585731523e-06,ENSG00000122176,FMOD,fibromodulin [Source:HGNC Symbol;Acc:HGNC:3774]
Q07011,106.08120274112235,-0.9731489260472007,0.3348863424875056,-2.9059080726276805,0.003661890138154646,0.015354727344899309,ENSG00000049249,TNFRSF9,TNF receptor superfamily member 9 [Source:HGNC Symbol;Acc:HGNC:11924]
Q07065,1634.1242058634207,-1.036006433412373,0.15880798083905373,-6.523642123895076,6.86203279553451e-11,2.3535812017530025e-09,ENSG00000136026,CKAP4,cytoskeleton associated protein 4 [Source:HGNC Symbol;Acc:HGNC:16991]
Q07869,676.2560592608595,-0.523967384729848,0.12273214967243884,-4.269194226030183,1.9618038636290843e-05,0.0001811793233185755,ENSG00000186951,PPARA,peroxisome proliferator activated receptor alpha [Source:HGNC Symbol;Acc:HGNC:9232]
Q07954,5582.064312329485,-0.8243383990221782,0.2697592680917289,-3.0558297583379797,0.0022443865059794442,0.010291662191607084,ENSG00000123384,LRP1,LDL receptor related protein 1 [Source:HGNC Symbol;Acc:HGNC:6692]
Q07960,1334.506196844059,-0.5905146701857527,0.10451001343325214,-5.650316661406797,1.6015253667561343e-08,3.2050853392413595e-07,ENSG00000175220,ARHGAP1,Rho GTPase activating protein 1 [Source:HGNC Symbol;Acc:HGNC:673]
Q07973,131.1954064778211,-3.7543854762906053,0.5913708415035543,-6.348614461181613,2.172627570106177e-10,6.636444381041777e-09,ENSG00000019186,CYP24A1,cytochrome P450 family 24 subfamily A member 1 [Source:HGNC Symbol;Acc:HGNC:2602]
Q08116,474.7526735581607,-1.653734854088776,0.3723523607444301,-4.441316957901182,8.9409983277483e-06,9.107841899314596e-05,ENSG00000090104,RGS1,regulator of G protein signaling 1 [Source:HGNC Symbol;Acc:HGNC:9991]
Q08211,409.523627520547,-0.5787958034575308,0.18254425489012613,-3.17071497980536,0.0015206426597286027,0.007464111555231383,ENSG00000135829,DHX9,DExH-box helicase 9 [Source:HGNC Symbol;Acc:HGNC:2750]
Q08462,21.46292418398637,-1.7946760739323184,0.26710606514973345,-6.718964142301542,1.830209363115205e-11,7.081304788446093e-10,ENSG00000078295,ADCY2,adenylate cyclase 2 [Source:HGNC Symbol;Acc:HGNC:233]
Q08752,118.82188840911546,-0.7315372784953247,0.14039747894295546,-5.210473037001995,1.88359754807911e-07,2.979975633094454e-06,ENSG00000171497,PPID,peptidylprolyl isomerase D [Source:HGNC Symbol;Acc:HGNC:9257]
Q08AJ9,13.091497720505217,-1.2975928421370708,0.28663416710039435,-4.526999887220652,5.982697200290596e-06,6.389462666111807e-05,ENSG00000278463,H2AC4,H2A clustered histone 4 [Source:HGNC Symbol;Acc:HGNC:4734]
Q08AM6,17.090593698920664,-0.8054805219976918,0.19502629508094596,-4.130112412089744,3.625858997549192e-05,0.0003068484049575974,ENSG00000103043,VAC14,VAC14 component of PIKFYVE complex [Source:HGNC Symbol;Acc:HGNC:25507]
Q09328,2238.790014397788,-0.5383302860422167,0.11245546444882154,-4.787053156382727,1.6924801827711098e-06,2.1171842286349433e-05,ENSG00000152127,MGAT5,"alpha-1,6-mannosylglycoprotein 6-beta-N-acetylglucosaminyltransferase [Source:HGNC Symbol;Acc:HGNC:7049]"
Q0D2K0,15.71449413224168,-1.8891983061283595,0.3080026380155193,-6.133708199061492,8.585393191309072e-10,2.289507393484042e-08,ENSG00000172548,NIPAL4,NIPA like domain containing 4 [Source:HGNC Symbol;Acc:HGNC:28018]
Q10471,152.88430488020686,-1.2922667269098522,0.21593782056012192,-5.984439055455116,2.171368710571643e-09,5.285581185755741e-08,ENSG00000143641,GALNT2,polypeptide N-acetylgalactosaminyltransferase 2 [Source:HGNC Symbol;Acc:HGNC:4124]
Q10472,1230.1683307049339,-0.5506886135607589,0.09909463631660885,-5.5571989971414855,2.7413816299644e-08,5.247570912850627e-07,ENSG00000141429,GALNT1,polypeptide N-acetylgalactosaminyltransferase 1 [Source:HGNC Symbol;Acc:HGNC:4123]
Q10981,208.5647668994499,-2.807265640935913,0.2882427482200354,-9.739241171795012,2.0507999738320843e-22,5.13958438896509e-20,ENSG00000176920,FUT2,fucosyltransferase 2 [Source:HGNC Symbol;Acc:HGNC:4013]
Q11201,3192.6489050555506,-0.5959062800367828,0.1576326134623744,-3.780348919857379,0.0001566087282250142,0.0010878264227636104,ENSG00000008513,ST3GAL1,"ST3 beta-galactoside alpha-2,3-sialyltransferase 1 [Source:HGNC Symbol;Acc:HGNC:10862]"
Q12765,1657.3257358973246,-0.6617854620948622,0.14001670055125362,-4.726475195382949,2.2845068353874187e-06,2.769791849787473e-05,ENSG00000136193,SCRN1,secernin 1 [Source:HGNC Symbol;Acc:HGNC:22192]
Q12778,1637.0461227073647,-0.5134869505872484,0.15218846571105207,-3.3740201544719195,0.0007407894372498416,0.004079243507892137,ENSG00000150907,FOXO1,forkhead box O1 [Source:HGNC Symbol;Acc:HGNC:3819]
Q12789,566.5504313165044,-0.693297723900603,0.19507292030614945,-3.554043907337494,0.0003793558740266334,0.002306676163711986,ENSG00000077235,GTF3C1,general transcription factor IIIC subunit 1 [Source:HGNC Symbol;Acc:HGNC:4664]
Q12797,1429.2779746379756,-0.5280652003801387,0.12370086272949928,-4.26888858111585,1.964493606669806e-05,0.0001813517873649891,ENSG00000198363,ASPH,aspartate beta-hydroxylase [Source:HGNC Symbol;Acc:HGNC:757]
Q12834,10.827231270836227,-1.3832505296119846,0.3006738590064846,-4.600501467545777,4.214750510560176e-06,4.706435835944006e-05,ENSG00000117399,CDC20,cell division cycle 20 [Source:HGNC Symbol;Acc:HGNC:1723]
Q12841,9070.70153724229,-1.2623061933217712,0.17022019495866136,-7.41572522360421,1.209610540568092e-13,7.0201975951812365e-12,ENSG00000163430,FSTL1,follistatin like 1 [Source:HGNC Symbol;Acc:HGNC:3972]
Q12866,10.808519601178974,-1.2766508408379265,0.2874918811990339,-4.440650064667693,8.9687536319104e-06,9.131897165196304e-05,ENSG00000153208,MERTK,"MER proto-oncogene, tyrosine kinase [Source:HGNC Symbol;Acc:HGNC:7027]"
Q12952,145.79733440626018,-1.1827505881009692,0.1959668525529224,-6.035462491196353,1.5850804609311877e-09,3.976947040429626e-08,ENSG00000176678,FOXL1,forkhead box L1 [Source:HGNC Symbol;Acc:HGNC:3817]
Q13023,314.74185848908473,-0.6722993704829369,0.20349453125101016,-3.303771193996642,0.0009539365417621514,0.005048744058560712,ENSG00000151320,AKAP6,A-kinase anchoring protein 6 [Source:HGNC Symbol;Acc:HGNC:376]
Q13049,419.8830975289605,-0.8736649080664859,0.11997097374639591,-7.282302383519097,3.2817046298871523e-13,1.769552907274603e-11,ENSG00000119401,TRIM32,tripartite motif containing 32 [Source:HGNC Symbol;Acc:HGNC:16380]
Q13093,580.8592150513351,-2.232903598145552,0.2631326202060847,-8.485848681158377,2.141499687505741e-17,2.512161388736788e-15,ENSG00000146070,PLA2G7,phospholipase A2 group VII [Source:HGNC Symbol;Acc:HGNC:9040]
Q13106,434.2141435405661,-0.6972316681575449,0.16357199162504069,-4.262537010344796,2.0211900985934813e-05,0.0001855758802430501,ENSG00000179909,ZNF154,zinc finger protein 154 [Source:HGNC Symbol;Acc:HGNC:12939]
Q13115,737.9335484527933,-0.522144939868452,0.1656241775252007,-3.1525888772429047,0.0016182954905820592,0.007855486313821523,ENSG00000120875,DUSP4,dual specificity phosphatase 4 [Source:HGNC Symbol;Acc:HGNC:3070]
Q13158,86.37963168371857,-0.8443280750391042,0.19897508418192306,-4.243385942066668,2.2017230042976045e-05,0.0001994938337583376,ENSG00000168040,FADD,Fas associated via death domain [Source:HGNC Symbol;Acc:HGNC:3573]
Q13201,598.9619074192876,-1.1866032376923867,0.23505828933305273,-5.0481233444658296,4.461710677969334e-07,6.452365068323652e-06,ENSG00000138722,MMRN1,multimerin 1 [Source:HGNC Symbol;Acc:HGNC:7178]
Q13219,612.9483406217595,-3.3333291960926723,0.3814513120625566,-8.73854431924465,2.3613326701971238e-18,3.2345857582936255e-16,ENSG00000182752,PAPPA,pappalysin 1 [Source:HGNC Symbol;Acc:HGNC:8602]
Q13257,53.13760815414787,-0.5542582552975283,0.16603423376056206,-3.338216720395289,0.0008431795705958081,0.00454213049582803,ENSG00000164109,MAD2L1,mitotic arrest deficient 2 like 1 [Source:HGNC Symbol;Acc:HGNC:6763]
Q13291,212.71381701895413,-0.5645802150761652,0.21664460430266277,-2.6060202001958,0.009160105924606018,0.03260968136582101,ENSG00000117090,SLAMF1,signaling lymphocytic activation molecule family member 1 [Source:HGNC Symbol;Acc:HGNC:10903]
Q13310,25.96076745402948,-0.9072785765683739,0.21609084118105526,-4.198598013731621,2.685726027427575e-05,0.0002363567510330716,ENSG00000090621,PABPC4,poly(A) binding protein cytoplasmic 4 [Source:HGNC Symbol;Acc:HGNC:8557]
Q13323,69.95771277987554,-1.2099453107684992,0.20606466063001777,-5.871677885326081,4.314063532911075e-09,9.900349339731617e-08,ENSG00000100290,BIK,BCL2 interacting killer [Source:HGNC Symbol;Acc:HGNC:1051]
Q13415,38.82982092026397,-0.7279031847010135,0.17877344782229698,-4.07165154315622,4.668097672069483e-05,0.0003829993529011175,ENSG00000085840,ORC1,origin recognition complex subunit 1 [Source:HGNC Symbol;Acc:HGNC:8487]
Q13433,1243.4638490725808,-0.5889623801395807,0.08520106876231902,-6.912617279280597,4.757923482810921e-12,2.0696497927004352e-10,ENSG00000141424,SLC39A6,solute carrier family 39 member 6 [Source:HGNC Symbol;Acc:HGNC:18607]
Q13449,25.428362124660822,-1.8694625809533054,0.3444259530121844,-5.427763397629827,5.7064616707786976e-08,1.0182063566937975e-06,ENSG00000185565,LSAMP,limbic system associated membrane protein [Source:HGNC Symbol;Acc:HGNC:6705]
Q13451,8055.46453492254,-1.2976099452301337,0.39227273340285895,-3.3079279662741823,0.000939889817366824,0.004979209691861395,ENSG00000096060,FKBP5,FKBP prolyl isomerase 5 [Source:HGNC Symbol;Acc:HGNC:3721]
Q13519,21.040754472807475,-2.1919845801179814,0.3425106738904162,-6.399755532346682,1.5562592349362118e-10,4.8752473248981845e-09,ENSG00000168081,PNOC,prepronociceptin [Source:HGNC Symbol;Acc:HGNC:9163]
Q13608,756.8430045457137,-0.631394289949846,0.1537369784730273,-4.106977359780895,4.0087050490164334e-05,0.00033513260481807586,ENSG00000124587,PEX6,peroxisomal biogenesis factor 6 [Source:HGNC Symbol;Acc:HGNC:8859]
Q13636,5116.265203507237,-0.6161876129895133,0.12883539282331644,-4.782751070853231,1.7291220640573629e-06,2.160569858397795e-05,ENSG00000168461,RAB31,"RAB31, member RAS oncogene family [Source:HGNC Symbol;Acc:HGNC:9771]"
Q13639,24.228249350712975,-1.6324402348759997,0.2645646312856473,-6.1702890025139965,6.816528375342884e-10,1.858241245856761e-08,ENSG00000164270,HTR4,5-hydroxytryptamine receptor 4 [Source:HGNC Symbol;Acc:HGNC:5299]
Q13641,551.8465821027739,-1.3020793162942856,0.12836887510213002,-10.143263429381568,3.5503658463634655e-24,1.2234338808703104e-21,ENSG00000146242,TPBG,trophoblast glycoprotein [Source:HGNC Symbol;Acc:HGNC:12004]
Q13797,1028.3778561467107,-0.728039100782879,0.14468033788786722,-5.032052809740721,4.85255542540368e-07,6.971873443117443e-06,ENSG00000144668,ITGA9,integrin subunit alpha 9 [Source:HGNC Symbol;Acc:HGNC:6145]
Q13835,396.05889482893053,-1.613957713441096,0.34227465060268847,-4.715387805083392,2.41250802731523e-06,2.893173030691141e-05,ENSG00000081277,PKP1,plakophilin 1 [Source:HGNC Symbol;Acc:HGNC:9023]
Q13875,14.554063558909307,-1.0932355120243553,0.3561678259169908,-3.0694392712472216,0.002144610020783909,0.00990517893159546,ENSG00000168314,MOBP,myelin associated oligodendrocyte basic protein [Source:HGNC Symbol;Acc:HGNC:7189]
Q14032,18.6458610377165,-3.363927682848695,0.3804571251582186,-8.841804924667285,9.418456026868869e-19,1.394057914205141e-16,ENSG00000136881,BAAT,bile acid-CoA:amino acid N-acyltransferase [Source:HGNC Symbol;Acc:HGNC:932]
Q14088,32.8711548038195,-0.8481903556936011,0.20434550094288756,-4.15076599083364,3.313644253175344e-05,0.0002832523657346086,ENSG00000134594,RAB33A,"RAB33A, member RAS oncogene family [Source:HGNC Symbol;Acc:HGNC:9773]"
Q14112,102.62782490333773,-0.9596239639882713,0.2814621971116747,-3.40942397890657,0.0006510021889762484,0.0036550001689353096,ENSG00000087303,NID2,nidogen 2 [Source:HGNC Symbol;Acc:HGNC:13389]
Q14146,347.5280240714433,-0.6923837021546164,0.183861530279259,-3.765788858076978,0.00016602405343956432,0.001143145324557025,ENSG00000135763,URB2,URB2 ribosome biogenesis homolog [Source:HGNC Symbol;Acc:HGNC:28967]
Q14152,6137.4969945081275,-0.5639401718852258,0.12218799353209785,-4.615348493606969,3.9243624123728144e-06,4.433805770618343e-05,ENSG00000107581,EIF3A,eukaryotic translation initiation factor 3 subunit A [Source:HGNC Symbol;Acc:HGNC:3271]
Q14165,2635.347400402875,-0.5676086490516093,0.07345758218732648,-7.727026021685996,1.1008814957901293e-14,7.707568415287463e-13,ENSG00000110917,MLEC,malectin [Source:HGNC Symbol;Acc:HGNC:28973]
Q14166,149.59817089740386,-0.7229232903312348,0.18220054479235928,-3.967733966740319,7.255926528163083e-05,0.0005612844744023453,ENSG00000100304,TTLL12,tubulin tyrosine ligase like 12 [Source:HGNC Symbol;Acc:HGNC:28974]
Q14195,4491.8218802061765,-0.6708475766826134,0.1424027400875936,-4.710917614857461,2.466039170392804e-06,2.950951050669718e-05,ENSG00000113657,DPYSL3,dihydropyrimidinase like 3 [Source:HGNC Symbol;Acc:HGNC:3015]
Q14206,1448.4752791473977,-0.8069406069806031,0.13796835857477124,-5.848736734396138,4.953203160673606e-09,1.1289754958671116e-07,ENSG00000172348,RCAN2,regulator of calcineurin 2 [Source:HGNC Symbol;Acc:HGNC:3041]
Q14209,58.94856110555049,-1.0787403193786018,0.2156521126447236,-5.002224676350722,5.667248638967601e-07,8.001632617400222e-06,ENSG00000007968,E2F2,E2F transcription factor 2 [Source:HGNC Symbol;Acc:HGNC:3114]
Q14249,53.58745744853197,-0.7766428744335,0.18772757825660713,-4.137073953896626,3.517627625634482e-05,0.00029918148729557605,ENSG00000167136,ENDOG,endonuclease G [Source:HGNC Symbol;Acc:HGNC:3346]
Q14315,1595.0918464721026,-2.4371532680741876,0.3005145490097287,-8.109934364593071,5.064711229373773e-16,4.835374088857541e-14,ENSG00000128591,FLNC,filamin C [Source:HGNC Symbol;Acc:HGNC:3756]
Q14324,10.27407208908886,-2.1314709922794473,0.38204461773317266,-5.579115352877731,2.4174489122185253e-08,4.680809333631901e-07,ENSG00000086967,MYBPC2,myosin binding protein C2 [Source:HGNC Symbol;Acc:HGNC:7550]
Q14432,653.4548466998732,-1.0735291244122918,0.174098532227784,-6.166215824311066,6.994360475837583e-10,1.904365752273112e-08,ENSG00000172572,PDE3A,phosphodiesterase 3A [Source:HGNC Symbol;Acc:HGNC:8778]
Q14439,294.12922611648276,-0.9533135067271002,0.19283537412801657,-4.943665087579985,7.666736844920865e-07,1.0456708044377552e-05,ENSG00000166073,GPR176,G protein-coupled receptor 176 [Source:HGNC Symbol;Acc:HGNC:32370]
Q14500,135.79239295449938,-0.6588345013816542,0.24650421456224408,-2.6727109009135983,0.00752410621019042,0.02776717509363111,ENSG00000184185,KCNJ12,potassium inwardly rectifying channel subfamily J member 12 [Source:HGNC Symbol;Acc:HGNC:6258]
Q14512,260.36155444733635,-1.2321398423882042,0.46567592972486316,-2.6459169644353175,0.008146981211409584,0.029614887693493814,ENSG00000137440,FGFBP1,fibroblast growth factor binding protein 1 [Source:HGNC Symbol;Acc:HGNC:19695]
Q14515,24740.682690353013,-0.7618626669831022,0.170584000847482,-4.466202358943841,7.962030326745563e-06,8.216874909969427e-05,ENSG00000152583,SPARCL1,SPARC like 1 [Source:HGNC Symbol;Acc:HGNC:11220]
Q14517,1390.269532497542,-1.42260987751976,0.27792995502571194,-5.118591399722103,3.078260499098333e-07,4.621372161137824e-06,ENSG00000083857,FAT1,FAT atypical cadherin 1 [Source:HGNC Symbol;Acc:HGNC:3595]
Q14520,79.49039264893595,-1.5036951924671902,0.4762587558967359,-3.157307186165889,0.0015923350426400669,0.0077505045801301185,ENSG00000148702,HABP2,hyaluronan binding protein 2 [Source:HGNC Symbol;Acc:HGNC:4798]
Q14563,357.31905974010664,-0.7060994883749406,0.14616966061454026,-4.830684325367457,1.3606458366688399e-06,1.7415950831047356e-05,ENSG00000075213,SEMA3A,semaphorin 3A [Source:HGNC Symbol;Acc:HGNC:10723]
Q14574,304.3228761371374,-3.4543205507274446,0.5558087906033486,-6.214944076321043,5.13429323295991e-10,1.4387764035539753e-08,ENSG00000134762,DSC3,desmocollin 3 [Source:HGNC Symbol;Acc:HGNC:3037]
Q14592,133.96401298204813,-0.510929713119923,0.19342584169592839,-2.6414759715670297,0.008254566219818696,0.029941809771691037,ENSG00000197714,ZNF460,zinc finger protein 460 [Source:HGNC Symbol;Acc:HGNC:21628]
Q14627,169.84126478162503,-3.826139898272411,0.3664699371452855,-10.440528704965924,1.6190644208134023e-25,7.762357986221472e-23,ENSG00000123496,IL13RA2,interleukin 13 receptor subunit alpha 2 [Source:HGNC Symbol;Acc:HGNC:5975]
Q14677,553.8252761404343,-0.6873970583350636,0.20480948871623017,-3.356275447215599,0.0007899984503512994,0.004301882919517915,ENSG00000113282,CLINT1,clathrin interactor 1 [Source:HGNC Symbol;Acc:HGNC:23186]
Q14684,147.48824595397082,-0.656799947719793,0.19320649932521797,-3.3994712911506353,0.0006751626734688137,0.0037696297723243586,ENSG00000160208,RRP1B,ribosomal RNA processing 1B [Source:HGNC Symbol;Acc:HGNC:23818]
Q14703,325.13191727021575,-0.7344415456819291,0.19708567798940793,-3.7265089638903164,0.00019415017062776352,0.0013065979392956558,ENSG00000140943,MBTPS1,"membrane bound transcription factor peptidase, site 1 [Source:HGNC Symbol;Acc:HGNC:15456]"
Q14714,790.7389044551516,-0.5583158172992422,0.15284374578925428,-3.652853536245215,0.000259342171014107,0.0016723778478202093,ENSG00000123096,SSPN,sarcospan [Source:HGNC Symbol;Acc:HGNC:11322]
Q14766,35.98866852194149,-1.1797610764439774,0.29373514312616594,-4.016411056191677,5.9091151135723274e-05,0.00047008016985706775,ENSG00000049323,LTBP1,latent transforming growth factor beta binding protein 1 [Source:HGNC Symbol;Acc:HGNC:6714]
Q14865,11.476219700554722,-1.0842965025429325,0.4041891692041259,-2.6826461101814805,0.007304223745507828,0.02713735688737022,ENSG00000150347,ARID5B,AT-rich interaction domain 5B [Source:HGNC Symbol;Acc:HGNC:17362]
Q14934,247.494498793268,-0.6759080310082322,0.14340062785849514,-4.713424488456247,2.4358801776248196e-06,2.919614208550966e-05,ENSG00000100968,NFATC4,nuclear factor of activated T cells 4 [Source:HGNC Symbol;Acc:HGNC:7778]
Q14993,11.760316032711648,-1.255862927439469,0.34215754468425186,-3.6704230169713137,0.00024214939292172759,0.0015730081624435288,ENSG00000082293,COL19A1,collagen type XIX alpha 1 chain [Source:HGNC Symbol;Acc:HGNC:2196]
Q14CN2,37.384292714939534,-4.201736247365066,0.5967466447007636,-7.041072261867531,1.907660341631928e-12,8.894617584429291e-11,ENSG00000016602,CLCA4,chloride channel accessory 4 [Source:HGNC Symbol;Acc:HGNC:2018]
Q15035,1979.6542758760788,-0.9585330139637379,0.14847150322183694,-6.456006662312546,1.075018782202315e-10,3.5280452712336095e-09,ENSG00000065308,TRAM2,translocation associated membrane protein 2 [Source:HGNC Symbol;Acc:HGNC:16855]
Q15043,1292.9001651210904,-1.3408859265871187,0.2562120587648453,-5.233500456814177,1.6632959535902783e-07,2.6658669302674416e-06,ENSG00000104635,SLC39A14,solute carrier family 39 member 14 [Source:HGNC Symbol;Acc:HGNC:20858]
Q15050,302.15392749044844,-0.7423919285026145,0.15790535582583012,-4.701499354597408,2.5825808067518566e-06,3.0803805901625446e-05,ENSG00000179041,RRS1,ribosome biogenesis regulator 1 homolog [Source:HGNC Symbol;Acc:HGNC:17083]
Q15058,48.92773686968009,-1.0157396551494111,0.2312035765159146,-4.393269647710203,1.1165849173662601e-05,0.00011077446589111785,ENSG00000118193,KIF14,kinesin family member 14 [Source:HGNC Symbol;Acc:HGNC:19181]
Q15077,109.13801554935438,-1.4676404711493023,0.16250996086863456,-9.031080084596624,1.6998563188689483e-19,2.8400478224496804e-17,ENSG00000171631,P2RY6,pyrimidinergic receptor P2Y6 [Source:HGNC Symbol;Acc:HGNC:8543]
Q15084,1943.0044348675192,-1.0183106137799036,0.16090535325520292,-6.328631044144433,2.4734574575357456e-10,7.462329790491564e-09,ENSG00000143870,PDIA6,protein disulfide isomerase family A member 6 [Source:HGNC Symbol;Acc:HGNC:30168]
Q15118,694.8655441208604,-1.5264432883113446,0.2304745065284306,-6.623046129065243,3.518711525927398e-11,1.2912090514609456e-09,ENSG00000152256,PDK1,pyruvate dehydrogenase kinase 1 [Source:HGNC Symbol;Acc:HGNC:8809]
Q15124,41.465854413664815,-0.8790837188208833,0.2578826164314462,-3.408852178504917,0.0006523681900600297,0.0036599664369330698,ENSG00000154330,PGM5,phosphoglucomutase 5 [Source:HGNC Symbol;Acc:HGNC:8908]
Q15198,76.0933697188018,-0.5678447386145052,0.22445114838681984,-2.5299257441796636,0.01140866686777291,0.038876195782117394,ENSG00000104213,PDGFRL,platelet derived growth factor receptor like [Source:HGNC Symbol;Acc:HGNC:8805]
Q15223,516.8398548376406,-1.655485129923591,0.1722338635434626,-9.611844592372135,7.126075768185425e-22,1.6542997367532775e-19,ENSG00000110400,NECTIN1,nectin cell adhesion molecule 1 [Source:HGNC Symbol;Acc:HGNC:9706]
Q15306,495.4943283285001,-1.632683614168301,0.3313584575292569,-4.927242920981261,8.339804392290504e-07,1.1256183969863817e-05,ENSG00000137265,IRF4,interferon regulatory factor 4 [Source:HGNC Symbol;Acc:HGNC:6119]
Q15334,47.962593926601706,-0.6261900553091876,0.19114848785919505,-3.2759351764815188,0.001053127297396022,0.005482924791494775,ENSG00000131899,LLGL1,LLGL scribble cell polarity complex component 1 [Source:HGNC Symbol;Acc:HGNC:6628]
Q15397,564.6082766227986,-0.818023139328534,0.14658001809652665,-5.580727509460703,2.395146299341232e-08,4.6457833320731336e-07,ENSG00000080608,PUM3,pumilio RNA binding family member 3 [Source:HGNC Symbol;Acc:HGNC:29676]
Q15398,39.29878325156314,-1.2577886117451078,0.24486106296212967,-5.136744064284479,2.795392398609528e-07,4.239998896763035e-06,ENSG00000126787,DLGAP5,DLG associated protein 5 [Source:HGNC Symbol;Acc:HGNC:16864]
Q15475,41.66372554367731,-2.1209778021201724,0.4290297029688222,-4.943661913017489,7.666861751953614e-07,1.0456708044377552e-05,ENSG00000126778,SIX1,SIX homeobox 1 [Source:HGNC Symbol;Acc:HGNC:10887]
Q15506,159.07342969962406,-0.9733854692634984,0.25908682427675134,-3.756985605040833,0.00017197238484999673,0.0011774849349524459,ENSG00000064199,SPA17,sperm autoantigenic protein 17 [Source:HGNC Symbol;Acc:HGNC:11210]
Q15645,24.31374287751276,-1.306563369150241,0.3251067120184168,-4.018875405673649,5.8476581439457705e-05,0.00046591131758157525,ENSG00000071539,TRIP13,thyroid hormone receptor interactor 13 [Source:HGNC Symbol;Acc:HGNC:12307]
Q15672,27.083379025418683,-2.1112751961122624,0.35145899240248685,-6.00717364401493,1.8878529760924557e-09,4.6467309748597115e-08,ENSG00000122691,TWIST1,twist family bHLH transcription factor 1 [Source:HGNC Symbol;Acc:HGNC:12428]
Q15758,86.94602791729403,-0.9569652946580443,0.22855560636969457,-4.187012998097838,2.8264964463135806e-05,0.0002466780871665995,ENSG00000105281,SLC1A5,solute carrier family 1 member 5 [Source:HGNC Symbol;Acc:HGNC:10943]
Q15768,167.15675157871542,-1.5068240526993735,0.346864798366852,-4.3441250302537835,1.3983186272847675e-05,0.00013496069586931404,ENSG00000108947,EFNB3,ephrin B3 [Source:HGNC Symbol;Acc:HGNC:3228]
Q15771,723.6953983298895,-0.5346714191229899,0.1757587890359552,-3.042075005498652,0.0023495334075875093,0.010686040373465648,ENSG00000137502,RAB30,"RAB30, member RAS oncogene family [Source:HGNC Symbol;Acc:HGNC:9770]"
Q15785,707.4232999283456,-0.8500527209681571,0.1420312878399813,-5.984968058065232,2.1643233125130337e-09,5.27425263360911e-08,ENSG00000025772,TOMM34,translocase of outer mitochondrial membrane 34 [Source:HGNC Symbol;Acc:HGNC:15746]
Q16222,640.7743102136485,-0.9304599743546756,0.20634580407817368,-4.5092265312173385,6.5064405147855895e-06,6.875564883233416e-05,ENSG00000117143,UAP1,UDP-N-acetylglucosamine pyrophosphorylase 1 [Source:HGNC Symbol;Acc:HGNC:12457]
Q16270,1259.5631050442207,-1.4516833643774536,0.2328728735062957,-6.233801913120669,4.552486836706343e-10,1.295490899312538e-08,ENSG00000163453,IGFBP7,insulin like growth factor binding protein 7 [Source:HGNC Symbol;Acc:HGNC:5476]
Q16558,304.5290567818504,-1.2213795967420455,0.1961742987098469,-6.225991910125477,4.785187578073263e-10,1.351248743237231e-08,ENSG00000145936,KCNMB1,potassium calcium-activated channel subfamily M regulatory beta subunit 1 [Source:HGNC Symbol;Acc:HGNC:6285]
Q16611,524.3548630282237,-0.5604781441552432,0.14749919188322028,-3.7998726433633028,0.00014477046860418997,0.0010155114232178134,ENSG00000030110,BAK1,BCL2 antagonist/killer 1 [Source:HGNC Symbol;Acc:HGNC:949]
Q16633,860.3368700714407,-2.8232492868281067,0.35747355663576713,-7.8977849813510534,2.839033499348156e-15,2.2851111238913956e-13,ENSG00000110777,POU2AF1,POU class 2 homeobox associating factor 1 [Source:HGNC Symbol;Acc:HGNC:9211]
Q16647,1871.8138809582374,-0.6724549945733242,0.21432865439705334,-3.1374945942952244,0.0017039841622027182,0.008198007572691698,ENSG00000124212,PTGIS,prostaglandin I2 synthase [Source:HGNC Symbol;Acc:HGNC:9603]
Q16678,2636.450984794707,-2.6812058421200264,0.3257997016214515,-8.229614173297602,1.8781740517931406e-16,1.891381303116252e-14,ENSG00000138061,CYP1B1,cytochrome P450 family 1 subfamily B member 1 [Source:HGNC Symbol;Acc:HGNC:2597]
Q16696,33.40408421214657,-2.5958473525586747,0.5350904499405331,-4.8512309514160865,1.2269756977572243e-06,1.5852209747122333e-05,ENSG00000197838,CYP2A13,cytochrome P450 family 2 subfamily A member 13 [Source:HGNC Symbol;Acc:HGNC:2608]
Q16706,393.81264956776715,-0.6384472329081737,0.250708888595205,-2.546567999585414,0.010878801415601077,0.037382531383556586,ENSG00000112893,MAN2A1,mannosidase alpha class 2A member 1 [Source:HGNC Symbol;Acc:HGNC:6824]
Q16739,2923.877279432154,-0.8546347109683736,0.16645208690406504,-5.134418719910335,2.8301737040932517e-07,4.283915639675537e-06,ENSG00000148154,UGCG,UDP-glucose ceramide glucosyltransferase [Source:HGNC Symbol;Acc:HGNC:12524]
Q16769,36.42355410709412,-0.7537465249856028,0.2218996360532921,-3.39679027145669,0.0006818120153646665,0.0037991319993914557,ENSG00000115828,QPCT,glutaminyl-peptide cyclotransferase [Source:HGNC Symbol;Acc:HGNC:9753]
Q16880,72.27108746937805,-0.8713135866362441,0.21947708264280882,-3.9699524713214642,7.188697021010145e-05,0.0005566696773221831,ENSG00000174607,UGT8,UDP glycosyltransferase 8 [Source:HGNC Symbol;Acc:HGNC:12555]
Q17RD7,24.212342180293465,-2.2986136312422296,0.2896572519823663,-7.935632943801332,2.09424527156917e-15,1.7106105636735732e-13,ENSG00000139973,SYT16,synaptotagmin 16 [Source:HGNC Symbol;Acc:HGNC:23142]
Q17RR3,10.094246412327578,-5.860236477977257,0.9978317303774269,-5.872970661857626,4.280542506891228e-09,9.83365462989366e-08,ENSG00000203837,PNLIPRP3,pancreatic lipase related protein 3 [Source:HGNC Symbol;Acc:HGNC:23492]
Q17RW2,30.044890440752326,-0.8462809671452807,0.23038205419573043,-3.6733805942466695,0.00023936255529438794,0.0015571981694579445,ENSG00000171502,COL24A1,collagen type XXIV alpha 1 chain [Source:HGNC Symbol;Acc:HGNC:20821]
Q2I0M4,13.130334654070738,-2.612212970713904,0.5436804917243729,-4.8046840202576275,1.5499608912214524e-06,1.9589018621775307e-05,ENSG00000184709,LRRC26,leucine rich repeat containing 26 [Source:HGNC Symbol;Acc:HGNC:31409]
Q2I0M5,250.40586769362898,-0.8663820985052174,0.27646513584748644,-3.1337842865769594,0.0017256766595932429,0.008282496855423151,ENSG00000101282,RSPO4,R-spondin 4 [Source:HGNC Symbol;Acc:HGNC:16175]
Q2KJY2,21.46833495211041,-3.642796496466999,0.38208963767701853,-9.533879323747234,1.5151312142264104e-21,3.2759513527989467e-19,ENSG00000162849,KIF26B,kinesin family member 26B [Source:HGNC Symbol;Acc:HGNC:25484]
Q2L4T1,89.86490104947546,-2.314834574506975,0.3576354240715808,-6.472609866643582,9.63244326415616e-11,3.1801482596961072e-09,ENSG00000198807,PAX9,paired box 9 [Source:HGNC Symbol;Acc:HGNC:8623]
Q2M329,212.1853049392841,-1.171812215802941,0.31539808882249376,-3.7153434257568936,0.00020292789208865494,0.001356584338321672,ENSG00000173013,CCDC96,coiled-coil domain containing 96 [Source:HGNC Symbol;Acc:HGNC:26900]
Q2M3R5,69.9165450220856,-0.5366303299118502,0.14981718023150864,-3.5819011483369874,0.0003411028685563304,0.0021064282066687503,ENSG00000176273,SLC35G1,solute carrier family 35 member G1 [Source:HGNC Symbol;Acc:HGNC:26607]
Q2M3V2,24.947586913013186,-1.5763008861350798,0.4036053644356227,-3.9055498886623656,9.401135990655954e-05,0.0007013959849050285,ENSG00000198944,SOWAHA,sosondowah ankyrin repeat domain family member A [Source:HGNC Symbol;Acc:HGNC:27033]
Q2NL82,263.5785439089207,-0.5564368348836883,0.11494435971792408,-4.840923349777198,1.2923721828141132e-06,1.6638631710322506e-05,ENSG00000167721,TSR1,TSR1 ribosome maturation factor [Source:HGNC Symbol;Acc:HGNC:25542]
Q2QL34,26.309391004960716,-0.6782412323877076,0.1944836253835953,-3.487395049583014,0.0004877503121258766,0.0028578228968183005,ENSG00000156968,MPV17L,MPV17 mitochondrial inner membrane protein like [Source:HGNC Symbol;Acc:HGNC:26827]
Q2T9J0,48.199922367570736,-0.7262814774580002,0.20336306406930188,-3.571353926937778,0.00035514059938621844,0.0021804762747393265,ENSG00000156521,TYSND1,trypsin like peroxisomal matrix peptidase 1 [Source:HGNC Symbol;Acc:HGNC:28531]
Q2TAC6,169.5360083024346,-1.3760690398359343,0.40550031391137814,-3.393509185141281,0.0006900324441459437,0.0038362237972567703,ENSG00000196169,KIF19,kinesin family member 19 [Source:HGNC Symbol;Acc:HGNC:26735]
Q2TAL5,112.4784638825458,-0.6713916813090132,0.20215936944034849,-3.3211009866506425,0.0008966308804162742,0.00479493148319605,ENSG00000188176,SMTNL2,smoothelin like 2 [Source:HGNC Symbol;Acc:HGNC:24764]
Q2TB90,128.3158318232369,-0.6184668330490932,0.21228293406798177,-2.913408163329015,0.0035750697606870816,0.015063925965264213,ENSG00000156510,HKDC1,hexokinase domain containing 1 [Source:HGNC Symbol;Acc:HGNC:23302]
Q2TBF2,36.86496480028229,-1.570166859581403,0.25182946391953065,-6.235040313166583,4.516617638087214e-10,1.286944255689605e-08,ENSG00000075035,WSCD2,WSC domain containing 2 [Source:HGNC Symbol;Acc:HGNC:29117]
Q2UY09,50.74121234644263,-0.9282461516053161,0.33282234090093293,-2.789013949882696,0.005286878774074274,0.02081342814770333,ENSG00000215018,COL28A1,collagen type XXVIII alpha 1 chain [Source:HGNC Symbol;Acc:HGNC:22442]
Q2WGJ9,35.39464712441471,-1.997062256482684,0.5536343287746832,-3.607186463495915,0.00030953522461033456,0.0019428799742679552,ENSG00000214814,FER1L6,fer-1 like family member 6 [Source:HGNC Symbol;Acc:HGNC:28065]
Q32MQ0,63.799964218303735,-1.0352122656868064,0.20588985499060083,-5.02799064934047,4.956460387668866e-07,7.107267710640388e-06,ENSG00000141579,ZNF750,zinc finger protein 750 [Source:HGNC Symbol;Acc:HGNC:25843]
Q3B7T3,27.677766963771866,-0.9535049496468179,0.17041063054514108,-5.595337254469218,2.20193314384688e-08,4.30509162716304e-07,ENSG00000166546,BEAN1,brain expressed associated with NEDD4 1 [Source:HGNC Symbol;Acc:HGNC:24160]
Q3KP66,46.357342554408774,-1.3654257698107835,0.22564269170425602,-6.051274071842802,1.4370471953397892e-09,3.638649695295489e-08,ENSG00000163362,INAVA,innate immunity activator [Source:HGNC Symbol;Acc:HGNC:25599]
Q3SXP7,95.72348804756,-2.35478963284919,0.36233378077771305,-6.498951402750445,8.088178182390275e-11,2.7274721962451854e-09,ENSG00000138944,SHISAL1,shisa like 1 [Source:HGNC Symbol;Acc:HGNC:29335]
Q3YBM2,1880.6534948615806,-1.095438929688073,0.14391382436226854,-7.61176999181516,2.7036740031979065e-14,1.8123655460950344e-12,ENSG00000106565,TMEM176B,transmembrane protein 176B [Source:HGNC Symbol;Acc:HGNC:29596]
Q494U1,22.427831091101407,-1.1047117565427276,0.23492839459942846,-4.702333910834187,2.572044209400933e-06,3.0727986454023934e-05,ENSG00000187583,PLEKHN1,pleckstrin homology domain containing N1 [Source:HGNC Symbol;Acc:HGNC:25284]
Q494V2,42.482829023051465,-1.140891633879782,0.43393805312426703,-2.629157838695157,0.008559662167662435,0.030835476877756833,ENSG00000163885,CFAP100,cilia and flagella associated protein 100 [Source:HGNC Symbol;Acc:HGNC:26842]
Q495A1,167.64259315013027,-0.789765243870715,0.21921097807573603,-3.6027631955451427,0.00031485233886638706,0.0019709774287139654,ENSG00000181847,TIGIT,T cell immunoreceptor with Ig and ITIM domains [Source:HGNC Symbol;Acc:HGNC:26838]
Q49A92,81.89816445248884,-0.8506774678179014,0.2035611907761347,-4.178976673178481,2.9282371531664814e-05,0.0002541493198580621,ENSG00000165084,C8orf34,chromosome 8 open reading frame 34 [Source:HGNC Symbol;Acc:HGNC:30905]
Q49MG5,573.6875526564806,-0.5450098747927445,0.15667477276925282,-3.478606447991619,0.0005040282103428468,0.0029341967448726965,ENSG00000164114,MAP9,microtubule associated protein 9 [Source:HGNC Symbol;Acc:HGNC:26118]
Q4G0N7,518.7455505348461,-0.9540121487983286,0.23224394773996007,-4.107801981847644,3.9944233417031176e-05,0.00033406527257459444,ENSG00000203778,FAM229B,family with sequence similarity 229 member B [Source:HGNC Symbol;Acc:HGNC:33858]
Q4G0P3,286.47709689861705,-1.1213058276237062,0.4414110189472502,-2.540276022782533,0.011076501366649057,0.03794953567501605,ENSG00000157423,HYDIN,HYDIN axonemal central pair apparatus protein [Source:HGNC Symbol;Acc:HGNC:19368]
Q4JM46,365.46875311013497,-1.7785864387515546,0.2469930024980741,-7.200958815687189,5.979060675025139e-13,3.0313150374024e-11,ENSG00000106541,AGR2,"anterior gradient 2, protein disulphide isomerase family member [Source:HGNC Symbol;Acc:HGNC:328]"
Q4KMP7,131.51306306096635,-0.628787624935104,0.1737741242502282,-3.6184191843756524,0.00029640802752945014,0.0018768253342332738,ENSG00000169221,TBC1D10B,TBC1 domain family member 10B [Source:HGNC Symbol;Acc:HGNC:24510]
Q4KMR3,416.31040600829584,-0.9674633154827654,0.12096574933533126,-7.997828482844706,1.2663259838542418e-15,1.0909200487469316e-13,ENSG00000157483,MYO1E,myosin IE [Source:HGNC Symbol;Acc:HGNC:7599]
Q4LDG9,1056.045140591173,-0.5699484983675178,0.17714213116089028,-3.217464386548783,0.001293290817820921,0.0065104395563165005,ENSG00000119661,DNAL1,dynein axonemal light chain 1 [Source:HGNC Symbol;Acc:HGNC:23247]
Q4V9L6,1310.8350902354505,-0.990686348431979,0.2078153275602963,-4.767147640467172,1.8685238703006215e-06,2.3150800806522416e-05,ENSG00000183160,TMEM119,transmembrane protein 119 [Source:HGNC Symbol;Acc:HGNC:27884]
Q4VC05,350.30096876624583,-0.5190494455209144,0.12868233309682728,-4.033571921099337,5.493535636509669e-05,0.0004411500246477167,ENSG00000110987,BCL7A,BAF chromatin remodeling complex subunit BCL7A [Source:HGNC Symbol;Acc:HGNC:1004]
Q4VX76,583.5736348609089,-0.6099220365837799,0.18367429396417972,-3.320671735930164,0.0008980109125583791,0.004799983680456251,ENSG00000164674,SYTL3,synaptotagmin like 3 [Source:HGNC Symbol;Acc:HGNC:15587]
Q4W594,44.771582588379324,-0.8826759759938971,0.2340650357122662,-3.7710714601516218,0.0001625481127751745,0.0011234208960024124,ENSG00000184160,ADRA2C,adrenoceptor alpha 2C [Source:HGNC Symbol;Acc:HGNC:283]
Q4ZG55,72.46313606035483,-1.5114703078545455,0.23938643092526157,-6.313934762352671,2.72028648392935e-10,8.129159636392669e-09,ENSG00000196208,GREB1,growth regulating estrogen receptor binding 1 [Source:HGNC Symbol;Acc:HGNC:24885]
Q52M88,270.39734810644075,-1.0262028592081562,0.19767936630373895,-5.191249235549306,2.0888778258618596e-07,3.2765370961278416e-06,ENSG00000106952,TNFSF8,TNF superfamily member 8 [Source:HGNC Symbol;Acc:HGNC:11938]
Q52MB2,52.69019259913912,-1.4225950346823553,0.28288772826484493,-5.028832616416978,4.934749174265782e-07,7.080738990843042e-06,ENSG00000177875,CCDC184,coiled-coil domain containing 184 [Source:HGNC Symbol;Acc:HGNC:33749]
Q52WX2,86.3036840274295,-0.6429994188964331,0.14246801101494147,-4.5132897856557985,6.382971322496471e-06,6.768821458120043e-05,ENSG00000188322,SBK1,SH3 domain binding kinase 1 [Source:HGNC Symbol;Acc:HGNC:17699]
Q53EP0,2821.9885434043417,-0.5429263755426945,0.10542946447741217,-5.149664548082897,2.6095275091778655e-07,3.991020782760655e-06,ENSG00000075420,FNDC3B,fibronectin type III domain containing 3B [Source:HGNC Symbol;Acc:HGNC:24670]
Q53EZ4,87.36742757550638,-1.106684051616313,0.2198916911563949,-5.032859794730487,4.832165385726632e-07,6.951635708859436e-06,ENSG00000138180,CEP55,centrosomal protein 55 [Source:HGNC Symbol;Acc:HGNC:1161]
Q53HL2,68.17979223806665,-0.8728493308233038,0.16915851433032647,-5.159949141660325,2.4701693646736425e-07,3.7910309790196597e-06,ENSG00000134690,CDCA8,cell division cycle associated 8 [Source:HGNC Symbol;Acc:HGNC:14629]
Q53S58,59.585662048238554,-0.7789637522072045,0.12130467741433926,-6.421547534778938,1.3489587568451269e-10,4.299330315666927e-09,ENSG00000144120,TMEM177,transmembrane protein 177 [Source:HGNC Symbol;Acc:HGNC:28143]
Q53SB5,712.9371815881346,-2.510527410860757,0.34230178828427454,-7.334251519527021,2.22964020911889e-13,1.226246513015162e-11,ENSG00000175084,DES,desmin [Source:HGNC Symbol;Acc:HGNC:2770]
Q53X90,407.1336965819636,-3.228858818472952,0.6130272358119806,-5.2670723743557515,1.3861656858483715e-07,2.261131511516271e-06,ENSG00000156234,CXCL13,C-X-C motif chemokine ligand 13 [Source:HGNC Symbol;Acc:HGNC:10639]
Q53XS6,15.051871989548568,-1.1420098861043997,0.26870247365481725,-4.250090706539076,2.1368396433533437e-05,0.00019433344946191605,ENSG00000163975,MELTF,melanotransferrin [Source:HGNC Symbol;Acc:HGNC:7037]
Q547U9,29.523520762447834,-0.889327915869812,0.2943376112961564,-3.021455232831215,0.0025156283592754594,0.011294720650541731,ENSG00000183454,GRIN2A,glutamate ionotropic receptor NMDA type subunit 2A [Source:HGNC Symbol;Acc:HGNC:4585]
Q562R1,11.730241170620626,-2.460230774991064,0.3267332974590412,-7.529782835492837,5.082478071520931e-14,3.2117183779175535e-12,ENSG00000169067,ACTBL2,actin beta like 2 [Source:HGNC Symbol;Acc:HGNC:17780]
Q569H4,17.429131547982553,-0.7560053109747675,0.23699945918699322,-3.189903105974083,0.00142320501831548,0.007059685891572109,ENSG00000184838,PRR16,proline rich 16 [Source:HGNC Symbol;Acc:HGNC:29654]
Q56NI9,20.968996103203878,-1.066681285065524,0.24885778703155106,-4.286308649567339,1.816665411018435e-05,0.00016912089056395343,ENSG00000171320,ESCO2,establishment of sister chromatid cohesion N-acetyltransferase 2 [Source:HGNC Symbol;Acc:HGNC:27230]
Q58DX5,231.8880984642473,-0.7800541024796627,0.12497686369548755,-6.24158807809663,4.3315041534570213e-10,1.240610293510924e-08,ENSG00000177694,NAALADL2,N-acetylated alpha-linked acidic dipeptidase like 2 [Source:HGNC Symbol;Acc:HGNC:23219]
Q58EX2,157.93318385151298,-1.6330762543018453,0.20235397972858157,-8.070393557331064,7.007192991876559e-16,6.439026426785235e-14,ENSG00000069188,SDK2,sidekick cell adhesion molecule 2 [Source:HGNC Symbol;Acc:HGNC:19308]
Q5BLP8,84.11909161343306,-0.9317465816666052,0.18727093650392065,-4.9753934009247525,6.511526046194469e-07,9.026096506773904e-06,ENSG00000243449,NICOL1,NELL2 interacting cell ontogeny regulator 1 [Source:HGNC Symbol;Acc:HGNC:34437]
Q5BN46,70.1226082061731,-1.279788634997825,0.3563840834009135,-3.591037576047215,0.0003293641411501656,0.002046139934908663,ENSG00000160345,PIERCE1,piercer of microtubule wall 1 [Source:HGNC Symbol;Acc:HGNC:28435]
Q5CZC0,35.254152044607174,-0.609064910582179,0.19482003642229084,-3.126295024716931,0.001770238620701467,0.008450398818387479,ENSG00000188738,FSIP2,fibrous sheath interacting protein 2 [Source:HGNC Symbol;Acc:HGNC:21675]
Q5FWE3,68.39420760818975,-1.1440645167815071,0.2164998241631119,-5.2843669559729705,1.2614018120676695e-07,2.074493330599581e-06,ENSG00000163704,PRRT3,proline rich transmembrane protein 3 [Source:HGNC Symbol;Acc:HGNC:26591]
Q5FYB1,163.9432062305782,-0.5310806163321108,0.2127682296497824,-2.4960522405354983,0.01255841050788215,0.0421814172008579,ENSG00000183876,ARSI,arylsulfatase family member I [Source:HGNC Symbol;Acc:HGNC:32521]
Q5I0G3,50.63532504805054,-1.0274207261897432,0.3715010985018799,-2.7655927003525247,0.005681945308367499,0.02208488224017216,ENSG00000138400,MDH1B,malate dehydrogenase 1B [Source:HGNC Symbol;Acc:HGNC:17836]
Q5JST6,191.12156477165013,-1.337808624639263,0.34622565586791076,-3.8639788876583228,0.00011155486768505434,0.0008098193060981528,ENSG00000183690,EFHC2,EF-hand domain containing 2 [Source:HGNC Symbol;Acc:HGNC:26233]
Q5JSZ5,797.4188924006337,-0.5733806609516862,0.16312217973013216,-3.5150380034173274,0.0004396910621887166,0.0026123239993291907,ENSG00000288701,PRRC2B,proline rich coiled-coil 2B [Source:HGNC Symbol;Acc:HGNC:28121]
Q5JTD7,69.4863686717663,-1.3315956135994869,0.35428489452376755,-3.758544702814462,0.00017090450729730685,0.0011716282262775272,ENSG00000204052,LRRC73,leucine rich repeat containing 73 [Source:HGNC Symbol;Acc:HGNC:21375]
Q5JTH9,66.60070217334795,-0.6434691489316394,0.19792392852976318,-3.251093254421112,0.0011496214264866767,0.005896221148776085,ENSG00000052749,RRP12,ribosomal RNA processing 12 homolog [Source:HGNC Symbol;Acc:HGNC:29100]
Q5JU00,94.75274361767339,-1.3616156793856589,0.4250930680492108,-3.203100172002879,0.001359566814092104,0.006792905871768749,ENSG00000146221,TCTE1,t-complex-associated-testis-expressed 1 [Source:HGNC Symbol;Acc:HGNC:11693]
Q5JVS0,137.44817007718868,-0.5734593395481608,0.1268729364570504,-4.519950082043627,6.185421417720976e-06,6.574134166092452e-05,ENSG00000130956,HABP4,hyaluronan binding protein 4 [Source:HGNC Symbol;Acc:HGNC:17062]
Q5JXM2,123.47850044485448,-1.301338925423233,0.19236948541589774,-6.764788722129047,1.3350387496041405e-11,5.402375152985268e-10,ENSG00000053328,METTL24,methyltransferase like 24 [Source:HGNC Symbol;Acc:HGNC:21566]
Q5JYT7,10.240586042985395,-1.0785743281267488,0.3062841756872556,-3.5214823805591347,0.0004291411850362038,0.0025579134310239025,ENSG00000149633,KIAA1755,KIAA1755 [Source:HGNC Symbol;Acc:HGNC:29372]
Q5JZY3,36.232314467103436,-2.381836177495246,0.2944915669146749,-8.087960556729124,6.06720455147335e-16,5.645828235366805e-14,ENSG00000183317,EPHA10,EPH receptor A10 [Source:HGNC Symbol;Acc:HGNC:19987]
Q5M775,101.75245961136983,-0.7311016352348229,0.12071554337683943,-6.056400151822475,1.3920147671404645e-09,3.53680802701795e-08,ENSG00000128487,SPECC1,sperm antigen with calponin homology and coiled-coil domains 1 [Source:HGNC Symbol;Acc:HGNC:30615]
Q5QJU3,118.0263457792598,-0.8798214407765936,0.1933027943784314,-4.551519514271251,5.3259856774706055e-06,5.7691202421874625e-05,ENSG00000177076,ACER2,alkaline ceramidase 2 [Source:HGNC Symbol;Acc:HGNC:23675]
Q5R352,1596.0101777134569,-1.1270808202436617,0.32054732323081175,-3.516113654869305,0.0004379134797713979,0.0026031654670831293,ENSG00000198523,PLN,phospholamban [Source:HGNC Symbol;Acc:HGNC:9080]
Q5RHP9,230.66443337604485,-1.7859084916507826,0.47060247116518716,-3.7949407431477495,0.00014767872313495582,0.0010336104601771868,ENSG00000178965,ERICH3,glutamate rich 3 [Source:HGNC Symbol;Acc:HGNC:25346]
Q5SXH7,19.718790983866388,-2.014849326785868,0.5703788464044233,-3.532475545836166,0.0004116883000094166,0.0024732698906041062,ENSG00000148735,PLEKHS1,pleckstrin homology domain containing S1 [Source:HGNC Symbol;Acc:HGNC:26285]
Q5SZJ8,43.15611405901429,-1.7443333121613303,0.208893180613396,-8.350360251298067,6.805507152041577e-17,7.504432736556246e-15,ENSG00000151917,BEND6,BEN domain containing 6 [Source:HGNC Symbol;Acc:HGNC:20871]
Q5T088,18.5858266310658,-0.6818294695108925,0.23945941380468494,-2.847369659340379,0.004408214161598832,0.017881570387253614,ENSG00000116151,MORN1,MORN repeat containing 1 [Source:HGNC Symbol;Acc:HGNC:25852]
Q5T0W9,34.04526093943534,-3.1592309355343446,0.35100557766550256,-9.000514910748779,2.246614972284157e-19,3.643150485202559e-17,ENSG00000168143,FAM83B,family with sequence similarity 83 member B [Source:HGNC Symbol;Acc:HGNC:21357]
Q5T3L8,10.918146768773024,-0.763584366335304,0.1900894548387396,-4.016973834677378,5.8950266534716433e-05,0.0004693462737027568,ENSG00000188690,UROS,uroporphyrinogen III synthase [Source:HGNC Symbol;Acc:HGNC:12592]
Q5T4B2,305.0750184051252,-1.7307383916339956,0.21199212171508994,-8.16416373227326,3.2366963810198154e-16,3.144585990617225e-14,ENSG00000167123,CERCAM,cerebral endothelial cell adhesion molecule [Source:HGNC Symbol;Acc:HGNC:23723]
Q5T4F7,221.34493507059705,-0.994468460064227,0.3971020526868345,-2.5043145794275,0.012268889451900444,0.041371878540646015,ENSG00000120057,SFRP5,secreted frizzled related protein 5 [Source:HGNC Symbol;Acc:HGNC:10779]
Q5T4W7,21.44319742434641,-1.1802008129277755,0.24181027019026646,-4.880689360295341,1.0571565054407232e-06,1.3844732524340683e-05,ENSG00000117407,ARTN,artemin [Source:HGNC Symbol;Acc:HGNC:727]
Q5T5N4,133.82411695252432,-1.7018078150184142,0.4608158469278704,-3.693032317277906,0.0002215958495912599,0.0014627581163979783,ENSG00000112539,C6orf118,chromosome 6 open reading frame 118 [Source:HGNC Symbol;Acc:HGNC:21233]
Q5T5P2,45.33458937840245,-0.6999598756150546,0.181951086621497,-3.846967273524138,0.00011958893614983905,0.0008585333326329917,ENSG00000120549,KIAA1217,KIAA1217 [Source:HGNC Symbol;Acc:HGNC:25428]
Q5T601,148.23823778367264,-1.7519613786946786,0.3275581161648092,-5.3485512714732675,8.866106053357368e-08,1.5087430779378348e-06,ENSG00000153292,ADGRF1,adhesion G protein-coupled receptor F1 [Source:HGNC Symbol;Acc:HGNC:18990]
Q5T655,198.2102545645184,-1.1338420941020662,0.357858968452322,-3.1684048579409274,0.0015327790837003222,0.0075119799804282015,ENSG00000120051,CFAP58,cilia and flagella associated protein 58 [Source:HGNC Symbol;Acc:HGNC:26676]
Q5T6S3,16.448261660998934,-0.5167735043576793,0.202620547817306,-2.5504496455296874,0.010758406410900012,0.037088367144122884,ENSG00000119403,PHF19,PHD finger protein 19 [Source:HGNC Symbol;Acc:HGNC:24566]
Q5T700,891.120085362308,-1.5510342975961946,0.509216594969328,-3.045922526718948,0.0023196759727277146,0.010578605025338507,ENSG00000203985,LDLRAD1,low density lipoprotein receptor class A domain containing 1 [Source:HGNC Symbol;Acc:HGNC:32069]
Q5T7B8,155.0291739460955,-1.2587418174726397,0.28954056962841607,-4.3473763248033075,1.3777571198969388e-05,0.0001331509882655876,ENSG00000186638,KIF24,kinesin family member 24 [Source:HGNC Symbol;Acc:HGNC:19916]
Q5T953,164.5134136219479,-1.5582689594807837,0.20920376348458153,-7.4485703962760175,9.435707882373911e-14,5.639433648722879e-12,ENSG00000188483,IER5L,immediate early response 5 like [Source:HGNC Symbol;Acc:HGNC:23679]
Q5T981,10.114342383903914,-0.9460060698152042,0.24412574657625144,-3.875077016998385,0.00010659098161868908,0.0007794288821679605,ENSG00000198879,SFMBT2,Scm like with four mbt domains 2 [Source:HGNC Symbol;Acc:HGNC:20256]
Q5TA31,20.77444284606688,-0.6135527286350059,0.22583175547515844,-2.7168576329935004,0.006590494986979857,0.024892409049983518,ENSG00000168159,RNF187,ring finger protein 187 [Source:HGNC Symbol;Acc:HGNC:27146]
Q5TB30,13.701068206636327,-1.331633660007538,0.2926961757278423,-4.549542393904494,5.37627022677194e-06,5.8121697833935475e-05,ENSG00000024526,DEPDC1,DEP domain containing 1 [Source:HGNC Symbol;Acc:HGNC:22949]
Q5TBC7,15.064167161277952,-1.3213582653292548,0.24108691642513636,-5.480837719949727,4.233166326423664e-08,7.747572627630496e-07,ENSG00000188761,BCL2L15,BCL2 like 15 [Source:HGNC Symbol;Acc:HGNC:33624]
Q5TCZ1,2492.9446716007265,-1.1416309604466983,0.13026055807082293,-8.764210574209203,1.8808997601699373e-18,2.625402741189101e-16,ENSG00000107957,SH3PXD2A,SH3 and PX domains 2A [Source:HGNC Symbol;Acc:HGNC:23664]
Q5TD94,830.626536741448,-1.5043875086798257,0.3802505299063866,-3.9563061465034353,7.611760188920306e-05,0.0005850693152629776,ENSG00000111834,RSPH4A,radial spoke head component 4A [Source:HGNC Symbol;Acc:HGNC:21558]
Q5TF58,768.7479182797433,-0.5642959626386342,0.1087437639690922,-5.189225956892772,2.111700279565616e-07,3.305283035169631e-06,ENSG00000169991,IFFO2,intermediate filament family orphan 2 [Source:HGNC Symbol;Acc:HGNC:27006]
Q5TG30,10.091904289776112,-1.6116003309842166,0.3359868710675272,-4.796616980490033,1.6136773536510636e-06,2.0266537788963873e-05,ENSG00000124143,ARHGAP40,Rho GTPase activating protein 40 [Source:HGNC Symbol;Acc:HGNC:16226]
Q5TGP6,99.84841811249233,-1.4092114996462313,0.4518825639473461,-3.1185347965991324,0.0018175267914205494,0.008629437213775844,ENSG00000117501,MROH9,maestro heat like repeat family member 9 [Source:HGNC Symbol;Acc:HGNC:26287]
Q5TID7,57.746747282868455,-0.6941403910477826,0.2592743448131335,-2.6772428700883215,0.007423080497397005,0.02749014799181821,ENSG00000117477,CCDC181,coiled-coil domain containing 181 [Source:HGNC Symbol;Acc:HGNC:28051]
Q5TZF3,61.812384707092136,-1.3569260263932013,0.3616131123536073,-3.752424843118842,0.00017513234468126475,0.0011968914563373451,ENSG00000183831,ANKRD45,ankyrin repeat domain 45 [Source:HGNC Symbol;Acc:HGNC:24786]
Q5U4P2,10.813453631118044,-1.5833347049456783,0.31317606383416857,-5.0557334604731405,4.287397841637153e-07,6.232977719147381e-06,ENSG00000174939,ASPHD1,aspartate beta-hydroxylase domain containing 1 [Source:HGNC Symbol;Acc:HGNC:27380]
Q5VTH2,501.0716906311808,-1.0512777507576687,0.2927027630882488,-3.591622230230579,0.0003286259820442087,0.002042705019166567,ENSG00000188931,CFAP126,cilia and flagella associated protein 126 [Source:HGNC Symbol;Acc:HGNC:32325]
Q5VTJ3,233.49780630990222,-1.7106298674092963,0.22762369969020943,-7.5151659064386696,5.683880796508504e-14,3.531050903836579e-12,ENSG00000179023,KLHDC7A,kelch domain containing 7A [Source:HGNC Symbol;Acc:HGNC:26791]
Q5VTT5,10.427971503363393,-0.7487395459263159,0.28468648511325917,-2.630049493316968,0.008537243813951096,0.030784888010607827,ENSG00000142661,MYOM3,myomesin 3 [Source:HGNC Symbol;Acc:HGNC:26679]
Q5VTY9,10.722231701601972,-1.0729221038179353,0.23762127302955569,-4.515261155445807,6.323878500767851e-06,6.71158885735968e-05,ENSG00000054392,HHAT,hedgehog acyltransferase [Source:HGNC Symbol;Acc:HGNC:18270]
Q5VU69,117.24230610405212,-1.693259749712034,0.44614563545074193,-3.795307216221739,0.00014746074254075284,0.0010324124495218296,ENSG00000163263,CFAP141,cilia and flagella associated protein 141 [Source:HGNC Symbol;Acc:HGNC:32305]
Q5VV23,37.19465598733978,-1.4339365752860609,0.4748902313783952,-3.0195116271900995,0.002531825746639621,0.01135588468911739,ENSG00000151023,ENKUR,"enkurin, TRPC channel interacting protein [Source:HGNC Symbol;Acc:HGNC:28388]"
Q5VV41,62.170313435001226,-0.59218852994666,0.15608444978630473,-3.7940264437452003,0.00014822387783858782,0.001037096891450576,ENSG00000130762,ARHGEF16,Rho guanine nucleotide exchange factor 16 [Source:HGNC Symbol;Acc:HGNC:15515]
Q5VV43,18.538468474562478,-1.0320937555672285,0.3583043865787615,-2.880494334501697,0.003970520881557306,0.01636439310817881,ENSG00000137261,KIAA0319,KIAA0319 [Source:HGNC Symbol;Acc:HGNC:21580]
Q5VW36,57.196328389477856,-0.5997277624455571,0.20086374169787063,-2.985744253174563,0.0028288912008781197,0.01244035225207698,ENSG00000188352,FOCAD,focadhesin [Source:HGNC Symbol;Acc:HGNC:23377]
Q5VWP2,3605.147309525886,-1.571575167932067,0.21819239606258772,-7.202703651878254,5.903017944444349e-13,2.999658012598518e-11,ENSG00000183508,TENT5C,terminal nucleotidyltransferase 5C [Source:HGNC Symbol;Acc:HGNC:24712]
Q5VXT5,58.029114318803735,-0.7648322552344329,0.18131671795008858,-4.218211447247627,2.462478427583726e-05,0.0002196016952767145,ENSG00000143028,SYPL2,synaptophysin like 2 [Source:HGNC Symbol;Acc:HGNC:27638]
Q5VYB9,75.77577035892945,-0.7793620754693249,0.21416459846979224,-3.6390798527761965,0.00027361395307231635,0.0017526233287995542,ENSG00000120256,LRP11,LDL receptor related protein 11 [Source:HGNC Symbol;Acc:HGNC:16936]
Q5VYS4,971.3382432339996,-2.4530141875928164,0.5355903974488497,-4.5800189833072675,4.6493372870196e-06,5.121702523872641e-05,ENSG00000102802,MEDAG,mesenteric estrogen dependent adipogenesis [Source:HGNC Symbol;Acc:HGNC:25926]
Q5VZL5,47.33917721109341,-0.5637143557879059,0.21019521930823296,-2.6818609749695015,0.007321387892320912,0.027196545153654265,ENSG00000146463,ZMYM4,zinc finger MYM-type containing 4 [Source:HGNC Symbol;Acc:HGNC:13055]
Q5Y7A2,10.17556106275306,-1.6325320794551879,0.28462563359036125,-5.7357169797459635,9.710069175249434e-09,2.0551426640206431e-07,ENSG00000213088,ACKR1,atypical chemokine receptor 1 (Duffy blood group) [Source:HGNC Symbol;Acc:HGNC:4035]
Q63HK5,394.4422939811192,-0.6759813984821884,0.12493316064076229,-5.410744393363519,6.276330354318374e-08,1.102933781945318e-06,ENSG00000121297,TSHZ3,teashirt zinc finger homeobox 3 [Source:HGNC Symbol;Acc:HGNC:30700]
Q63HQ2,33.60661608035568,-1.2011394022459234,0.24718551091785926,-4.859262979394722,1.1782354377903784e-06,1.5294175600370222e-05,ENSG00000164318,EGFLAM,"EGF like, fibronectin type III and laminin G domains [Source:HGNC Symbol;Acc:HGNC:26810]"
Q658P3,945.4499960345737,-1.3167283140598347,0.17383258375422475,-7.574692187291576,3.599801219795313e-14,2.355786827933704e-12,ENSG00000115107,STEAP3,STEAP3 metalloreductase [Source:HGNC Symbol;Acc:HGNC:24592]
Q66K14,23.903924114964706,-0.5895105611320605,0.13981445000980477,-4.216377928681333,2.4825757391986076e-05,0.00022094723709558553,ENSG00000197226,TBC1D9B,TBC1 domain family member 9B [Source:HGNC Symbol;Acc:HGNC:29097]
Q68BL8,10.644002905203337,-1.2416228436844075,0.24085151587366274,-5.155138173743915,2.534439752275061e-07,3.881564881713486e-06,ENSG00000162745,OLFML2B,olfactomedin like 2B [Source:HGNC Symbol;Acc:HGNC:24558]
Q68CJ6,141.6461448651312,-1.4625208501949472,0.25587828523456424,-5.715689585985191,1.0926002926142488e-08,2.286167633141807e-07,ENSG00000189233,NUGGC,"nuclear GTPase, germinal center associated [Source:HGNC Symbol;Acc:HGNC:33550]"
Q68CQ4,480.5524043722513,-0.5486377652796333,0.10915527123818557,-5.026214117341723,5.002573228416246e-07,7.149086845305775e-06,ENSG00000117597,UTP25,UTP25 small subunit processome component [Source:HGNC Symbol;Acc:HGNC:28440]
Q68CR1,1394.42328009662,-1.5715623791563915,0.22273433265342654,-7.055770704203622,1.7164666980195902e-12,8.088665931223086e-11,ENSG00000091490,SEL1L3,SEL1L family member 3 [Source:HGNC Symbol;Acc:HGNC:29108]
Q68D06,226.92463238130287,-0.6467003409278334,0.20541285215903587,-3.1482954164286734,0.0016422563357238705,0.007951332871142533,ENSG00000154760,SLFN13,schlafen family member 13 [Source:HGNC Symbol;Acc:HGNC:26481]
Q68D42,16.31244590752646,-3.460931977211673,0.4326748044551042,-7.998921919131047,1.2551327380279373e-15,1.089791236396383e-13,ENSG00000188133,TMEM215,transmembrane protein 215 [Source:HGNC Symbol;Acc:HGNC:33816]
Q68D85,190.27984130485578,-0.9112903851090962,0.23393522199280978,-3.8954817378338418,9.800374657201226e-05,0.000725780600033297,ENSG00000188211,NCR3LG1,natural killer cell cytotoxicity receptor 3 ligand 1 [Source:HGNC Symbol;Acc:HGNC:42400]
Q693B1,487.90081455695474,-0.7755271928975798,0.15214979046989016,-5.097129549127138,3.4484234922536546e-07,5.131682300820654e-06,ENSG00000213859,KCTD11,potassium channel tetramerization domain containing 11 [Source:HGNC Symbol;Acc:HGNC:21302]
Q69YU3,25.318482335146804,-0.5074037790368545,0.16910172208638244,-3.0005831565550634,0.0026946316594491926,0.01196509236402032,ENSG00000272031,ANKRD34A,ankyrin repeat domain 34A [Source:HGNC Symbol;Acc:HGNC:27639]
Q6AZY7,1244.0633322365466,-1.2017182763483947,0.18540055396998023,-6.481740483596262,9.06705026237155e-11,3.0173059202735273e-09,ENSG00000168077,SCARA3,scavenger receptor class A member 3 [Source:HGNC Symbol;Acc:HGNC:19000]
Q6DN14,337.8884288792612,-0.7786878656115278,0.1565645638673501,-4.9735894660765885,6.572442012495579e-07,9.104813828114165e-06,ENSG00000175471,MCTP1,multiple C2 and transmembrane domain containing 1 [Source:HGNC Symbol;Acc:HGNC:26183]
Q6E0U4,30.81061994657519,-3.909200987447626,0.5085094100920153,-7.6875686267836265,1.499574147660652e-14,1.0367275314265838e-12,ENSG00000161249,DMKN,dermokine [Source:HGNC Symbol;Acc:HGNC:25063]
Q6FGF7,93.79988549836445,-1.0461393908548977,0.18527500869319455,-5.646413934797048,1.6382912074913483e-08,3.269762379186805e-07,ENSG00000213190,MLLT11,MLLT11 transcription factor 7 cofactor [Source:HGNC Symbol;Acc:HGNC:16997]
Q6FGG5,10.346178390419807,-1.3697506575560596,0.26927316594503414,-5.086844256273433,3.6407056495236137e-07,5.381509543873578e-06,ENSG00000164106,SCRG1,stimulator of chondrogenesis 1 [Source:HGNC Symbol;Acc:HGNC:17036]
Q6FHJ7,687.6257485357208,-1.104614328486675,0.34672593107185784,-3.1858428502070915,0.0014433297426652166,0.007145049190738202,ENSG00000106483,SFRP4,secreted frizzled related protein 4 [Source:HGNC Symbol;Acc:HGNC:10778]
Q6FI36,21.23880649788215,-0.766029529250539,0.27394693613139115,-2.796269745039725,0.005169623301841726,0.0204256422514632,ENSG00000276023,DUSP14,dual specificity phosphatase 14 [Source:HGNC Symbol;Acc:HGNC:17007]
Q6GMR7,100.29283889912759,-0.819945110208699,0.18246138276571122,-4.493800812972825,6.996307380267135e-06,7.333486832909287e-05,ENSG00000165591,FAAH2,fatty acid amide hydrolase 2 [Source:HGNC Symbol;Acc:HGNC:26440]
Q6GPH6,48.0050868762633,-0.6243001623224192,0.1474609254593765,-4.233665022632762,2.2991333069964327e-05,0.00020645393303134906,ENSG00000198885,ITPRIPL1,ITPRIP like 1 [Source:HGNC Symbol;Acc:HGNC:29371]
Q6I9R8,63.17782489823144,-0.837325244052711,0.17558920836263245,-4.768660055254878,1.8545529884475541e-06,2.2990619228343093e-05,ENSG00000115641,FHL2,four and a half LIM domains 2 [Source:HGNC Symbol;Acc:HGNC:3703]
Q6I9T4,82.60613202981561,-1.1632959647497385,0.3686494838149373,-3.1555610839637445,0.0016018971948778087,0.007786696216847078,ENSG00000172156,CCL11,C-C motif chemokine ligand 11 [Source:HGNC Symbol;Acc:HGNC:10610]
Q6ICC9,1080.9927246708062,-0.5079195314682794,0.12905056521245026,-3.9358179534674163,8.29138090423222e-05,0.0006292433395111404,ENSG00000188636,RTL6,retrotransposon Gag like 6 [Source:HGNC Symbol;Acc:HGNC:13343]
Q6ICG6,469.36769107035957,-0.7350306028520105,0.11037242916063193,-6.659549023626854,2.746690771011412e-11,1.0249664680860521e-09,ENSG00000100364,KIAA0930,KIAA0930 [Source:HGNC Symbol;Acc:HGNC:1314]
Q6ICH7,32.90250637529693,-1.2398284800209127,0.19351558117680703,-6.406866426368705,1.4854084472587982e-10,4.679885413692219e-09,ENSG00000128203,ASPHD2,aspartate beta-hydroxylase domain containing 2 [Source:HGNC Symbol;Acc:HGNC:30437]
Q6ICL7,71.1397927379818,-1.0290699593466122,0.16654711212751477,-6.178852014910455,6.456938351312174e-10,1.7667657369707034e-08,ENSG00000100036,SLC35E4,solute carrier family 35 member E4 [Source:HGNC Symbol;Acc:HGNC:17058]
Q6ICP4,312.364716136602,-0.7452537852924564,0.18462499388464712,-4.036581232106026,5.4235752244379504e-05,0.000436697802116665,ENSG00000168421,RHOH,ras homolog family member H [Source:HGNC Symbol;Acc:HGNC:686]
Q6ICV4,336.68623784130756,-0.9640768223928606,0.12924045121559594,-7.459559397425887,8.681228761195277e-14,5.243630960731967e-12,ENSG00000123080,CDKN2C,cyclin dependent kinase inhibitor 2C [Source:HGNC Symbol;Acc:HGNC:1789]
Q6IPM2,657.3517075764624,-0.5113536822336594,0.17222018896952068,-2.969185467124056,0.002985903183629868,0.012991238117590521,ENSG00000106012,IQCE,IQ motif containing E [Source:HGNC Symbol;Acc:HGNC:29171]
Q6IS24,24.228238074080025,-1.5985471593044591,0.28332399612464365,-5.642117085632256,1.6797180299487837e-08,3.343366555278924e-07,ENSG00000185274,GALNT17,polypeptide N-acetylgalactosaminyltransferase 17 [Source:HGNC Symbol;Acc:HGNC:16347]
Q6J9G0,55.63577227692041,-0.7942389326124724,0.20270957789191094,-3.9181125079150303,8.924505195729169e-05,0.0006701431310405552,ENSG00000060140,STYK1,serine/threonine/tyrosine kinase 1 [Source:HGNC Symbol;Acc:HGNC:18889]
Q6KB66,56.15809425578043,-1.1498866059944446,0.22535202455950837,-5.102623809313928,3.3497645744280104e-07,4.998356422492242e-06,ENSG00000167767,KRT80,keratin 80 [Source:HGNC Symbol;Acc:HGNC:27056]
Q6KCM7,14.36176529835318,-0.5441412070385279,0.20512602899773247,-2.652716526017003,0.007984689719732607,0.029149867088062057,ENSG00000148339,SLC25A25,solute carrier family 25 member 25 [Source:HGNC Symbol;Acc:HGNC:20663]
Q6L5J4,1409.0700723751568,-0.656698543431645,0.2292943412185972,-2.8639980382489383,0.0041833060239352855,0.01711028023958991,ENSG00000187474,FPR3,formyl peptide receptor 3 [Source:HGNC Symbol;Acc:HGNC:3828]
Q6MZT1,78.76820026284328,-0.849951608172783,0.2938569734746365,-2.8923989726115664,0.0038231211500682396,0.015863615022315137,ENSG00000186479,RGS7BP,regulator of G protein signaling 7 binding protein [Source:HGNC Symbol;Acc:HGNC:23271]
Q6MZZ7,44.46933061847724,-2.1773060402512914,0.2633448255293547,-8.267889964705574,1.3635064746648524e-16,1.4472943746451624e-14,ENSG00000162949,CAPN13,calpain 13 [Source:HGNC Symbol;Acc:HGNC:16663]
Q6N022,211.90483012482903,-1.7399721061475382,0.20583432028741025,-8.453265246135741,2.8326715902229914e-17,3.2707716885224006e-15,ENSG00000149256,TENM4,teneurin transmembrane protein 4 [Source:HGNC Symbol;Acc:HGNC:29945]
Q6NSJ0,432.28084666719326,-0.7183581745243701,0.15160782022421268,-4.738265964526044,2.1555478472842714e-06,2.6322509537102615e-05,ENSG00000164976,MYORG,myogenesis regulating glycosidase (putative) [Source:HGNC Symbol;Acc:HGNC:19918]
Q6NUT3,16.49684235224538,-0.8624690311242036,0.2553819412458014,-3.3771731349402256,0.0007323493717937632,0.004043899196349307,ENSG00000161091,MFSD12,major facilitator superfamily domain containing 12 [Source:HGNC Symbol;Acc:HGNC:28299]
Q6NXP6,13.536217708625468,-0.7174853900586105,0.2678561707721455,-2.6786218439184157,0.0073925830440856,0.027410226370925325,ENSG00000165555,NOXRED1,NADP dependent oxidoreductase domain containing 1 [Source:HGNC Symbol;Acc:HGNC:20487]
Q6P050,19.186441670394345,-1.1089879740606674,0.24053081834439274,-4.610585793928556,4.015358826830217e-06,4.520404469980276e-05,ENSG00000197361,FBXL22,F-box and leucine rich repeat protein 22 [Source:HGNC Symbol;Acc:HGNC:27537]
Q6P1M0,561.7969781116901,-0.5634009857335502,0.12379825070502024,-4.550960797305542,5.340149821846094e-06,5.7816231797247795e-05,ENSG00000167114,SLC27A4,solute carrier family 27 member 4 [Source:HGNC Symbol;Acc:HGNC:10998]
Q6P2H3,34.48009613321529,-0.5428019411367107,0.19783370966059038,-2.7437282658650965,0.006074579858114095,0.02328272231332086,ENSG00000130695,CEP85,centrosomal protein 85 [Source:HGNC Symbol;Acc:HGNC:25309]
Q6P656,84.01209679829273,-1.4457969484487634,0.3573754245545563,-4.045597008386486,5.218994762061025e-05,0.00042191975983318854,ENSG00000156206,CFAP161,cilia and flagella associated protein 161 [Source:HGNC Symbol;Acc:HGNC:26782]
Q6P6B1,102.18528160934355,-1.8239754775240067,0.451836938327425,-4.03680027639143,5.4185159824514656e-05,0.00043644978625633537,ENSG00000177459,ERICH5,glutamate rich 5 [Source:HGNC Symbol;Acc:HGNC:26823]
Q6P6C2,120.6443791558595,-0.8404525567287184,0.21787252123266962,-3.857542713388741,0.00011453266911744282,0.0008276223737601848,ENSG00000091542,ALKBH5,"alkB homolog 5, RNA demethylase [Source:HGNC Symbol;Acc:HGNC:25996]"
Q6P995,249.96578820006582,-0.8729876967238125,0.16999055107586025,-5.1355071867155235,2.813841262853867e-07,4.262119176578241e-06,ENSG00000144369,FAM171B,family with sequence similarity 171 member B [Source:HGNC Symbol;Acc:HGNC:29412]
Q6P9B9,552.3388277127412,-0.575675387172016,0.13255965752005208,-4.342764593254434,1.4070087324828686e-05,0.00013562137493958559,ENSG00000185085,INTS5,integrator complex subunit 5 [Source:HGNC Symbol;Acc:HGNC:29352]
Q6P9G4,309.8922548401195,-0.890134767849345,0.16827451803920296,-5.289777550525921,1.2246521270419612e-07,2.0206079966784535e-06,ENSG00000170006,TMEM154,transmembrane protein 154 [Source:HGNC Symbol;Acc:HGNC:26489]
Q6PCB0,1243.629585503281,-0.6674649781975093,0.16864957412651568,-3.9577033126499197,7.567386881975376e-05,0.0005823138530882239,ENSG00000179403,VWA1,von Willebrand factor A domain containing 1 [Source:HGNC Symbol;Acc:HGNC:30910]
Q6PCB6,49.681681637493085,-0.6874372064720187,0.20237877265410384,-3.396785134412064,0.0006818248142555265,0.0037991319993914557,ENSG00000136379,ABHD17C,"abhydrolase domain containing 17C, depalmitoylase [Source:HGNC Symbol;Acc:HGNC:26925]"
Q6PCB8,1097.5497231903278,-0.594851823114612,0.11969478384666322,-4.969738897533378,6.704312118571354e-07,9.275840618756126e-06,ENSG00000170571,EMB,embigin [Source:HGNC Symbol;Acc:HGNC:30465]
Q6PCE3,574.0780051384188,-1.332802150939092,0.15486871105641298,-8.606013066471517,7.564564636501513e-18,9.64328950828927e-16,ENSG00000165434,PGM2L1,phosphoglucomutase 2 like 1 [Source:HGNC Symbol;Acc:HGNC:20898]
Q6PF18,237.54911802850592,-1.0483005894756376,0.3066630713888236,-3.418411563961931,0.0006298778327445645,0.00355802979322782,ENSG00000139714,MORN3,MORN repeat containing 3 [Source:HGNC Symbol;Acc:HGNC:29807]
Q6PKG0,60.66805244977486,-0.7046725577199793,0.18327269372593072,-3.8449402548410148,0.00012058181382851122,0.0008631325291054809,ENSG00000155506,LARP1,"La ribonucleoprotein 1, translational regulator [Source:HGNC Symbol;Acc:HGNC:29531]"
Q6Q759,125.0763532002561,-1.2646995447840037,0.5021361032864045,-2.5186389437181225,0.011780939216542222,0.03995952529708123,ENSG00000155761,SPAG17,sperm associated antigen 17 [Source:HGNC Symbol;Acc:HGNC:26620]
Q6QHC5,36.275267282283394,-0.9730140360909154,0.25964159407369625,-3.747527585332636,0.00017858620171994828,0.001216008606393684,ENSG00000168350,DEGS2,"delta 4-desaturase, sphingolipid 2 [Source:HGNC Symbol;Acc:HGNC:20113]"
Q6S5L8,34.176893746210226,-0.98281022107388,0.21423971652104135,-4.587432419316865,4.487306168485247e-06,4.97051985131962e-05,ENSG00000185634,SHC4,SHC adaptor protein 4 [Source:HGNC Symbol;Acc:HGNC:16743]
Q6S9Z5,43.41860582870428,-1.5499133270806762,0.40003867554867995,-3.874408705495452,0.00010688390247376622,0.0007810528777854341,ENSG00000164185,ZNF474,zinc finger protein 474 [Source:HGNC Symbol;Acc:HGNC:23245]
Q6SJ93,74.22586735157493,-0.7470382123797098,0.24623355692490567,-3.0338602979590448,0.002414462090925426,0.01091829955982558,ENSG00000189057,FAM111B,FAM111 trypsin like peptidase B [Source:HGNC Symbol;Acc:HGNC:24200]
Q6T4P5,53.75877960357767,-1.0908964923001445,0.4178771662721765,-2.610567363686987,0.009039216735979443,0.03226786757774209,ENSG00000129951,PLPPR3,phospholipid phosphatase related 3 [Source:HGNC Symbol;Acc:HGNC:23497]
Q6UVY6,1747.319163640929,-1.8014240155237244,0.2073271427079833,-8.688799700775306,3.662888058405545e-18,4.895838378186417e-16,ENSG00000079931,MOXD1,monooxygenase DBH like 1 [Source:HGNC Symbol;Acc:HGNC:21063]
Q6UW49,19.16691610606194,-0.7020134499695636,0.26983934919948366,-2.60159777309049,0.00927906109242775,0.03293745587194617,ENSG00000258484,SPESP1,sperm equatorial segment protein 1 [Source:HGNC Symbol;Acc:HGNC:15570]
Q6UWF7,17.188126621573854,-2.1041482676116385,0.40057899203279074,-5.252767392852684,1.4983071221035624e-07,2.427896052231592e-06,ENSG00000137634,NXPE4,neurexophilin and PC-esterase domain family member 4 [Source:HGNC Symbol;Acc:HGNC:23117]
Q6UWF9,132.8310129884431,-0.9287664900660565,0.22321749454162887,-4.160814061519925,3.171151971831123e-05,0.0002727635943321513,ENSG00000189320,FAM180A,family with sequence similarity 180 member A [Source:HGNC Symbol;Acc:HGNC:33773]
Q6UWH4,1550.513494665309,-1.163640722626572,0.19736929520055246,-5.895753548920383,3.7297530679785125e-09,8.676790523333134e-08,ENSG00000164125,GASK1B,golgi associated kinase 1B [Source:HGNC Symbol;Acc:HGNC:25312]
Q6UWI2,343.7408867554256,-0.9406278913714234,0.2603236239695224,-3.6133020777305562,0.0003023221446148455,0.001908246301469892,ENSG00000169116,PARM1,prostate androgen-regulated mucin-like protein 1 [Source:HGNC Symbol;Acc:HGNC:24536]
Q6UWJ8,152.9298059810186,-1.363201801855274,0.40728206417321944,-3.347070548325193,0.000816704228276352,0.004429806947960322,ENSG00000174950,CD164L2,CD164 molecule like 2 [Source:HGNC Symbol;Acc:HGNC:32043]
Q6UX06,13.826501697305076,-1.8870471546518555,0.7433086700617612,-2.5387126918552716,0.011126115088243843,0.0380785811699551,ENSG00000102837,OLFM4,olfactomedin 4 [Source:HGNC Symbol;Acc:HGNC:17190]
Q6UX39,13.055353992788085,-3.9671500357616747,0.748199630663318,-5.302261419515257,1.1437689328945866e-07,1.9001808269940213e-06,ENSG00000187689,AMTN,amelotin [Source:HGNC Symbol;Acc:HGNC:33188]
Q6UX53,60.94637406125658,-1.3933573586925985,0.2422723295622333,-5.751203041677453,8.861061664618268e-09,1.8936226158090241e-07,ENSG00000170439,TMT1B,thiol methyltransferase 1B [Source:HGNC Symbol;Acc:HGNC:28276]
Q6UX72,335.5773852368015,-1.125209931248112,0.19710019352957564,-5.708822051863029,1.1376075334489178e-08,2.3691026008198708e-07,ENSG00000237172,B3GNT9,"UDP-GlcNAc:betaGal beta-1,3-N-acetylglucosaminyltransferase 9 [Source:HGNC Symbol;Acc:HGNC:28714]"
Q6UXB3,20.74816925809935,-1.1853503967079728,0.4420458289058778,-2.6815101946372226,0.007329068126853676,0.02721590646062148,ENSG00000197353,LYPD2,LY6/PLAUR domain containing 2 [Source:HGNC Symbol;Acc:HGNC:25215]
Q6UXK5,300.09754112810685,-1.8993165120727695,0.21095903811316916,-9.00324787722003,2.191368546603295e-19,3.5994142556622957e-17,ENSG00000175928,LRRN1,leucine rich repeat neuronal 1 [Source:HGNC Symbol;Acc:HGNC:20980]
Q6UXT8,20.165317332301182,-2.2797888124914207,0.31527158025145713,-7.231190361887634,4.787786679031761e-13,2.520044091154331e-11,ENSG00000196711,ALKAL1,ALK and LTK ligand 1 [Source:HGNC Symbol;Acc:HGNC:33775]
Q6UXY8,208.57298386919558,-0.8290822632841692,0.20549331012306152,-4.034594911083314,5.469657817086204e-05,0.0004396058072085246,ENSG00000103534,TMC5,transmembrane channel like 5 [Source:HGNC Symbol;Acc:HGNC:22999]
Q6X4W1,171.28331949118046,-0.6221203260186121,0.12903259976480952,-4.821419758670011,1.4254005737826015e-06,1.8160476172271225e-05,ENSG00000165802,NSMF,NMDA receptor synaptonuclear signaling and neuronal migration factor [Source:HGNC Symbol;Acc:HGNC:29843]
Q6XZF7,68.62464715983573,-0.8645497838184868,0.2494401503676917,-3.465960802798113,0.0005283402992073287,0.003056667617712074,ENSG00000107554,DNMBP,dynamin binding protein [Source:HGNC Symbol;Acc:HGNC:30373]
Q6ZMB0,12.614238575370377,-3.0967908477097765,0.560271377731358,-5.527305107480687,3.2518714992639634e-08,6.134882296387292e-07,ENSG00000198488,B3GNT6,"UDP-GlcNAc:betaGal beta-1,3-N-acetylglucosaminyltransferase 6 [Source:HGNC Symbol;Acc:HGNC:24141]"
Q6ZMG9,547.0567721139915,-0.8622288619101794,0.19959079395135193,-4.319983125676319,1.5604113222222544e-05,0.00014820547502278036,ENSG00000172292,CERS6,ceramide synthase 6 [Source:HGNC Symbol;Acc:HGNC:23826]
Q6ZMJ2,1335.2301719228979,-1.3826432183453652,0.2911144752474862,-4.749482886998092,2.0393745257317612e-06,2.5028584190588904e-05,ENSG00000168079,SCARA5,scavenger receptor class A member 5 [Source:HGNC Symbol;Acc:HGNC:28701]
Q6ZMN8,20.56009695337698,-0.5510292388465273,0.16606945806578238,-3.31806489443867,0.000906434224465562,0.0048356314432422606,ENSG00000205089,CCNI2,cyclin I family member 2 [Source:HGNC Symbol;Acc:HGNC:33869]
Q6ZMP0,1272.4599193664994,-0.593062904563946,0.16883272425784895,-3.512724841531275,0.00044353655014277597,0.0026330430893267242,ENSG00000187720,THSD4,thrombospondin type 1 domain containing 4 [Source:HGNC Symbol;Acc:HGNC:25835]
Q6ZN04,112.02969177057133,-0.5454762912593695,0.15261215540406858,-3.574265036851889,0.00035121303805876037,0.002158765981423607,ENSG00000183496,MEX3B,mex-3 RNA binding family member B [Source:HGNC Symbol;Acc:HGNC:25297]
Q6ZN30,452.72509004874536,-0.8390125447060672,0.16117310663008932,-5.205660933444045,1.9330733134471992e-07,3.049929275988956e-06,ENSG00000173068,BNC2,basonuclin zinc finger protein 2 [Source:HGNC Symbol;Acc:HGNC:30988]
Q6ZN66,125.99078774687987,-1.9175538946094366,0.386035928480886,-4.967293853075599,6.789366941008735e-07,9.381748027381367e-06,ENSG00000183347,GBP6,guanylate binding protein family member 6 [Source:HGNC Symbol;Acc:HGNC:25395]
Q6ZQN5,15.029214434215033,-1.6947000241096677,0.2830801819959941,-5.986643120547554,2.1421609659695757e-09,5.226019684014715e-08,ENSG00000186766,FOXI2,forkhead box I2 [Source:HGNC Symbol;Acc:HGNC:32448]
Q6ZQR2,147.59341093314706,-1.471822668250499,0.4652006121720287,-3.1638450804665466,0.0015569964963837912,0.007612059572433635,ENSG00000188523,CFAP77,cilia and flagella associated protein 77 [Source:HGNC Symbol;Acc:HGNC:33776]
Q6ZQY3,23.089714567965252,-1.0276797054550524,0.3937862226631253,-2.6097401237275073,0.00906110284927728,0.03233029643066836,ENSG00000144644,GADL1,glutamate decarboxylase like 1 [Source:HGNC Symbol;Acc:HGNC:27949]
Q6ZR37,21.91007324886148,-1.8551861988465965,0.4297207706808746,-4.317189964793025,1.5802814773407575e-05,0.0001498990438764433,ENSG00000187510,PLEKHG7,pleckstrin homology and RhoGEF domain containing G7 [Source:HGNC Symbol;Acc:HGNC:33829]
Q6ZRS4,17.529003328537005,-1.9445246298636483,0.3424685839672187,-5.677964989774885,1.3630660308520659e-08,2.768053245341755e-07,ENSG00000180347,ITPRID1,ITPR interacting domain containing 1 [Source:HGNC Symbol;Acc:HGNC:27363]
Q6ZSG2,51.254089635595044,-2.1821557309394093,0.3112701838317999,-7.0104874937799195,2.374891713384378e-12,1.0821459059293196e-10,ENSG00000188916,INSYN2A,inhibitory synaptic factor 2A [Source:HGNC Symbol;Acc:HGNC:33859]
Q6ZSJ9,19.641986440786983,-1.0966326573827758,0.27552720311072953,-3.9801248116399544,6.887909493004529e-05,0.0005369599008791865,ENSG00000188803,SHISA6,shisa family member 6 [Source:HGNC Symbol;Acc:HGNC:34491]
Q6ZT52,24.195973239904372,-2.242551995372486,0.36770434399067453,-6.098791140279159,1.0687360129334837e-09,2.8159980919038294e-08,ENSG00000183114,FAM43B,family with sequence similarity 43 member B [Source:HGNC Symbol;Acc:HGNC:31791]
Q6ZTI6,47.86895238714458,-1.0461477939691977,0.37612559004351487,-2.7813789374133417,0.005412851484054004,0.021248669745341224,ENSG00000178882,RFLNA,refilin A [Source:HGNC Symbol;Acc:HGNC:27051]
Q6ZTQ3,296.0969342908992,-1.2945617193802281,0.23502540958794294,-5.508177697253721,3.625673226838431e-08,6.742040248287921e-07,ENSG00000169435,RASSF6,Ras association domain family member 6 [Source:HGNC Symbol;Acc:HGNC:20796]
Q6ZTR5,216.1172105057299,-1.2435430898513478,0.5128024854905195,-2.424994271745467,0.015308628302994468,0.04938079400237531,ENSG00000165164,CFAP47,cilia and flagella associated protein 47 [Source:HGNC Symbol;Acc:HGNC:26708]
Q6ZU35,94.45549043082966,-1.3966070111800672,0.20219172160075527,-6.907340222058084,4.938246437349203e-12,2.1396480732671775e-10,ENSG00000109265,CRACD,capping protein inhibiting regulator of actin dynamics [Source:HGNC Symbol;Acc:HGNC:29219]
Q6ZU64,244.6715186552386,-1.3732499340957753,0.4500363562355673,-3.051419991003928,0.0022776174058847126,0.010414798728878592,ENSG00000181378,CFAP65,cilia and flagella associated protein 65 [Source:HGNC Symbol;Acc:HGNC:25325]
Q6ZU80,49.94307727265845,-0.8413926913517783,0.18346160181196805,-4.586205958313454,4.513733482974233e-06,4.9966546614854815e-05,ENSG00000100629,CEP128,centrosomal protein 128 [Source:HGNC Symbol;Acc:HGNC:20359]
Q6ZUT9,303.41920977748265,-0.6980063356654101,0.17185566355123053,-4.061584711506078,4.8740725575736806e-05,0.0003978267808465209,ENSG00000170456,DENND5B,DENN domain containing 5B [Source:HGNC Symbol;Acc:HGNC:28338]
Q6ZUX3,86.56442522169318,-1.1868411052989685,0.39079566309988045,-3.0369863777010053,0.0023895625443903588,0.010825680434261499,ENSG00000189350,TOGARAM2,TOG array regulator of axonemal microtubules 2 [Source:HGNC Symbol;Acc:HGNC:33715]
Q6ZUX7,2147.445039642587,-0.7309810617132754,0.16974192372940206,-4.306426165397921,1.6591327327468134e-05,0.00015630291878683563,ENSG00000145685,LHFPL2,LHFPL tetraspan subfamily member 2 [Source:HGNC Symbol;Acc:HGNC:6588]
Q6ZVT0,40.67333240831727,-0.9992252051514544,0.3892404005514982,-2.5671158588257916,0.010254834232885894,0.035711371257234406,ENSG00000162571,TTLL10,tubulin tyrosine ligase like 10 [Source:HGNC Symbol;Acc:HGNC:26693]
Q6ZVX7,15.890705720901028,-1.9643205686825336,0.36746584112121083,-5.345586851526128,9.012456944134265e-08,1.5289286572764391e-06,ENSG00000188505,NCCRP1,"NCCRP1, F-box associated domain containing [Source:HGNC Symbol;Acc:HGNC:33739]"
Q6ZW05,259.00116844730303,-0.8458315446672042,0.313897315458556,-2.6946122283064886,0.007047059016316876,0.026328280458385974,ENSG00000244694,PTCHD4,patched domain containing 4 [Source:HGNC Symbol;Acc:HGNC:21345]
Q6ZW61,169.9133457744076,-0.5726504694402862,0.1652429929086335,-3.4655053104546303,0.0005292360749721252,0.0030610470488946365,ENSG00000181004,BBS12,Bardet-Biedl syndrome 12 [Source:HGNC Symbol;Acc:HGNC:26648]
Q6ZXV5,1031.344127778146,-0.5373449161725952,0.0951928780372407,-5.6448016621829495,1.653717814912231e-08,3.297567151001296e-07,ENSG00000139324,TMTC3,transmembrane O-mannosyltransferase targeting cadherins 3 [Source:HGNC Symbol;Acc:HGNC:26899]
Q702N8,62.62147053821182,-1.6017370718504058,0.5724161571153513,-2.798203810182859,0.005138767577888867,0.020328319311706023,ENSG00000168334,XIRP1,xin actin binding repeat containing 1 [Source:HGNC Symbol;Acc:HGNC:14301]
Q70JA7,134.48500605088134,-0.6758738490933361,0.1490774062817091,-4.533710814743775,5.7956364913815565e-06,6.210600215869747e-05,ENSG00000198108,CHSY3,chondroitin sulfate synthase 3 [Source:HGNC Symbol;Acc:HGNC:24293]
Q70SY1,3063.745233278504,-0.9614772458621292,0.13861166435957162,-6.936481502508817,4.019858537124519e-12,1.759007146383812e-10,ENSG00000182158,CREB3L2,cAMP responsive element binding protein 3 like 2 [Source:HGNC Symbol;Acc:HGNC:23720]
Q70UQ0,723.1775382203941,-0.7479137559566029,0.11607273511068004,-6.443492136576578,1.167553218974931e-10,3.809056019419102e-09,ENSG00000166130,IKBIP,IKBKB interacting protein [Source:HGNC Symbol;Acc:HGNC:26430]
Q75L79,387.9662695346407,-0.8049639822658661,0.2671395660259123,-3.01327128077982,0.002584477737996264,0.011561475057559757,ENSG00000165215,CLDN3,claudin 3 [Source:HGNC Symbol;Acc:HGNC:2045]
Q75VX8,68.78711572743866,-0.920701112201413,0.13543383280533955,-6.798161826555896,1.0596239503519188e-11,4.351759143586819e-10,ENSG00000157833,GAREM2,GRB2 associated regulator of MAPK1 subtype 2 [Source:HGNC Symbol;Acc:HGNC:27172]
Q76B58,49.79461156783569,-1.5904029203310872,0.2686827538901582,-5.919259413952818,3.233945291851728e-09,7.63612735187345e-08,ENSG00000162670,BRINP3,BMP/retinoic acid inducible neural specific 3 [Source:HGNC Symbol;Acc:HGNC:22393]
Q76M96,4391.259608161896,-1.7090224484304999,0.3401542570523122,-5.024257121579019,5.053849196098492e-07,7.209417216737138e-06,ENSG00000091986,CCDC80,coiled-coil domain containing 80 [Source:HGNC Symbol;Acc:HGNC:30649]
Q76N89,14.944517080123177,-1.917598247441839,0.26536873242545705,-7.2261650041249625,4.968240501430296e-13,2.602602755784887e-11,ENSG00000002746,HECW1,"HECT, C2 and WW domain containing E3 ubiquitin protein ligase 1 [Source:HGNC Symbol;Acc:HGNC:22195]"
Q7KZF4,112.7413299714664,-0.9289176802601277,0.1827621909060089,-5.082657827941296,3.7218982253410635e-07,5.4904845124864094e-06,ENSG00000197157,SND1,staphylococcal nuclease and tudor domain containing 1 [Source:HGNC Symbol;Acc:HGNC:30646]
Q7L0J3,163.50788780979812,-1.2967787955730372,0.17512406057438631,-7.404915071748309,1.3123442899435417e-13,7.556773099325031e-12,ENSG00000159164,SV2A,synaptic vesicle glycoprotein 2A [Source:HGNC Symbol;Acc:HGNC:20566]
Q7L1I2,77.34689316860545,-0.8802652157690716,0.2588136366072515,-3.401154696902119,0.0006710184313931653,0.003754697197888575,ENSG00000185518,SV2B,synaptic vesicle glycoprotein 2B [Source:HGNC Symbol;Acc:HGNC:16874]
Q7L1S5,1117.4580811186163,-1.8479386549240444,0.5060489300537142,-3.6516995594238213,0.0002605105492948736,0.0016789303489623446,ENSG00000154080,CHST9,carbohydrate sulfotransferase 9 [Source:HGNC Symbol;Acc:HGNC:19898]
Q7L3S4,49.500805731624546,-0.5662666903221152,0.13151235487827853,-4.3058060274734204,1.663788017631724e-05,0.00015667455568253648,ENSG00000179965,ZNF771,zinc finger protein 771 [Source:HGNC Symbol;Acc:HGNC:29653]
Q7L3T8,82.22915534179039,-0.7065243525829927,0.14652357179750974,-4.821915981951244,1.4218583680620181e-06,1.8125817600716615e-05,ENSG00000162396,PARS2,"prolyl-tRNA synthetase 2, mitochondrial [Source:HGNC Symbol;Acc:HGNC:30563]"
Q7L7L0,55.80722583355992,-1.1220869134493643,0.23675547344419387,-4.739433885628219,2.1431614800499234e-06,2.6229346992797454e-05,ENSG00000181218,H2AC25,H2A clustered histone 25 [Source:HGNC Symbol;Acc:HGNC:20507]
Q7L7V1,100.3612711006166,-0.6763145402229184,0.14417097984140267,-4.691058775954133,2.717948713914045e-06,3.219207354278214e-05,ENSG00000089876,DHX32,DEAH-box helicase 32 (putative) [Source:HGNC Symbol;Acc:HGNC:16717]
Q7LFX5,1202.0965921026377,-1.1356707027616262,0.13510513535085963,-8.4058292811177,4.248487712603283e-17,4.780415714987388e-15,ENSG00000182022,CHST15,carbohydrate sulfotransferase 15 [Source:HGNC Symbol;Acc:HGNC:18137]
Q7LGC8,1188.7164107541191,-0.8470263806279499,0.1934624800263027,-4.378246265181704,1.1963812052898087e-05,0.00011779013884581001,ENSG00000122863,CHST3,carbohydrate sulfotransferase 3 [Source:HGNC Symbol;Acc:HGNC:1971]
Q7RTS1,237.37388754496794,-2.807158258574738,0.321146391860358,-8.741054951024816,2.309436462642701e-18,3.1832694841951333e-16,ENSG00000180535,BHLHA15,basic helix-loop-helix family member a15 [Source:HGNC Symbol;Acc:HGNC:22265]
Q7RTT9,25.484786701754103,-0.605634349599464,0.15898702841449708,-3.809331840711603,0.00013934283854559663,0.000980244644747875,ENSG00000164638,SLC29A4,solute carrier family 29 member 4 [Source:HGNC Symbol;Acc:HGNC:23097]
Q7RTX0,96.79515488780228,-1.4428496751355377,0.2792188794399067,-5.1674502742428885,2.3730907463602428e-07,3.6649960308283472e-06,ENSG00000169962,TAS1R3,taste 1 receptor member 3 [Source:HGNC Symbol;Acc:HGNC:15661]
Q7RTX9,150.58127549524218,-0.5479891768288617,0.17111227027135634,-3.202512455476394,0.0013623440867081469,0.006801697970853135,ENSG00000163053,SLC16A14,solute carrier family 16 member 14 [Source:HGNC Symbol;Acc:HGNC:26417]
Q7RTY1,141.28246682237648,-0.597364166342798,0.18058569140816028,-3.307926346128021,0.0009398952547029558,0.004979209691861395,ENSG00000165449,SLC16A9,solute carrier family 16 member 9 [Source:HGNC Symbol;Acc:HGNC:23520]
Q7Z2D5,11.91638673445692,-1.2796305945996258,0.37344719916843516,-3.426536863709283,0.0006113307753731714,0.00347034463837321,ENSG00000117600,PLPPR4,phospholipid phosphatase related 4 [Source:HGNC Symbol;Acc:HGNC:23496]
Q7Z2H8,457.65905450943745,-0.9835020123580287,0.14293716369780074,-6.880659913172469,5.957592576774294e-12,2.5462935404686103e-10,ENSG00000123643,SLC36A1,solute carrier family 36 member 1 [Source:HGNC Symbol;Acc:HGNC:18761]
Q7Z2K8,42.819919494783576,-1.1875888947042958,0.1757091700986131,-6.758832757776879,1.3910785219712985e-11,5.577971949737276e-10,ENSG00000169258,GPRIN1,G protein regulated inducer of neurite outgrowth 1 [Source:HGNC Symbol;Acc:HGNC:24835]
Q7Z2Y5,47.71621862756124,-1.7935691739207558,0.32275469996075523,-5.557066013721386,2.7434702378329435e-08,5.247570912850627e-07,ENSG00000123572,NRK,Nik related kinase [Source:HGNC Symbol;Acc:HGNC:25391]
Q7Z2Z1,27.598752937573153,-1.0390722638618095,0.15614000324499816,-6.654747292603861,2.83787226575279e-11,1.0536436860086199e-09,ENSG00000140534,TICRR,TOPBP1 interacting checkpoint and replication regulator [Source:HGNC Symbol;Acc:HGNC:28704]
Q7Z4H4,83.65844683776233,-2.4891640870116274,0.2983264894454582,-8.34375818130864,7.196607589254296e-17,7.896218098179813e-15,ENSG00000128165,ADM2,adrenomedullin 2 [Source:HGNC Symbol;Acc:HGNC:28898]
Q7Z5A7,70.70479928933615,-0.849831037642981,0.17990551294059018,-4.723763178528158,2.3152000823142128e-06,2.797776581663433e-05,ENSG00000219438,TAFA5,TAFA chemokine like family member 5 [Source:HGNC Symbol;Acc:HGNC:21592]
Q7Z5J4,476.43658621771885,-0.7507314864080754,0.12489482854947108,-6.010909299664952,1.8448560537901297e-09,4.5459726715405056e-08,ENSG00000108557,RAI1,retinoic acid induced 1 [Source:HGNC Symbol;Acc:HGNC:9834]
Q7Z5L7,409.7660688025129,-1.5612329965818939,0.2307718565783213,-6.765266006567961,1.3306449040803163e-11,5.401779728011574e-10,ENSG00000174348,PODN,podocan [Source:HGNC Symbol;Acc:HGNC:23174]
Q7Z5N4,116.93699819389178,-1.3629554916399127,0.1745789248141104,-7.807102106346296,5.851786116623322e-15,4.3452959938050754e-13,ENSG00000146555,SDK1,sidekick cell adhesion molecule 1 [Source:HGNC Symbol;Acc:HGNC:19307]
Q7Z5Y6,113.04220442249026,-1.0326413916498394,0.17912459204630574,-5.764933669090449,8.168996315997852e-09,1.755936108703866e-07,ENSG00000183682,BMP8A,bone morphogenetic protein 8a [Source:HGNC Symbol;Acc:HGNC:21650]
Q7Z7G1,11.567468703122232,-0.7896348122827638,0.2185535055392795,-3.613004560756619,0.00030266937788251774,0.0019098914048128887,ENSG00000109684,CLNK,cytokine dependent hematopoietic cell linker [Source:HGNC Symbol;Acc:HGNC:17438]
Q86TB3,16.97216145903068,-2.6485802564759346,0.4126736044309651,-6.418099505365886,1.3798605856544515e-10,4.3912619561361145e-09,ENSG00000198796,ALPK2,alpha kinase 2 [Source:HGNC Symbol;Acc:HGNC:20565]
Q86TE4,46.504776870892655,-1.4661363876516802,0.3918628229967531,-3.741453135154462,0.00018295929846850518,0.0012425907526708274,ENSG00000187398,LUZP2,leucine zipper protein 2 [Source:HGNC Symbol;Acc:HGNC:23206]
Q86TY3,76.2775136890946,-1.4434102124677461,0.23227462457711692,-6.214239782307874,5.157372266195647e-10,1.4434097456685127e-08,ENSG00000139971,ARMH4,armadillo like helical domain containing 4 [Source:HGNC Symbol;Acc:HGNC:19846]
Q86UD0,28.197680816662125,-1.337257217558684,0.19612062178110573,-6.818544655906835,9.196739023161901e-12,3.798218771850422e-10,ENSG00000186193,SAPCD2,suppressor APC domain containing 2 [Source:HGNC Symbol;Acc:HGNC:28055]
Q86UD1,336.5559078091748,-1.3374062204152486,0.1833664464906854,-7.293625666041283,3.0172302336206665e-13,1.63093126402623e-11,ENSG00000184232,OAF,out at first homolog [Source:HGNC Symbol;Acc:HGNC:28752]
Q86UD5,69.77966277937144,-0.8009330559286947,0.16318599431830486,-4.908099247576498,9.196331633636765e-07,1.2232563199531075e-05,ENSG00000164038,SLC9B2,solute carrier family 9 member B2 [Source:HGNC Symbol;Acc:HGNC:25143]
Q86UK0,46.04476897074899,-3.8773716672170218,0.32698560293760076,-11.857927787594207,1.9576007855473463e-32,3.9248116113146525e-29,ENSG00000144452,ABCA12,ATP binding cassette subfamily A member 12 [Source:HGNC Symbol;Acc:HGNC:14637]
Q86UN2,202.0578566626641,-0.7756130197776581,0.19760403320322098,-3.925086989393572,8.669840198251614e-05,0.000654810464836442,ENSG00000185924,RTN4RL1,reticulon 4 receptor like 1 [Source:HGNC Symbol;Acc:HGNC:21329]
Q86UN6,113.61060489109259,-1.4312671799936156,0.5179593295031439,-2.7632810115932624,0.005722347666868797,0.022202789487178826,ENSG00000186471,AKAP14,A-kinase anchoring protein 14 [Source:HGNC Symbol;Acc:HGNC:24061]
Q86UY5,113.76022731598165,-4.35108442030106,0.399302089511097,-10.896723394632122,1.1948278932280012e-27,8.500236889435592e-25,ENSG00000147689,FAM83A,family with sequence similarity 83 member A [Source:HGNC Symbol;Acc:HGNC:28210]
Q86V59,161.773761935501,-1.177626072546782,0.3120162398998268,-3.774246087078225,0.0001604922769472996,0.0011116509660162516,ENSG00000182013,PNMA8A,PNMA family member 8A [Source:HGNC Symbol;Acc:HGNC:25578]
Q86VQ0,392.4472945300399,-0.5484562275605785,0.2079389856933792,-2.63758248955449,0.008349931473222428,0.03022310663227432,ENSG00000135338,LCA5,lebercilin LCA5 [Source:HGNC Symbol;Acc:HGNC:31923]
Q86VR8,49.65615056010257,-1.847234515414742,0.2562601983232126,-7.208433176520395,5.659933476817028e-13,2.909654379900297e-11,ENSG00000179431,FJX1,four-jointed box kinase 1 [Source:HGNC Symbol;Acc:HGNC:17166]
Q86VY9,385.05631518847866,-0.6579190163439592,0.20031073287234524,-3.2844920834234097,0.0010216636836476486,0.005340547731492117,ENSG00000164484,TMEM200A,transmembrane protein 200A [Source:HGNC Symbol;Acc:HGNC:21075]
Q86X27,654.5237153941351,-1.249479425983479,0.16945703713485255,-7.373428965296692,1.6629431267858926e-13,9.308260842166516e-12,ENSG00000116191,RALGPS2,Ral GEF with PH domain and SH3 binding motif 2 [Source:HGNC Symbol;Acc:HGNC:30279]
Q86X45,173.01435633001853,-0.8413728392912301,0.3063105793706609,-2.7467965390548916,0.006018045498638888,0.023102171527760146,ENSG00000129295,DNAAF11,dynein axonemal assembly factor 11 [Source:HGNC Symbol;Acc:HGNC:16725]
Q86X52,1238.0811768852986,-0.5326244782775834,0.19137847929263685,-2.7830949448769906,0.005384304710893297,0.021150392843120733,ENSG00000131873,CHSY1,chondroitin sulfate synthase 1 [Source:HGNC Symbol;Acc:HGNC:17198]
Q86XK7,187.5926268588162,-1.9447576260925585,0.5226526577719747,-3.7209370260985573,0.0001984849338537922,0.0013313219985436535,ENSG00000101842,VSIG1,V-set and immunoglobulin domain containing 1 [Source:HGNC Symbol;Acc:HGNC:28675]
Q86XW9,54.83616499514974,-1.0146059847106799,0.34856505616220035,-2.9108080881135305,0.0036049536506846313,0.015169556918946548,ENSG00000181322,NME9,NME/NM23 family member 9 [Source:HGNC Symbol;Acc:HGNC:21343]
Q86Y01,22.0012681110872,-1.3466117038763874,0.30954613680584325,-4.350277854447988,1.3596513633388593e-05,0.00013174758860753604,ENSG00000135144,DTX1,deltex E3 ubiquitin ligase 1 [Source:HGNC Symbol;Acc:HGNC:3060]
Q86Y13,1016.4543931490243,-0.7303697971749403,0.2207683353050498,-3.30830866738992,0.0009386129625210246,0.004974806603085478,ENSG00000198919,DZIP3,DAZ interacting zinc finger protein 3 [Source:HGNC Symbol;Acc:HGNC:30938]
Q86Y33,114.51270649017076,-2.5576900921071375,0.6802264468371603,-3.760056822253228,0.00016987476730635453,0.0011660187109163844,ENSG00000164287,CDC20B,cell division cycle 20B [Source:HGNC Symbol;Acc:HGNC:24222]
Q86Y38,524.9682066033577,-0.6915186611191878,0.17744103738455427,-3.897174358942192,9.732155327321235e-05,0.0007221835585085549,ENSG00000103489,XYLT1,xylosyltransferase 1 [Source:HGNC Symbol;Acc:HGNC:15516]
Q86Y91,19.99515869197532,-1.0160339276589645,0.2563505714703374,-3.9634548962826512,7.387282575222257e-05,0.0005694481996293311,ENSG00000186185,KIF18B,kinesin family member 18B [Source:HGNC Symbol;Acc:HGNC:27102]
Q86YD5,219.62093462478794,-1.5369387890468365,0.21621613064032333,-7.108344712742743,1.1744293624657182e-12,5.630622860830207e-11,ENSG00000179241,LDLRAD3,low density lipoprotein receptor class A domain containing 3 [Source:HGNC Symbol;Acc:HGNC:27046]
Q86YF9,311.27710695128405,-0.6884293462173822,0.13507281527118195,-5.096727604553452,3.455750175560496e-07,5.139117624532109e-06,ENSG00000134874,DZIP1,DAZ interacting zinc finger protein 1 [Source:HGNC Symbol;Acc:HGNC:20908]
Q86YZ3,17.18361308009297,-0.8281334004568084,0.3337723414650711,-2.4811324893541893,0.013096568417470584,0.04361040614206496,ENSG00000197915,HRNR,hornerin [Source:HGNC Symbol;Acc:HGNC:20846]
Q8IU85,1365.0568219404358,-0.7003421463473236,0.19662544417207672,-3.5618083371469424,0.00036830922540643705,0.002246940983987154,ENSG00000183049,CAMK1D,calcium/calmodulin dependent protein kinase ID [Source:HGNC Symbol;Acc:HGNC:19341]
Q8IUF8,83.41000973000291,-0.5228438784640936,0.09760543786767689,-5.356708497869862,8.475168858795831e-08,1.4489253799370794e-06,ENSG00000170854,RIOX2,ribosomal oxygenase 2 [Source:HGNC Symbol;Acc:HGNC:19441]
Q8IUX7,159.92952801427464,-1.6291826034279977,0.2647052065386686,-6.154705548604327,7.521711174720515e-10,2.0353842729728374e-08,ENSG00000106624,AEBP1,AE binding protein 1 [Source:HGNC Symbol;Acc:HGNC:303]
Q8IUX8,1275.391196070595,-0.5285170844193622,0.17500826610787992,-3.019954977975553,0.0025281226277713746,0.011341581861853113,ENSG00000198759,EGFL6,EGF like domain multiple 6 [Source:HGNC Symbol;Acc:HGNC:3235]
Q8IV01,32.76591608131228,-3.436175692602506,0.3307581666874805,-10.388785640625478,2.788811137324017e-25,1.3086051238839121e-22,ENSG00000173227,SYT12,synaptotagmin 12 [Source:HGNC Symbol;Acc:HGNC:18381]
Q8IV45,88.29690432769662,-0.7690856270550197,0.18572489032207443,-4.140993841597169,3.458042460112447e-05,0.0002944543182058683,ENSG00000124602,UNC5CL,unc-5 family C-terminal like [Source:HGNC Symbol;Acc:HGNC:21203]
Q8IV56,169.61822959450586,-1.8403125398887212,0.3945236251671573,-4.664644706914553,3.0915071722652515e-06,3.594101169063672e-05,ENSG00000176532,PRR15,proline rich 15 [Source:HGNC Symbol;Acc:HGNC:22310]
Q8IV77,77.73105925053974,-1.5561362709211337,0.44273471304230433,-3.5148277853072734,0.000440039246835179,0.0026136885401839586,ENSG00000132259,CNGA4,cyclic nucleotide gated channel subunit alpha 4 [Source:HGNC Symbol;Acc:HGNC:2152]
Q8IVL6,19.776361438819965,-2.2480243911539515,0.28006718537188374,-8.026732543367906,1.0010299138788445e-15,8.937940777604872e-14,ENSG00000110811,P3H3,prolyl 3-hydroxylase 3 [Source:HGNC Symbol;Acc:HGNC:19318]
Q8IW03,24.175455923811704,-1.3193714052130454,0.4179016973664581,-3.157133396508051,0.0015932844041449939,0.007753374723965953,ENSG00000215475,SIAH3,siah E3 ubiquitin protein ligase family member 3 [Source:HGNC Symbol;Acc:HGNC:30553]
Q8IW92,36.85123245788194,-1.2400971494528283,0.2392508105159376,-5.183251612726385,2.1805055793948877e-07,3.393709953985522e-06,ENSG00000149328,GLB1L2,galactosidase beta 1 like 2 [Source:HGNC Symbol;Acc:HGNC:25129]
Q8IWA6,103.65232694041559,-1.6440061077910846,0.41077209470942516,-4.002234156032515,6.274715303527708e-05,0.0004947535620450485,ENSG00000183273,CCDC60,coiled-coil domain containing 60 [Source:HGNC Symbol;Acc:HGNC:28610]
Q8IWB9,275.5918147746066,-0.6123256501886359,0.24646092585387494,-2.4844735451155437,0.012974314793680579,0.04329483105762316,ENSG00000136478,TEX2,testis expressed 2 [Source:HGNC Symbol;Acc:HGNC:30884]
Q8IWD5,34.82805844187366,-0.9996890539629422,0.18718254053300548,-5.340717414756261,9.257947266803145e-08,1.565757431150894e-06,ENSG00000185156,MFSD6L,major facilitator superfamily domain containing 6 like [Source:HGNC Symbol;Acc:HGNC:26656]
Q8IWT6,1833.1738446703355,-0.6484464347624967,0.14603719854448874,-4.440282621314145,8.984081345364681e-06,9.139065036470142e-05,ENSG00000136802,LRRC8A,leucine rich repeat containing 8 VRAC subunit A [Source:HGNC Symbol;Acc:HGNC:19027]
Q8IWU6,304.493263549844,-1.926896442368469,0.2854377430114568,-6.750671519607439,1.471624339387653e-11,5.858339924342111e-10,ENSG00000137573,SULF1,sulfatase 1 [Source:HGNC Symbol;Acc:HGNC:20391]
Q8IWV1,38.658850671902805,-1.7946194731438698,0.3091202889162324,-5.805569991655218,6.414740048030364e-09,1.410475344160136e-07,ENSG00000122188,LAX1,lymphocyte transmembrane adaptor 1 [Source:HGNC Symbol;Acc:HGNC:26005]
Q8IWX5,1555.1542474420562,-1.0145655043448365,0.2805993583289569,-3.6157085689248953,0.00029952720019179387,0.0018933140937316773,ENSG00000163082,SGPP2,sphingosine-1-phosphate phosphatase 2 [Source:HGNC Symbol;Acc:HGNC:19953]
Q8IX30,223.9808647736701,-0.74123506604535,0.18900899250065686,-3.921692064692499,8.792931936304346e-05,0.0006618406857449012,ENSG00000146197,SCUBE3,"signal peptide, CUB domain and EGF like domain containing 3 [Source:HGNC Symbol;Acc:HGNC:13655]"
Q8IX90,16.902448913302663,-1.126576782654269,0.21455767750991955,-5.250694338831965,1.515269425025912e-07,2.449981810815356e-06,ENSG00000165480,SKA3,spindle and kinetochore associated complex subunit 3 [Source:HGNC Symbol;Acc:HGNC:20262]
Q8IXH8,88.77808368066324,-1.021479052846024,0.19420681450187516,-5.259748765593193,1.4425235487288463e-07,2.34439309828047e-06,ENSG00000124215,CDH26,cadherin 26 [Source:HGNC Symbol;Acc:HGNC:15902]
Q8IXL7,2302.062677503005,-0.5152607996666957,0.1595989096811457,-3.2284731812774177,0.0012445292765628385,0.006302376272173786,ENSG00000174099,MSRB3,methionine sulfoxide reductase B3 [Source:HGNC Symbol;Acc:HGNC:27375]
Q8IXU6,274.9315339812486,-0.5927684743841983,0.22429922615948375,-2.6427575544229542,0.008223389559095464,0.02985818790521754,ENSG00000110660,SLC35F2,solute carrier family 35 member F2 [Source:HGNC Symbol;Acc:HGNC:23615]
Q8IXY8,246.07054297288576,-1.2588605438567682,0.3375514016544715,-3.729389176542002,0.00019194450269991768,0.0012937481853740784,ENSG00000185250,PPIL6,peptidylprolyl isomerase like 6 [Source:HGNC Symbol;Acc:HGNC:21557]
Q8IYA6,19.051593948487483,-0.7085077571716998,0.2416047294885124,-2.9325078141956955,0.0033623646099176473,0.014365282663139054,ENSG00000169607,CKAP2L,cytoskeleton associated protein 2 like [Source:HGNC Symbol;Acc:HGNC:26877]
Q8IYA7,88.66068354472596,-0.9581931779789558,0.32333842971613436,-2.9634373458798997,0.0030422398755473477,0.013202195634655885,ENSG00000150051,MKX,mohawk homeobox [Source:HGNC Symbol;Acc:HGNC:23729]
Q8IYI8,753.8060742605803,-0.5778549847495714,0.21276713254573276,-2.715903428483559,0.006609519443085641,0.024947174704400263,ENSG00000171295,ZNF440,zinc finger protein 440 [Source:HGNC Symbol;Acc:HGNC:20874]
Q8IYT3,927.5251969699619,-1.265362807951412,0.36963157081909837,-3.423308255697385,0.0006186387955908342,0.0035064148028682235,ENSG00000120262,CCDC170,coiled-coil domain containing 170 [Source:HGNC Symbol;Acc:HGNC:21177]
Q8IZ08,109.20893282065413,-0.7123134177678564,0.18862902799467654,-3.7762661735603027,0.0001591968671662571,0.0011037182359272663,ENSG00000181619,GPR135,G protein-coupled receptor 135 [Source:HGNC Symbol;Acc:HGNC:19991]
Q8IZD9,59.477040248072356,-1.070132911664555,0.16701210339527997,-6.407517119473622,1.4790848394099215e-10,4.66662904840435e-09,ENSG00000088538,DOCK3,dedicator of cytokinesis 3 [Source:HGNC Symbol;Acc:HGNC:2989]
Q8IZQ8,315.47933999183164,-0.9185685166533584,0.2529349674367388,-3.631639096650803,0.00028162679363028404,0.0017930130793078188,ENSG00000141052,MYOCD,myocardin [Source:HGNC Symbol;Acc:HGNC:16067]
Q8IZR5,30.00562355388132,-0.738959549858284,0.25284044462758365,-2.9226319030830687,0.003470865743958483,0.014743157380057855,ENSG00000183723,CMTM4,CKLF like MARVEL transmembrane domain containing 4 [Source:HGNC Symbol;Acc:HGNC:19175]
Q8IZW8,127.85645699954854,-4.066908728883136,0.36646712860666186,-11.097608520430898,1.2884539807254118e-28,9.7984703761787e-26,ENSG00000131746,TNS4,tensin 4 [Source:HGNC Symbol;Acc:HGNC:24352]
Q8J025,535.2931906900847,-0.8122130333159572,0.1802832603076871,-4.505204931005594,6.6308919155064926e-06,6.99032936446368e-05,ENSG00000154856,APCDD1,APC down-regulated 1 [Source:HGNC Symbol;Acc:HGNC:15718]
Q8N0U2,12.809251576872256,-1.1541653493229687,0.2890891221704581,-3.9924205402734874,6.54022517956423e-05,0.0005127555140778868,ENSG00000143001,TMEM61,transmembrane protein 61 [Source:HGNC Symbol;Acc:HGNC:27296]
Q8N0U7,80.51561871059144,-1.462836135796994,0.44903894061320404,-3.257704407104106,0.0011231733471306095,0.0057820880013115,ENSG00000162598,C1orf87,chromosome 1 open reading frame 87 [Source:HGNC Symbol;Acc:HGNC:28547]
Q8N0V4,234.6285566992929,-2.869914503291639,0.2285772498686117,-12.555556184796574,3.705681742121109e-36,1.0215638142592367e-32,ENSG00000153012,LGI2,leucine rich repeat LGI family member 2 [Source:HGNC Symbol;Acc:HGNC:18710]
Q8N118,619.8736274796572,-0.6985085530620331,0.21068679939270807,-3.3153883160949884,0.0009151590150488976,0.0048739234286134725,ENSG00000186377,CYP4X1,cytochrome P450 family 4 subfamily X member 1 [Source:HGNC Symbol;Acc:HGNC:20244]
Q8N126,79.50379630759986,-0.9213582294408034,0.24586317307056732,-3.747443010411146,0.00017864640812168025,0.001216008606393684,ENSG00000162706,CADM3,cell adhesion molecule 3 [Source:HGNC Symbol;Acc:HGNC:17601]
Q8N1D5,57.35531014139598,-1.317697910881258,0.4688266339857694,-2.810629378452196,0.004944470527225042,0.019702883498184547,ENSG00000157330,CFAP107,cilia and flagella associated protein 107 [Source:HGNC Symbol;Acc:HGNC:28567]
Q8N1S5,354.74740270540127,-0.5666172796609161,0.10049690150923223,-5.638156710820217,1.7188005801885697e-08,3.4088514384423307e-07,ENSG00000133195,SLC39A11,solute carrier family 39 member 11 [Source:HGNC Symbol;Acc:HGNC:14463]
Q8N257,31.606614401891022,-1.251036067518536,0.3978530524067482,-3.1444676871286874,0.001663892856855615,0.00803492293958698,ENSG00000196890,H2BC26,H2B clustered histone 26 [Source:HGNC Symbol;Acc:HGNC:20514]
Q8N271,52.323687477277495,-2.7211457589557235,0.2687355845747478,-10.125736653974261,4.247680340425209e-24,1.4193688216323872e-21,ENSG00000155066,PROM2,prominin 2 [Source:HGNC Symbol;Acc:HGNC:20685]
Q8N2G6,1363.5235535735135,-0.8358173583283371,0.15763621923909954,-5.302191097723459,1.1442097298667183e-07,1.9001808269940213e-06,ENSG00000165424,ZCCHC24,zinc finger CCHC-type containing 24 [Source:HGNC Symbol;Acc:HGNC:26911]
Q8N2R0,45.833818059993035,-1.52713709602881,0.2539512322190687,-6.013505359609515,1.8155392530331879e-09,4.483751700604023e-08,ENSG00000164920,OSR2,odd-skipped related transciption factor 2 [Source:HGNC Symbol;Acc:HGNC:15830]
Q8N309,33.061458857257456,-1.3201410364521315,0.4095951467648189,-3.223038766155424,0.00126838386534637,0.006406082774748566,ENSG00000158113,LRRC43,leucine rich repeat containing 43 [Source:HGNC Symbol;Acc:HGNC:28562]
Q8N3C0,813.7057525481315,-0.7465021056833033,0.10495264674530808,-7.112751596392454,1.1375190817848826e-12,5.4894629824253395e-11,ENSG00000112249,ASCC3,activating signal cointegrator 1 complex subunit 3 [Source:HGNC Symbol;Acc:HGNC:18697]
Q8N3T1,238.48110647177754,-2.046023482042755,0.3096364994238123,-6.607823967297466,3.900100371202679e-11,1.4123614710427567e-09,ENSG00000131386,GALNT15,polypeptide N-acetylgalactosaminyltransferase 15 [Source:HGNC Symbol;Acc:HGNC:21531]
Q8N3T6,134.87047044658883,-1.130779681732822,0.2826324564060296,-4.000884031904477,6.310628118549838e-05,0.0004970521161660647,ENSG00000181234,TMEM132C,transmembrane protein 132C [Source:HGNC Symbol;Acc:HGNC:25436]
Q8N414,133.71814611356507,-0.9849543778299771,0.20688600898047296,-4.760855423156926,1.927741140179414e-06,2.379093626497862e-05,ENSG00000177614,PGBD5,piggyBac transposable element derived 5 [Source:HGNC Symbol;Acc:HGNC:19405]
Q8N436,442.49545130010966,-1.3111371058614405,0.23013360785992884,-5.697286537390341,1.2172924664460911e-08,2.504306721548703e-07,ENSG00000121898,CPXM2,"carboxypeptidase X, M14 family member 2 [Source:HGNC Symbol;Acc:HGNC:26977]"
Q8N443,119.57072063604562,-0.82651266923987,0.32463587023631746,-2.5459684065048425,0.010897505072758683,0.037435136584831774,ENSG00000158423,RIBC1,RIB43A domain with coiled-coils 1 [Source:HGNC Symbol;Acc:HGNC:26537]
Q8N456,118.0879547199908,-0.9766300703737452,0.35335281158560033,-2.763895003385745,0.005711591481472453,0.022168855778316347,ENSG00000165383,LRRC18,leucine rich repeat containing 18 [Source:HGNC Symbol;Acc:HGNC:23199]
Q8N474,10.878051849419618,-1.6060194045675185,0.3961756933940998,-4.0538060041202835,5.039100939675665e-05,0.00040902588194187373,ENSG00000104332,SFRP1,secreted frizzled related protein 1 [Source:HGNC Symbol;Acc:HGNC:10776]
Q8N4B5,39.937932988322956,-1.5041480039882884,0.4652165236417167,-3.2332213658573696,0.0012240267507010695,0.006211386553143439,ENSG00000176381,PRR18,proline rich 18 [Source:HGNC Symbol;Acc:HGNC:28574]
Q8N4F0,31.294099704421807,-3.8246062208480978,0.7985052327323034,-4.789707147893276,1.6702489509828278e-06,2.0917473233943944e-05,ENSG00000078898,BPIFB2,BPI fold containing family B member 2 [Source:HGNC Symbol;Acc:HGNC:16177]
Q8N4P2,366.0728297758227,-0.6268935692630268,0.23647241357851076,-2.6510219935438393,0.008024861559157527,0.029273471704609144,ENSG00000196659,IFT70B,intraflagellar transport 70B [Source:HGNC Symbol;Acc:HGNC:26425]
Q8N4W6,65.1333624523819,-2.288295102756009,0.27294253219986947,-8.383798172870849,5.124663298538792e-17,5.708046686160329e-15,ENSG00000178401,DNAJC22,DnaJ heat shock protein family (Hsp40) member C22 [Source:HGNC Symbol;Acc:HGNC:25802]
Q8N4Z0,117.0360037208505,-1.044333909693426,0.22038223026640638,-4.738739182514832,2.1505208796140976e-06,2.6278095502771125e-05,ENSG00000188060,RAB42,"RAB42, member RAS oncogene family [Source:HGNC Symbol;Acc:HGNC:28702]"
Q8N584,21.123967236776544,-0.5996901417760742,0.15852396215141024,-3.7829621064056864,0.00015497301509036785,0.0010781624210734928,ENSG00000168234,TTC39C,tetratricopeptide repeat domain 39C [Source:HGNC Symbol;Acc:HGNC:26595]
Q8N5R6,43.67961297740684,-1.5802049417501676,0.4912937358650148,-3.2164158148035824,0.0012980261010669208,0.006529805573204806,ENSG00000140481,CCDC33,coiled-coil domain containing 33 [Source:HGNC Symbol;Acc:HGNC:26552]
Q8N5V2,26.52138757925139,-1.3510892792793123,0.37663285956350795,-3.5872846592438417,0.00033413948263716424,0.0020714084839098886,ENSG00000066248,NGEF,neuronal guanine nucleotide exchange factor [Source:HGNC Symbol;Acc:HGNC:7807]
Q8N608,17.986192495814453,-1.0092490930082125,0.2588071436522619,-3.8996183751568254,9.634442464734433e-05,0.0007156550829142917,ENSG00000175497,DPP10,dipeptidyl peptidase like 10 [Source:HGNC Symbol;Acc:HGNC:20823]
Q8N614,70.9069189960206,-1.465687940826637,0.2988959194478741,-4.903673303851328,9.406087975051409e-07,1.248897436494785e-05,ENSG00000121895,TMEM156,transmembrane protein 156 [Source:HGNC Symbol;Acc:HGNC:26260]
Q8N695,14.430240835636182,-1.505302162058767,0.4995987416083481,-3.0130223251018973,0.0025865988844455718,0.011563926981058716,ENSG00000256870,SLC5A8,solute carrier family 5 member 8 [Source:HGNC Symbol;Acc:HGNC:19119]
Q8N6N7,91.71208822581957,-1.1763342249222444,0.33653016673293895,-3.495479280036582,0.000473211191848229,0.002783676529517257,ENSG00000176244,ACBD7,acyl-CoA binding domain containing 7 [Source:HGNC Symbol;Acc:HGNC:17715]
Q8N6Y2,80.52528579535526,-1.3804199426919124,0.20757362073452595,-6.650266723715272,2.9256235175923915e-11,1.0825788767950101e-09,ENSG00000128606,LRRC17,leucine rich repeat containing 17 [Source:HGNC Symbol;Acc:HGNC:16895]
Q8N7L0,1465.218716547645,-1.296230548261749,0.4571522865844671,-2.8354458378548375,0.004576177383451984,0.018450277150758695,ENSG00000179813,FAM216B,family with sequence similarity 216 member B [Source:HGNC Symbol;Acc:HGNC:26883]
Q8N7U6,75.67259528142161,-0.9869034176323028,0.3725322300012694,-2.649175932050067,0.008068831532314701,0.029388817678395383,ENSG00000163576,EFHB,EF-hand domain family member B [Source:HGNC Symbol;Acc:HGNC:26330]
Q8N8L6,445.5359327626527,-0.55487137844505,0.11126382522667583,-4.986988154637145,6.132782382247855e-07,8.587452867180582e-06,ENSG00000175414,ARL10,ADP ribosylation factor like GTPase 10 [Source:HGNC Symbol;Acc:HGNC:22042]
Q8N8S7,20.393057173616306,-1.2183326333737536,0.2754949850501174,-4.422340512485618,9.763741763273854e-06,9.814474058670992e-05,ENSG00000154380,ENAH,ENAH actin regulator [Source:HGNC Symbol;Acc:HGNC:18271]
Q8N8U2,369.6947126073024,-0.6867457366174328,0.11411317071569486,-6.0181110761387275,1.7646409499061633e-09,4.3825891339223566e-08,ENSG00000166446,CDYL2,chromodomain Y like 2 [Source:HGNC Symbol;Acc:HGNC:23030]
Q8N8U3,12.60849638552665,-1.3041400318043856,0.2760141052838081,-4.7249035713715415,2.3022457503835512e-06,2.786702951644283e-05,ENSG00000179300,RTL3,retrotransposon Gag like 3 [Source:HGNC Symbol;Acc:HGNC:22997]
Q8N998,114.90749053239233,-0.8537612736716996,0.34716288144873136,-2.4592527579817953,0.013922655825053707,0.04577735919081507,ENSG00000179071,CCDC89,coiled-coil domain containing 89 [Source:HGNC Symbol;Acc:HGNC:26762]
Q8N9F0,11.188198900366796,-0.6726159608204689,0.22183912036603734,-3.031998863458547,0.002429401186138994,0.01098135145708329,ENSG00000185818,NAT8L,N-acetyltransferase 8 like [Source:HGNC Symbol;Acc:HGNC:26742]
Q8N9Z2,1362.4194884281849,-0.7834638068115147,0.22180937849592142,-3.5321491459204504,0.0004121968035039622,0.0024749763965359055,ENSG00000253276,CCDC71L,coiled-coil domain containing 71 like [Source:HGNC Symbol;Acc:HGNC:26685]
Q8NA03,17.020596449234457,-0.7075735837709514,0.26167933130475657,-2.703971995965161,0.006851606320284451,0.0257186050802452,ENSG00000150667,FSIP1,fibrous sheath interacting protein 1 [Source:HGNC Symbol;Acc:HGNC:21674]
Q8NA23,130.04823710619013,-0.825608975505183,0.23341858059468282,-3.5370319423662457,0.000404650723041937,0.002441632570715972,ENSG00000148225,WDR31,WD repeat domain 31 [Source:HGNC Symbol;Acc:HGNC:21421]
Q8NA54,17.83783499066149,-1.207704430888092,0.3882555756564724,-3.110591338826428,0.0018671314085914193,0.008828841356148191,ENSG00000164675,IQUB,IQ motif and ubiquitin domain containing [Source:HGNC Symbol;Acc:HGNC:21995]
Q8NAM6,19.704667586597463,-1.0496557721014237,0.41159232439605903,-2.550231648856944,0.010765136374600255,0.03709019178338291,ENSG00000180532,ZSCAN4,zinc finger and SCAN domain containing 4 [Source:HGNC Symbol;Acc:HGNC:23709]
Q8NBJ4,1481.2502545203458,-1.3366843740349046,0.15131681994927118,-8.833680052772895,1.0128709067282348e-18,1.489190331798966e-16,ENSG00000135052,GOLM1,golgi membrane protein 1 [Source:HGNC Symbol;Acc:HGNC:15451]
Q8NBS9,25.588764232657624,-1.6520811286275128,0.32719086805547426,-5.049288626073167,4.434583057838485e-07,6.421555794981612e-06,ENSG00000239264,TXNDC5,thioredoxin domain containing 5 [Source:HGNC Symbol;Acc:HGNC:21073]
Q8NBT0,88.41333472048912,-0.6255822521859938,0.14347340842443146,-4.360266191874104,1.2990431897465596e-05,0.00012673201771252926,ENSG00000164087,POC1A,POC1 centriolar protein A [Source:HGNC Symbol;Acc:HGNC:24488]
Q8NBT2,16.554147418838152,-0.6088006541235833,0.24178763740598458,-2.517914731518505,0.011805189640292866,0.04002946683994755,ENSG00000161888,SPC24,SPC24 component of NDC80 kinetochore complex [Source:HGNC Symbol;Acc:HGNC:26913]
Q8NBV4,46.655248022006376,-0.5390743942917862,0.15444897881004188,-3.4903072745777,0.0004824654631087503,0.0028313712941459234,ENSG00000160539,PLPP7,phospholipid phosphatase 7 (inactive) [Source:HGNC Symbol;Acc:HGNC:28174]
Q8NC60,485.2647669044402,-0.55582948597529,0.1154408977137336,-4.814840294759462,1.473176604570495e-06,1.872590019435026e-05,ENSG00000084092,NOA1,nitric oxide associated 1 [Source:HGNC Symbol;Acc:HGNC:28473]
Q8NCG5,11.362390276811638,-1.4514932378684375,0.2961632401228196,-4.9009905390908735,9.53546488944517e-07,1.2653137344875079e-05,ENSG00000140835,CHST4,carbohydrate sulfotransferase 4 [Source:HGNC Symbol;Acc:HGNC:1972]
Q8NCL4,376.77725347368147,-0.7005023101328269,0.18070754437571462,-3.876441974533122,0.00010599507273398564,0.0007761090609078864,ENSG00000139629,GALNT6,polypeptide N-acetylgalactosaminyltransferase 6 [Source:HGNC Symbol;Acc:HGNC:4128]
Q8NCM8,256.65071327034883,-1.0479818341071587,0.2836945921777436,-3.6940493862165864,0.00022071090711923326,0.0014573527980860988,ENSG00000187240,DYNC2H1,dynein cytoplasmic 2 heavy chain 1 [Source:HGNC Symbol;Acc:HGNC:2962]
Q8NCU7,48.922416314386545,-1.6814610232916207,0.44032267312916085,-3.8187018881909673,0.00013415576681052822,0.0009473811339223148,ENSG00000198535,C2CD4A,C2 calcium dependent domain containing 4A [Source:HGNC Symbol;Acc:HGNC:33627]
Q8ND07,225.22686690035852,-0.8704576771638545,0.2817532253536907,-3.089432875421926,0.002005390165352676,0.009376059933578105,ENSG00000119636,BBOF1,basal body orientation factor 1 [Source:HGNC Symbol;Acc:HGNC:19855]
Q8ND90,1090.622019201547,-0.6101107557614448,0.0924264977206874,-6.601037265365152,4.082908966093713e-11,1.464137794117573e-09,ENSG00000176903,PNMA1,PNMA family member 1 [Source:HGNC Symbol;Acc:HGNC:9158]
Q8ND94,145.98039673592848,-1.2456209647422574,0.28619549818554096,-4.352342970589703,1.346903386064747e-05,0.00013068458986481273,ENSG00000177363,LRRN4CL,LRRN4 C-terminal like [Source:HGNC Symbol;Acc:HGNC:33724]
Q8NEA4,75.0389127257216,-0.9711430516181844,0.22925669239765292,-4.236051045932855,2.2748508311163902e-05,0.00020485733045912973,ENSG00000153832,FBXO36,F-box protein 36 [Source:HGNC Symbol;Acc:HGNC:27020]
Q8NEF9,321.624671855258,-0.514766388779509,0.147980556310419,-3.4786082821562236,0.0005040247609492455,0.0029341967448726965,ENSG00000151304,SRFBP1,serum response factor binding protein 1 [Source:HGNC Symbol;Acc:HGNC:26333]
Q8NEG4,164.2208650011113,-2.222170935029918,0.3523874288075131,-6.306044862467977,2.8625609404057697e-10,8.508210105082054e-09,ENSG00000133477,FAM83F,family with sequence similarity 83 member F [Source:HGNC Symbol;Acc:HGNC:25148]
Q8NEH6,200.93514750899735,-1.21585491827751,0.34505307474566677,-3.5236750728093,0.00042560582233933694,0.0025423377047323233,ENSG00000138587,MNS1,meiosis specific nuclear structural 1 [Source:HGNC Symbol;Acc:HGNC:29636]
Q8NET6,20.646829503872954,-0.8370326160558226,0.2687903185755716,-3.114072785402377,0.001845239638506927,0.008736563973300079,ENSG00000180767,CHST13,carbohydrate sulfotransferase 13 [Source:HGNC Symbol;Acc:HGNC:21755]
Q8NFJ8,196.0144494071491,-2.3243367547235065,0.2477720649605081,-9.380947586217912,6.538244532902396e-21,1.3351337493391615e-18,ENSG00000180828,BHLHE22,basic helix-loop-helix family member e22 [Source:HGNC Symbol;Acc:HGNC:11963]
Q8NFM7,160.71207497500896,-1.1071642515984994,0.2181553431114374,-5.075118655392921,3.8725426970059017e-07,5.6860889906636585e-06,ENSG00000144730,IL17RD,interleukin 17 receptor D [Source:HGNC Symbol;Acc:HGNC:17616]
Q8NFP7,20.165541733418884,-0.8111147779910874,0.2767836621699937,-2.930500924917023,0.003384159862334666,0.014436027389541339,ENSG00000122824,NUDT10,nudix hydrolase 10 [Source:HGNC Symbol;Acc:HGNC:17621]
Q8NFT2,1269.239339322294,-1.6098864568092932,0.22625587065775835,-7.11533562479118,1.116408278893269e-12,5.3994009172614376e-11,ENSG00000157214,STEAP2,STEAP2 metalloreductase [Source:HGNC Symbol;Acc:HGNC:17885]
Q8NFT8,161.32338341750204,-1.5474757037319133,0.4295644303622984,-3.6024297971476797,0.000315256555674487,0.001972947808979891,ENSG00000187957,DNER,delta/notch like EGF repeat containing [Source:HGNC Symbol;Acc:HGNC:24456]
Q8NFU4,79.09787560869282,-4.435179613085486,0.6776315086649602,-6.545120107864349,5.944758887356487e-11,2.067913446399999e-09,ENSG00000181617,FDCSP,follicular dendritic cell secreted protein [Source:HGNC Symbol;Acc:HGNC:19215]
Q8NFZ4,580.239333317298,-0.8595380621753353,0.14177414962557264,-6.062727686573233,1.3383215152704912e-09,3.424053677236127e-08,ENSG00000169992,NLGN2,neuroligin 2 [Source:HGNC Symbol;Acc:HGNC:14290]
Q8NG27,276.05662423300146,-0.5958676454587577,0.12986074410576748,-4.58851248359891,4.464156160349958e-06,4.9498491684443424e-05,ENSG00000181191,PJA1,praja ring finger ubiquitin ligase 1 [Source:HGNC Symbol;Acc:HGNC:16648]
Q8NGU9,16.537868677944804,-0.5212917713189941,0.20309121588298013,-2.5667864021226747,0.010264581964110802,0.03571711748761433,ENSG00000178015,GPR150,G protein-coupled receptor 150 [Source:HGNC Symbol;Acc:HGNC:23628]
Q8NHP8,1646.3954516314395,-1.0255624129193408,0.13948108532815146,-7.352698830142754,1.9424427570411925e-13,1.0763475518539311e-11,ENSG00000151176,PLBD2,phospholipase B domain containing 2 [Source:HGNC Symbol;Acc:HGNC:27283]
Q8NHY0,39.910093469075115,-1.9688641898966828,0.45066748724996236,-4.368773531702885,1.2494625203081572e-05,0.000122523994766012,ENSG00000167080,B4GALNT2,"beta-1,4-N-acetyl-galactosaminyltransferase 2 [Source:HGNC Symbol;Acc:HGNC:24136]"
Q8NHY3,316.27061077593197,-1.3272466766162276,0.42388550283849097,-3.1311443012995324,0.0017412657844941971,0.008339169513840396,ENSG00000270765,GAS2L2,growth arrest specific 2 like 2 [Source:HGNC Symbol;Acc:HGNC:24846]
Q8NI17,16.987584725700895,-1.2823367069673932,0.2772596758485077,-4.625038614226942,3.7452862071607605e-06,4.2488961940701346e-05,ENSG00000164509,IL31RA,interleukin 31 receptor A [Source:HGNC Symbol;Acc:HGNC:18969]
Q8TAA9,683.5879632575676,-0.7510742009865958,0.15849725739664705,-4.7387204884372,2.150719251949845e-06,2.6278095502771125e-05,ENSG00000173218,VANGL1,VANGL planar cell polarity protein 1 [Source:HGNC Symbol;Acc:HGNC:15512]
Q8TAB3,32.11086434353606,-1.0883334240934366,0.258050363515141,-4.2175233131558025,2.4700028967539837e-05,0.00022000583152266702,ENSG00000165194,PCDH19,protocadherin 19 [Source:HGNC Symbol;Acc:HGNC:14270]
Q8TAB5,436.13386785315856,-0.5051063002247251,0.1315664282290433,-3.839173161601592,0.00012344934460989038,0.0008807996913705993,ENSG00000142686,C1orf216,chromosome 1 open reading frame 216 [Source:HGNC Symbol;Acc:HGNC:26800]
Q8TAC9,260.3426775885922,-2.0237449022241147,0.22660293253778893,-8.930797494805718,4.2294868053311757e-19,6.522874266068094e-17,ENSG00000198794,SCAMP5,secretory carrier membrane protein 5 [Source:HGNC Symbol;Acc:HGNC:30386]
Q8TAE6,886.2259886610913,-0.7750502283022587,0.1707017576571258,-4.540376378894918,5.615389559380232e-06,6.0351755040239585e-05,ENSG00000198729,PPP1R14C,protein phosphatase 1 regulatory inhibitor subunit 14C [Source:HGNC Symbol;Acc:HGNC:14952]
Q8TB40,241.1565294524434,-0.6127063501810902,0.10396987471938186,-5.893114249053439,3.789841807628232e-09,8.798018023729792e-08,ENSG00000100439,ABHD4,"abhydrolase domain containing 4, N-acyl phospholipase B [Source:HGNC Symbol;Acc:HGNC:20154]"
Q8TB45,211.7373512832722,-0.7175128080919612,0.1576156415865958,-4.552294435179847,5.306400033699679e-06,5.7507295500350226e-05,ENSG00000155792,DEPTOR,DEP domain containing MTOR interacting protein [Source:HGNC Symbol;Acc:HGNC:22953]
Q8TB68,21.822116623230688,-1.008230869763394,0.24804525204047395,-4.064705377222375,4.809317427303825e-05,0.00039356098902322285,ENSG00000131188,PRR7,"proline rich 7, synaptic [Source:HGNC Symbol;Acc:HGNC:28130]"
Q8TBA6,639.0130493057917,-0.6356527872347296,0.16049883601722234,-3.9604822253447427,7.479856076717714e-05,0.0005757792178566578,ENSG00000066455,GOLGA5,golgin A5 [Source:HGNC Symbol;Acc:HGNC:4428]
Q8TBE1,25.824826769608983,-0.8372970071167671,0.18707328146603067,-4.475770139675483,7.613636371375029e-06,7.894270641011042e-05,ENSG00000143786,CNIH3,cornichon family AMPA receptor auxiliary protein 3 [Source:HGNC Symbol;Acc:HGNC:26802]
Q8TBE9,227.82644721424097,-0.5617195199471735,0.1097995623656509,-5.115863012974073,3.123096682080887e-07,4.682309600721406e-06,ENSG00000170191,NANP,N-acetylneuraminic acid phosphatase [Source:HGNC Symbol;Acc:HGNC:16140]
Q8TBF8,71.73335700908042,-1.5529175813787233,0.3333061643894361,-4.6591324952642905,3.1754477147262513e-06,3.67644401550424e-05,ENSG00000157470,FAM81A,family with sequence similarity 81 member A [Source:HGNC Symbol;Acc:HGNC:28379]
Q8TBP0,1300.2622365157529,-1.0599866479573674,0.14021676434547325,-7.55962850023923,4.0422218196487314e-14,2.6066421055711437e-12,ENSG00000167291,TBC1D16,TBC1 domain family member 16 [Source:HGNC Symbol;Acc:HGNC:28356]
Q8TBY9,58.71386211640982,-1.074844500699095,0.355186934913709,-3.0261374928112805,0.0024769963944410037,0.011153058081462209,ENSG00000158023,CFAP251,cilia and flagella associated protein 251 [Source:HGNC Symbol;Acc:HGNC:28506]
Q8TC71,1230.6081158291615,-1.2720499538408243,0.3384694015247501,-3.7582420984302987,0.00017111128199613488,0.0011723508057648912,ENSG00000163071,SPATA18,spermatogenesis associated 18 [Source:HGNC Symbol;Acc:HGNC:29579]
Q8TD35,26.312853595694413,-2.006236143529306,0.47040817283530356,-4.264883689067446,2.0000636424644455e-05,0.0001840192055524025,ENSG00000171695,LKAAEAR1,LKAAEAR motif containing 1 [Source:HGNC Symbol;Acc:HGNC:33718]
Q8TDD1,233.42289362983786,-0.561285428843194,0.1352198668360501,-4.150909492639385,3.311567097515041e-05,0.00028318457064209664,ENSG00000123064,DDX54,DEAD-box helicase 54 [Source:HGNC Symbol;Acc:HGNC:20084]
Q8TDL5,1047.1447374290385,-3.631686938769397,0.706272007722072,-5.142051361319869,2.7175479667374114e-07,4.136149265591916e-06,ENSG00000125999,BPIFB1,BPI fold containing family B member 1 [Source:HGNC Symbol;Acc:HGNC:16108]
Q8TDR0,488.79359425862816,-0.5470458120669713,0.18347447345891252,-2.981590854323816,0.0028675494649330366,0.01257275067587141,ENSG00000204104,TRAF3IP1,TRAF3 interacting protein 1 [Source:HGNC Symbol;Acc:HGNC:17861]
Q8TE57,84.83117688973763,-3.3010468152405994,0.4421405982149595,-7.466056789554755,8.263369483902891e-14,5.006603038406439e-12,ENSG00000145536,ADAMTS16,ADAM metallopeptidase with thrombospondin type 1 motif 16 [Source:HGNC Symbol;Acc:HGNC:17108]
Q8TE58,681.0296675193455,-0.9752933653840018,0.2510620614129192,-3.884670427285096,0.00010246879316261279,0.0007542595584214415,ENSG00000166106,ADAMTS15,ADAM metallopeptidase with thrombospondin type 1 motif 15 [Source:HGNC Symbol;Acc:HGNC:16305]
Q8TE60,16.54578712241884,-3.232202430400555,0.4577258759834313,-7.061436986615881,1.6478947041810876e-12,7.78215627537681e-11,ENSG00000140873,ADAMTS18,ADAM metallopeptidase with thrombospondin type 1 motif 18 [Source:HGNC Symbol;Acc:HGNC:17110]
Q8TE85,10.648773147305759,-1.7987827853964704,0.30883602274885513,-5.824394348127055,5.732008528045178e-09,1.2846922365600444e-07,ENSG00000158055,GRHL3,grainyhead like transcription factor 3 [Source:HGNC Symbol;Acc:HGNC:25839]
Q8TED1,33.15700617825216,-0.6967151100396517,0.2516125331987301,-2.7690000223055975,0.005622863137407726,0.021916969985312746,ENSG00000164294,GPX8,glutathione peroxidase 8 (putative) [Source:HGNC Symbol;Acc:HGNC:33100]
Q8TEJ3,729.4568824501895,-1.0206537650006882,0.14151322767350763,-7.212426582167218,5.496346694617237e-13,2.8387922717350948e-11,ENSG00000172985,SH3RF3,SH3 domain containing ring finger 3 [Source:HGNC Symbol;Acc:HGNC:24699]
Q8TER0,615.5895186060781,-0.7106560149062258,0.1038352732013037,-6.8440713160015365,7.697357044258364e-12,3.227329130305589e-10,ENSG00000162804,SNED1,"sushi, nidogen and EGF like domains 1 [Source:HGNC Symbol;Acc:HGNC:24696]"
Q8TF66,242.13031610566506,-2.0598492482782427,0.36816228354870173,-5.59494913064814,2.2068646529391814e-08,4.31091169671574e-07,ENSG00000172061,LRRC15,leucine rich repeat containing 15 [Source:HGNC Symbol;Acc:HGNC:20818]
Q8WTS6,2701.6577986643483,-0.5325775360441177,0.11843307514412992,-4.496864878295062,6.8962783352847846e-06,7.249309933573434e-05,ENSG00000145391,SETD7,"SET domain containing 7, histone lysine methyltransferase [Source:HGNC Symbol;Acc:HGNC:30412]"
Q8WU76,275.04517294322676,-0.5868385502219446,0.12195123149319209,-4.812075639061544,1.4937079665894385e-06,1.895410557834492e-05,ENSG00000184178,SCFD2,sec1 family domain containing 2 [Source:HGNC Symbol;Acc:HGNC:30676]
Q8WU79,124.69884070941124,-1.1886537229711793,0.29629847555559163,-4.01167680914431,6.0288998866028386e-05,0.00047810628586529666,ENSG00000084070,SMAP2,small ArfGAP2 [Source:HGNC Symbol;Acc:HGNC:25082]
Q8WUA8,531.9066431945693,-0.9347261766080113,0.20111082726171792,-4.647816277895344,3.3546749262546263e-06,3.8654127912026924e-05,ENSG00000182704,TSKU,"tsukushi, small leucine rich proteoglycan [Source:HGNC Symbol;Acc:HGNC:28850]"
Q8WUH6,1536.5349705993258,-0.5389366042655578,0.08747412482095684,-6.161097414448674,7.224253091561595e-10,1.9597008324883076e-08,ENSG00000151135,TMEM263,transmembrane protein 263 [Source:HGNC Symbol;Acc:HGNC:28281]
Q8WUJ3,841.1407110446735,-1.9893808416895604,0.2963941453699004,-6.711943784202652,1.9204868835769382e-11,7.390004423281986e-10,ENSG00000103888,CEMIP,cell migration inducing hyaluronidase 1 [Source:HGNC Symbol;Acc:HGNC:29213]
Q8WUM9,169.23986394431486,-0.7834078866472916,0.23040070279718103,-3.4001974696097874,0.0006733720430117843,0.0037634432429249597,ENSG00000144136,SLC20A1,solute carrier family 20 member 1 [Source:HGNC Symbol;Acc:HGNC:10946]
Q8WUP2,942.743036947164,-1.59353704845941,0.17735734437027748,-8.984894615542427,2.589823705943947e-19,4.169049051889621e-17,ENSG00000162458,FBLIM1,filamin binding LIM protein 1 [Source:HGNC Symbol;Acc:HGNC:24686]
Q8WUX2,79.23969332624678,-0.8337472285440002,0.14710971923259028,-5.667519677784105,1.4487942117260227e-08,2.923303526569598e-07,ENSG00000143942,CHAC2,ChaC glutathione specific gamma-glutamylcyclotransferase 2 [Source:HGNC Symbol;Acc:HGNC:32363]
Q8WUX9,11.620077857987232,-1.2868964064686736,0.30717752617711447,-4.189422391944997,2.7966540647560703e-05,0.0002444605974797082,ENSG00000147457,CHMP7,charged multivesicular body protein 7 [Source:HGNC Symbol;Acc:HGNC:28439]
Q8WUY8,44.833794430819104,-0.6500730070076997,0.19733533603097786,-3.2942554541050404,0.0009868277046781973,0.005191674188686299,ENSG00000090971,NAT14,N-acetyltransferase 14 (putative) [Source:HGNC Symbol;Acc:HGNC:28918]
Q8WUY9,14.15218031156818,-0.5662269510485972,0.21777662600985326,-2.600035464884916,0.009321412654973585,0.03303992843021335,ENSG00000035499,DEPDC1B,DEP domain containing 1B [Source:HGNC Symbol;Acc:HGNC:24902]
Q8WVC0,400.06450409324617,-0.6590546320496123,0.09237995402222242,-7.1341736313386095,9.737035536526333e-13,4.772012927167817e-11,ENSG00000166477,LEO1,"LEO1 homolog, Paf1/RNA polymerase II complex component [Source:HGNC Symbol;Acc:HGNC:30401]"
Q8WVP5,799.947196593507,-1.0249753508224118,0.24056277102854223,-4.260739708143787,2.0375141967917017e-05,0.0001866085469104825,ENSG00000185361,TNFAIP8L1,TNF alpha induced protein 8 like 1 [Source:HGNC Symbol;Acc:HGNC:28279]
Q8WVQ1,361.02864497564445,-0.5575468627503385,0.13299905838680617,-4.192111354118041,2.7637027579650484e-05,0.00024225238721844666,ENSG00000171302,CANT1,calcium activated nucleotidase 1 [Source:HGNC Symbol;Acc:HGNC:19721]
Q8WVV4,187.95083854505972,-0.8758257235652781,0.22713135367909787,-3.856031804409914,0.00011524250087964616,0.0008316616866491218,ENSG00000124429,POF1B,POF1B actin binding protein [Source:HGNC Symbol;Acc:HGNC:13711]
Q8WW27,156.66344718418375,-1.443233561685626,0.46033795811115447,-3.1351608883339988,0.001717598828643034,0.008256304395573993,ENSG00000173627,APOBEC4,apolipoprotein B mRNA editing enzyme catalytic polypeptide like 4 [Source:HGNC Symbol;Acc:HGNC:32152]
Q8WWA1,30.17893328228891,-1.5488440326458266,0.3464481479228679,-4.470637357803559,7.798683764452784e-06,8.070960663596514e-05,ENSG00000088726,TMEM40,transmembrane protein 40 [Source:HGNC Symbol;Acc:HGNC:25620]
Q8WWB5,32.56519587490101,-1.2406160621520188,0.3295104234663978,-3.7650282777125317,0.00016653023487935635,0.0011462727216071552,ENSG00000150773,PIH1D2,PIH1 domain containing 2 [Source:HGNC Symbol;Acc:HGNC:25210]
Q8WWF8,61.89920648990521,-1.3924948141112394,0.510478823109656,-2.727820922381569,0.006375420842860985,0.02424198814973382,ENSG00000152611,CAPSL,calcyphosine like [Source:HGNC Symbol;Acc:HGNC:28375]
Q8WWG9,282.2706670769686,-1.3819723426441102,0.2940040925183627,-4.700520767607329,2.594988623479785e-06,3.09350697849855e-05,ENSG00000152049,KCNE4,potassium voltage-gated channel subfamily E regulatory subunit 4 [Source:HGNC Symbol;Acc:HGNC:6244]
Q8WWQ8,48.82243818731061,-0.7982817504705642,0.27848715730030893,-2.8664939461094443,0.00415046097438941,0.017001163879863307,ENSG00000136011,STAB2,stabilin 2 [Source:HGNC Symbol;Acc:HGNC:18629]
Q8WX77,83.50830945704675,-1.0439436982742751,0.22714524876293443,-4.595930154646607,4.3082300770090584e-06,4.801096822554713e-05,ENSG00000137142,IGFBPL1,insulin like growth factor binding protein like 1 [Source:HGNC Symbol;Acc:HGNC:20081]
Q8WXD2,13.444324521987024,-0.7537311048129555,0.2871020585399038,-2.6253072118192278,0.008657081839701892,0.031125412926766467,ENSG00000104112,SCG3,secretogranin III [Source:HGNC Symbol;Acc:HGNC:13707]
Q8WXF0,29.430991750497924,-0.7142700600744193,0.21904032972977885,-3.260906614574518,0.0011105660947033822,0.005726543056485478,ENSG00000154548,SRSF12,serine and arginine rich splicing factor 12 [Source:HGNC Symbol;Acc:HGNC:21220]
Q8WXI7,756.604241138057,-2.4364092286263226,0.6774885536403266,-3.5962367416170298,0.0003228539977995835,0.0020103430655691213,ENSG00000181143,MUC16,"mucin 16, cell surface associated [Source:HGNC Symbol;Acc:HGNC:15582]"
Q8WXS8,269.028336702404,-2.9044320719342336,0.29762668500814105,-9.7586413390815,1.6940950567726756e-22,4.3954791037723044e-20,ENSG00000138316,ADAMTS14,ADAM metallopeptidase with thrombospondin type 1 motif 14 [Source:HGNC Symbol;Acc:HGNC:14899]
Q8WXX0,501.7331622982093,-1.4793689358405089,0.3887910514331658,-3.8050488312095743,0.0001417762180431654,0.0009964094049470904,ENSG00000118997,DNAH7,dynein axonemal heavy chain 7 [Source:HGNC Symbol;Acc:HGNC:18661]
Q8WYA1,337.502314198764,-1.985158626491554,0.2010281755302975,-9.875026827731245,5.341866447550982e-23,1.570793635123858e-20,ENSG00000029153,BMAL2,basic helix-loop-helix ARNT like 2 [Source:HGNC Symbol;Acc:HGNC:18984]
Q8WYN3,105.32831901453555,-0.5902346156064496,0.21090925786317227,-2.798523979394804,0.005133675743908936,0.02031182003160525,ENSG00000178662,CSRNP3,cysteine and serine rich nuclear protein 3 [Source:HGNC Symbol;Acc:HGNC:30729]
Q8WZ59,14.307582159244268,-1.4164443403344513,0.4377862971024138,-3.2354697936173515,0.0012144273424768645,0.006175462442007095,ENSG00000160472,TMEM190,transmembrane protein 190 [Source:HGNC Symbol;Acc:HGNC:29632]
Q8WZ60,23.348204879072178,-1.0265838668458653,0.2225927911695813,-4.611936718398788,3.9893445704319755e-06,4.494165323488281e-05,ENSG00000172578,KLHL6,kelch like family member 6 [Source:HGNC Symbol;Acc:HGNC:18653]
Q8WZ71,88.96413960972511,-2.2339225823826303,0.28692860780170354,-7.785639081086313,6.936169430932019e-15,5.048524113193886e-13,ENSG00000249992,TMEM158,transmembrane protein 158 [Source:HGNC Symbol;Acc:HGNC:30293]
Q92187,955.2548696434314,-0.6056293395297391,0.14326785125953473,-4.2272522007231075,2.3656246954237372e-05,0.0002120792155807931,ENSG00000113532,ST8SIA4,"ST8 alpha-N-acetyl-neuraminide alpha-2,8-sialyltransferase 4 [Source:HGNC Symbol;Acc:HGNC:10871]"
Q92484,651.4137109318388,-0.9395509576969138,0.15842586635260777,-5.930540127871286,3.0193977842293457e-09,7.183365559157928e-08,ENSG00000172594,SMPDL3A,sphingomyelin phosphodiesterase acid like 3A [Source:HGNC Symbol;Acc:HGNC:17389]
Q92485,16.484776310159003,-1.5683346409393617,0.2762553317267869,-5.677119898957915,1.3698146305774955e-08,2.779198883418223e-07,ENSG00000130768,SMPDL3B,sphingomyelin phosphodiesterase acid like 3B [Source:HGNC Symbol;Acc:HGNC:21416]
Q92545,532.501731461731,-0.6785039138130232,0.19186056408283916,-3.536442817504004,0.00040555428672902683,0.0024464152733922203,ENSG00000075568,TMEM131,transmembrane protein 131 [Source:HGNC Symbol;Acc:HGNC:30366]
Q92558,153.89989946330886,-1.098199404291777,0.11601808612643133,-9.465760390970495,2.914328556675844e-21,6.121200189421816e-19,ENSG00000112290,WASF1,WASP family member 1 [Source:HGNC Symbol;Acc:HGNC:12732]
Q92561,79.38674166070803,-0.8322536939148303,0.28976511123172305,-2.8721666676057596,0.00407667900356944,0.016748710645439722,ENSG00000168490,PHYHIP,phytanoyl-CoA 2-hydroxylase interacting protein [Source:HGNC Symbol;Acc:HGNC:16865]
Q92569,1377.2950828465534,-0.5297879407009702,0.17218375482677012,-3.076875290784412,0.002091827967046517,0.009706116975645674,ENSG00000117461,PIK3R3,phosphoinositide-3-kinase regulatory subunit 3 [Source:HGNC Symbol;Acc:HGNC:8981]
Q92623,607.4826224766375,-0.7865558533208031,0.126744848476516,-6.205821086815537,5.441205367416837e-10,1.5083263606740776e-08,ENSG00000133985,TTC9,tetratricopeptide repeat domain 9 [Source:HGNC Symbol;Acc:HGNC:20267]
Q92626,1197.820695055063,-0.6412949285004154,0.18725160786367515,-3.424776619100102,0.0006153051048117746,0.003491108510810105,ENSG00000130508,PXDN,peroxidasin [Source:HGNC Symbol;Acc:HGNC:14966]
Q92629,829.523028532981,-0.6029046589787513,0.24054009940599275,-2.5064621677117787,0.012194610697044155,0.04114505645597814,ENSG00000170624,SGCD,sarcoglycan delta [Source:HGNC Symbol;Acc:HGNC:10807]
Q92633,939.5525938511594,-0.9801674355490957,0.16243710607176892,-6.034135052344705,1.5981636795452701e-09,4.0052161123512943e-08,ENSG00000198121,LPAR1,lysophosphatidic acid receptor 1 [Source:HGNC Symbol;Acc:HGNC:3166]
Q92731,113.45045266066482,-1.5134359738210723,0.2550486930554727,-5.93390993574667,2.958041384528729e-09,7.060242932294003e-08,ENSG00000140009,ESR2,estrogen receptor 2 [Source:HGNC Symbol;Acc:HGNC:3468]
Q92743,27.51783404719484,-1.521926270471173,0.2811642582350612,-5.412943593985548,6.199702447690567e-08,1.0938259022509421e-06,ENSG00000166033,HTRA1,HtrA serine peptidase 1 [Source:HGNC Symbol;Acc:HGNC:9476]
Q92750,94.58454977572286,-0.6572006883525554,0.1425696961651233,-4.60968007949873,4.03289079258047e-06,4.528583174112509e-05,ENSG00000141384,TAF4B,TATA-box binding protein associated factor 4b [Source:HGNC Symbol;Acc:HGNC:11538]
Q92753,155.68603955293602,-0.80509448945807,0.21868027940507503,-3.6816053630823458,0.00023176997029304,0.0015163022618934158,ENSG00000198963,RORB,RAR related orphan receptor B [Source:HGNC Symbol;Acc:HGNC:10259]
Q92765,663.3167934483535,-0.7423225252824194,0.17453878125306205,-4.2530520721703295,2.108765156117976e-05,0.00019225591878059464,ENSG00000162998,FRZB,frizzled related protein [Source:HGNC Symbol;Acc:HGNC:3959]
Q92784,16.088806283941928,-1.117707506260031,0.22969782780738782,-4.8659907537187514,1.1388484197667486e-06,1.4835300088325973e-05,ENSG00000205683,DPF3,double PHD fingers 3 [Source:HGNC Symbol;Acc:HGNC:17427]
Q92813,393.21563433868806,-3.269170141271833,0.3426536307545976,-9.540742743838468,1.4181296445516747e-21,3.1275431180942633e-19,ENSG00000211448,DIO2,iodothyronine deiodinase 2 [Source:HGNC Symbol;Acc:HGNC:2884]
Q92835,59.10237892028184,-0.5710918747599668,0.17226741836521112,-3.315147345792564,0.0009159483077698421,0.004876949294919386,ENSG00000168918,INPP5D,inositol polyphosphate-5-phosphatase D [Source:HGNC Symbol;Acc:HGNC:6079]
Q92903,1425.3872509006596,-0.684747641479513,0.21607766104383067,-3.1689885857317477,0.0015297040247227393,0.007500242899340883,ENSG00000163624,CDS1,CDP-diacylglycerol synthase 1 [Source:HGNC Symbol;Acc:HGNC:1800]
Q92911,67.82056716433328,-2.851180863728019,0.47006336900906287,-6.065524462666752,1.3152374866283402e-09,3.3728194802443503e-08,ENSG00000105641,SLC5A5,solute carrier family 5 member 5 [Source:HGNC Symbol;Acc:HGNC:11040]
Q92915,43.622424715846236,-0.8199026049822287,0.19751877374614688,-4.151011012431536,3.3100983689463244e-05,0.00028316877202770455,ENSG00000102466,FGF14,fibroblast growth factor 14 [Source:HGNC Symbol;Acc:HGNC:3671]
Q92935,15.735717938616949,-1.1195561846793132,0.21397461963706335,-5.2321914934503315,1.6751208027791407e-07,2.680290398266276e-06,ENSG00000158008,EXTL1,exostosin like glycosyltransferase 1 [Source:HGNC Symbol;Acc:HGNC:3515]
Q92949,1745.3507597411242,-1.7464212708345945,0.40243075184650157,-4.339681455309679,1.4268940251991652e-05,0.00013690187385640928,ENSG00000129654,FOXJ1,forkhead box J1 [Source:HGNC Symbol;Acc:HGNC:3816]
Q92954,479.7047864658198,-1.4469707035652104,0.357270885815141,-4.050066101142934,5.1203167453761426e-05,0.000414778364873432,ENSG00000116690,PRG4,proteoglycan 4 [Source:HGNC Symbol;Acc:HGNC:9364]
Q93084,1140.4633831583378,-0.5192158654531633,0.1592740025669156,-3.2598908615674786,0.0011145509244629643,0.005743062170118274,ENSG00000074370,ATP2A3,ATPase sarcoplasmic/endoplasmic reticulum Ca2+ transporting 3 [Source:HGNC Symbol;Acc:HGNC:813]
Q93091,684.1384539376215,-0.7953572383283181,0.16579393177834523,-4.797263867242466,1.6084765308743967e-06,2.021273014923302e-05,ENSG00000169413,RNASE6,ribonuclease A family member k6 [Source:HGNC Symbol;Acc:HGNC:10048]
Q969E3,53.79692720085572,-1.369048743559266,0.4632492226216237,-2.9553179513427663,0.003123469725470657,0.01351746493829079,ENSG00000178473,UCN3,urocortin 3 [Source:HGNC Symbol;Acc:HGNC:17781]
Q969E4,686.194462251337,-0.5241264789459739,0.09945168080198805,-5.270162100020501,1.3630333039150385e-07,2.2299952881707907e-06,ENSG00000196507,TCEAL3,transcription elongation factor A like 3 [Source:HGNC Symbol;Acc:HGNC:28247]
Q969I6,23.103685123120453,-0.8160439972722052,0.21952285006165168,-3.7173533281069564,0.00020132079485344823,0.0013474746008188005,ENSG00000139209,SLC38A4,solute carrier family 38 member 4 [Source:HGNC Symbol;Acc:HGNC:14679]
Q969P5,770.658721186286,-1.7480223295254491,0.21788085396478538,-8.022835865183318,1.0333138196111298e-15,9.188993136170909e-14,ENSG00000156804,FBXO32,F-box protein 32 [Source:HGNC Symbol;Acc:HGNC:16731]
Q969V4,246.96388051756264,-1.2701143281855545,0.4945764607618751,-2.5680848745389024,0.01022621142518054,0.03565110129164269,ENSG00000167858,TEKT1,tektin 1 [Source:HGNC Symbol;Acc:HGNC:15534]
Q969W9,1766.1563532072375,-0.7685716184583349,0.14044152426036646,-5.472538285994885,4.4363487424742095e-08,8.07921017064626e-07,ENSG00000124225,PMEPA1,"prostate transmembrane protein, androgen induced 1 [Source:HGNC Symbol;Acc:HGNC:14107]"
Q96A19,110.2092352283663,-0.5083089559510529,0.1651778310344584,-3.0773436893296684,0.0020885434262840822,0.009694956161496349,ENSG00000135736,CCDC102A,coiled-coil domain containing 102A [Source:HGNC Symbol;Acc:HGNC:28097]
Q96A29,57.18703799356456,-0.9019962100113941,0.19420193248405535,-4.644630454876915,3.4068571964932066e-06,3.9120363356638985e-05,ENSG00000181830,SLC35C1,solute carrier family 35 member C1 [Source:HGNC Symbol;Acc:HGNC:20197]
Q96A56,4384.219989627399,-0.8141999208266839,0.18133870170160185,-4.489940168240941,7.124318234743514e-06,7.446431959669832e-05,ENSG00000164938,TP53INP1,tumor protein p53 inducible nuclear protein 1 [Source:HGNC Symbol;Acc:HGNC:18022]
Q96A59,65.55609196467637,-0.6401292335448717,0.16485704950875837,-3.8829351577765774,0.00010320309608507624,0.0007586803603534238,ENSG00000140832,MARVELD3,MARVEL domain containing 3 [Source:HGNC Symbol;Acc:HGNC:30525]
Q96AG4,2006.2120543543547,-0.7808581623999659,0.16174737577841583,-4.827640378349598,1.3816029546006234e-06,1.7663693658412838e-05,ENSG00000108829,LRRC59,leucine rich repeat containing 59 [Source:HGNC Symbol;Acc:HGNC:28817]
Q96AM1,263.0453657175094,-1.0522418211412736,0.18442914772267244,-5.705398708036855,1.160710664771446e-08,2.4035974648703727e-07,ENSG00000172935,MRGPRF,MAS related GPR family member F [Source:HGNC Symbol;Acc:HGNC:24828]
Q96AV8,34.16753695203154,-1.1946879354831628,0.23329455441883984,-5.120942228845634,3.0401278032863026e-07,4.567232872866221e-06,ENSG00000165891,E2F7,E2F transcription factor 7 [Source:HGNC Symbol;Acc:HGNC:23820]
Q96B21,191.881430059236,-0.7159977621651382,0.15950275358702834,-4.488936686440799,7.157956594166658e-06,7.478047121163025e-05,ENSG00000151715,TMEM45B,transmembrane protein 45B [Source:HGNC Symbol;Acc:HGNC:25194]
Q96BA8,40.54438820557242,-0.5606381767132571,0.2109097673646477,-2.658189725959701,0.007856165255238676,0.028756824653781536,ENSG00000157613,CREB3L1,cAMP responsive element binding protein 3 like 1 [Source:HGNC Symbol;Acc:HGNC:18856]
Q96BD6,1051.8711084280035,-1.250935538016793,0.2518541470544903,-4.966904665445692,6.803001030128187e-07,9.394701610422482e-06,ENSG00000171621,SPSB1,splA/ryanodine receptor domain and SOCS box containing 1 [Source:HGNC Symbol;Acc:HGNC:30628]
Q96BR5,330.7993293347629,-0.6817895803605253,0.10730558778327526,-6.353719265184338,2.101702491802202e-10,6.4376314936396895e-09,ENSG00000162377,COA7,cytochrome c oxidase assembly factor 7 [Source:HGNC Symbol;Acc:HGNC:25716]
Q96C90,64.26155579225596,-1.0603853426994478,0.17456357529348343,-6.074493724803038,1.24379499254658e-09,3.21202046435858e-08,ENSG00000173457,PPP1R14B,protein phosphatase 1 regulatory inhibitor subunit 14B [Source:HGNC Symbol;Acc:HGNC:9057]
Q96CG8,138.42264294514882,-3.188078013036535,0.3075324980215206,-10.3666377815246,3.516815009585085e-25,1.6158299629456138e-22,ENSG00000164932,CTHRC1,collagen triple helix repeat containing 1 [Source:HGNC Symbol;Acc:HGNC:18831]
Q96D03,47.888403982386386,-1.1006295363436949,0.2612689346229036,-4.2126307053391665,2.5241356376935223e-05,0.00022437439481536858,ENSG00000145358,DDIT4L,DNA damage inducible transcript 4 like [Source:HGNC Symbol;Acc:HGNC:30555]
Q96D21,142.53673908887703,-1.4369193849679887,0.23904165597195243,-6.011167296868907,1.84192202251674e-09,4.5438197186335773e-08,ENSG00000100302,RASD2,RASD family member 2 [Source:HGNC Symbol;Acc:HGNC:18229]
Q96D59,11.143517746178171,-1.0448363380006749,0.3767157025992277,-2.7735407119788507,0.005544990171878981,0.0216863297128248,ENSG00000165188,RNF183,ring finger protein 183 [Source:HGNC Symbol;Acc:HGNC:28721]
Q96DE0,2258.7203848315958,-0.5263791685077479,0.17932184102592721,-2.9353879343210707,0.0033313091854261213,0.014243639545441583,ENSG00000198585,NUDT16,nudix hydrolase 16 [Source:HGNC Symbol;Acc:HGNC:26442]
Q96DN7,13.557085648151933,-1.2357523654630054,0.20815464121490923,-5.936703396332888,2.9081007902840012e-09,6.948564986882271e-08,ENSG00000144857,BOC,"BOC cell adhesion associated, oncogene regulated [Source:HGNC Symbol;Acc:HGNC:17173]"
Q96DS6,17.29368755512743,-3.7579894519933834,0.47023751307634665,-7.991683665150818,1.331082268678575e-15,1.1422446830131242e-13,ENSG00000166926,MS4A6E,membrane spanning 4-domains A6E [Source:HGNC Symbol;Acc:HGNC:14285]
Q96DT5,461.16750877748603,-1.0880656045008072,0.36213823579126464,-3.0045587484663314,0.002659663892668951,0.011833009378438782,ENSG00000105877,DNAH11,dynein axonemal heavy chain 11 [Source:HGNC Symbol;Acc:HGNC:2942]
Q96DY2,61.75744331745302,-1.0052152108808032,0.3374179557920297,-2.9791396504706933,0.0028905900367366937,0.012651135675767226,ENSG00000166578,IQCD,IQ motif containing D [Source:HGNC Symbol;Acc:HGNC:25168]
Q96DZ5,208.18349672689124,-0.990104754034612,0.13852111677018078,-7.147680997095096,8.825611213330604e-13,4.354363080509913e-11,ENSG00000105270,CLIP3,CAP-Gly domain containing linker protein 3 [Source:HGNC Symbol;Acc:HGNC:24314]
Q96E17,38.94694977194468,-2.722716197346604,0.3559126813704285,-7.649955564558383,2.0104877460063727e-14,1.3727336455239797e-12,ENSG00000152932,RAB3C,"RAB3C, member RAS oncogene family [Source:HGNC Symbol;Acc:HGNC:30269]"
Q96E40,440.1315365253793,-1.1183743517842042,0.30653466454149575,-3.6484433284471462,0.00026383408431659777,0.001697373656802289,ENSG00000165698,SPACA9,sperm acrosome associated 9 [Source:HGNC Symbol;Acc:HGNC:1367]
Q96EH5,114.90185530611652,-0.9695379712005966,0.13590758655457275,-7.13380316566276,9.763292347611887e-13,4.7742716060805445e-11,ENSG00000163923,RPL39L,ribosomal protein L39 like [Source:HGNC Symbol;Acc:HGNC:17094]
Q96EN8,210.39860053317366,-0.766053994182683,0.13260343906197802,-5.777029612517321,7.603090871309346e-09,1.647137191314895e-07,ENSG00000075643,MOCOS,molybdenum cofactor sulfurase [Source:HGNC Symbol;Acc:HGNC:18234]
Q96EU7,855.0077854479637,-0.506872871211116,0.09537701453796105,-5.314413264732409,1.0700153279780013e-07,1.789091587810981e-06,ENSG00000171155,C1GALT1C1,C1GALT1 specific chaperone 1 [Source:HGNC Symbol;Acc:HGNC:24338]
Q96F05,167.98254544619525,-1.2582837397512578,0.16598219362881664,-7.5808357043716255,3.433361556415912e-14,2.2602792765730303e-12,ENSG00000171067,C11orf24,chromosome 11 open reading frame 24 [Source:HGNC Symbol;Acc:HGNC:1174]
Q96F83,12.023205170422866,-0.7857919389702208,0.21018119263426951,-3.738640594439654,0.00018501801176750758,0.0012547316210087982,ENSG00000140104,CLBA1,clathrin binding box of aftiphilin containing 1 [Source:HGNC Symbol;Acc:HGNC:20126]
Q96FE5,18.032883476814884,-1.7142002507595866,0.26430774249214284,-6.485622534536781,8.836614740760388e-11,2.9527682044352967e-09,ENSG00000169783,LINGO1,leucine rich repeat and Ig domain containing 1 [Source:HGNC Symbol;Acc:HGNC:21205]
Q96FF9,57.47696668283794,-0.9182043336684076,0.2029572306669788,-4.5241272294212465,6.064523672067597e-06,6.4674567245541e-05,ENSG00000146670,CDCA5,cell division cycle associated 5 [Source:HGNC Symbol;Acc:HGNC:14626]
Q96FH0,13.707582267705133,-0.7512891951129353,0.2292573425002318,-3.2770561977188395,0.0010489548927171749,0.005466363706045504,ENSG00000254901,BORCS8,BLOC-1 related complex subunit 8 [Source:HGNC Symbol;Acc:HGNC:37247]
Q96FT9,14.090408092524513,-0.5832209204080869,0.16906390550099182,-3.449706894442146,0.0005611955135029209,0.0032172097361043454,ENSG00000119650,IFT43,intraflagellar transport 43 [Source:HGNC Symbol;Acc:HGNC:29669]
Q96FX8,3853.8873189410906,-0.6846037929192728,0.1561520400703508,-4.384212928699745,1.1640587367646271e-05,0.00011486596871927186,ENSG00000112378,PERP,p53 apoptosis effector related to PMP22 [Source:HGNC Symbol;Acc:HGNC:17637]
Q96G30,69.30536050076063,-0.7297142083845144,0.28169565289897,-2.5904347506783365,0.009585479114644607,0.03381288489993157,ENSG00000135324,MRAP2,melanocortin 2 receptor accessory protein 2 [Source:HGNC Symbol;Acc:HGNC:21232]
Q96G61,38.91189407646825,-0.6065778133004829,0.23559937491972457,-2.574615546018156,0.010035156163402323,0.035101011541003084,ENSG00000196368,NUDT11,nudix hydrolase 11 [Source:HGNC Symbol;Acc:HGNC:18011]
Q96GP6,398.78895877379273,-0.640028853286599,0.1720854547245161,-3.7192501499397053,0.0001998150891354707,0.0013394291719737602,ENSG00000244486,SCARF2,scavenger receptor class F member 2 [Source:HGNC Symbol;Acc:HGNC:19869]
Q96GT9,82.33233155256951,-1.0184712353729402,0.3741961299815534,-2.7217577996414537,0.006493571457630071,0.024624262358172073,ENSG00000155622,XAGE2,X antigen family member 2 [Source:HGNC Symbol;Acc:HGNC:4112]
Q96GW9,155.3829894966468,-0.8068062234180617,0.1410529424205424,-5.719882262452979,1.0659789307270916e-08,2.2347052602904257e-07,ENSG00000247626,MARS2,"methionyl-tRNA synthetase 2, mitochondrial [Source:HGNC Symbol;Acc:HGNC:25133]"
Q96H40,416.9813771734047,-0.5081965584641149,0.16638401983416592,-3.0543591804707675,0.0022554187140313773,0.010330426649895742,ENSG00000256229,ZNF486,zinc finger protein 486 [Source:HGNC Symbol;Acc:HGNC:20807]
Q96H79,127.27192832209323,-0.5642884534068139,0.1600455520638953,-3.5257990373986274,0.0004222072180256392,0.0025254564649681167,ENSG00000146858,ZC3HAV1L,"zinc finger CCCH-type containing, antiviral 1 like [Source:HGNC Symbol;Acc:HGNC:22423]"
Q96HF1,5191.654591783586,-2.8656219376857477,0.3848810213140421,-7.4454747804973085,9.659638401899993e-14,5.742147313086319e-12,ENSG00000145423,SFRP2,secreted frizzled related protein 2 [Source:HGNC Symbol;Acc:HGNC:10777]
Q96HJ3,62.51676707224047,-0.7751414550644101,0.20287374519058252,-3.8208071445431795,0.00013301563783127646,0.0009405344266530846,ENSG00000109881,CCDC34,coiled-coil domain containing 34 [Source:HGNC Symbol;Acc:HGNC:25079]
Q96IR7,12.385058930272281,-0.8194216565098914,0.24324166913249576,-3.368755277137757,0.0007550843851432447,0.004140385636486604,ENSG00000186603,HPDL,4-hydroxyphenylpyruvate dioxygenase like [Source:HGNC Symbol;Acc:HGNC:28242]
Q96JA3,319.9146969455814,-0.5854491443981238,0.10518409329750973,-5.5659475310796305,2.60731694718306e-08,5.004505478953456e-07,ENSG00000106086,PLEKHA8,pleckstrin homology domain containing A8 [Source:HGNC Symbol;Acc:HGNC:30037]
Q96JB6,387.75902530607175,-0.6033722850106291,0.15389175034320174,-3.920757829220983,8.827093643055569e-05,0.0006639588103818128,ENSG00000138131,LOXL4,lysyl oxidase like 4 [Source:HGNC Symbol;Acc:HGNC:17171]
Q96JE9,502.886946869297,-0.8817504714543201,0.24608421894597632,-3.58312481487443,0.0003395082784074918,0.0020991072531535812,ENSG00000171533,MAP6,microtubule associated protein 6 [Source:HGNC Symbol;Acc:HGNC:6868]
Q96JK4,115.00414957390672,-1.0098336483938992,0.19045496004643672,-5.302217637953255,1.1440433488553841e-07,1.9001808269940213e-06,ENSG00000182218,HHIPL1,HHIP like 1 [Source:HGNC Symbol;Acc:HGNC:19710]
Q96JM4,68.80048922324978,-1.6383045393418587,0.4280797286230808,-3.827101424801095,0.00012966109816236896,0.0009188772040079965,ENSG00000133640,LRRIQ1,leucine rich repeats and IQ motif containing 1 [Source:HGNC Symbol;Acc:HGNC:25708]
Q96JQ2,811.0380334276241,-0.8769289581580773,0.1958923171099639,-4.476586785513463,7.584584492722007e-06,7.875255480343274e-05,ENSG00000165959,CLMN,calmin [Source:HGNC Symbol;Acc:HGNC:19972]
Q96JT2,89.20065987396632,-1.0831279167781682,0.20171120759019437,-5.369696258914377,7.886936464280948e-08,1.3588945061191566e-06,ENSG00000158715,SLC45A3,solute carrier family 45 member 3 [Source:HGNC Symbol;Acc:HGNC:8642]
Q96JW4,387.92342751077337,-0.5350611414527694,0.11880666327771557,-4.5036290616296615,6.6802766850415955e-06,7.032306539947845e-05,ENSG00000136052,SLC41A2,solute carrier family 41 member 2 [Source:HGNC Symbol;Acc:HGNC:31045]
Q96K30,195.36589122689307,-0.5773295236277566,0.1269236847339518,-4.548635070262203,5.39949825515365e-06,5.831563884385828e-05,ENSG00000139405,RITA1,RBPJ interacting and tubulin associated 1 [Source:HGNC Symbol;Acc:HGNC:25925]
Q96L03,52.87066832890974,-1.0921764344152136,0.3883568855387618,-2.812300940409627,0.00491884587022615,0.01962022550587222,ENSG00000162814,SPATA17,spermatogenesis associated 17 [Source:HGNC Symbol;Acc:HGNC:25184]
Q96L33,285.00666291662037,-3.358474906246301,0.39222908324783873,-8.562534115105823,1.1041335493260073e-17,1.3528089609353202e-15,ENSG00000104140,RHOV,ras homolog family member V [Source:HGNC Symbol;Acc:HGNC:18313]
Q96L46,14.783860977212965,-1.2431430885638295,0.3939183935564916,-3.1558391506934065,0.0016003708923217634,0.007780991988373935,ENSG00000256812,CAPNS2,calpain small subunit 2 [Source:HGNC Symbol;Acc:HGNC:16371]
Q96L91,347.7469656302856,-0.5663993394095078,0.16661260021873583,-3.399498829415756,0.0006750946881973533,0.0037696297723243586,ENSG00000183495,EP400,E1A binding protein p400 [Source:HGNC Symbol;Acc:HGNC:11958]
Q96LA8,297.01983420729766,-0.5533540399522864,0.09247008834689366,-5.984140924321666,2.175349138875549e-09,5.2894321839869196e-08,ENSG00000198890,PRMT6,protein arginine methyltransferase 6 [Source:HGNC Symbol;Acc:HGNC:18241]
Q96LC9,696.6228363131432,-0.7022604240050313,0.16752913650728443,-4.191870373393203,2.766640678772777e-05,0.00024229994681322393,ENSG00000104081,BMF,Bcl2 modifying factor [Source:HGNC Symbol;Acc:HGNC:24132]
Q96LJ8,1608.6296313983512,-1.3681898746040844,0.3410881836758525,-4.011249700471362,6.039818824571365e-05,0.0004788000156617429,ENSG00000162543,UBXN10,UBX domain protein 10 [Source:HGNC Symbol;Acc:HGNC:26354]
Q96LR2,34.365397995702175,-0.9195791667380193,0.18467380432465977,-4.97947811331911,6.375596217240928e-07,8.879645984639354e-06,ENSG00000171357,LURAP1,leucine rich adaptor protein 1 [Source:HGNC Symbol;Acc:HGNC:32327]
Q96LR7,221.4652425229427,-1.220771075337636,0.4048799568492584,-3.015143265765915,0.002568578968412354,0.011497349415337133,ENSG00000150873,C2orf50,chromosome 2 open reading frame 50 [Source:HGNC Symbol;Acc:HGNC:26324]
Q96M11,118.88143211753035,-0.6749292923217075,0.11072033388923036,-6.095802537923498,1.0888976050524687e-09,2.862282214758897e-08,ENSG00000198331,HYLS1,HYLS1 centriolar and ciliogenesis associated [Source:HGNC Symbol;Acc:HGNC:26558]
Q96M32,356.79022692064467,-1.3777658053306903,0.3635385260895837,-3.7898756430320657,0.00015072272235499364,0.0010525772383841133,ENSG00000140057,AK7,adenylate kinase 7 [Source:HGNC Symbol;Acc:HGNC:20091]
Q96M69,29.59013162721406,-1.0394048908841793,0.34323656706974615,-3.0282463775864845,0.002459774539762485,0.011093633476466636,ENSG00000155530,LRGUK,leucine rich repeats and guanylate kinase domain containing [Source:HGNC Symbol;Acc:HGNC:21964]
Q96M91,451.7569452667139,-1.5276646881948768,0.4183665742015558,-3.651497950357038,0.00026071518016513467,0.0016797582773479054,ENSG00000172361,CFAP53,cilia and flagella associated protein 53 [Source:HGNC Symbol;Acc:HGNC:26530]
Q96MB7,61.043878079751266,-0.5873859856694469,0.12741204926434288,-4.610129018887312,4.0241914974171005e-06,4.525727653443994e-05,ENSG00000180423,HARBI1,harbinger transposase derived 1 [Source:HGNC Symbol;Acc:HGNC:26522]
Q96MG2,73.39092338679816,-2.567493074254587,0.4046117432789931,-6.345572309512075,2.2160008055560614e-10,6.740921622859776e-09,ENSG00000167476,JSRP1,junctional sarcoplasmic reticulum protein 1 [Source:HGNC Symbol;Acc:HGNC:24963]
Q96MK3,50.413430670791,-0.7278523724899936,0.25904239786696454,-2.8097808639950674,0.004957524200426955,0.01974236885449911,ENSG00000108950,FAM20A,FAM20A golgi associated secretory pathway pseudokinase [Source:HGNC Symbol;Acc:HGNC:23015]
Q96MM7,220.84306786493946,-2.62625580808947,0.2701339760536454,-9.722049208530239,2.4284425847388266e-22,5.885370633387921e-20,ENSG00000171004,HS6ST2,heparan sulfate 6-O-sulfotransferase 2 [Source:HGNC Symbol;Acc:HGNC:19133]
Q96MN9,10.311267380365745,-1.11762363531214,0.3184643447026752,-3.5094152733348416,0.0004490931164598149,0.0026595863561774324,ENSG00000265763,ZNF488,zinc finger protein 488 [Source:HGNC Symbol;Acc:HGNC:23535]
Q96MT7,67.49224570436313,-0.6648184154153253,0.264169302565547,-2.5166376598596925,0.011848060582419962,0.04014397420259484,ENSG00000206530,CFAP44,cilia and flagella associated protein 44 [Source:HGNC Symbol;Acc:HGNC:25631]
Q96MU8,1284.4568111335884,-0.9939217056943561,0.1704306411947288,-5.831825185464929,5.482434106638865e-09,1.2388278871702207e-07,ENSG00000183762,KREMEN1,kringle containing transmembrane protein 1 [Source:HGNC Symbol;Acc:HGNC:17550]
Q96N03,649.2867082668896,-2.2166614947976044,0.29358250449757095,-7.5503868958102185,4.339671287200722e-14,2.7836108895602304e-12,ENSG00000132821,VSTM2L,V-set and transmembrane domain containing 2 like [Source:HGNC Symbol;Acc:HGNC:16096]
Q96NG3,42.2120495659589,-1.2006133086665605,0.33304190652447957,-3.6049916996806277,0.00031216290517614676,0.001956918905842735,ENSG00000204815,ODAD4,outer dynein arm docking complex subunit 4 [Source:HGNC Symbol;Acc:HGNC:25280]
Q96NI6,22.27741402211428,-1.462721179121627,0.272500822779836,-5.367767936258367,7.971703104279333e-08,1.3713567883133885e-06,ENSG00000165379,LRFN5,leucine rich repeat and fibronectin type III domain containing 5 [Source:HGNC Symbol;Acc:HGNC:20360]
Q96NL1,10.061886502418746,-0.9294172374138732,0.27405280612903843,-3.391380115904578,0.0006954157920296308,0.003862175743495713,ENSG00000164841,TMEM74,transmembrane protein 74 [Source:HGNC Symbol;Acc:HGNC:26409]
Q96NY7,2407.158107754088,-1.6045783591752019,0.23814501745561503,-6.737820410096381,1.6078011468073e-11,6.298125486978366e-10,ENSG00000159212,CLIC6,chloride intracellular channel 6 [Source:HGNC Symbol;Acc:HGNC:2065]
Q96NY8,289.87535785954157,-1.0636695213131575,0.18262939232334932,-5.824196794292058,5.738792216255828e-09,1.284906837942193e-07,ENSG00000143217,NECTIN4,nectin cell adhesion molecule 4 [Source:HGNC Symbol;Acc:HGNC:19688]
Q96P67,23.07793386472491,-0.7186096343307183,0.21546137891399883,-3.3352131966887235,0.0008523402518291046,0.00458587751008516,ENSG00000171657,GPR82,G protein-coupled receptor 82 [Source:HGNC Symbol;Acc:HGNC:4533]
Q96PE1,1190.4551016850305,-0.6985418508368048,0.21668116743126178,-3.2238235519863747,0.0012649131333438543,0.006395321926356113,ENSG00000020181,ADGRA2,adhesion G protein-coupled receptor A2 [Source:HGNC Symbol;Acc:HGNC:17849]
Q96Q40,55.42640141219952,-0.5797420984432603,0.21987529108715403,-2.636685984936172,0.008372029179143623,0.030283210024082904,ENSG00000138395,CDK15,cyclin dependent kinase 15 [Source:HGNC Symbol;Acc:HGNC:14434]
Q96QD5,42.05073767244443,-0.6022548907449824,0.17643691060914815,-3.4134291326327264,0.0006415084034717255,0.0036111744750310787,ENSG00000121690,DEPDC7,DEP domain containing 7 [Source:HGNC Symbol;Acc:HGNC:29899]
Q96QS3,35.43752929948469,-1.090721580343169,0.43883594025151945,-2.4854882663393982,0.012937385207772451,0.04320428427804567,ENSG00000004848,ARX,aristaless related homeobox [Source:HGNC Symbol;Acc:HGNC:18060]
Q96RD7,624.8707584344254,-0.761348518184803,0.21374294053134402,-3.5619820532653153,0.00036806554983544437,0.002246697380589784,ENSG00000110218,PANX1,pannexin 1 [Source:HGNC Symbol;Acc:HGNC:8599]
Q96RD9,198.04871146520878,-2.9203322656516013,0.3692762811340771,-7.908258436428753,2.6101452652876188e-15,2.1163288117887186e-13,ENSG00000143297,FCRL5,Fc receptor like 5 [Source:HGNC Symbol;Acc:HGNC:18508]
Q96RJ3,114.1958328808755,-2.0573370452611583,0.3641691522330129,-5.649399551406199,1.6100923384320608e-08,3.219308833343669e-07,ENSG00000159958,TNFRSF13C,TNF receptor superfamily member 13C [Source:HGNC Symbol;Acc:HGNC:17755]
Q96RP9,114.1686381991985,-0.6796543385704698,0.10818302263929612,-6.282449149498933,3.332803011051653e-10,9.774153936932602e-09,ENSG00000168827,GFM1,G elongation factor mitochondrial 1 [Source:HGNC Symbol;Acc:HGNC:13780]
Q96RR1,46.91756043944364,-1.349613767426736,0.22964383884681225,-5.876986616335997,4.178019723722462e-09,9.638289433784015e-08,ENSG00000107815,TWNK,twinkle mtDNA helicase [Source:HGNC Symbol;Acc:HGNC:1160]
Q96RW7,3143.8438759624037,-1.2424876028491185,0.20731992314678388,-5.993093109384519,2.058868897704867e-09,5.0395443584886945e-08,ENSG00000143341,HMCN1,hemicentin 1 [Source:HGNC Symbol;Acc:HGNC:19194]
Q96SL4,160.31520825788334,-0.5882205912346128,0.14080696463745837,-4.177496423910061,2.9473529640061335e-05,0.0002555067699221355,ENSG00000116157,GPX7,glutathione peroxidase 7 [Source:HGNC Symbol;Acc:HGNC:4559]
Q96SM3,366.5418804262965,-3.136045681910458,0.40361515271813775,-7.769890849713706,7.855378764037013e-15,5.606554150876125e-13,ENSG00000088882,CPXM1,"carboxypeptidase X, M14 family member 1 [Source:HGNC Symbol;Acc:HGNC:15771]"
Q96SN7,985.3335281422088,-0.8000551123547474,0.13268642457822588,-6.029668181186624,1.6429666097203298e-09,4.1081616338743934e-08,ENSG00000160991,ORAI2,ORAI calcium release-activated calcium modulator 2 [Source:HGNC Symbol;Acc:HGNC:21667]
Q96SQ9,111.28319592556443,-0.5754063366665272,0.14762147788575328,-3.8978497228692137,9.705060827592206e-05,0.0007204153870471845,ENSG00000167600,CYP2S1,cytochrome P450 family 2 subfamily S member 1 [Source:HGNC Symbol;Acc:HGNC:15654]
Q96T17,29.51143263235922,-0.8035820844488754,0.2904473622042923,-2.766704708041586,0.005662602086778784,0.02202134128404502,ENSG00000184368,MAP7D2,MAP7 domain containing 2 [Source:HGNC Symbol;Acc:HGNC:25899]
Q96T51,30.11013170663506,-0.6816849954177634,0.2342588786195705,-2.90996439253344,0.003614699354732368,0.015204764365681411,ENSG00000176783,RUFY1,RUN and FYVE domain containing 1 [Source:HGNC Symbol;Acc:HGNC:19760]
Q99467,332.1203454817185,-1.927931609173641,0.2492460045821664,-7.735055221469275,1.033582310525365e-14,7.305969319335384e-13,ENSG00000134061,CD180,CD180 molecule [Source:HGNC Symbol;Acc:HGNC:6726]
Q99500,902.2828194101627,-1.7338855092259806,0.21704820558730695,-7.988481197226625,1.3661129752018359e-15,1.1677618432209803e-13,ENSG00000213694,S1PR3,sphingosine-1-phosphate receptor 3 [Source:HGNC Symbol;Acc:HGNC:3167]
Q99650,3209.233597012543,-0.9405016483060296,0.19400749804137415,-4.847759276321669,1.2486378434100098e-06,1.61037771921429e-05,ENSG00000145623,OSMR,oncostatin M receptor [Source:HGNC Symbol;Acc:HGNC:8507]
Q99661,23.608188928856617,-1.1198838523290493,0.26659936045265414,-4.20062467677199,2.6617953825042135e-05,0.0002345315036586014,ENSG00000142945,KIF2C,kinesin family member 2C [Source:HGNC Symbol;Acc:HGNC:6393]
Q99677,16.18125769228895,-1.007404731747491,0.27352820960504964,-3.683001227559284,0.00023050404908269307,0.0015098117904572953,ENSG00000147145,LPAR4,lysophosphatidic acid receptor 4 [Source:HGNC Symbol;Acc:HGNC:4478]
Q99687,18.009536010592633,-1.6382789306850425,0.2269904793703861,-7.2173905056688366,5.299463411590038e-13,2.7499850842166284e-11,ENSG00000105419,MEIS3,Meis homeobox 3 [Source:HGNC Symbol;Acc:HGNC:29537]
Q99727,66.75238001927141,-3.054078367467081,0.2813657610933156,-10.85447765783481,1.8988934048465486e-27,1.3086935984526808e-24,ENSG00000157150,TIMP4,TIMP metallopeptidase inhibitor 4 [Source:HGNC Symbol;Acc:HGNC:11823]
Q99741,37.00475363636622,-1.1878599066733433,0.17611942666936428,-6.744627376645723,1.5342024541224162e-11,6.052826641004609e-10,ENSG00000094804,CDC6,cell division cycle 6 [Source:HGNC Symbol;Acc:HGNC:1744]
Q99797,164.59022526425736,-0.7929983726320605,0.15296813354784616,-5.184075625685937,2.1708883929735858e-07,3.384007337366529e-06,ENSG00000027001,MIPEP,mitochondrial intermediate peptidase [Source:HGNC Symbol;Acc:HGNC:7104]
Q99811,66.88052883674065,-1.437297884519521,0.2238244774146745,-6.421540222594475,1.3490235687138448e-10,4.299330315666927e-09,ENSG00000167157,PRRX2,paired related homeobox 2 [Source:HGNC Symbol;Acc:HGNC:21338]
Q99958,41.21663105113445,-0.8105059444770782,0.1909170060114502,-4.24533131652226,2.182706615247144e-05,0.00019793343623626856,ENSG00000176692,FOXC2,forkhead box C2 [Source:HGNC Symbol;Acc:HGNC:3801]
Q99961,962.0949414394435,-0.7109969138254049,0.1275830131345531,-5.572818013598447,2.5065137032170226e-08,4.844754882624734e-07,ENSG00000141985,SH3GL1,"SH3 domain containing GRB2 like 1, endophilin A2 [Source:HGNC Symbol;Acc:HGNC:10830]"
Q99983,422.42230617751835,-0.6437175354533087,0.26473766502417745,-2.431529851993371,0.015035209292879992,0.04876272143311402,ENSG00000127083,OMD,osteomodulin [Source:HGNC Symbol;Acc:HGNC:8134]
Q99985,2227.8013551707368,-0.549138214845016,0.12174400580433117,-4.510597554409368,6.464526312775658e-06,6.841106684354816e-05,ENSG00000075223,SEMA3C,semaphorin 3C [Source:HGNC Symbol;Acc:HGNC:10725]
Q99988,770.4010655008343,-2.0334247935639906,0.2620045361855517,-7.761028962200558,8.424307446451616e-15,5.993215368517546e-13,ENSG00000130513,GDF15,growth differentiation factor 15 [Source:HGNC Symbol;Acc:HGNC:30142]
Q9BPW9,316.8274092398906,-1.6434367607441216,0.2709421140773409,-6.065637918049903,1.3143092872335882e-09,3.3728194802443503e-08,ENSG00000073737,DHRS9,dehydrogenase/reductase 9 [Source:HGNC Symbol;Acc:HGNC:16888]
Q9BQ16,17.752874178397214,-0.9883395333649609,0.4082295270387257,-2.421038822287846,0.015476224374125068,0.049854801187634926,ENSG00000196104,SPOCK3,"SPARC (osteonectin), cwcv and kazal like domains proteoglycan 3 [Source:HGNC Symbol;Acc:HGNC:13565]"
Q9BQI4,1017.5804719779759,-1.3059664620564526,0.20698337255803329,-6.309523542478225,2.798957899842299e-10,8.341651016638117e-09,ENSG00000151468,CCDC3,coiled-coil domain containing 3 [Source:HGNC Symbol;Acc:HGNC:23813]
Q9BQS8,829.3614034314044,-0.6167703871669113,0.19638008109062394,-3.1406972832559785,0.0016854614658295207,0.008119521006422947,ENSG00000163820,FYCO1,FYVE and coiled-coil domain autophagy adaptor 1 [Source:HGNC Symbol;Acc:HGNC:14673]
Q9BR39,688.8584038641701,-1.2344774372536962,0.24749327741272206,-4.987923107079269,6.103184917182719e-07,8.556874771999218e-06,ENSG00000149596,JPH2,junctophilin 2 [Source:HGNC Symbol;Acc:HGNC:14202]
Q9BRK0,23.800430580635787,-1.6142719346300634,0.24827120749793108,-6.502050523291211,7.923247847781957e-11,2.6800507367328724e-09,ENSG00000132563,REEP2,receptor accessory protein 2 [Source:HGNC Symbol;Acc:HGNC:17975]
Q9BRK3,168.08531108183448,-1.0483623846688055,0.19059195866630846,-5.500559373044146,3.7858823820046254e-08,7.01628992039748e-07,ENSG00000162576,MXRA8,matrix remodeling associated 8 [Source:HGNC Symbol;Acc:HGNC:7542]
Q9BRQ4,36.43239746481941,-1.4201531339049158,0.32510311418181503,-4.368315995615749,1.2520824384550103e-05,0.00012267920251820522,ENSG00000137691,CFAP300,cilia and flagella associated protein 300 [Source:HGNC Symbol;Acc:HGNC:28188]
Q9BRQ8,320.41141671377017,-0.5985263656947234,0.09333090433972849,-6.412949386154685,1.4273091782517533e-10,4.529190880167506e-09,ENSG00000042286,AIFM2,apoptosis inducing factor mitochondria associated 2 [Source:HGNC Symbol;Acc:HGNC:21411]
Q9BRX8,1331.1526887306447,-0.5840046214052885,0.09532429728731603,-6.126503294800548,8.983134732216555e-10,2.3840439637100352e-08,ENSG00000122378,PRXL2A,peroxiredoxin like 2A [Source:HGNC Symbol;Acc:HGNC:28651]
Q9BS40,440.7458247773407,-1.1093706338065488,0.1688628368822573,-6.569655314864085,5.043186653105642e-11,1.7795590151614692e-09,ENSG00000079257,LXN,latexin [Source:HGNC Symbol;Acc:HGNC:13347]
Q9BSE5,25.474316317110684,-0.7617804872176296,0.18151589720652872,-4.1967700842801445,2.707485400653837e-05,0.00023798677969716906,ENSG00000116771,AGMAT,agmatinase [Source:HGNC Symbol;Acc:HGNC:18407]
Q9BSF4,60.873000213434445,-0.6232113204486952,0.15086540463228443,-4.1309094153672605,3.613309534931922e-05,0.00030625645074323064,ENSG00000142444,TIMM29,translocase of inner mitochondrial membrane 29 [Source:HGNC Symbol;Acc:HGNC:25152]
Q9BSW2,34.307301927882285,-1.198130822763008,0.239534957083884,-5.001903844637709,5.676690399090082e-07,8.009835576553594e-06,ENSG00000130038,CRACR2A,calcium release activated channel regulator 2A [Source:HGNC Symbol;Acc:HGNC:28657]
Q9BTD3,54.398185118429005,-0.5951653284865267,0.19648672325290706,-3.029035848495789,0.002453355693768536,0.011071476666742644,ENSG00000184986,TMEM121,transmembrane protein 121 [Source:HGNC Symbol;Acc:HGNC:20511]
Q9BTN0,175.77097263693943,-0.6382167829753082,0.1261601740290748,-5.058781726380824,4.219435109094275e-07,6.138220441686355e-06,ENSG00000126243,LRFN3,leucine rich repeat and fibronectin type III domain containing 3 [Source:HGNC Symbol;Acc:HGNC:28370]
Q9BU20,61.7346963738342,-0.5045037664800621,0.15798383913537684,-3.19338844555962,0.001406136552125226,0.006992319170365216,ENSG00000132881,CPLANE2,ciliogenesis and planar polarity effector complex subunit 2 [Source:HGNC Symbol;Acc:HGNC:28127]
Q9BUB4,171.41878236336987,-0.6183619795909827,0.0947417770628774,-6.5268142393043105,6.718328256641561e-11,2.3078817970712304e-09,ENSG00000065457,ADAT1,adenosine deaminase tRNA specific 1 [Source:HGNC Symbol;Acc:HGNC:228]
Q9BUD6,520.4539925684132,-0.7783849868376953,0.19543876542701885,-3.9827563643117743,6.812057964181984e-05,0.0005319139478949698,ENSG00000159674,SPON2,spondin 2 [Source:HGNC Symbol;Acc:HGNC:11253]
Q9BUX1,28.628089506241896,-1.5424268207782625,0.3552798801729528,-4.341441513736713,1.4155095976136307e-05,0.00013618723986254423,ENSG00000128965,CHAC1,ChaC glutathione specific gamma-glutamylcyclotransferase 1 [Source:HGNC Symbol;Acc:HGNC:28680]
Q9BUY7,119.58357110229882,-0.7446077806157381,0.21132529031257366,-3.523514764912331,0.00042586336868434836,0.00254286856245177,ENSG00000140025,EFCAB11,EF-hand calcium binding domain 11 [Source:HGNC Symbol;Acc:HGNC:20357]
Q9BVA6,211.66306711248842,-0.6176086092420273,0.10975837464359033,-5.626983920339007,1.8338781499654028e-08,3.6240455841699816e-07,ENSG00000198855,FICD,FIC domain protein adenylyltransferase [Source:HGNC Symbol;Acc:HGNC:18416]
Q9BVJ7,678.7199579388588,-0.7856973613559474,0.1431383255865076,-5.489077492953489,4.040383463874957e-08,7.419368602189701e-07,ENSG00000158716,DUSP23,dual specificity phosphatase 23 [Source:HGNC Symbol;Acc:HGNC:21480]
Q9BVV2,34.48954440922584,-0.8506054968320149,0.33303848844878847,-2.5540756589243676,0.010647011857889731,0.03679241609431215,ENSG00000125531,FNDC11,fibronectin type III domain containing 11 [Source:HGNC Symbol;Acc:HGNC:28764]
Q9BVV8,24.525992498863836,-0.8304461008540596,0.23824820110986072,-3.485634296441656,0.0004909717078604678,0.0028715196776823077,ENSG00000228300,FAM174C,family with sequence similarity 174 member C [Source:HGNC Symbol;Acc:HGNC:26073]
Q9BWQ8,80.1883395656329,-1.8062242431824038,0.2733816517242716,-6.606969530655016,3.922667336936757e-11,1.4182050073574302e-09,ENSG00000135472,FAIM2,Fas apoptotic inhibitory molecule 2 [Source:HGNC Symbol;Acc:HGNC:17067]
Q9BX46,34.2458750411364,-0.8869316801793387,0.2964210831292393,-2.992134266619076,0.0027703439083438595,0.012246374935781814,ENSG00000112183,RBM24,RNA binding motif protein 24 [Source:HGNC Symbol;Acc:HGNC:21539]
Q9BX84,58.89335746000468,-0.9076911817658232,0.19276578562354468,-4.708777435942224,2.4920699800300885e-06,2.9804832613657038e-05,ENSG00000119121,TRPM6,transient receptor potential cation channel subfamily M member 6 [Source:HGNC Symbol;Acc:HGNC:17995]
Q9BX97,689.2723814368417,-1.5090341158906424,0.2861041306976663,-5.274422680339691,1.331746499679733e-07,2.184171709842999e-06,ENSG00000130300,PLVAP,plasmalemma vesicle associated protein [Source:HGNC Symbol;Acc:HGNC:13635]
Q9BXB1,568.7512647490371,-0.6982421867334347,0.15888346530714795,-4.3946812551175,1.1093540820899014e-05,0.00011010663783263134,ENSG00000205213,LGR4,leucine rich repeat containing G protein-coupled receptor 4 [Source:HGNC Symbol;Acc:HGNC:13299]
Q9BXC0,134.0752710518355,-2.373428285871038,0.38342027362966435,-6.190148119719591,6.010770591444588e-10,1.652886965383029e-08,ENSG00000196917,HCAR1,hydroxycarboxylic acid receptor 1 [Source:HGNC Symbol;Acc:HGNC:4532]
Q9BXI3,23.21593589152094,-1.6583602824296024,0.27231877255373915,-6.089775842032127,1.1306888977312971e-09,2.958032378477583e-08,ENSG00000116981,NT5C1A,"5'-nucleotidase, cytosolic IA [Source:HGNC Symbol;Acc:HGNC:17819]"
Q9BXL8,156.09696215462952,-0.6430206503762079,0.1291785650335132,-4.977765856195934,6.432239942935829e-07,8.938665387618574e-06,ENSG00000170779,CDCA4,cell division cycle associated 4 [Source:HGNC Symbol;Acc:HGNC:14625]
Q9BXP8,66.65300814698737,-1.5860876459937918,0.3733298019863492,-4.248489238080669,2.152169836552317e-05,0.00019561823483008127,ENSG00000116183,PAPPA2,pappalysin 2 [Source:HGNC Symbol;Acc:HGNC:14615]
Q9BXQ6,29.945125084856326,-0.7122307265218853,0.24854789309555414,-2.8655673466041756,0.0041626272096294695,0.017047832958434227,ENSG00000183307,TMEM121B,transmembrane protein 121B [Source:HGNC Symbol;Acc:HGNC:1844]
Q9BXR5,85.78828667252732,-1.6232254956448977,0.30829621574342025,-5.265148946868126,1.400757437569445e-07,2.2832449762126045e-06,ENSG00000174123,TLR10,toll like receptor 10 [Source:HGNC Symbol;Acc:HGNC:15634]
Q9BXT2,42.42837829276266,-1.656687458865599,0.4604078238061469,-3.598304314574684,0.0003202987125473275,0.001998895282866318,ENSG00000130433,CACNG6,calcium voltage-gated channel auxiliary subunit gamma 6 [Source:HGNC Symbol;Acc:HGNC:13625]
Q9BY19,285.1991652189552,-1.3537705343007718,0.5043808583668549,-2.68402440704069,0.007274179566288424,0.027048517308198433,ENSG00000166959,MS4A8,membrane spanning 4-domains A8 [Source:HGNC Symbol;Acc:HGNC:13380]
Q9BYC5,59.39747242184772,-0.5843930818548659,0.13305719816592876,-4.392044097652646,1.1228991600583013e-05,0.00011135080070110512,ENSG00000033170,FUT8,fucosyltransferase 8 [Source:HGNC Symbol;Acc:HGNC:4019]
Q9BYD5,11.599818449029225,-1.589206455648538,0.2719042201488504,-5.84472890776961,5.07393881239263e-09,1.1512412198406076e-07,ENSG00000105427,CNFN,cornifelin [Source:HGNC Symbol;Acc:HGNC:30183]
Q9BYG7,19.57632781830234,-2.094951056854437,0.28374496534786753,-7.383218427456695,1.545082303192147e-13,8.737242337076823e-12,ENSG00000134042,MRO,maestro [Source:HGNC Symbol;Acc:HGNC:24121]
Q9BYG8,13.854225238046228,-3.0833082042246542,0.3775294164027632,-8.167067439680674,3.159762789931595e-16,3.092020640277612e-14,ENSG00000147697,GSDMC,gasdermin C [Source:HGNC Symbol;Acc:HGNC:7151]
Q9BYP7,54.77601378701782,-1.080808810330962,0.18738393829777222,-5.7678839507228545,8.027304904564838e-09,1.7305394170603416e-07,ENSG00000196632,WNK3,WNK lysine deficient protein kinase 3 [Source:HGNC Symbol;Acc:HGNC:14543]
Q9BYV6,23.75954483387234,-1.509340738439324,0.35552265024710134,-4.245413723683362,2.1819045318895344e-05,0.00019793343623626856,ENSG00000147573,TRIM55,tripartite motif containing 55 [Source:HGNC Symbol;Acc:HGNC:14215]
Q9BZF3,671.624503119099,-0.5944419385821765,0.23415132944808142,-2.5387083643015687,0.011126252700607176,0.0380785811699551,ENSG00000079156,OSBPL6,oxysterol binding protein like 6 [Source:HGNC Symbol;Acc:HGNC:16388]
Q9BZL3,1146.6023386305149,-0.9478451303412903,0.21976987071308385,-4.312898429915948,1.6112815289691577e-05,0.0001523154858117694,ENSG00000256235,SMIM3,small integral membrane protein 3 [Source:HGNC Symbol;Acc:HGNC:30248]
Q9BZM4,96.83300297690403,-0.5947905120874829,0.13835750552793685,-4.2989392575264676,1.716174949315656e-05,0.0001612634100221878,ENSG00000131019,ULBP3,UL16 binding protein 3 [Source:HGNC Symbol;Acc:HGNC:14895]
Q9BZQ4,90.68460305155963,-0.9168950902221812,0.22016699892079766,-4.164543708714596,3.119758586770443e-05,0.00026865738333711574,ENSG00000157064,NMNAT2,nicotinamide nucleotide adenylyltransferase 2 [Source:HGNC Symbol;Acc:HGNC:16789]
Q9BZQ8,1924.839208648918,-0.5229261012489241,0.13889540403552164,-3.764891321495339,0.00016662153609319196,0.0011465433251167723,ENSG00000135842,NIBAN1,niban apoptosis regulator 1 [Source:HGNC Symbol;Acc:HGNC:16784]
Q9BZS1,20.999578463955963,-1.6006403928227275,0.20897166959730593,-7.65960474885043,1.8650617794302506e-14,1.2813729745655685e-12,ENSG00000049768,FOXP3,forkhead box P3 [Source:HGNC Symbol;Acc:HGNC:6106]
Q9C010,108.69860109023935,-1.522363172081844,0.2620627397566996,-5.809155370562079,6.278879969944535e-09,1.3847441885715677e-07,ENSG00000135549,PKIB,cAMP-dependent protein kinase inhibitor beta [Source:HGNC Symbol;Acc:HGNC:9018]
Q9C0A1,110.59087958297343,-0.9042938110013236,0.24220595790337765,-3.7335737684952828,0.0001887818676301225,0.0012751593594838352,ENSG00000136367,ZFHX2,zinc finger homeobox 2 [Source:HGNC Symbol;Acc:HGNC:20152]
Q9C0B5,230.558384377145,-0.6769610398549385,0.2340666297209643,-2.892172372721211,0.0038258797859772307,0.015866106205329418,ENSG00000156599,ZDHHC5,zinc finger DHHC-type palmitoyltransferase 5 [Source:HGNC Symbol;Acc:HGNC:18472]
Q9C0F3,657.9234584613316,-0.6701082057766987,0.14796321153870806,-4.528883894909204,5.929606888348737e-06,6.335830926145497e-05,ENSG00000125945,ZNF436,zinc finger protein 436 [Source:HGNC Symbol;Acc:HGNC:20814]
Q9C0G6,585.6998928779202,-1.2782182478420683,0.38945382304510046,-3.282079086675303,0.001030446996210074,0.005380084766670685,ENSG00000115423,DNAH6,dynein axonemal heavy chain 6 [Source:HGNC Symbol;Acc:HGNC:2951]
Q9C0H5,257.8663505589398,-1.1091189337315992,0.2877263351753582,-3.85477030823624,0.00011583833358264778,0.0008348688264155929,ENSG00000147799,ARHGAP39,Rho GTPase activating protein 39 [Source:HGNC Symbol;Acc:HGNC:29351]
Q9C0H6,124.33481740448156,-0.9740680467224907,0.2260112669890743,-4.309820743448062,1.633869296021383e-05,0.00015418636480297638,ENSG00000102271,KLHL4,kelch like family member 4 [Source:HGNC Symbol;Acc:HGNC:6355]
Q9C0I4,50.53920131402444,-2.135011094305891,0.3510534195008253,-6.081727098234039,1.1889481143354126e-09,3.0864811700896174e-08,ENSG00000144229,THSD7B,thrombospondin type 1 domain containing 7B [Source:HGNC Symbol;Acc:HGNC:29348]
Q9GZL7,345.4311267833565,-0.8245123316151467,0.11171695765747959,-7.380368646835815,1.5785184334778013e-13,8.880776921408018e-12,ENSG00000138442,WDR12,WD repeat domain 12 [Source:HGNC Symbol;Acc:HGNC:14098]
Q9GZN0,11.035315134094455,-1.3042066220094006,0.3353096822549927,-3.8895584918349946,0.00010042676198081963,0.0007412522153107552,ENSG00000181656,GPR88,G protein-coupled receptor 88 [Source:HGNC Symbol;Acc:HGNC:4539]
Q9GZP0,359.1110417530622,-0.8578009201708603,0.24726664057475314,-3.4691332327602504,0.0005221404483734425,0.003022384632133307,ENSG00000170962,PDGFD,platelet derived growth factor D [Source:HGNC Symbol;Acc:HGNC:30620]
Q9GZP1,102.18601577509241,-0.8068173474776229,0.13056014802460683,-6.17966017720477,6.423972729423076e-10,1.7599291251515096e-08,ENSG00000125841,NRSN2,neurensin 2 [Source:HGNC Symbol;Acc:HGNC:16229]
Q9GZR5,40.653853863149415,-1.2614344051016593,0.15730016905380115,-8.019281941586552,1.0636511093473306e-15,9.420787777327724e-14,ENSG00000118402,ELOVL4,ELOVL fatty acid elongase 4 [Source:HGNC Symbol;Acc:HGNC:14415]
Q9GZT5,37.50826842210405,-1.1807483785399144,0.24342761216387293,-4.850511279488897,1.2314363035049367e-06,1.5900524729214212e-05,ENSG00000135925,WNT10A,Wnt family member 10A [Source:HGNC Symbol;Acc:HGNC:13829]
Q9GZX3,581.9650337299267,-2.79441604801378,0.40824329104133505,-6.844977270504226,7.648801482828876e-12,3.213079388615391e-10,ENSG00000183196,CHST6,carbohydrate sulfotransferase 6 [Source:HGNC Symbol;Acc:HGNC:6938]
Q9GZX9,2091.3863351285954,-0.5783728899781233,0.1162022643785693,-4.977294487944507,6.447918368057437e-07,8.95481055976944e-06,ENSG00000128791,TWSG1,twisted gastrulation BMP signaling modulator 1 [Source:HGNC Symbol;Acc:HGNC:12429]
Q9H008,149.5516844797967,-0.5304946024978849,0.09107833121542788,-5.824597304523557,5.72504744823954e-09,1.2844374000353492e-07,ENSG00000107902,LHPP,phospholysine phosphohistidine inorganic pyrophosphate phosphatase [Source:HGNC Symbol;Acc:HGNC:30042]
Q9H013,561.9136029670689,-0.9334452846075721,0.18529710809002414,-5.037559917848638,4.715039855230173e-07,6.796437187401715e-06,ENSG00000135074,ADAM19,ADAM metallopeptidase domain 19 [Source:HGNC Symbol;Acc:HGNC:197]
Q9H015,223.1936662380232,-0.9496534134252944,0.2929118663280581,-3.2421131493583566,0.001186469059714688,0.0060514312310239885,ENSG00000197208,SLC22A4,solute carrier family 22 member 4 [Source:HGNC Symbol;Acc:HGNC:10968]
Q9H093,318.6693845413861,-0.5246298990270304,0.17500586062255413,-2.997784743669424,0.002719496798433836,0.012050589188800446,ENSG00000163545,NUAK2,NUAK family kinase 2 [Source:HGNC Symbol;Acc:HGNC:29558]
Q9H0A0,298.800658382631,-0.6651759722552368,0.1541284247494861,-4.315725495387279,1.5907956593837134e-05,0.00015063721542313616,ENSG00000135372,NAT10,N-acetyltransferase 10 [Source:HGNC Symbol;Acc:HGNC:29830]
Q9H0B8,3210.0713213659865,-1.3309029294024801,0.29849921036847976,-4.458648074008499,8.247821023608941e-06,8.472167901940923e-05,ENSG00000103196,CRISPLD2,cysteine rich secretory protein LCCL domain containing 2 [Source:HGNC Symbol;Acc:HGNC:25248]
Q9H0H3,104.21113903595793,-1.2892799757197098,0.23428837538303288,-5.502961782085409,3.734634017534048e-08,6.927133609982833e-07,ENSG00000183655,KLHL25,kelch like family member 25 [Source:HGNC Symbol;Acc:HGNC:25732]
Q9H0I3,655.7798116366981,-1.6882988968072055,0.39280190244945024,-4.2980924641129326,1.7227429981927572e-05,0.0001616739322644386,ENSG00000103021,CCDC113,coiled-coil domain containing 113 [Source:HGNC Symbol;Acc:HGNC:25002]
Q9H0L4,1165.2536361056518,-0.5049802188559978,0.11013382901529407,-4.585150842125648,4.53658797831731e-06,5.01503314655689e-05,ENSG00000177613,CSTF2T,cleavage stimulation factor subunit 2 tau variant [Source:HGNC Symbol;Acc:HGNC:17086]
Q9H158,55.86193422924273,-0.8879222996445922,0.23845379748061624,-3.72366600585076,0.00019635064937927957,0.0013194141442445556,ENSG00000248383,PCDHAC1,"protocadherin alpha subfamily C, 1 [Source:HGNC Symbol;Acc:HGNC:8676]"
Q9H165,47.33441130032195,-0.6966501245691542,0.20246687376569555,-3.4408103983239817,0.0005799747854764483,0.0033145280950758202,ENSG00000119866,BCL11A,BCL11 transcription factor A [Source:HGNC Symbol;Acc:HGNC:13221]
Q9H1C3,265.6314268633481,-0.5991610741596931,0.13012771128029976,-4.604407994766608,4.136408337773968e-06,4.623636567727678e-05,ENSG00000120820,GLT8D2,glycosyltransferase 8 domain containing 2 [Source:HGNC Symbol;Acc:HGNC:24890]
Q9H1M0,29.776416231306175,-0.7915860878262364,0.2776135804683673,-2.851395405407531,0.004352780413613163,0.0176886344650497,ENSG00000198088,NUP62CL,nucleoporin 62 C-terminal like [Source:HGNC Symbol;Acc:HGNC:25960]
Q9H1P6,1176.2812355556084,-1.5766907015124882,0.5096601124020106,-3.0936121213834045,0.0019773582046383274,0.009266910178200133,ENSG00000124237,CIMIP1,ciliary microtubule inner protein 1 [Source:HGNC Symbol;Acc:HGNC:16216]
Q9H1U4,2989.3520699506407,-0.5455668859343928,0.19640592880628804,-2.7777516149854957,0.005473644250215853,0.02145676329439396,ENSG00000106780,MEGF9,multiple EGF like domains 9 [Source:HGNC Symbol;Acc:HGNC:3234]
Q9H1U9,126.47040486001232,-0.5909647440291234,0.12950194779746887,-4.563365679667976,5.034002114549553e-06,5.490597558569527e-05,ENSG00000122696,SLC25A51,solute carrier family 25 member 51 [Source:HGNC Symbol;Acc:HGNC:23323]
Q9H1X1,249.87604378457712,-1.4182874932041019,0.38454278597320457,-3.6882436621836145,0.00022580735935788382,0.0014825708553970734,ENSG00000172426,RSPH9,radial spoke head component 9 [Source:HGNC Symbol;Acc:HGNC:21057]
Q9H211,31.287669953999227,-0.8898975543087525,0.18391098608384893,-4.838740595426036,1.3066445376583288e-06,1.6802763051613285e-05,ENSG00000167513,CDT1,chromatin licensing and DNA replication factor 1 [Source:HGNC Symbol;Acc:HGNC:24576]
Q9H2H9,2478.0089366752177,-0.5880090124880438,0.12092355189860327,-4.862650850523319,1.1582404686052241e-06,1.5070109318359654e-05,ENSG00000111371,SLC38A1,solute carrier family 38 member 1 [Source:HGNC Symbol;Acc:HGNC:13447]
Q9H2M3,102.37118376450499,-0.8305759248865265,0.19197340880789004,-4.326515479639648,1.5148667861605159e-05,0.00014425247021582045,ENSG00000132840,BHMT2,betaine--homocysteine S-methyltransferase 2 [Source:HGNC Symbol;Acc:HGNC:1048]
Q9H2Y9,23.55992664916818,-1.6480914873856956,0.2540322026297327,-6.487726635933195,8.714120116401514e-11,2.9206870067951217e-09,ENSG00000137571,SLCO5A1,solute carrier organic anion transporter family member 5A1 [Source:HGNC Symbol;Acc:HGNC:19046]
Q9H336,74.78663367343437,-0.9252426589743393,0.22985706648333065,-4.025295689751781,5.690376758043051e-05,0.0004550238180633845,ENSG00000121005,CRISPLD1,cysteine rich secretory protein LCCL domain containing 1 [Source:HGNC Symbol;Acc:HGNC:18206]
Q9H3D4,332.68692207140487,-2.0365164510558627,0.282660652616237,-7.20481054652061,5.812460786814085e-13,2.960462129154684e-11,ENSG00000073282,TP63,tumor protein p63 [Source:HGNC Symbol;Acc:HGNC:15979]
Q9H3M0,13.521331889397938,-1.382443618655057,0.24831471227685004,-5.567304514416965,2.587100567418601e-08,4.975560977034609e-07,ENSG00000162975,KCNF1,potassium voltage-gated channel modifier subfamily F member 1 [Source:HGNC Symbol;Acc:HGNC:6246]
Q9H3R2,62.99883808049963,-3.5137473329595013,0.5470467255329775,-6.423121040595064,1.33508247540161e-10,4.279637923329521e-09,ENSG00000173702,MUC13,"mucin 13, cell surface associated [Source:HGNC Symbol;Acc:HGNC:7511]"
Q9H3T3,13.317247184130064,-1.6011542539336625,0.3003190530923254,-5.331510729828482,9.739906517533675e-08,1.6447465416361997e-06,ENSG00000167680,SEMA6B,semaphorin 6B [Source:HGNC Symbol;Acc:HGNC:10739]
Q9H3U7,788.8974477374628,-1.4252236772743938,0.2199298004047939,-6.480357253319854,9.150569104893999e-11,3.0346864817944703e-09,ENSG00000112562,SMOC2,SPARC related modular calcium binding 2 [Source:HGNC Symbol;Acc:HGNC:20323]
Q9H427,31.066140196187135,-1.2334077231796219,0.2651393340313277,-4.651922837800775,3.2885413939671194e-06,3.798285654313726e-05,ENSG00000124249,KCNK15,potassium two pore domain channel subfamily K member 15 [Source:HGNC Symbol;Acc:HGNC:13814]
Q9H497,998.3142588633139,-0.5388634742139551,0.1262491482048024,-4.268254335782181,1.9700863158380672e-05,0.0001817919816296767,ENSG00000186283,TOR3A,torsin family 3 member A [Source:HGNC Symbol;Acc:HGNC:11997]
Q9H4D0,265.8781770039746,-0.8917542483167253,0.3106036525035681,-2.871035936406064,0.004091290107697487,0.016786848750727515,ENSG00000158258,CLSTN2,calsyntenin 2 [Source:HGNC Symbol;Acc:HGNC:17448]
Q9H4F8,66.15475877787051,-1.5021646079227027,0.26287780272782346,-5.714307531237253,1.1015163957969417e-08,2.3026391083322988e-07,ENSG00000198732,SMOC1,SPARC related modular calcium binding 1 [Source:HGNC Symbol;Acc:HGNC:20318]
Q9H4K1,19.59440506656328,-1.8043623721793804,0.3866089820476385,-4.667150676693395,3.054053685810829e-06,3.558061277700583e-05,ENSG00000128408,RIBC2,RIB43A domain with coiled-coils 2 [Source:HGNC Symbol;Acc:HGNC:13241]
Q9H5K3,386.36024811849524,-0.8093575292985888,0.17464734104983134,-4.6342390581695625,3.582528093402234e-06,4.091614426302065e-05,ENSG00000185900,POMK,protein O-mannose kinase [Source:HGNC Symbol;Acc:HGNC:26267]
Q9H5V8,834.2065554348226,-0.5712561243577738,0.16662507813364352,-3.4283922369692235,0.000607167530698652,0.003451152763409297,ENSG00000163814,CDCP1,CUB domain containing protein 1 [Source:HGNC Symbol;Acc:HGNC:24357]
Q9H694,734.9660743995333,-0.761237152064825,0.16001946204563908,-4.757153550783172,1.963418219663725e-06,2.4177121952241094e-05,ENSG00000122870,BICC1,BicC family RNA binding protein 1 [Source:HGNC Symbol;Acc:HGNC:19351]
Q9H6B1,125.1280807581095,-2.3799437722675414,0.26131600125119775,-9.107531727380714,8.427745085215901e-20,1.5111015456044837e-17,ENSG00000151789,ZNF385D,zinc finger protein 385D [Source:HGNC Symbol;Acc:HGNC:26191]
Q9H6B4,1154.206982286049,-2.0295339638288685,0.17197735459124414,-11.801169803156153,3.84922846323065e-32,7.07424037734073e-29,ENSG00000166250,CLMP,CXADR like membrane protein [Source:HGNC Symbol;Acc:HGNC:24039]
Q9H6B9,58.437829779458426,-0.893774356618684,0.1681593449007246,-5.315044234659318,1.0663142029617711e-07,1.784255950843619e-06,ENSG00000105131,EPHX3,epoxide hydrolase 3 [Source:HGNC Symbol;Acc:HGNC:23760]
Q9H6E4,235.45855295066386,-0.6620134218890587,0.15693614292962624,-4.218361745935866,2.4608378760066715e-05,0.00021954416875991559,ENSG00000100147,CCDC134,coiled-coil domain containing 134 [Source:HGNC Symbol;Acc:HGNC:26185]
Q9H6L2,49.33299644116961,-0.7513988871095169,0.2563242726307505,-2.9314386788173943,0.003373959691343462,0.014409238387468767,ENSG00000205084,TMEM231,transmembrane protein 231 [Source:HGNC Symbol;Acc:HGNC:37234]
Q9H6X2,4568.607164290236,-0.7809098756030688,0.18805387521251313,-4.152585926350041,3.287392552084506e-05,0.00028144470242108576,ENSG00000169604,ANTXR1,ANTXR cell adhesion molecule 1 [Source:HGNC Symbol;Acc:HGNC:21014]
Q9H6Z9,84.20173898382888,-0.815291719376109,0.23797072718268458,-3.4260168426103457,0.0006125024003059889,0.003476100858555913,ENSG00000129521,EGLN3,egl-9 family hypoxia inducible factor 3 [Source:HGNC Symbol;Acc:HGNC:14661]
Q9H772,162.39652675275653,-0.9640931105555525,0.23136909855974344,-4.1669052460201685,3.087627612055089e-05,0.0002660982389850056,ENSG00000180875,GREM2,"gremlin 2, DAN family BMP antagonist [Source:HGNC Symbol;Acc:HGNC:17655]"
Q9H7S9,492.2924082660752,-0.7977595190660849,0.18459237169716705,-4.321736113639891,1.5480627038008394e-05,0.0001470959710022564,ENSG00000183779,ZNF703,zinc finger protein 703 [Source:HGNC Symbol;Acc:HGNC:25883]
Q9H7V2,38.54330554765641,-1.8669783335069865,0.23209566810022944,-8.04400335770481,8.695013641884038e-16,7.891351064119777e-14,ENSG00000101463,SYNDIG1,synapse differentiation inducing 1 [Source:HGNC Symbol;Acc:HGNC:15885]
Q9H853,30.69573130966878,-1.2441319968763849,0.4599279083934672,-2.705058715010686,0.006829231735878227,0.02565353035310142,ENSG00000243910,TUBA4B,tubulin alpha 4b [Source:HGNC Symbol;Acc:HGNC:18637]
Q9H8V3,19.531847702426315,-1.0383722729069178,0.1917113998293031,-5.4163303477595415,6.083465816677547e-08,1.077628555188808e-06,ENSG00000114346,ECT2,epithelial cell transforming 2 [Source:HGNC Symbol;Acc:HGNC:3155]
Q9H8X2,64.19961174201333,-0.5561562361272246,0.13625012812000392,-4.081876793813973,4.467347876892196e-05,0.00036803470331333763,ENSG00000127080,IPPK,inositol-pentakisphosphate 2-kinase [Source:HGNC Symbol;Acc:HGNC:14645]
Q9H910,1351.176883432285,-0.8147457179065918,0.14989696452477919,-5.435371693413496,5.4682322085261724e-08,9.772803332806824e-07,ENSG00000206053,JPT2,Jupiter microtubule associated homolog 2 [Source:HGNC Symbol;Acc:HGNC:14137]
Q9H936,207.72984274362267,-0.5241131982571678,0.14906881887190165,-3.515914342271342,0.0004382423493196779,0.002604418424116458,ENSG00000177542,SLC25A22,solute carrier family 25 member 22 [Source:HGNC Symbol;Acc:HGNC:19954]
Q9H9B4,444.02851142906275,-0.6617140679259056,0.06724186776754337,-9.84080439605672,7.510788869062809e-23,2.123627406645015e-20,ENSG00000164466,SFXN1,sideroflexin 1 [Source:HGNC Symbol;Acc:HGNC:16085]
Q9H9L3,24.42827982287761,-0.8402946541265696,0.201048812777136,-4.179555415022729,2.9207954239549276e-05,0.0002536032373224487,ENSG00000143319,ISG20L2,interferon stimulated exonuclease gene 20 like 2 [Source:HGNC Symbol;Acc:HGNC:25745]
Q9HA38,1485.7364123113923,-1.2050047133581734,0.153982836279189,-7.825578112961617,5.0532930872641885e-15,3.8297362799492924e-13,ENSG00000172667,ZMAT3,zinc finger matrin-type 3 [Source:HGNC Symbol;Acc:HGNC:29983]
Q9HAE3,498.9470839025285,-1.1491935437778964,0.4370764894637627,-2.6292732999384407,0.008556756229419545,0.03083004441817001,ENSG00000034239,CLXN,calaxin [Source:HGNC Symbol;Acc:HGNC:25678]
Q9HAS3,118.68571556250882,-1.1363159279950417,0.2901770469747162,-3.915940078107045,9.005261474200072e-05,0.0006757469770398381,ENSG00000197506,SLC28A3,solute carrier family 28 member 3 [Source:HGNC Symbol;Acc:HGNC:16484]
Q9HAV4,41.97226333088799,-0.7272052075178906,0.19861612502790857,-3.6613603624363695,0.0002508795872113804,0.0016244563759130308,ENSG00000124571,XPO5,exportin 5 [Source:HGNC Symbol;Acc:HGNC:17675]
Q9HAV5,202.56013073874132,-0.9246700022385819,0.1878262324062747,-4.923007773687801,8.522406578978606e-07,1.1453574326190991e-05,ENSG00000131080,EDA2R,ectodysplasin A2 receptor [Source:HGNC Symbol;Acc:HGNC:17756]
Q9HAW4,29.25452505867924,-0.646704008680191,0.1860143682388311,-3.476634707324665,0.0005077490896835326,0.0029538112434398913,ENSG00000092853,CLSPN,claspin [Source:HGNC Symbol;Acc:HGNC:19715]
Q9HB14,36.197553727419454,-0.838711974119708,0.27177219780721845,-3.0860845255210694,0.00202811159858934,0.009461329359405048,ENSG00000152315,KCNK13,potassium two pore domain channel subfamily K member 13 [Source:HGNC Symbol;Acc:HGNC:6275]
Q9HBH1,18.78562800249914,-0.7934776411175898,0.25792469469042306,-3.0763926737219562,0.0020952171670520613,0.00971979793903369,ENSG00000258429,PDF,"peptide deformylase, mitochondrial [Source:HGNC Symbol;Acc:HGNC:30012]"
Q9HBR0,63.48029772438087,-0.805393150087746,0.23261356390767127,-3.462365377830769,0.0005354497079952871,0.003092120413754402,ENSG00000157637,SLC38A10,solute carrier family 38 member 10 [Source:HGNC Symbol;Acc:HGNC:28237]
Q9HBW1,633.4678147379636,-0.672090226616402,0.25410046184304336,-2.64497837485848,0.008169613791823798,0.02968248147691632,ENSG00000128594,LRRC4,leucine rich repeat containing 4 [Source:HGNC Symbol;Acc:HGNC:15586]
Q9HC58,472.81333052132464,-0.5086474598864783,0.13096664174329112,-3.883794018964636,0.00010283903873594433,0.0007565083923557425,ENSG00000185052,SLC24A3,solute carrier family 24 member 3 [Source:HGNC Symbol;Acc:HGNC:10977]
Q9HC84,2472.7138412870227,-3.0609454096850106,0.5663064134792649,-5.405104616208069,6.47705773117173e-08,1.13459119303623e-06,ENSG00000117983,MUC5B,"mucin 5B, oligomeric mucus/gel-forming [Source:HGNC Symbol;Acc:HGNC:7516]"
Q9HC98,1125.6388464829222,-0.9477881379824554,0.1634168344296204,-5.79981946958252,6.638635022433049e-09,1.4553524531286128e-07,ENSG00000119408,NEK6,NIMA related kinase 6 [Source:HGNC Symbol;Acc:HGNC:7749]
Q9HCB6,3887.835184456952,-1.7012512807955824,0.160226890486038,-10.617763820011398,2.4639278308419954e-26,1.468634172469983e-23,ENSG00000262655,SPON1,spondin 1 [Source:HGNC Symbol;Acc:HGNC:11252]
Q9HCE6,36.4032952485173,-0.7179096563136632,0.18069607082649758,-3.973023060379616,7.096617570440815e-05,0.0005506995211066212,ENSG00000074964,ARHGEF10L,Rho guanine nucleotide exchange factor 10 like [Source:HGNC Symbol;Acc:HGNC:25540]
Q9HCJ1,946.9426103540521,-0.5497075244364457,0.09600878090538781,-5.725596338715694,1.0307103436320587e-08,2.1669481333137676e-07,ENSG00000154122,ANKH,ANKH inorganic pyrophosphate transport regulator [Source:HGNC Symbol;Acc:HGNC:15492]
Q9HCJ2,70.85698352945077,-1.3838791270533977,0.23330925270119413,-5.931522693726046,3.001380687030719e-09,7.14821270753515e-08,ENSG00000148948,LRRC4C,leucine rich repeat containing 4C [Source:HGNC Symbol;Acc:HGNC:29317]
Q9HCJ6,48.416242501293254,-1.5868501476166081,0.38594873878415836,-4.111556764288465,3.930002222544659e-05,0.0003295523536730035,ENSG00000171724,VAT1L,vesicle amine transport 1 like [Source:HGNC Symbol;Acc:HGNC:29315]
Q9HCM2,724.3826454166634,-3.1990654823274536,0.25901265567284915,-12.35100066449299,4.8109274052352604e-35,1.178891033278427e-31,ENSG00000221866,PLXNA4,plexin A4 [Source:HGNC Symbol;Acc:HGNC:9102]
Q9HCN8,248.42698678284833,-0.8173837877368367,0.1581647245480717,-5.167927235812975,2.3670442339158767e-07,3.660784960363306e-06,ENSG00000128228,SDF2L1,stromal cell derived factor 2 like 1 [Source:HGNC Symbol;Acc:HGNC:10676]
Q9HCU0,879.2844541130809,-1.911362055725492,0.2626332343306903,-7.277685402597722,3.395961197175224e-13,1.8222512954380142e-11,ENSG00000174807,CD248,CD248 molecule [Source:HGNC Symbol;Acc:HGNC:18219]
Q9HCU4,211.37769466961407,-1.2710658880854484,0.22709094104806024,-5.597166854033367,2.1788299188484745e-08,4.2638311817326955e-07,ENSG00000143126,CELSR2,cadherin EGF LAG seven-pass G-type receptor 2 [Source:HGNC Symbol;Acc:HGNC:3231]
Q9NNX6,206.60027841971223,-1.850783079555361,0.21651607311909657,-8.548017026603478,1.2522124874843206e-17,1.5257621104408401e-15,ENSG00000090659,CD209,CD209 molecule [Source:HGNC Symbol;Acc:HGNC:1641]
Q9NP55,1136.0265003529603,-4.850233009616657,0.8951282099610866,-5.4184785549631025,6.01083473279469e-08,1.067334534597859e-06,ENSG00000198183,BPIFA1,BPI fold containing family A member 1 [Source:HGNC Symbol;Acc:HGNC:15749]
Q9NP90,98.11272197773077,-0.7007764917467671,0.19696052102809933,-3.5579540919613586,0.00037375461446861424,0.0022776414112989276,ENSG00000123570,RAB9B,"RAB9B, member RAS oncogene family [Source:HGNC Symbol;Acc:HGNC:14090]"
Q9NPC4,624.4357719407284,-0.9066514956815132,0.1751527751624508,-5.17634673410462,2.2627276759914815e-07,3.5117660919293547e-06,ENSG00000128274,A4GALT,"alpha 1,4-galactosyltransferase (P blood group) [Source:HGNC Symbol;Acc:HGNC:18149]"
Q9NPC8,29.14845137487674,-2.390252132564246,0.42171117516265877,-5.667983855638398,1.4448757579438852e-08,2.918066846675316e-07,ENSG00000170577,SIX2,SIX homeobox 2 [Source:HGNC Symbol;Acc:HGNC:10888]
Q9NPF2,1260.5949409437414,-0.7603038462059333,0.15181435895981665,-5.008115513020583,5.49655450354184e-07,7.775562092438213e-06,ENSG00000171310,CHST11,carbohydrate sulfotransferase 11 [Source:HGNC Symbol;Acc:HGNC:17422]
Q9NPG1,332.1847552095276,-0.9249012936123355,0.18785735402921624,-4.92342340491228,8.504317259053674e-07,1.1436232489705471e-05,ENSG00000104290,FZD3,frizzled class receptor 3 [Source:HGNC Symbol;Acc:HGNC:4041]
Q9NPI8,336.69015157613404,-0.5150766460861342,0.11976517231754508,-4.300721454484792,1.702429432363731e-05,0.0001602448941585562,ENSG00000183161,FANCF,FA complementation group F [Source:HGNC Symbol;Acc:HGNC:3587]
Q9NPI9,106.76411764784723,-1.3111374833594207,0.4157004588969024,-3.154043868122347,0.0016102487889341792,0.007823843752182064,ENSG00000153822,KCNJ16,potassium inwardly rectifying channel subfamily J member 16 [Source:HGNC Symbol;Acc:HGNC:6262]
Q9NQ38,196.80497923989788,-0.7552437492025998,0.2772381971036527,-2.7241691696625496,0.006446347777212735,0.024482134299750245,ENSG00000133710,SPINK5,serine peptidase inhibitor Kazal type 5 [Source:HGNC Symbol;Acc:HGNC:15464]
Q9NQ88,220.89645414138866,-0.6180432590587,0.10755298774936427,-5.746407161639758,9.115964484374605e-09,1.9443276667156433e-07,ENSG00000078237,TIGAR,TP53 induced glycolysis regulatory phosphatase [Source:HGNC Symbol;Acc:HGNC:1185]
Q9NQS1,44.46949358431013,-0.6604404546863124,0.15000141732974742,-4.402894762217274,1.068159871630855e-05,0.00010649727761730052,ENSG00000169857,AVEN,apoptosis and caspase activation inhibitor [Source:HGNC Symbol;Acc:HGNC:13509]
Q9NQS5,32.06216771857452,-1.4162162207776137,0.3027806739354901,-4.677366631000201,2.905824450051469e-06,3.4069671675404086e-05,ENSG00000139572,GPR84,G protein-coupled receptor 84 [Source:HGNC Symbol;Acc:HGNC:4535]
Q9NQU5,102.17098423845323,-0.8763400384147939,0.1535585267217214,-5.706879696774484,1.1506604911753057e-08,2.387268718003781e-07,ENSG00000137843,PAK6,p21 (RAC1) activated kinase 6 [Source:HGNC Symbol;Acc:HGNC:16061]
Q9NQX7,746.2672327442142,-1.1537798320135142,0.15992460193464017,-7.214523707147036,5.412307799706335e-13,2.801949206918392e-11,ENSG00000135916,ITM2C,integral membrane protein 2C [Source:HGNC Symbol;Acc:HGNC:6175]
Q9NQZ7,565.6270982730158,-0.9676032591765572,0.13594450782476689,-7.117634060096068,1.0979540966683775e-12,5.333541772670572e-11,ENSG00000198018,ENTPD7,ectonucleoside triphosphate diphosphohydrolase 7 [Source:HGNC Symbol;Acc:HGNC:19745]
Q9NR12,361.33265510769695,-0.5435884672564367,0.1517702483094236,-3.581653672649916,0.00034142621088093303,0.002106830905083407,ENSG00000196923,PDLIM7,PDZ and LIM domain 7 [Source:HGNC Symbol;Acc:HGNC:22958]
Q9NR16,83.57097696892212,-1.1259158923750705,0.2904571077839686,-3.8763585472746827,0.00010603140475720783,0.0007761090609078864,ENSG00000177675,CD163L1,CD163 molecule like 1 [Source:HGNC Symbol;Acc:HGNC:30375]
Q9NR34,21.802062945535543,-0.7974202498463325,0.28769169349204227,-2.771787534659528,0.005574941131511172,0.021764870191953865,ENSG00000117643,MAN1C1,mannosidase alpha class 1C member 1 [Source:HGNC Symbol;Acc:HGNC:19080]
Q9NR99,2558.2087033351145,-2.117624823235685,0.25697621482394656,-8.240547961555361,1.7142373028889691e-16,1.7666256765380057e-14,ENSG00000101825,MXRA5,matrix remodeling associated 5 [Source:HGNC Symbol;Acc:HGNC:7539]
Q9NRA1,19.89117668840642,-0.647346314020944,0.2545363112937032,-2.543237586538241,0.010983052022136562,0.03768934630492346,ENSG00000145431,PDGFC,platelet derived growth factor C [Source:HGNC Symbol;Acc:HGNC:8801]
Q9NRE2,361.9738852527611,-1.777820116111749,0.19641470391925164,-9.05135960107463,1.411991260899287e-19,2.4139577727033236e-17,ENSG00000182463,TSHZ2,teashirt zinc finger homeobox 2 [Source:HGNC Symbol;Acc:HGNC:13010]
Q9NRS4,19.91531728048918,-3.0093979901016015,0.414769285429427,-7.255595088208745,3.9989972236595566e-13,2.13028707175333e-11,ENSG00000137648,TMPRSS4,transmembrane serine protease 4 [Source:HGNC Symbol;Acc:HGNC:11878]
Q9NRW1,211.4030415057911,-0.9679033621852683,0.12320457995579563,-7.8560664102953055,3.963849628933288e-15,3.089001403409708e-13,ENSG00000154917,RAB6B,"RAB6B, member RAS oncogene family [Source:HGNC Symbol;Acc:HGNC:14902]"
Q9NRW3,661.8402075370611,-0.5311507166757983,0.10454061049011175,-5.080807488933103,3.75833845240975e-07,5.536833415460563e-06,ENSG00000244509,APOBEC3C,apolipoprotein B mRNA editing enzyme catalytic subunit 3C [Source:HGNC Symbol;Acc:HGNC:17353]
Q9NRX1,251.44050448341093,-0.5679408837694452,0.1524245477554156,-3.7260460479159687,0.00019450688578078956,0.001307422998783765,ENSG00000115946,PNO1,partner of NOB1 homolog [Source:HGNC Symbol;Acc:HGNC:32790]
Q9NS64,16.673336883747172,-1.1307267148697222,0.32243056689659033,-3.5068843681696222,0.0004533861189671469,0.002679254412567379,ENSG00000177519,RPRM,"reprimo, TP53 dependent G2 arrest mediator homolog [Source:HGNC Symbol;Acc:HGNC:24201]"
Q9NS68,2175.1028126371666,-0.7579312360213156,0.17235190245551776,-4.397579749471752,1.094646689792669e-05,0.00010889191744108038,ENSG00000127863,TNFRSF19,TNF receptor superfamily member 19 [Source:HGNC Symbol;Acc:HGNC:11915]
Q9NS84,202.0468652415482,-0.5799697541215326,0.12125619140443414,-4.783011468561796,1.7268826875578139e-06,2.158994942823131e-05,ENSG00000147119,CHST7,carbohydrate sulfotransferase 7 [Source:HGNC Symbol;Acc:HGNC:13817]
Q9NSA2,84.82194873442405,-0.7783057353778295,0.14923577256145507,-5.215275949051186,1.835437893596816e-07,2.912140093912531e-06,ENSG00000102057,KCND1,potassium voltage-gated channel subfamily D member 1 [Source:HGNC Symbol;Acc:HGNC:6237]
Q9NSB8,78.06960850770429,-0.7194901893949053,0.16492486664024522,-4.36253309796119,1.2856512838834382e-05,0.00012551462335000152,ENSG00000103942,HOMER2,homer scaffold protein 2 [Source:HGNC Symbol;Acc:HGNC:17513]
Q9NTN3,664.1183806988424,-0.5601294100970584,0.09200468413247403,-6.088053183146082,1.1429190932363256e-09,2.9794252579472725e-08,ENSG00000116704,SLC35D1,solute carrier family 35 member D1 [Source:HGNC Symbol;Acc:HGNC:20800]
Q9NTU7,113.83582762031605,-2.672642864443157,0.38507580589737606,-6.940562932056617,3.905405508216006e-12,1.7123223275983258e-10,ENSG00000054803,CBLN4,cerebellin 4 precursor [Source:HGNC Symbol;Acc:HGNC:16231]
Q9NVC3,144.66751960728,-0.5313725132158624,0.12746281551326355,-4.168843368759329,3.061492795372414e-05,0.00026415556380728956,ENSG00000103042,SLC38A7,solute carrier family 38 member 7 [Source:HGNC Symbol;Acc:HGNC:25582]
Q9NVF9,30.41875817036779,-0.7731418496460886,0.13957270975848468,-5.5393482793586655,3.035993361187915e-08,5.737429099197795e-07,ENSG00000143845,ETNK2,ethanolamine kinase 2 [Source:HGNC Symbol;Acc:HGNC:25575]
Q9NVP2,42.63502948368831,-0.6767135875544419,0.1888219026413117,-3.5838723055340402,0.0003385376389913675,0.002093692958585423,ENSG00000105011,ASF1B,anti-silencing function 1B histone chaperone [Source:HGNC Symbol;Acc:HGNC:20996]
Q9NVR5,400.98067136673694,-0.8120863962667536,0.12542774892303765,-6.474535365894585,9.510413489942106e-11,3.1445676028063447e-09,ENSG00000165506,DNAAF2,dynein axonemal assembly factor 2 [Source:HGNC Symbol;Acc:HGNC:20188]
Q9NWM8,466.8422542045166,-1.0713859566544066,0.12098238008362776,-8.855718956048168,8.314613328141526e-19,1.247418247202947e-16,ENSG00000106080,FKBP14,FKBP prolyl isomerase 14 [Source:HGNC Symbol;Acc:HGNC:18625]
Q9NWT1,445.36233781045826,-0.5723589685488488,0.1262489454647744,-4.533574252376997,5.799386612134408e-06,6.210600215869747e-05,ENSG00000111845,PAK1IP1,PAK1 interacting protein 1 [Source:HGNC Symbol;Acc:HGNC:20882]
Q9NWW9,69.80601257408674,-1.4955531041383336,0.31832056229882205,-4.698261065316886,2.6238590934697113e-06,3.121435385470604e-05,ENSG00000133328,PLAAT2,phospholipase A and acyltransferase 2 [Source:HGNC Symbol;Acc:HGNC:17824]
Q9NX52,71.63522899306317,-1.1950063028729836,0.19523982784348154,-6.12070967318711,9.315950813261291e-10,2.4693987888901986e-08,ENSG00000158315,RHBDL2,rhomboid like 2 [Source:HGNC Symbol;Acc:HGNC:16083]
Q9NX94,2732.5204360637454,-0.7017053171840268,0.10762836537967595,-6.519706163971284,7.044525364857202e-11,2.404952978274934e-09,ENSG00000166272,WBP1L,WW domain binding protein 1 like [Source:HGNC Symbol;Acc:HGNC:23510]
Q9NXB9,80.12081480402071,-2.506581187158063,0.35767384759880166,-7.008008005018204,2.417349803751396e-12,1.0969595179410142e-10,ENSG00000197977,ELOVL2,ELOVL fatty acid elongase 2 [Source:HGNC Symbol;Acc:HGNC:14416]
Q9NXL6,146.35348433025175,-0.5419232326096377,0.10854911979767203,-4.992424016148125,5.962617420382009e-07,8.381106729707127e-06,ENSG00000072858,SIDT1,SID1 transmembrane family member 1 [Source:HGNC Symbol;Acc:HGNC:25967]
Q9NY15,546.4337161500737,-1.3366481603341456,0.1674637166185711,-7.981717994343834,1.4431043542251352e-15,1.214741352216837e-13,ENSG00000010327,STAB1,stabilin 1 [Source:HGNC Symbol;Acc:HGNC:18628]
Q9NY25,199.7619019512164,-0.8513606257808297,0.24621236152013604,-3.4578305513356717,0.0005445437655979772,0.003134786793656432,ENSG00000258227,CLEC5A,C-type lectin domain containing 5A [Source:HGNC Symbol;Acc:HGNC:2054]
Q9NYF0,170.39207670812553,-0.5750033958050736,0.20399646957949266,-2.818692877334371,0.004821963105422725,0.019304527039700863,ENSG00000165617,DACT1,dishevelled binding antagonist of beta catenin 1 [Source:HGNC Symbol;Acc:HGNC:17748]
Q9NYI0,640.1941534109214,-0.8122551235196158,0.11588431397726817,-7.0091895584673125,2.3970251590244278e-12,1.0899792341675203e-10,ENSG00000156011,PSD3,pleckstrin and Sec7 domain containing 3 [Source:HGNC Symbol;Acc:HGNC:19093]
Q9NYQ8,138.93622870445574,-3.906559730142387,0.39864094721425386,-9.799695082609675,1.1292601543763885e-22,3.0746547462489966e-20,ENSG00000086570,FAT2,FAT atypical cadherin 2 [Source:HGNC Symbol;Acc:HGNC:3596]
Q9NYZ3,28.489890487215987,-0.9891703125618166,0.2489709985605292,-3.9730342822291895,7.096283110058678e-05,0.0005506995211066212,ENSG00000075218,GTSE1,G2 and S-phase expressed 1 [Source:HGNC Symbol;Acc:HGNC:13698]
Q9NZ45,98.12364041634851,-0.5744024883171006,0.12028915075803943,-4.775181175503567,1.795455360960639e-06,2.2308153538380808e-05,ENSG00000122873,CISD1,CDGSH iron sulfur domain 1 [Source:HGNC Symbol;Acc:HGNC:30880]
Q9NZ53,133.16825326304905,-1.121105981908484,0.17739099539176614,-6.31997119939788,2.6161205541177826e-10,7.839119932134996e-09,ENSG00000114631,PODXL2,podocalyxin like 2 [Source:HGNC Symbol;Acc:HGNC:17936]
Q9NZ72,456.74687088059744,-0.7753570095691494,0.11552279983788512,-6.711722799804191,1.923398267418092e-11,7.390004423281986e-10,ENSG00000197457,STMN3,stathmin 3 [Source:HGNC Symbol;Acc:HGNC:15926]
Q9NZC4,3339.0196957894454,-1.1070433121010566,0.206142538316707,-5.370280783097038,7.861414375496484e-08,1.3555561582267355e-06,ENSG00000135373,EHF,ETS homologous factor [Source:HGNC Symbol;Acc:HGNC:3246]
Q9NZH0,47.692977468909085,-0.5402317232460979,0.19534865938470045,-2.765474434007856,0.005684006037637565,0.022085107321011075,ENSG00000167191,GPRC5B,G protein-coupled receptor class C group 5 member B [Source:HGNC Symbol;Acc:HGNC:13308]
Q9NZM1,788.2791262873707,-1.1422105518716763,0.23584750400340038,-4.843004621559227,1.2789031285481894e-06,1.6474842054323464e-05,ENSG00000138119,MYOF,myoferlin [Source:HGNC Symbol;Acc:HGNC:3656]
Q9NZP8,728.6894935556372,-0.5921087778607809,0.0977604369030605,-6.056732115957271,1.3891463807527175e-09,3.5335910358847094e-08,ENSG00000139178,C1RL,complement C1r subcomponent like [Source:HGNC Symbol;Acc:HGNC:21265]
Q9P0B6,186.3368227608656,-0.6278399792025409,0.141140791645845,-4.448324059127691,8.65428954786691e-06,8.832100957364962e-05,ENSG00000198937,CCDC167,coiled-coil domain containing 167 [Source:HGNC Symbol;Acc:HGNC:21239]
Q9P0X4,45.96491424972915,-1.1785706490933041,0.25155162153697697,-4.685203943000857,2.7968130264435057e-06,3.298444624876207e-05,ENSG00000100346,CACNA1I,calcium voltage-gated channel subunit alpha1 I [Source:HGNC Symbol;Acc:HGNC:1396]
Q9P104,52.42162349679639,-2.5159624228643906,0.295572619705841,-8.512163357243038,1.7071783259646063e-17,2.035141124368834e-15,ENSG00000101134,DOK5,docking protein 5 [Source:HGNC Symbol;Acc:HGNC:16173]
Q9P1V8,131.94028210985746,-1.6270102836202514,0.35482071302173535,-4.58544336311219,4.5302407029104095e-06,5.01052800712067e-05,ENSG00000100583,SAMD15,sterile alpha motif domain containing 15 [Source:HGNC Symbol;Acc:HGNC:18631]
Q9P1W3,26.569298456969236,-1.022930271426337,0.2832960497424435,-3.6108172788018984,0.000305233652754865,0.0019233208508159406,ENSG00000165548,TMEM63C,transmembrane protein 63C [Source:HGNC Symbol;Acc:HGNC:23787]
Q9P1W8,20.659224222316723,-0.6988585043182699,0.28365308810457857,-2.4637789385201803,0.01374808744202217,0.04534853730875814,ENSG00000089012,SIRPG,signal regulatory protein gamma [Source:HGNC Symbol;Acc:HGNC:15757]
Q9P1W9,1391.8160544087948,-1.943405882081307,0.27013899442079026,-7.194096084677436,6.287590748758076e-13,3.1804249168144635e-11,ENSG00000102096,PIM2,"Pim-2 proto-oncogene, serine/threonine kinase [Source:HGNC Symbol;Acc:HGNC:8987]"
Q9P206,2008.071576644234,-0.6191901356547946,0.13989378373085165,-4.426144744544792,9.59321655509896e-06,9.68278251286739e-05,ENSG00000162522,NHSL3,NHS like 3 [Source:HGNC Symbol;Acc:HGNC:29301]
Q9P219,642.5491712698008,-0.6626416205788471,0.18243117855661692,-3.63228273709364,0.0002809250737190665,0.001791648807345371,ENSG00000015133,CCDC88C,coiled-coil domain containing 88C [Source:HGNC Symbol;Acc:HGNC:19967]
Q9P225,303.33140193475936,-1.3352621555559512,0.4050698208456972,-3.2963753082572675,0.0009794108035529488,0.005158807227503399,ENSG00000183914,DNAH2,dynein axonemal heavy chain 2 [Source:HGNC Symbol;Acc:HGNC:2948]
Q9P232,151.8317299546984,-1.2665540012914918,0.20926855430107524,-6.052290108858386,1.4280099666798507e-09,3.6199231959951065e-08,ENSG00000113805,CNTN3,contactin 3 [Source:HGNC Symbol;Acc:HGNC:2173]
Q9P273,165.8843892934091,-1.6262585627545318,0.28595311815541624,-5.68715100309085,1.2917622928972103e-08,2.6378264451439883e-07,ENSG00000218336,TENM3,teneurin transmembrane protein 3 [Source:HGNC Symbol;Acc:HGNC:29944]
Q9P2B2,1461.4442513608508,-2.1167885283781134,0.20225983961651783,-10.465688751615339,1.2417019538186096e-25,6.085443308781248e-23,ENSG00000134247,PTGFRN,prostaglandin F2 receptor inhibitor [Source:HGNC Symbol;Acc:HGNC:9601]
Q9P2E8,21.194645161263917,-1.540078913472779,0.41291920681796523,-3.7297342628862515,0.0001916818209196255,0.0012923726317827639,ENSG00000144583,MARCHF4,membrane associated ring-CH-type finger 4 [Source:HGNC Symbol;Acc:HGNC:29269]
Q9P2E9,842.6937833376197,-0.9555702424566108,0.17217414569595427,-5.550021686438749,2.856341635442916e-08,5.435181917865234e-07,ENSG00000125844,RRBP1,ribosome binding protein 1 [Source:HGNC Symbol;Acc:HGNC:10448]
Q9P2K8,28.269741878910228,-0.6183001725776373,0.17140930470599566,-3.607156412180522,0.00030957106328002154,0.0019428799742679552,ENSG00000128829,EIF2AK4,eukaryotic translation initiation factor 2 alpha kinase 4 [Source:HGNC Symbol;Acc:HGNC:19687]
Q9P2U7,10.552976483608777,-0.7685742772732751,0.28130500796181407,-2.7321741722337407,0.006291786990046647,0.023990157378715207,ENSG00000104888,SLC17A7,solute carrier family 17 member 7 [Source:HGNC Symbol;Acc:HGNC:16704]
Q9UBB6,337.4201842288273,-0.7622061084350118,0.10146956547019327,-7.5116721442836,5.837684104206044e-14,3.616412506577531e-12,ENSG00000020129,NCDN,neurochondrin [Source:HGNC Symbol;Acc:HGNC:17597]
Q9UBF2,91.21957592426513,-0.5455459473002245,0.20331600945161815,-2.6832414661868755,0.0072912325142839435,0.027098220739807565,ENSG00000158623,COPG2,COPI coat complex subunit gamma 2 [Source:HGNC Symbol;Acc:HGNC:2237]
Q9UBH6,1463.7200169763046,-0.6921644158910151,0.0994688393908953,-6.95860553043078,3.436572687145068e-12,1.5249532000462242e-10,ENSG00000143324,XPR1,xenotropic and polytropic retrovirus receptor 1 [Source:HGNC Symbol;Acc:HGNC:12827]
Q9UBI6,3826.711950806851,-0.6881679119019309,0.13587740243263677,-5.064623694459425,4.0920786543861625e-07,5.968697264803731e-06,ENSG00000172380,GNG12,G protein subunit gamma 12 [Source:HGNC Symbol;Acc:HGNC:19663]
Q9UBN4,69.65547386749715,-1.0021073609746898,0.23528752811167186,-4.259075561791235,2.0527407656393937e-05,0.00018769131362110776,ENSG00000133107,TRPC4,transient receptor potential cation channel subfamily C member 4 [Source:HGNC Symbol;Acc:HGNC:12336]
Q9UBS3,1698.8765163106978,-0.8478911699045746,0.13197689394935835,-6.424542543257035,1.3226666730221012e-10,4.252199826068429e-09,ENSG00000128590,DNAJB9,DnaJ heat shock protein family (Hsp40) member B9 [Source:HGNC Symbol;Acc:HGNC:6968]
Q9UBV2,5141.915056321867,-0.5405149550780615,0.13662147853854584,-3.9562956049078535,7.612095918065024e-05,0.0005850693152629776,ENSG00000071537,SEL1L,SEL1L adaptor subunit of SYVN1 ubiquitin ligase [Source:HGNC Symbol;Acc:HGNC:10717]
Q9UBY5,141.62634821100895,-0.7839853278869036,0.2832621807808106,-2.767702083369733,0.005645303431596928,0.021985082444011768,ENSG00000171517,LPAR3,lysophosphatidic acid receptor 3 [Source:HGNC Symbol;Acc:HGNC:14298]
Q9UGC6,72.74180719064324,-0.710097056753564,0.2024657468241283,-3.507245387884743,0.00045277141270712827,0.002677056497545042,ENSG00000091844,RGS17,regulator of G protein signaling 17 [Source:HGNC Symbol;Acc:HGNC:14088]
Q9UHF7,504.5192507313288,-0.9052328452031841,0.10990694046745414,-8.236357425227785,1.7753302483988734e-16,1.812645060101331e-14,ENSG00000104447,TRPS1,transcriptional repressor GATA binding 1 [Source:HGNC Symbol;Acc:HGNC:12340]
Q9UHG2,61.88537120644373,-1.6070465762612842,0.23844215969231197,-6.739775291144118,1.586317697207171e-11,6.225026778328638e-10,ENSG00000102109,PCSK1N,proprotein convertase subtilisin/kexin type 1 inhibitor [Source:HGNC Symbol;Acc:HGNC:17301]
Q9UHI7,63.18646786236643,-1.0357560619016624,0.35656969418992585,-2.904778725670303,0.003675128168051774,0.015397278992821777,ENSG00000170482,SLC23A1,solute carrier family 23 member 1 [Source:HGNC Symbol;Acc:HGNC:10974]
Q9UHP6,36.490593581618064,-1.5860235069379505,0.48868071277406305,-3.245520982268096,0.001172359246403941,0.005991937617657594,ENSG00000100218,RSPH14,radial spoke head 14 homolog [Source:HGNC Symbol;Acc:HGNC:13437]
Q9UHX3,128.07217713775321,-0.9596233593396548,0.24846266629882846,-3.862243666762822,0.00011235042373549386,0.0008145221055432549,ENSG00000127507,ADGRE2,adhesion G protein-coupled receptor E2 [Source:HGNC Symbol;Acc:HGNC:3337]
Q9UIB8,1139.1853982169828,-0.9473014296949691,0.19125488206350139,-4.95308365190093,7.304655344670961e-07,1.0012235486101515e-05,ENSG00000066294,CD84,CD84 molecule [Source:HGNC Symbol;Acc:HGNC:1704]
Q9UIU6,223.2255787124566,-1.8247899727484267,0.33873570943921305,-5.387061127300161,7.161908183305435e-08,1.2407598041996706e-06,ENSG00000100625,SIX4,SIX homeobox 4 [Source:HGNC Symbol;Acc:HGNC:10890]
Q9UJ55,10.688790565274903,-0.9935508279010602,0.32866355245004497,-3.0230027652733846,0.0025027995628321077,0.011246279861185678,ENSG00000254585,MAGEL2,MAGE family member L2 [Source:HGNC Symbol;Acc:HGNC:6814]
Q9UJ71,82.21037279866127,-1.062644319574568,0.27093618455494123,-3.922120337378125,8.777313298580126e-05,0.0006615100435097747,ENSG00000116031,CD207,CD207 molecule [Source:HGNC Symbol;Acc:HGNC:17935]
Q9UJA9,556.1070475284939,-0.6247941484744237,0.1556705977359263,-4.013565551629093,5.9808382999403304e-05,0.0004749780621781925,ENSG00000112796,ENPP5,ectonucleotide pyrophosphatase/phosphodiesterase family member 5 [Source:HGNC Symbol;Acc:HGNC:13717]
Q9UJP4,894.9441094467446,-0.5388535123797282,0.11898053129218404,-4.528921719608476,5.9285456399839085e-06,6.335830926145497e-05,ENSG00000162413,KLHL21,kelch like family member 21 [Source:HGNC Symbol;Acc:HGNC:29041]
Q9UJQ1,101.92734120523986,-1.948314903398604,0.21641569295022572,-9.002650763624173,2.203323317830824e-19,3.5994142556622957e-17,ENSG00000125869,LAMP5,lysosomal associated membrane protein family member 5 [Source:HGNC Symbol;Acc:HGNC:16097]
Q9UJU2,15.624502011192412,-1.485648390785609,0.23598959969353014,-6.295397732421085,3.066126538667968e-10,9.064390708281954e-09,ENSG00000138795,LEF1,lymphoid enhancer binding factor 1 [Source:HGNC Symbol;Acc:HGNC:6551]
Q9UK17,397.12328734528364,-1.8607723895973176,0.2031964121162213,-9.157506130241218,5.3110465281069294e-20,1.0097398287143984e-17,ENSG00000171385,KCND3,potassium voltage-gated channel subfamily D member 3 [Source:HGNC Symbol;Acc:HGNC:6239]
Q9UKB3,19.05092270945425,-1.4646604106109562,0.27836606260049535,-5.261634255728234,1.4278057365937396e-07,2.323898724342312e-06,ENSG00000108176,DNAJC12,DnaJ heat shock protein family (Hsp40) member C12 [Source:HGNC Symbol;Acc:HGNC:28908]
Q9UKG9,318.65698878543583,-0.5189800224261878,0.12479165170216179,-4.1587719638876885,3.1996312152723595e-05,0.00027498246060543926,ENSG00000005469,CROT,carnitine O-octanoyltransferase [Source:HGNC Symbol;Acc:HGNC:2366]
Q9UKP6,11.943422154768973,-1.1920198168728233,0.3685969741218877,-3.233938150774526,0.0012209589355145507,0.0062000986331655315,ENSG00000181408,UTS2R,urotensin 2 receptor [Source:HGNC Symbol;Acc:HGNC:4468]
Q9UKQ2,12.908716451768521,-1.328647742936333,0.3093654582455108,-4.294751425939496,1.7488917918269114e-05,0.00016370993029266005,ENSG00000042980,ADAM28,ADAM metallopeptidase domain 28 [Source:HGNC Symbol;Acc:HGNC:206]
Q9UKR3,24.620745889252266,-2.1127397602509435,0.3445771052161642,-6.131399121614754,8.710956311611589e-10,2.3201863586507488e-08,ENSG00000167759,KLK13,kallikrein related peptidase 13 [Source:HGNC Symbol;Acc:HGNC:6361]
Q9UKT9,1115.1597635288454,-0.6217489567514364,0.16827670410368126,-3.6948011316430036,0.00022005895379862748,0.0014539185641326933,ENSG00000161405,IKZF3,IKAROS family zinc finger 3 [Source:HGNC Symbol;Acc:HGNC:13178]
Q9UKU9,1439.556707358877,-1.1191691308752836,0.20274257016047903,-5.520148679132436,3.3871294893877794e-08,6.341235463409007e-07,ENSG00000136859,ANGPTL2,angiopoietin like 2 [Source:HGNC Symbol;Acc:HGNC:490]
Q9UKV0,58.42650388276168,-0.6798028888235434,0.2337393790174295,-2.9083798018170137,0.0036330680838175954,0.015264561539438608,ENSG00000048052,HDAC9,histone deacetylase 9 [Source:HGNC Symbol;Acc:HGNC:14065]
Q9UKX5,300.5504228641976,-2.5122337554208083,0.30805793926619707,-8.15506901528012,3.4898053614394126e-16,3.346268149616731e-14,ENSG00000137809,ITGA11,integrin subunit alpha 11 [Source:HGNC Symbol;Acc:HGNC:6136]
Q9UKY7,343.16024118475053,-0.5392146799955123,0.18317958726205227,-2.943639561891385,0.0032437753396128955,0.01394493182194537,ENSG00000091527,CDV3,CDV3 homolog [Source:HGNC Symbol;Acc:HGNC:26928]
Q9UL42,467.61915307967615,-0.8050720390961816,0.15346530133797254,-5.245954831986372,1.554749920140567e-07,2.5046351160540585e-06,ENSG00000240694,PNMA2,PNMA family member 2 [Source:HGNC Symbol;Acc:HGNC:9159]
Q9UL51,12.151731037366293,-0.6103903918719942,0.22779679341116144,-2.6795389993496137,0.007372361473839542,0.027349042883777503,ENSG00000099822,HCN2,hyperpolarization activated cyclic nucleotide gated potassium and sodium channel 2 [Source:HGNC Symbol;Acc:HGNC:4846]
Q9UL58,87.29229928214333,-2.1492893019179986,0.3373168084787161,-6.371723103901044,1.8691613095922163e-10,5.781554491128574e-09,ENSG00000149054,ZNF215,zinc finger protein 215 [Source:HGNC Symbol;Acc:HGNC:13007]
Q9ULC3,405.31161316734074,-0.8247741218312056,0.2125810811899239,-3.8798096105943554,0.00010453825887605893,0.0007672168922637616,ENSG00000112210,RAB23,"RAB23, member RAS oncogene family [Source:HGNC Symbol;Acc:HGNC:14263]"
Q9ULD2,40.2401925820529,-1.1497558704515058,0.2946088513654203,-3.9026521610696534,9.514438750907424e-05,0.0007079333070597582,ENSG00000129422,MTUS1,microtubule associated scaffold protein 1 [Source:HGNC Symbol;Acc:HGNC:29789]
Q9ULG6,218.67004785750368,-0.6951639489954885,0.15787656683377202,-4.403211717464224,1.0665998486055439e-05,0.00010643797765224735,ENSG00000260916,CCPG1,cell cycle progression 1 [Source:HGNC Symbol;Acc:HGNC:24227]
Q9ULK6,242.14325254520585,-0.5263528786698803,0.19634997652006414,-2.6806872503806725,0.007347114633138642,0.027273736091439085,ENSG00000170153,RNF150,ring finger protein 150 [Source:HGNC Symbol;Acc:HGNC:23138]
Q9ULQ0,120.91461056199823,-1.1138142327326792,0.24986873450931665,-4.457597445794681,8.288336299535914e-06,8.509821636404332e-05,ENSG00000128578,STRIP2,striatin interacting protein 2 [Source:HGNC Symbol;Acc:HGNC:22209]
Q9ULR3,424.52982361964587,-0.7811619157624128,0.17234217826639575,-4.532621808661032,5.8256062011173375e-06,6.233766092161172e-05,ENSG00000111110,PPM1H,"protein phosphatase, Mg2+/Mn2+ dependent 1H [Source:HGNC Symbol;Acc:HGNC:18583]"
Q9ULR5,416.80724274026204,-0.6457595984307842,0.20903030135527606,-3.0893109479530723,0.0020062134326051754,0.009377072957050415,ENSG00000124374,PAIP2B,poly(A) binding protein interacting protein 2B [Source:HGNC Symbol;Acc:HGNC:29200]
Q9ULS6,47.853615078292904,-2.8896151708321507,0.34845973397253094,-8.2925368101783,1.108583455021103e-16,1.1868300736424956e-14,ENSG00000156486,KCNS2,potassium voltage-gated channel modifier subfamily S member 2 [Source:HGNC Symbol;Acc:HGNC:6301]
Q9ULV8,28.359646312770536,-1.4467324036406364,0.22460113728040804,-6.441340507703808,1.1842285180492616e-10,3.852061318150208e-09,ENSG00000142273,CBLC,Cbl proto-oncogene C [Source:HGNC Symbol;Acc:HGNC:15961]
Q9ULW0,173.49751499553744,-1.270127074445633,0.24062307286500847,-5.278492454288391,1.3025102885206198e-07,2.140503867588208e-06,ENSG00000088325,TPX2,TPX2 microtubule nucleation factor [Source:HGNC Symbol;Acc:HGNC:1249]
Q9ULZ2,138.26187073776717,-1.0763777337576912,0.25231401144661253,-4.26602441769447,1.9898701134504294e-05,0.0001831777747774952,ENSG00000035720,STAP1,signal transducing adaptor family member 1 [Source:HGNC Symbol;Acc:HGNC:24133]
Q9UM47,1607.6007939019603,-0.7367124376976257,0.1359825195393246,-5.41769957045528,6.037074640374459e-08,1.070270451115903e-06,ENSG00000074181,NOTCH3,notch receptor 3 [Source:HGNC Symbol;Acc:HGNC:7883]
Q9UMD9,166.05389442277718,-4.7940286736357205,0.317356867034648,-15.106112933464031,1.4759320642562398e-51,3.255020574510711e-47,ENSG00000065618,COL17A1,collagen type XVII alpha 1 chain [Source:HGNC Symbol;Acc:HGNC:2194]
Q9UMQ3,28.347720420773058,-1.8081459862869327,0.39492813916030073,-4.578417709438043,4.6850640648758426e-06,5.156449252314888e-05,ENSG00000043039,BARX2,BARX homeobox 2 [Source:HGNC Symbol;Acc:HGNC:956]
Q9UMS6,2338.59304495169,-1.35887001607203,0.21474954892160864,-6.327696718785969,2.4884762371196987e-10,7.497384553748338e-09,ENSG00000172403,SYNPO2,synaptopodin 2 [Source:HGNC Symbol;Acc:HGNC:17732]
Q9UN70,282.93214973315156,-0.87731045102818,0.24513350162140932,-3.5789088199911636,0.0003450318106644434,0.002124918054284734,ENSG00000240184,PCDHGC3,"protocadherin gamma subfamily C, 3 [Source:HGNC Symbol;Acc:HGNC:8716]"
Q9UNA0,223.43328560454762,-0.8089935614642134,0.21710600235004454,-3.726260686979332,0.00019434141207007538,0.0013067089944492202,ENSG00000154736,ADAMTS5,ADAM metallopeptidase with thrombospondin type 1 motif 5 [Source:HGNC Symbol;Acc:HGNC:221]
Q9UNG2,25.007546339487288,-0.6566037973561429,0.262842300955858,-2.498090280629577,0.012486438950828387,0.04198093856619842,ENSG00000120337,TNFSF18,TNF superfamily member 18 [Source:HGNC Symbol;Acc:HGNC:11932]
Q9UNL2,4144.153998551895,-0.6025904562501354,0.10175993364896414,-5.921686803854057,3.1865606344354606e-09,7.548486383656247e-08,ENSG00000114850,SSR3,signal sequence receptor subunit 3 [Source:HGNC Symbol;Acc:HGNC:11325]
Q9UNS1,141.49158660944195,-0.6905527544497865,0.13557198256192346,-5.0936243713510025,3.5128242329099717e-07,5.209941199233122e-06,ENSG00000111602,TIMELESS,timeless circadian regulator [Source:HGNC Symbol;Acc:HGNC:11813]
Q9UNX4,663.342258402602,-0.6454499564958253,0.09707591522905352,-6.648919610728024,2.952521924655047e-11,1.090702152870057e-09,ENSG00000065183,WDR3,WD repeat domain 3 [Source:HGNC Symbol;Acc:HGNC:12755]
Q9UPC5,537.0947517997236,-0.7869159011360949,0.2377225955445132,-3.3102276177560332,0.0009322013167681823,0.004946900426835384,ENSG00000171659,GPR34,G protein-coupled receptor 34 [Source:HGNC Symbol;Acc:HGNC:4490]
Q9UPM6,167.18881541282067,-0.6299487401521056,0.24661317027508228,-2.554400235191962,0.010637090761224231,0.03676965511724752,ENSG00000106852,LHX6,LIM homeobox 6 [Source:HGNC Symbol;Acc:HGNC:21735]
Q9UPQ7,23.504311818529185,-1.163290334400913,0.29755856222717997,-3.9094500447033487,9.250648234903411e-05,0.0006915721904154571,ENSG00000121440,PDZRN3,PDZ domain containing ring finger 3 [Source:HGNC Symbol;Acc:HGNC:17704]
Q9UPR6,11.593987967418656,-1.0152325151887525,0.3719198251880518,-2.7297079812172584,0.006339044937622367,0.024141132283599324,ENSG00000105278,ZFR2,zinc finger RNA binding protein 2 [Source:HGNC Symbol;Acc:HGNC:29189]
Q9UPV7,17.485414377283156,-0.8846894657557836,0.23949019249066222,-3.6940530071613593,0.00022070776250323644,0.0014573527980860988,ENSG00000122733,PHF24,PHD finger protein 24 [Source:HGNC Symbol;Acc:HGNC:29180]
Q9UPW8,14.82965167170949,-1.0981791289881941,0.2433900324199077,-4.512013569617201,6.421507883126282e-06,6.805378897379482e-05,ENSG00000130477,UNC13A,unc-13 homolog A [Source:HGNC Symbol;Acc:HGNC:23150]
Q9UPX0,339.5322800713926,-0.9000896632026889,0.18318172473839767,-4.913643347818182,8.939931359199326e-07,1.1941928903439244e-05,ENSG00000080854,IGSF9B,immunoglobulin superfamily member 9B [Source:HGNC Symbol;Acc:HGNC:32326]
Q9UPX6,10.90762068685706,-1.172166825457929,0.2451600308474425,-4.7812313508287225,1.7422471776466029e-06,2.175212831876948e-05,ENSG00000169330,MINAR1,membrane integral NOTCH2 associated receptor 1 [Source:HGNC Symbol;Acc:HGNC:29172]
Q9UPY5,160.33002512461337,-0.93055789274495,0.24027190452761354,-3.872936765430286,0.0001075317345633747,0.0007847468147123315,ENSG00000151012,SLC7A11,solute carrier family 7 member 11 [Source:HGNC Symbol;Acc:HGNC:11059]
Q9UQC9,319.87490830821866,-3.842870642398875,0.5139201647098216,-7.4775634549555035,7.571321274385109e-14,4.612649706775945e-12,ENSG00000137975,CLCA2,chloride channel accessory 2 [Source:HGNC Symbol;Acc:HGNC:2016]
Q9UQK1,718.1976011511988,-0.683629196083349,0.25733346893895176,-2.656588740291412,0.007893567296712839,0.028883415495987233,ENSG00000119938,PPP1R3C,protein phosphatase 1 regulatory subunit 3C [Source:HGNC Symbol;Acc:HGNC:9293]
Q9Y225,560.0048184177784,-0.9074808246871788,0.2139645077439356,-4.241268022700366,2.222605313526624e-05,0.00020105552741803186,ENSG00000101236,RNF24,ring finger protein 24 [Source:HGNC Symbol;Acc:HGNC:13779]
Q9Y240,51.17977447497288,-0.9782245484741541,0.1942808613143039,-5.035105063136409,4.775868178145228e-07,6.8751303394787766e-06,ENSG00000105472,CLEC11A,C-type lectin domain containing 11A [Source:HGNC Symbol;Acc:HGNC:10576]
Q9Y250,479.111360980371,-1.0842669674779086,0.23147434204107561,-4.684177770707318,2.810859783747817e-06,3.311280116111322e-05,ENSG00000061337,LZTS1,leucine zipper tumor suppressor 1 [Source:HGNC Symbol;Acc:HGNC:13861]
Q9Y265,42.464130645944536,-0.9990817310771639,0.21327519900194566,-4.684472155002183,2.8068231954182085e-06,3.308480959473713e-05,ENSG00000175792,RUVBL1,RuvB like AAA ATPase 1 [Source:HGNC Symbol;Acc:HGNC:10474]
Q9Y275,578.1216255987206,-0.6733517054107866,0.18943248451661138,-3.554573583981792,0.0003785925554713141,0.0023026696686057253,ENSG00000102524,TNFSF13B,TNF superfamily member 13b [Source:HGNC Symbol;Acc:HGNC:11929]
Q9Y278,10.252565846155322,-1.9948963040211385,0.4061217873802514,-4.912064228047236,9.012251894375758e-07,1.2023968740384934e-05,ENSG00000122254,HS3ST2,heparan sulfate-glucosamine 3-sulfotransferase 2 [Source:HGNC Symbol;Acc:HGNC:5195]
Q9Y2A9,137.33875305340715,-3.2889792858788027,0.36868712620742056,-8.920786900566872,4.62986702890769e-19,7.090769962189597e-17,ENSG00000179913,B3GNT3,"UDP-GlcNAc:betaGal beta-1,3-N-acetylglucosaminyltransferase 3 [Source:HGNC Symbol;Acc:HGNC:13528]"
Q9Y2C3,41.64324076499945,-1.660301392821147,0.42243113732935583,-3.9303480404349647,8.482298889103531e-05,0.0006419650641739509,ENSG00000183778,B3GALT5,"beta-1,3-galactosyltransferase 5 [Source:HGNC Symbol;Acc:HGNC:920]"
Q9Y2H1,1188.6619190101508,-0.573557849042423,0.09987980075655463,-5.742480909031881,9.329940051417193e-09,1.984209237164463e-07,ENSG00000211455,STK38L,serine/threonine kinase 38 like [Source:HGNC Symbol;Acc:HGNC:17848]
Q9Y2T3,23.666838704922295,-2.801932873064224,0.37719986774298364,-7.428244579802992,1.1004833548607334e-13,6.420650769338258e-12,ENSG00000119125,GDA,guanine deaminase [Source:HGNC Symbol;Acc:HGNC:4212]
Q9Y2T4,10.232947227907157,-1.191615480610615,0.3889428162938947,-3.0637292442244295,0.00218596652039882,0.010068777285061732,ENSG00000074211,PPP2R2C,protein phosphatase 2 regulatory subunit Bgamma [Source:HGNC Symbol;Acc:HGNC:9306]
Q9Y385,3437.593299518465,-0.5850796300578751,0.11454771979703209,-5.107737029550495,3.2603997240332647e-07,4.87490545856472e-06,ENSG00000198833,UBE2J1,ubiquitin conjugating enzyme E2 J1 [Source:HGNC Symbol;Acc:HGNC:17598]
Q9Y397,1239.690412415245,-0.6926803402963685,0.20754326585563576,-3.3375226001222678,0.0008452884720330821,0.004552378989552526,ENSG00000188706,ZDHHC9,zinc finger DHHC-type palmitoyltransferase 9 [Source:HGNC Symbol;Acc:HGNC:18475]
Q9Y3Q3,52.53908365305542,-1.0503407670256315,0.14971832865497978,-7.015445446536489,2.2921749187450484e-12,1.0509693483992368e-10,ENSG00000166557,TMED3,transmembrane p24 trafficking protein 3 [Source:HGNC Symbol;Acc:HGNC:28889]
Q9Y3Q4,40.24552715069361,-1.469649721819405,0.39963382163872097,-3.6774908484798,0.000235539523602584,0.001536405990396743,ENSG00000138622,HCN4,hyperpolarization activated cyclic nucleotide gated potassium channel 4 [Source:HGNC Symbol;Acc:HGNC:16882]
Q9Y4G6,128.17811223246005,-0.7550104546653854,0.1491016354093922,-5.063730203846079,4.111313847618625e-07,5.984878917186875e-06,ENSG00000171914,TLN2,talin 2 [Source:HGNC Symbol;Acc:HGNC:15447]
Q9Y4K0,323.4000899579193,-0.7914536719720273,0.20992024648118807,-3.77025887325715,0.0001630782994948741,0.0011263792098527884,ENSG00000134013,LOXL2,lysyl oxidase like 2 [Source:HGNC Symbol;Acc:HGNC:6666]
Q9Y543,114.09241800617522,-1.502871150933858,0.23018873892792238,-6.528864782583666,6.627004368968476e-11,2.2800616903780153e-09,ENSG00000069812,HES2,hes family bHLH transcription factor 2 [Source:HGNC Symbol;Acc:HGNC:16005]
Q9Y570,17.739674818166755,-0.7248312019918914,0.19994343226514658,-3.6251813514468783,0.00028875874516853665,0.0018312054688438377,ENSG00000214517,PPME1,protein phosphatase methylesterase 1 [Source:HGNC Symbol;Acc:HGNC:30178]
Q9Y5E2,97.950194652825,-0.8256866821748909,0.18859403524757393,-4.378116630735343,1.1970928766754486e-05,0.00011780761402142053,ENSG00000113212,PCDHB7,protocadherin beta 7 [Source:HGNC Symbol;Acc:HGNC:8692]
Q9Y5G4,67.89122152006027,-0.5556461592652422,0.21916078949135478,-2.5353356344208677,0.011233963371659106,0.03834604986822008,ENSG00000261934,PCDHGA9,"protocadherin gamma subfamily A, 9 [Source:HGNC Symbol;Acc:HGNC:8707]"
Q9Y5I7,66.69168641859811,-1.2921336611662235,0.39287476807981536,-3.288919946377715,0.0010057262480104852,0.005272233580609281,ENSG00000113946,CLDN16,claudin 16 [Source:HGNC Symbol;Acc:HGNC:2037]
Q9Y5J1,220.4282185804248,-0.6297780730513959,0.17119420519187092,-3.678734758256295,0.0002343938791702604,0.0015307440364882802,ENSG00000011260,UTP18,UTP18 small subunit processome component [Source:HGNC Symbol;Acc:HGNC:24274]
Q9Y5K3,121.30021922675824,-0.7646821554859675,0.3013165597052288,-2.537803286464039,0.011155066616578871,0.03814759484602736,ENSG00000102230,PCYT1B,"phosphate cytidylyltransferase 1B, choline [Source:HGNC Symbol;Acc:HGNC:8755]"
Q9Y5L2,109.5296990102349,-1.1633297964112201,0.3090151448303788,-3.764636833737655,0.00016679131421406922,0.0011473536006478735,ENSG00000135245,HILPDA,hypoxia inducible lipid droplet associated [Source:HGNC Symbol;Acc:HGNC:28859]
Q9Y5M8,656.5508088391877,-0.9553516489875699,0.11674786882455346,-8.183032877655819,2.767876033622953e-16,2.7251222341750272e-14,ENSG00000144867,SRPRB,SRP receptor subunit beta [Source:HGNC Symbol;Acc:HGNC:24085]
Q9Y5Q3,2245.1122362496617,-0.5504975966277221,0.18859410419296255,-2.9189544338272277,0.0035120755655850453,0.014878085770920589,ENSG00000204103,MAFB,MAF bZIP transcription factor B [Source:HGNC Symbol;Acc:HGNC:6408]
Q9Y5U5,27.62922305887169,-1.2546699691862202,0.25072971849902304,-5.004073616391465,5.613130492459333e-07,7.930299800172847e-06,ENSG00000186891,TNFRSF18,TNF receptor superfamily member 18 [Source:HGNC Symbol;Acc:HGNC:11914]
Q9Y5X9,55.431169175527906,-1.9204041205722924,0.35586558533659884,-5.396431123722908,6.797949027749454e-08,1.186091517863817e-06,ENSG00000101670,LIPG,"lipase G, endothelial type [Source:HGNC Symbol;Acc:HGNC:6623]"
Q9Y5Y6,1605.4367384864365,-0.9303240699070134,0.13573605566852529,-6.853920023865396,7.18532627495348e-12,3.0532791072798466e-10,ENSG00000149418,ST14,ST14 transmembrane serine protease matriptase [Source:HGNC Symbol;Acc:HGNC:11344]
Q9Y5Z0,534.2542764171533,-1.6474254946619413,0.1728797516896555,-9.529314327216941,1.5832547220360785e-21,3.3900096737654053e-19,ENSG00000182240,BACE2,beta-secretase 2 [Source:HGNC Symbol;Acc:HGNC:934]
Q9Y617,267.9927392649532,-3.016994056979983,0.2781883326611023,-10.845149500411935,2.1029177754669893e-27,1.4053863218226964e-24,ENSG00000135069,PSAT1,phosphoserine aminotransferase 1 [Source:HGNC Symbol;Acc:HGNC:19129]
Q9Y625,484.2945873829587,-0.8630787826571727,0.26166242921364175,-3.298443667480009,0.0009722238550882481,0.0051319829823159935,ENSG00000183098,GPC6,glypican 6 [Source:HGNC Symbol;Acc:HGNC:4454]
Q9Y663,49.09286374184916,-1.3675704728563054,0.21567149887978374,-6.340988401154458,2.2829573008012586e-10,6.915980812070187e-09,ENSG00000153976,HS3ST3A1,heparan sulfate-glucosamine 3-sulfotransferase 3A1 [Source:HGNC Symbol;Acc:HGNC:5196]
Q9Y6C2,1914.371157823201,-2.037500924705574,0.25428308653160997,-8.012726888354376,1.1219259901150459e-15,9.818633248411596e-14,ENSG00000138080,EMILIN1,elastin microfibril interfacer 1 [Source:HGNC Symbol;Acc:HGNC:19880]
Q9Y6F6,1137.1648473205503,-1.4030642191983962,0.17180241853135286,-8.166731476730323,3.1685710741939795e-16,3.092020640277612e-14,ENSG00000072952,IRAG1,"inositol 1,4,5-triphosphate receptor associated 1 [Source:HGNC Symbol;Acc:HGNC:7237]"
Q9Y6M5,1554.97086005369,-0.6828991032611106,0.18024944047176475,-3.7886336926970023,0.00015147806961438379,0.001057182704834057,ENSG00000170385,SLC30A1,solute carrier family 30 member 1 [Source:HGNC Symbol;Acc:HGNC:11012]
Q9Y6Q1,64.49667904264194,-1.3819639121721548,0.32877492797262536,-4.203373781248978,2.629658131936994e-05,0.00023207075006698066,ENSG00000077274,CAPN6,calpain 6 [Source:HGNC Symbol;Acc:HGNC:1483]
Q9Y6Q6,153.17251711697705,-0.8276250689802326,0.13450786606864754,-6.152986387858129,7.603733400022473e-10,2.050033452372807e-08,ENSG00000141655,TNFRSF11A,TNF receptor superfamily member 11a [Source:HGNC Symbol;Acc:HGNC:11908]
Q9Y6W6,72.29664937886417,-0.632588676973673,0.19374267992994132,-3.265097175296746,0.0010942652838710942,0.005656421982924406,ENSG00000143507,DUSP10,dual specificity phosphatase 10 [Source:HGNC Symbol;Acc:HGNC:3065]
Q9Y6X9,145.76278554396163,-0.5336304201438611,0.12975965134999923,-4.112452635253357,3.914778050511159e-05,0.00032865060953929615,ENSG00000133422,MORC2,MORC family CW-type zinc finger 2 [Source:HGNC Symbol;Acc:HGNC:23573]
Q9Y6Y9,474.00111964642184,-0.6194437366135914,0.16411193321142079,-3.774519771304988,0.0001603161939068822,0.0011107801886341125,ENSG00000154589,LY96,lymphocyte antigen 96 [Source:HGNC Symbol;Acc:HGNC:17156]
S4R3K6,15.430154949588749,-1.1361857550282701,0.42898753090198943,-2.648528624222073,0.008084300276988981,0.029425838968264565,ENSG00000135338,LCA5,lebercilin LCA5 [Source:HGNC Symbol;Acc:HGNC:31923]
S5TLS4,24.185966954987187,-0.9132635009213563,0.30802048568795515,-2.9649440324776055,0.0030273800042894448,0.013142881617047129,ENSG00000118432,CNR1,cannabinoid receptor 1 [Source:HGNC Symbol;Acc:HGNC:2159]
U3KQD5,41.07922044437881,-0.5209132326050688,0.13609646945861736,-3.827529359705118,0.00012943594890120816,0.0009176217235034201,ENSG00000173914,RBM4B,RNA binding motif protein 4B [Source:HGNC Symbol;Acc:HGNC:28842]
V9GY64,15.746014291998685,-1.5252934959242408,0.25210378829481783,-6.050260118029311,1.4461214581747958e-09,3.6574269080948335e-08,ENSG00000149527,PLCH2,phospholipase C eta 2 [Source:HGNC Symbol;Acc:HGNC:29037]
V9GY82,20.34822506297109,-0.7820805010510249,0.22659468760789633,-3.4514511761385664,0.000557580627555862,0.0031989810510189855,ENSG00000154856,APCDD1,APC down-regulated 1 [Source:HGNC Symbol;Acc:HGNC:15718]
V9HVX9,657.0054846600443,-0.7689698027057187,0.2127924812006138,-3.613707581992801,0.00030184947965100823,0.001905808309253746,ENSG00000175040,CHST2,carbohydrate sulfotransferase 2 [Source:HGNC Symbol;Acc:HGNC:1970]
V9HW95,92.74262584697956,-1.3172572628208337,0.2682603013569938,-4.910369727304012,9.090483138903038e-07,1.2121010589199976e-05,ENSG00000049449,RCN1,reticulocalbin 1 [Source:HGNC Symbol;Acc:HGNC:9934]
V9HWA3,614.3973629501162,-1.7448703763174036,0.2840260754389496,-6.143345724933123,8.080114912454034e-10,2.167869273470332e-08,ENSG00000164879,CA3,carbonic anhydrase 3 [Source:HGNC Symbol;Acc:HGNC:1374]
V9HWB6,86.02925910438354,-0.7231374843836362,0.20119372767793814,-3.594234734500283,0.0003253464228380053,0.0020246021470850363,ENSG00000004776,HSPB6,heat shock protein family B (small) member 6 [Source:HGNC Symbol;Acc:HGNC:26511]
V9HWD4,31.04969276581366,-0.7843610061594031,0.2618997421289542,-2.994890333924801,0.002745435304630724,0.01215087903036845,ENSG00000111254,AKAP3,A-kinase anchoring protein 3 [Source:HGNC Symbol;Acc:HGNC:373]
V9HWG3,13.200241127775117,-0.6069113230973541,0.22740657267652134,-2.668838090096306,0.007611413163576801,0.028030455781394466,ENSG00000198959,TGM2,transglutaminase 2 [Source:HGNC Symbol;Acc:HGNC:11778]
V9HWH0,12.746741439290243,-0.9815665063304103,0.3395842436033304,-2.8904948472137644,0.0038463583680412427,0.01594203861093433,ENSG00000168078,PBK,PDZ binding kinase [Source:HGNC Symbol;Acc:HGNC:18282]
W0UV60,44.03240961731865,-1.4654137307456307,0.2838363283219034,-5.162882917100313,2.431752524139979e-07,3.7372731823960346e-06,ENSG00000169385,RNASE2,ribonuclease A family member 2 [Source:HGNC Symbol;Acc:HGNC:10045]
W0UV93,37.41182089030315,-0.5085387899516886,0.18338097878836565,-2.773127252955594,0.0055520405159363235,0.02169917234226368,ENSG00000129538,RNASE1,"ribonuclease A family member 1, pancreatic [Source:HGNC Symbol;Acc:HGNC:10044]"
W6CJ52,366.58736338604876,-1.1949723976307949,0.20003889141993975,-5.973700359707557,2.3193162586820383e-09,5.6024316285841916e-08,ENSG00000054598,FOXC1,forkhead box C1 [Source:HGNC Symbol;Acc:HGNC:3800]
X5D2B0,146.5757010606355,-0.9331646278525396,0.3384262699244845,-2.7573646338411124,0.005826933377553955,0.02252370986515388,ENSG00000166148,AVPR1A,arginine vasopressin receptor 1A [Source:HGNC Symbol;Acc:HGNC:895]
X5D9A5,26.77738906974014,-2.850070304333146,0.6034646441210237,-4.722845542151711,2.325674792957343e-06,2.8088955029507797e-05,ENSG00000069011,PITX1,paired like homeodomain 1 [Source:HGNC Symbol;Acc:HGNC:9004]
X5D9C4,158.69817811200707,-0.7867849892436736,0.14937803321120524,-5.267072891040413,1.3861617859335575e-07,2.261131511516271e-06,ENSG00000130821,SLC6A8,solute carrier family 6 member 8 [Source:HGNC Symbol;Acc:HGNC:11055]
X6R7A2,13.030025048465797,-0.6471094149229596,0.22268944582096445,-2.9058827307119706,0.0036621867159776166,0.015354727344899309,ENSG00000172469,MANEA,mannosidase endo-alpha [Source:HGNC Symbol;Acc:HGNC:21072]
