gene_ids,baseMean,log2FoldChange,lfcSE,stat,pvalue,padj,converted_alias,name,description
A0A024R0Q4,15.25849471626624,0.7142190748439686,0.25167803466027205,2.837828401704019,0.004542159455655391,0.018333232912705708,ENSG00000105223,PLD3,phospholipase D family member 3 [Source:HGNC Symbol;Acc:HGNC:17158]
A0A075B6P7,12.960576643322868,0.6041384386748538,0.22284359951955746,2.711042363241995,0.00670720563448034,0.0252596846077236,ENSG00000114982,KANSL3,KAT8 regulatory NSL complex subunit 3 [Source:HGNC Symbol;Acc:HGNC:25473]
A0A075B6P9,17.841422684596132,0.7167071020897599,0.23704759168185643,3.0234734595053743,0.0024989094697939187,0.011242543746804381,ENSG00000214562,NUTM2D,NUT family member 2D [Source:HGNC Symbol;Acc:HGNC:23447]
A0A087WT90,18.484804790482773,0.7378497164582378,0.20781694522279187,3.550479079880709,0.0003845306956639526,0.0023329958630461654,ENSG00000259494,MRPL46,mitochondrial ribosomal protein L46 [Source:HGNC Symbol;Acc:HGNC:1192]
A0A087WUA6,71.66792082168199,0.7153623449243068,0.21573194369908238,3.315977841103323,0.0009132306957474567,0.004867179739974484,ENSG00000250067,YJEFN3,YjeF N-terminal domain containing 3 [Source:HGNC Symbol;Acc:HGNC:24785]
A0A087WVF1,17.845351114115033,0.8429978590543455,0.22498316990275125,3.7469374238914424,0.0001790067185583619,0.001218085211689637,ENSG00000152242,ARK2N,arkadia (RNF111) N-terminal like PKA signaling regulator 2N [Source:HGNC Symbol;Acc:HGNC:28172]
A0A087WVF5,13.926347093682365,1.5566749893723029,0.26207297309792066,5.93985320565913,2.852774070098621e-09,6.823761316914858e-08,ENSG00000160360,GPSM1,G protein signaling modulator 1 [Source:HGNC Symbol;Acc:HGNC:17858]
A0A087WVI6,147.18599082028578,1.193229375273273,0.1576726008661324,7.567766173187893,3.796966301252651e-14,2.470156189021415e-12,ENSG00000049759,NEDD4L,NEDD4 like E3 ubiquitin protein ligase [Source:HGNC Symbol;Acc:HGNC:7728]
A0A087WVR2,11.4777802829321,1.1121424532545368,0.24665323482677273,4.508931147955982,6.515504797462159e-06,6.881845919694944e-05,ENSG00000150403,TMCO3,transmembrane and coiled-coil domains 3 [Source:HGNC Symbol;Acc:HGNC:20329]
A0A087WVX8,38.15656884244064,0.9048259304957055,0.1388532308922152,6.516419709369791,7.200532301461456e-11,2.446849605183836e-09,ENSG00000110841,PPFIBP1,PPFIA binding protein 1 [Source:HGNC Symbol;Acc:HGNC:9249]
A0A087WWC7,20.644476985310682,0.7876425020004943,0.22474912320744989,3.5045409332853223,0.0004573952465903117,0.0027007750383675326,ENSG00000103187,COTL1,coactosin like F-actin binding protein 1 [Source:HGNC Symbol;Acc:HGNC:18304]
A0A087WWI5,16.39103523726757,0.8594898373624017,0.22640255839498896,3.796290304559672,0.0001468774905446134,0.0010289822669856748,ENSG00000151150,ANK3,ankyrin 3 [Source:HGNC Symbol;Acc:HGNC:494]
A0A087WWN1,19.273126185012643,0.8143487263049961,0.2411333697795267,3.3771714261264303,0.0007323539217474894,0.004043899196349307,ENSG00000151773,CCDC122,coiled-coil domain containing 122 [Source:HGNC Symbol;Acc:HGNC:26478]
A0A087WWZ6,387.76689230215305,0.5259565376896156,0.14477569865230022,3.6329062307119395,0.00028024688112379654,0.0017878405311843241,ENSG00000019485,PRDM11,PR/SET domain 11 [Source:HGNC Symbol;Acc:HGNC:13996]
A0A087WYE0,139.11214516913665,0.7089704822389021,0.12185606405503714,5.818097669055605,5.9521121907806216e-09,1.3286222900351804e-07,ENSG00000102934,PLLP,plasmolipin [Source:HGNC Symbol;Acc:HGNC:18553]
A0A087WYZ5,16.550663156308158,1.166272493095633,0.2590774110679479,4.501637129567256,6.7432036676689755e-06,7.091779384204654e-05,ENSG00000111452,ADGRD1,adhesion G protein-coupled receptor D1 [Source:HGNC Symbol;Acc:HGNC:19893]
A0A087X032,76.14580021143607,0.5123338424511139,0.14050165780265234,3.646461191018361,0.00026587661121894456,0.001709516846595511,ENSG00000088970,KIZ,kizuna centrosomal protein [Source:HGNC Symbol;Acc:HGNC:15865]
A0A087X0F5,18.716387436983084,0.6612905721391338,0.22371167401648298,2.95599492090167,0.0031166222323459956,0.013493126563046444,ENSG00000197912,SPG7,"SPG7 matrix AAA peptidase subunit, paraplegin [Source:HGNC Symbol;Acc:HGNC:11237]"
A0A087X0L7,62.90758357128679,0.60999116088842,0.183952329887569,3.316028458357904,0.0009130653038157896,0.004867179739974484,ENSG00000155463,OXA1L,OXA1L mitochondrial inner membrane protein [Source:HGNC Symbol;Acc:HGNC:8526]
A0A087X0Q8,82.87345715183518,0.573724397190118,0.15932270290181885,3.6010209891032945,0.00031696998360385007,0.0019815969193669033,ENSG00000134779,TPGS2,tubulin polyglutamylase complex subunit 2 [Source:HGNC Symbol;Acc:HGNC:24561]
A0A087X1T8,18.755700752632322,0.6842154090752228,0.24029828266931919,2.847358713823143,0.004408365747506026,0.017881570387253614,ENSG00000162174,ASRGL1,asparaginase and isoaspartyl peptidase 1 [Source:HGNC Symbol;Acc:HGNC:16448]
A0A087X203,24.825724247846917,0.9263260036051503,0.18976461998889424,4.881447361786209,1.0531003497425443e-06,1.3816225528389095e-05,ENSG00000136098,NEK3,NIMA related kinase 3 [Source:HGNC Symbol;Acc:HGNC:7746]
A0A087X225,30.621352930953062,1.4362318256949433,0.244465567124017,5.874986169182448,4.228786532121165e-09,9.724886150093866e-08,ENSG00000140575,IQGAP1,IQ motif containing GTPase activating protein 1 [Source:HGNC Symbol;Acc:HGNC:6110]
A0A096LNH4,96.42828561696285,1.9590324521250693,0.23748269866082344,8.249158625753157,1.5951358611093062e-16,1.6516021728124244e-14,ENSG00000277758,SYT15B,synaptotagmin 15B [Source:HGNC Symbol;Acc:HGNC:51487]
A0A0A0MRN5,103.20893613107256,0.5358985334448729,0.20042401271275104,2.67382399040641,0.007499179889487508,0.027698360958425306,ENSG00000060491,OGFR,opioid growth factor receptor [Source:HGNC Symbol;Acc:HGNC:15768]
A0A0A0MTC9,572.9548335919767,1.4089034642900784,0.28053743951728993,5.0221584210447086,5.109401164413515e-07,7.274547016137873e-06,ENSG00000168484,SFTPC,surfactant protein C [Source:HGNC Symbol;Acc:HGNC:10802]
A0A0A0MTM3,26.408894500910453,1.487844680909589,0.29359377910504775,5.067698251117368,4.0265504122747297e-07,5.8839860644864664e-06,ENSG00000164442,CITED2,Cbp/p300 interacting transactivator with Glu/Asp rich carboxy-terminal domain 2 [Source:HGNC Symbol;Acc:HGNC:1987]
A0A0C4DFZ2,169.96795855163148,0.6071273349301786,0.1604002075030287,3.785078238871447,0.00015366022830868282,0.001070041892996429,ENSG00000100299,ARSA,arylsulfatase A [Source:HGNC Symbol;Acc:HGNC:713]
A0A0C4DG42,17.91373412158909,0.574560188797232,0.1537218241042166,3.7376617936026157,0.00018573956449526605,0.0012580341837016957,ENSG00000196378,ZNF34,zinc finger protein 34 [Source:HGNC Symbol;Acc:HGNC:13098]
A0A0C4DG47,17.75590493480628,0.7077103887616848,0.27449565327451775,2.578220748923545,0.009931053267062586,0.03480366260158879,ENSG00000157557,ETS2,"ETS proto-oncogene 2, transcription factor [Source:HGNC Symbol;Acc:HGNC:3489]"
A0A0C4DG89,134.82989344781757,0.5080375093200656,0.10340770529467426,4.912956030426784,8.971340179004867e-07,1.1976630527104924e-05,ENSG00000145833,DDX46,DEAD-box helicase 46 [Source:HGNC Symbol;Acc:HGNC:18681]
A0A0C4DGB0,29.32982024423385,0.8069623613005901,0.17109879615701504,4.71635323816102,2.4010942159129644e-06,2.882483654226058e-05,ENSG00000153130,SCOC,short coiled-coil protein [Source:HGNC Symbol;Acc:HGNC:20335]
A0A0C4DGD1,35.19855133084151,0.5765563597299865,0.1882649534381627,3.062473122058597,0.0021951618837869388,0.010104800706540837,ENSG00000153113,CAST,calpastatin [Source:HGNC Symbol;Acc:HGNC:1515]
A0A0C4DGE8,17.941620112532124,1.0625382705196944,0.2298634039281145,4.62247688132202,3.7918508198420177e-06,4.295093887046526e-05,ENSG00000154359,LONRF1,LON peptidase N-terminal domain and ring finger 1 [Source:HGNC Symbol;Acc:HGNC:26302]
A0A0D9SFH5,38.894385497420686,0.7854318286996089,0.17636060296731204,4.453556040773951,8.445965018254791e-06,8.651524036813336e-05,ENSG00000088387,DOCK9,dedicator of cytokinesis 9 [Source:HGNC Symbol;Acc:HGNC:14132]
A0A0D9SG14,26.99298761615142,0.5772737792665837,0.1684589511857868,3.426791958534344,0.0006107568009701658,0.003467979013541719,ENSG00000129292,PHF20L1,PHD finger protein 20 like 1 [Source:HGNC Symbol;Acc:HGNC:24280]
A0A0D9SGA6,20.61842225241685,0.5922673675376277,0.22132493623548674,2.6760083053066515,0.007450479882014246,0.027578530264844272,ENSG00000173575,CHD2,chromodomain helicase DNA binding protein 2 [Source:HGNC Symbol;Acc:HGNC:1917]
A0A0G2JHK5,46.300587245047005,0.8433997096879446,0.18554554167896728,4.54551320423103,5.480156134717991e-06,5.898455997807251e-05,ENSG00000143442,POGZ,pogo transposable element derived with ZNF domain [Source:HGNC Symbol;Acc:HGNC:18801]
A0A0G2JPM1,19.684463873951607,1.7798360996341362,0.32602314599206145,5.4592323321653815,4.781976684261153e-08,8.672838305484824e-07,ENSG00000104059,ENTREP2,endosomal transmembrane epsin interactor 2 [Source:HGNC Symbol;Acc:HGNC:29075]
A0A0J9YXV3,16.096589011777336,0.8827847846720247,0.35545609929908667,2.483526900826183,0.013008850843153546,0.04336577713352968,ENSG00000262152,GREP1,glycine rich extracellular protein 1 [Source:HGNC Symbol;Acc:HGNC:27549]
A0A0U1RQY6,24.020077407273227,0.5006661104364394,0.18201392834472732,2.750702185209679,0.005946768063240033,0.022900300832319833,ENSG00000152061,RABGAP1L,RAB GTPase activating protein 1 like [Source:HGNC Symbol;Acc:HGNC:24663]
A0A0U1RRC4,11.265473849371643,1.0792378824873323,0.41153555390840907,2.6224657195172165,0.008729604943658466,0.03134527962022856,ENSG00000101000,PROCR,protein C receptor [Source:HGNC Symbol;Acc:HGNC:9452]
A0A1B0GTD8,16.304432386334526,0.9345268189176658,0.21674503377960697,4.311641206358257,1.6204723524903895e-05,0.00015305309319838564,ENSG00000136854,STXBP1,syntaxin binding protein 1 [Source:HGNC Symbol;Acc:HGNC:11444]
A0A1B0GTU2,141.58096394645722,1.7918351857560877,0.2544287439677622,7.0425815802601495,1.8871027697332044e-12,8.81740772959663e-11,ENSG00000259417,CTXND1,cortexin domain containing 1 [Source:HGNC Symbol;Acc:HGNC:50507]
A0A1B0GU19,10.241817412779815,1.5762542851772932,0.3136126557181698,5.02611822717322,5.005073949919342e-07,7.149086845305775e-06,ENSG00000165195,PIGA,phosphatidylinositol glycan anchor biosynthesis class A [Source:HGNC Symbol;Acc:HGNC:8957]
A0A1B0GUA9,162.4111900284533,0.6550766412712968,0.17754850067141548,3.689564478404865,0.00022463828987591116,0.001477534400513971,ENSG00000283199,C13orf46,chromosome 13 open reading frame 46 [Source:HGNC Symbol;Acc:HGNC:53786]
A0A1B0GUE9,11.987394067189715,1.4328556413633435,0.41257274536636096,3.4729769657735883,0.0005147195285883582,0.0029864836841588136,ENSG00000116641,DOCK7,dedicator of cytokinesis 7 [Source:HGNC Symbol;Acc:HGNC:19190]
A0A1B0GUS7,22.351570668701406,0.9480654235288903,0.25909445268390113,3.6591498340010524,0.00025305336018743987,0.0016375700720580395,ENSG00000198722,UNC13B,unc-13 homolog B [Source:HGNC Symbol;Acc:HGNC:12566]
A0A1B0GUU1,62.569933860429884,0.5821203302920344,0.1844045544485415,3.1567567950415034,0.0015953434548254756,0.007761682010306869,ENSG00000267221,C17orf113,chromosome 17 open reading frame 113 [Source:HGNC Symbol;Acc:HGNC:53437]
A0A1B0GUX8,29.515810238957883,0.5083586984615204,0.1816253130473412,2.798941898197941,0.005127036202949283,0.02028919009866203,ENSG00000131149,GSE1,Gse1 coiled-coil protein [Source:HGNC Symbol;Acc:HGNC:28979]
A0A1B0GVC6,12.962793179927287,0.7682068478635564,0.16338280282874948,4.701883151489061,2.577730086395177e-06,3.076258621502123e-05,ENSG00000112592,TBP,TATA-box binding protein [Source:HGNC Symbol;Acc:HGNC:11588]
A0A1B0GVG4,19.984247497022714,1.884084944398879,0.29935344912731326,6.2938474565482245,3.0969217603886664e-10,9.130950869466798e-09,ENSG00000269720,CCDC194,coiled-coil domain containing 194 [Source:HGNC Symbol;Acc:HGNC:53438]
A0A1B0GVN0,89.0719415894464,2.190777928913946,0.22403533468624312,9.778716076114,1.3896209520123268e-22,3.6484167232952205e-20,ENSG00000223573,TINCR,TINCR ubiquitin domain containing [Source:HGNC Symbol;Acc:HGNC:14607]
A0A1B0GVQ0,116.42789111337024,1.4489566494514627,0.21473115511269625,6.74777094498008,1.501337068145111e-11,5.965853639796807e-10,ENSG00000235387,SPAAR,small regulatory polypeptide of amino acid response [Source:HGNC Symbol;Acc:HGNC:27244]
A0A1B0GVQ2,34.48374683869414,2.1311141121071806,0.3405928089106457,6.257073127654544,3.922695065779371e-10,1.1308642742574934e-08,ENSG00000273540,AGBL1,AGBL carboxypeptidase 1 [Source:HGNC Symbol;Acc:HGNC:26504]
A0A1B0GVW8,19.35629321304385,1.1952387245723644,0.283946071163841,4.209386379861879,2.5606517078181025e-05,0.0002269799548401143,ENSG00000198722,UNC13B,unc-13 homolog B [Source:HGNC Symbol;Acc:HGNC:12566]
A0A1B0GWB2,272.52329311636527,1.202617072131285,0.2182317532665753,5.510733677066048,3.5734105732374145e-08,6.65608080930557e-07,ENSG00000283526,PRRT1B,proline rich transmembrane protein 1B [Source:HGNC Symbol;Acc:HGNC:53642]
A0A1B0GWE7,10.103792484676148,0.8657330392861593,0.2500140120960851,3.4627380762700684,0.0005347086333340582,0.003088649607006108,ENSG00000089159,PXN,paxillin [Source:HGNC Symbol;Acc:HGNC:9718]
A0A1B0GWF2,24.41355452415888,1.0236029352437241,0.25612514146547544,3.9964953435924264,6.428714561631979e-05,0.0005043716504526206,ENSG00000136854,STXBP1,syntaxin binding protein 1 [Source:HGNC Symbol;Acc:HGNC:11444]
A0A1B0GWH6,91.70672828601754,0.5004308846594189,0.1897649683415013,2.6371088880790823,0.00836159864142539,0.03025044232906751,ENSG00000263874,LASP1NB,LASP1 neighbor [Source:HGNC Symbol;Acc:HGNC:44353]
A0A1B0GXE7,33.37047340846355,0.6741081770912697,0.19991322267412537,3.3720039528856995,0.0007462337735930569,0.004098988703068811,ENSG00000128699,ORMDL1,ORMDL sphingolipid biosynthesis regulator 1 [Source:HGNC Symbol;Acc:HGNC:16036]
A0A1W2PQ73,25.233712066439796,0.8600003293594093,0.24577075761004624,3.499197128748467,0.00046666143232709973,0.002749599580160796,ENSG00000268041,ERFL,ETS repressor factor like [Source:HGNC Symbol;Acc:HGNC:53894]
A0A1W2PR40,13.306431373950481,0.8455852179060825,0.21499126958726403,3.9331142121697322,8.385237057337294e-05,0.0006357099280251519,ENSG00000121897,LIAS,lipoic acid synthetase [Source:HGNC Symbol;Acc:HGNC:16429]
A0A1W2PRY5,11.120634527481021,0.7889445018591503,0.2987994290415185,2.640381557588337,0.008281273358484926,0.030023870236400883,ENSG00000198198,SZT2,SZT2 subunit of KICSTOR complex [Source:HGNC Symbol;Acc:HGNC:29040]
A0A1Y8ELM0,10.29892857962138,0.6675991909711004,0.2216128360354598,3.012457233588578,0.002591419472647924,0.011578437003601564,ENSG00000136925,TSTD2,thiosulfate sulfurtransferase like domain containing 2 [Source:HGNC Symbol;Acc:HGNC:30087]
A0A2R8Y4Z8,58.53651531936539,0.6315623577656507,0.13484169043660885,4.683732128547869,2.8169810159191385e-06,3.315138704646781e-05,ENSG00000105321,CCDC9,coiled-coil domain containing 9 [Source:HGNC Symbol;Acc:HGNC:24560]
A0A2R8Y566,14.193328354661261,1.17319103351303,0.20876226296725517,5.6197466766158195,1.9123765319540173e-08,3.772410736647039e-07,ENSG00000134444,RELCH,"RAB11 binding and LisH domain, coiled-coil and HEAT repeat containing [Source:HGNC Symbol;Acc:HGNC:29289]"
A0A2R8Y644,11.341396262503999,1.1689285694886358,0.2627215487159326,4.449306024579425,8.614819457892397e-06,8.798450610305507e-05,ENSG00000065883,CDK13,cyclin dependent kinase 13 [Source:HGNC Symbol;Acc:HGNC:1733]
A0A2R8Y6A7,42.09534677957907,0.8650291108785216,0.15902114015672772,5.439711412117711,5.3366946706108436e-08,9.560963790873398e-07,ENSG00000124570,SERPINB6,serpin family B member 6 [Source:HGNC Symbol;Acc:HGNC:8950]
A0A2R8Y7E6,23.935078826533765,0.5134582541158966,0.20091400663012896,2.555612038841789,0.010600123009635701,0.03667106253869079,ENSG00000204842,ATXN2,ataxin 2 [Source:HGNC Symbol;Acc:HGNC:10555]
A0A2R8Y7G8,12.160647533205958,1.1443122422045156,0.29477400146376775,3.8819985362419045,0.00010360150118258206,0.0007608483207061822,ENSG00000184619,KRBA2,KRAB-A domain containing 2 [Source:HGNC Symbol;Acc:HGNC:26989]
A0A2R8Y7Y4,151.55175028683107,0.6617792108761703,0.1832997788327723,3.6103655721261045,0.0003057657423194553,0.0019244742240620055,ENSG00000065413,ANKRD44,ankyrin repeat domain 44 [Source:HGNC Symbol;Acc:HGNC:25259]
A0A2R8YCY8,12.637157069736665,0.6639087353153844,0.2725035845380117,2.4363302832912836,0.014837130155465493,0.04824090644974731,ENSG00000065000,AP3D1,adaptor related protein complex 3 subunit delta 1 [Source:HGNC Symbol;Acc:HGNC:568]
A0A2R8YD28,33.33170347085056,0.6322685763868054,0.18289203100379323,3.457059189056149,0.0005461048872171313,0.003142953335774169,ENSG00000065883,CDK13,cyclin dependent kinase 13 [Source:HGNC Symbol;Acc:HGNC:1733]
A0A2R8YEM2,34.04617880081211,1.2162845424091115,0.26150146363989063,4.6511576856182995,3.300768139046888e-06,3.80926952059341e-05,ENSG00000134480,CCNH,cyclin H [Source:HGNC Symbol;Acc:HGNC:1594]
A0A3B3IRI9,10.745441817873875,0.8154173121194342,0.24955715764752323,3.267457122071958,0.0010851830332297848,0.005621946585588365,ENSG00000147099,HDAC8,histone deacetylase 8 [Source:HGNC Symbol;Acc:HGNC:13315]
A0A3B3ISP1,64.846046308462,1.1950369465917547,0.15743818791164085,7.590515124973658,3.186361895233332e-14,2.1102710281524296e-12,ENSG00000064999,ANKS1A,ankyrin repeat and sterile alpha motif domain containing 1A [Source:HGNC Symbol;Acc:HGNC:20961]
A0A3B3ISX2,17.26992294689966,1.0147035740728712,0.26726596319231655,3.7966060547063414,0.00014669062192192544,0.0010279996745682057,ENSG00000142867,BCL10,BCL10 immune signaling adaptor [Source:HGNC Symbol;Acc:HGNC:989]
A0A3B3ISZ7,26.429337949027822,1.1267560158136891,0.2657196914025144,4.240393362894848,2.2312841885036222e-05,0.00020159255015673446,ENSG00000175356,SCUBE2,"signal peptide, CUB domain and EGF like domain containing 2 [Source:HGNC Symbol;Acc:HGNC:30425]"
A0A3B3IT90,12.259992833208925,0.5150519592501521,0.20982486599682007,2.4546755066578134,0.014101181177169119,0.046236611608874184,ENSG00000184465,WDR27,WD repeat domain 27 [Source:HGNC Symbol;Acc:HGNC:21248]
A0A3B3ITG1,18.709888608755865,1.3623256952611682,0.22467980810908014,6.06340955480864,1.3326573712440806e-09,3.4135221446477295e-08,ENSG00000053747,LAMA3,laminin subunit alpha 3 [Source:HGNC Symbol;Acc:HGNC:6483]
A0A3B3ITJ0,12.841652766921854,1.1692220275892318,0.2606319200318204,4.486104493442253,7.253717680136867e-06,7.567336315881669e-05,ENSG00000121691,CAT,catalase [Source:HGNC Symbol;Acc:HGNC:1516]
A0A3B3ITP3,19.20134159617434,1.7043003637727216,0.32417651294157646,5.25732215547606,1.461681321315907e-07,2.3720323664680655e-06,ENSG00000156650,KAT6B,lysine acetyltransferase 6B [Source:HGNC Symbol;Acc:HGNC:17582]
A0A3B3ITR5,21.962269146400832,0.5072626334854937,0.1965207707874902,2.581216384674308,0.009845285043891839,0.03455800037529693,ENSG00000130958,SLC35D2,solute carrier family 35 member D2 [Source:HGNC Symbol;Acc:HGNC:20799]
A0A3B3ITX0,12.530282276396175,0.5673084940415465,0.1668009438607062,3.4011108145485083,0.0006711261609720125,0.003754697197888575,ENSG00000131174,COX7B,cytochrome c oxidase subunit 7B [Source:HGNC Symbol;Acc:HGNC:2291]
A0A3B3IUA7,14.808808702097659,0.8545550798161715,0.24700072101110623,3.459727066050738,0.0005407231636554526,0.003114459889354348,ENSG00000121060,TRIM25,tripartite motif containing 25 [Source:HGNC Symbol;Acc:HGNC:12932]
A0A494BZW5,15.205232252026436,0.5430806787927689,0.1919513441084669,2.8292621826387814,0.004665546042447181,0.018748898035737996,ENSG00000130584,ZBTB46,zinc finger and BTB domain containing 46 [Source:HGNC Symbol;Acc:HGNC:16094]
A0A494BZX9,11.70220615447421,1.301641826917326,0.3210692127742756,4.0540848363198,5.0330949796503736e-05,0.0004088393247926679,ENSG00000206077,ZDHHC11B,zinc finger DHHC-type containing 11B [Source:HGNC Symbol;Acc:HGNC:32962]
A0A494BZY7,13.823369236367174,0.5740201404425002,0.19805309390123008,2.8983144324358117,0.003751742507086291,0.01563102358356053,ENSG00000203791,EEF1AKMT2,EEF1A lysine methyltransferase 2 [Source:HGNC Symbol;Acc:HGNC:33787]
A0A494C034,20.849255365770805,1.0119283674033244,0.26000376647626444,3.8919758014186407,9.943116420909449e-05,0.0007353638147107209,ENSG00000143549,TPM3,tropomyosin 3 [Source:HGNC Symbol;Acc:HGNC:12012]
A0A494C0G8,11.621145021100425,0.696635947423153,0.23397103644257186,2.9774452343127615,0.0029066156803250883,0.01270614513654896,ENSG00000151466,SCLT1,sodium channel and clathrin linker 1 [Source:HGNC Symbol;Acc:HGNC:26406]
A0A499FIG1,104.03402158211856,0.6055337890154904,0.1740403659842281,3.479272096396104,0.0005027778131783069,0.002931076365803431,ENSG00000185614,INKA1,inka box actin regulator 1 [Source:HGNC Symbol;Acc:HGNC:32480]
A0A590UJY5,40.4838532538547,1.4393518584804919,0.22857405812346365,6.297091937279383,3.0328141883291395e-10,8.990011305028338e-09,ENSG00000251322,SHANK3,SH3 and multiple ankyrin repeat domains 3 [Source:HGNC Symbol;Acc:HGNC:14294]
A0A5F9ZHC6,16.198022236109516,1.1563316675621464,0.2313457008648585,4.998284659016085,5.784255383152948e-07,8.151180077958794e-06,ENSG00000126522,ASL,argininosuccinate lyase [Source:HGNC Symbol;Acc:HGNC:746]
A0A5F9ZHK1,11.400979377809412,1.059163947281271,0.22873508662841055,4.630526793652458,3.6473657943653814e-06,4.152762273047709e-05,ENSG00000112782,CLIC5,chloride intracellular channel 5 [Source:HGNC Symbol;Acc:HGNC:13517]
A0A5F9ZI21,55.989844379838466,1.4347185503371445,0.22240684671450803,6.450874024480088,1.1120691317072425e-10,3.6442158440819503e-09,ENSG00000116584,ARHGEF2,Rho/Rac guanine nucleotide exchange factor 2 [Source:HGNC Symbol;Acc:HGNC:682]
A0A5H1ZRQ6,24.576698371972746,1.6391100844299973,0.3290706576401574,4.981027771313427,6.324746159751403e-07,8.822640848017549e-06,ENSG00000211689,TRGC1,T cell receptor gamma constant 1 [Source:HGNC Symbol;Acc:HGNC:12275]
A0A5H1ZRR0,148.66647066903528,1.1870919780562041,0.2627273910378205,4.518341134386396,6.232601089747594e-06,6.621087882143228e-05,ENSG00000227191,TRGC2,T cell receptor gamma constant 2 [Source:HGNC Symbol;Acc:HGNC:12276]
A0A669KB05,19.844917733733034,0.6102675917122069,0.2135916352809367,2.8571699023209547,0.00427436972440612,0.017437467610442577,ENSG00000198561,CTNND1,catenin delta 1 [Source:HGNC Symbol;Acc:HGNC:2515]
A0A669KB76,12.684315108279138,0.6875773794229876,0.21939887695979082,3.133914762694978,0.0017249095361607197,0.008282419967447968,ENSG00000127603,MACF1,microtubule actin crosslinking factor 1 [Source:HGNC Symbol;Acc:HGNC:13664]
A0A669KBA4,19.584274121917815,1.043396861063789,0.2041649492519745,5.110558226995461,3.212082925286847e-07,4.809183763358868e-06,ENSG00000115415,STAT1,signal transducer and activator of transcription 1 [Source:HGNC Symbol;Acc:HGNC:11362]
A0A6I8PIJ9,40.987598507962886,0.7597815902960474,0.1789391379012206,4.246033591127884,2.1758802392128463e-05,0.00019747680162798402,ENSG00000189195,BTBD8,BTB domain containing 8 [Source:HGNC Symbol;Acc:HGNC:21019]
A0A6I8PRS5,12.389885137916023,0.6136945836472153,0.18852572454720437,3.255229943399869,0.0011330059219267748,0.005825906412257657,ENSG00000152133,GPATCH11,G-patch domain containing 11 [Source:HGNC Symbol;Acc:HGNC:26768]
A0A6I8PS14,11.561953877360088,0.7951359985703181,0.25985931375215415,3.059871078273894,0.0022143228688111145,0.01018662422794333,ENSG00000074527,NTN4,netrin 4 [Source:HGNC Symbol;Acc:HGNC:13658]
A0A6I8PU40,142.75696842077375,0.6073935568981542,0.17889194650826154,3.395309675777404,0.000685510161573994,0.0038158904670876266,ENSG00000253352,TUG1,taurine up-regulated 1 [Source:HGNC Symbol;Acc:HGNC:26066]
A0A6Q8PG87,16.189160655719956,0.6423234853586397,0.18606875345548674,3.452076038722444,0.0005562909340679121,0.003194074527449553,ENSG00000112137,PHACTR1,phosphatase and actin regulator 1 [Source:HGNC Symbol;Acc:HGNC:20990]
A0A6Q8PHS9,26.314162078194112,1.2098630912898964,0.32260557068136647,3.750285801744146,0.00017663313344732121,0.0012055561579766933,ENSG00000080618,CPB2,carboxypeptidase B2 [Source:HGNC Symbol;Acc:HGNC:2300]
A0A7D9NKC8,73.41943422441972,0.7471026480368508,0.12850345229042515,5.813872193475052,6.1044027640491984e-09,1.353030136264734e-07,ENSG00000138443,ABI2,abl interactor 2 [Source:HGNC Symbol;Acc:HGNC:24011]
A0A7I2V2L6,32.70904675373451,0.61273913908322,0.20121579390405347,3.0451841140034706,0.002325379097470556,0.010600229560896166,ENSG00000135486,HNRNPA1,heterogeneous nuclear ribonucleoprotein A1 [Source:HGNC Symbol;Acc:HGNC:5031]
A0A7I2V3R9,11.685229598258665,1.1276161269898692,0.23823802684331416,4.733149203470724,2.2106286392055993e-06,2.6920598569320977e-05,ENSG00000143801,PSEN2,presenilin 2 [Source:HGNC Symbol;Acc:HGNC:9509]
A0A7I2V3Z2,60.61096018351764,0.8281771625266067,0.2576217145202195,3.214702472068235,0.0013057978952133768,0.006558430148265956,ENSG00000168675,LDLRAD4,low density lipoprotein receptor class A domain containing 4 [Source:HGNC Symbol;Acc:HGNC:1224]
A0A7I2V4B0,16.220348809296272,1.6003658433168781,0.31744502463950325,5.041395262484535,4.621497778191032e-07,6.670321465983313e-06,ENSG00000005844,ITGAL,integrin subunit alpha L [Source:HGNC Symbol;Acc:HGNC:6148]
A0A7I2V5Y1,55.746470391038514,0.5299485968868204,0.13217157902564575,4.009550319316323,6.083448867276933e-05,0.00048191228922027835,ENSG00000137275,RIPK1,receptor interacting serine/threonine kinase 1 [Source:HGNC Symbol;Acc:HGNC:10019]
A0A7I2V6A6,18.362139404152774,0.8312243944015067,0.2047182195828904,4.06033422963091,4.900251835736576e-05,0.0003989205473238978,ENSG00000100412,ACO2,aconitase 2 [Source:HGNC Symbol;Acc:HGNC:118]
A0A7I2YQN1,75.48344073653927,1.3903675445269574,0.24257293283208745,5.7317505638165755,9.939937534702887e-09,2.1017773958805127e-07,ENSG00000084623,EIF3I,eukaryotic translation initiation factor 3 subunit I [Source:HGNC Symbol;Acc:HGNC:3272]
A0A7P0T8S7,181.67432003437267,2.2360024739998225,0.2872662660300707,7.783727984843721,7.041807867162334e-15,5.091804285324529e-13,ENSG00000111331,OAS3,2'-5'-oligoadenylate synthetase 3 [Source:HGNC Symbol;Acc:HGNC:8088]
A0A7P0T8T5,37.592297769324915,0.9280526781748358,0.2778331957391529,3.3403232313756686,0.0008368093325912956,0.004512223232510619,ENSG00000188906,LRRK2,leucine rich repeat kinase 2 [Source:HGNC Symbol;Acc:HGNC:18618]
A0A7P0T9H7,16.683714086842834,0.646687433837305,0.1787756851771838,3.6173120141946367,0.00029767838225151105,0.001883814798393224,ENSG00000123607,TTC21B,tetratricopeptide repeat domain 21B [Source:HGNC Symbol;Acc:HGNC:25660]
A0A7P0T9H8,15.648991490636316,1.164002296336733,0.2828216571235837,4.115675964051446,3.860463449306401e-05,0.00032451648660291135,ENSG00000135114,OASL,2'-5'-oligoadenylate synthetase like [Source:HGNC Symbol;Acc:HGNC:8090]
A0A7P0T9R0,49.92078732015091,1.0356316822473255,0.19211209923730704,5.390767610987679,7.015735302378214e-08,1.2192970828344004e-06,ENSG00000157601,MX1,MX dynamin like GTPase 1 [Source:HGNC Symbol;Acc:HGNC:7532]
A0A7P0TA36,135.08763453631727,1.1187887925423579,0.27219527701682067,4.110243222453932,3.952425801942722e-05,0.000331055065081826,ENSG00000206077,ZDHHC11B,zinc finger DHHC-type containing 11B [Source:HGNC Symbol;Acc:HGNC:32962]
A0A7P0TAW3,19.77651664959413,0.6896699741143919,0.2537008404739121,2.7184378767768025,0.006559097148280897,0.024812063208951442,ENSG00000165280,VCP,valosin containing protein [Source:HGNC Symbol;Acc:HGNC:12666]
A0A7P0TBE3,10.22042183780558,0.5707133058704524,0.21008689426111005,2.7165583454298288,0.006596456726977958,0.024910660386433543,ENSG00000095787,WAC,WW domain containing adaptor with coiled-coil [Source:HGNC Symbol;Acc:HGNC:17327]
A0A804HIV6,43.47373791123953,0.6838418215096151,0.1436369387841387,4.760905010216839,1.9272674947987823e-06,2.379093626497862e-05,ENSG00000135317,SNX14,sorting nexin 14 [Source:HGNC Symbol;Acc:HGNC:14977]
A0A804HK68,18.656605009109224,1.7620890234910727,0.24842132229842492,7.093147267666101,1.3109581958802444e-12,6.257980963624006e-11,ENSG00000114654,EFCC1,EF-hand and coiled-coil domain containing 1 [Source:HGNC Symbol;Acc:HGNC:25692]
A0A804HKQ9,13.871237588068038,1.574066667726711,0.287698500029961,5.471236963567024,4.4690526754096235e-08,8.125349357253408e-07,ENSG00000138821,SLC39A8,solute carrier family 39 member 8 [Source:HGNC Symbol;Acc:HGNC:20862]
A0A804HKX2,732.015554668263,1.8997414981621485,0.2822869448948428,6.729824147092025,1.6986825937709507e-11,6.630574499650362e-10,ENSG00000138821,SLC39A8,solute carrier family 39 member 8 [Source:HGNC Symbol;Acc:HGNC:20862]
A0A8I5KRH1,10.846318205860415,0.6118784893991379,0.2216579484083693,2.760462657859892,0.005771955613547824,0.022349868587734394,ENSG00000169249,ZRSR2,"zinc finger CCCH-type, RNA binding motif and serine/arginine rich 2 [Source:HGNC Symbol;Acc:HGNC:23019]"
A0A8I5KT14,10.323486286911308,0.8314494905089972,0.3046345550865893,2.729334137004471,0.0063462364769821126,0.024160175947413,ENSG00000153015,CWC27,CWC27 spliceosome associated cyclophilin [Source:HGNC Symbol;Acc:HGNC:10664]
A0A8I5KTM3,28.91375888587647,0.5977394319122638,0.16408353390080913,3.642897112842572,0.0002695866146882999,0.0017288348939621305,ENSG00000122126,OCRL,OCRL inositol polyphosphate-5-phosphatase [Source:HGNC Symbol;Acc:HGNC:8108]
A0A8I5KTY6,22.60211296824658,1.1137340127603972,0.20580590990257988,5.411574494083252,6.247299514582572e-08,1.0995845450487154e-06,ENSG00000226314,ZKSCAN8P1,ZKSCAN8 pseudogene 1 [Source:HGNC Symbol;Acc:HGNC:18777]
A0A8I5KUX3,81.32545500256887,1.1461131651501157,0.1970534732674413,5.816254573674065,6.018079318278361e-09,1.339280739508688e-07,ENSG00000117114,ADGRL2,adhesion G protein-coupled receptor L2 [Source:HGNC Symbol;Acc:HGNC:18582]
A0A8I5KX71,33.139159075057414,0.5497523501017019,0.20190773103787918,2.7227899955874637,0.00647331922292409,0.024567644491889154,ENSG00000119321,FKBP15,FKBP prolyl isomerase family member 15 [Source:HGNC Symbol;Acc:HGNC:23397]
A0A8I5KXF0,13.86555395879321,0.7823802831301551,0.24569921724176313,3.184301081270066,0.0014510400152080915,0.007176774275711875,ENSG00000136485,DCAF7,DDB1 and CUL4 associated factor 7 [Source:HGNC Symbol;Acc:HGNC:30915]
A0A8I5KY57,12.619031628762087,0.918384606636273,0.22061713880890663,4.162798101700322,3.1437131979123306e-05,0.00027050897724057176,ENSG00000064313,TAF2,TATA-box binding protein associated factor 2 [Source:HGNC Symbol;Acc:HGNC:11536]
A0A8I5KY90,12.069137839477385,0.7124028515206569,0.20448841458603428,3.4838298930667686,0.0004942935402288664,0.002887721784425807,ENSG00000197302,KRBOX5,KRAB box domain containing 5 [Source:HGNC Symbol;Acc:HGNC:26987]
A0A8I5QJ99,10.778954262129146,0.8647838529082466,0.22567011303910472,3.8320708101847516,0.00012706915139971034,0.0009037030199836219,ENSG00000118600,RXYLT1,ribitol xylosyltransferase 1 [Source:HGNC Symbol;Acc:HGNC:13530]
A0A8I5QKT9,10.231910173803602,0.8887258266654608,0.21663804979989246,4.102353337681782,4.0896908894175345e-05,0.0003412563105380791,ENSG00000100243,CYB5R3,cytochrome b5 reductase 3 [Source:HGNC Symbol;Acc:HGNC:2873]
A0A8I5QKV5,11.780473142140348,0.8352426153805832,0.306040714088255,2.729187905174338,0.006349051496042191,0.02416672103792104,ENSG00000119812,FAM98A,family with sequence similarity 98 member A [Source:HGNC Symbol;Acc:HGNC:24520]
A0A8J9A6E2,16.5091631137339,1.2207925402795723,0.264455137255237,4.616255720913952,3.907254465091815e-06,4.416739619330338e-05,ENSG00000196440,ARMCX4,armadillo repeat containing X-linked 4 [Source:HGNC Symbol;Acc:HGNC:28615]
A0FGR9,76.54637595837451,1.0073218876704317,0.21119990300452676,4.7695187040348275,1.846665972895033e-06,2.2918610785721472e-05,ENSG00000158220,ESYT3,extended synaptotagmin 3 [Source:HGNC Symbol;Acc:HGNC:24295]
A0MZ66,138.80340542178223,0.5412076313793237,0.0887698857796598,6.0967480877770015,1.082478999943464e-09,2.848805711784386e-08,ENSG00000187164,SHTN1,shootin 1 [Source:HGNC Symbol;Acc:HGNC:29319]
A0PJE2,35.70847427852062,0.766724970130006,0.16392657293671492,4.677246381683377,2.9075283727956385e-06,3.407153599024177e-05,ENSG00000102796,DHRS12,dehydrogenase/reductase 12 [Source:HGNC Symbol;Acc:HGNC:25832]
A0PJX4,144.70189629342315,1.2348148115985313,0.26698359012382916,4.625058832364244,3.744920891630346e-06,4.2488961940701346e-05,ENSG00000178343,SHISA3,shisa family member 3 [Source:HGNC Symbol;Acc:HGNC:25159]
A1L168,54.401393021181136,0.9698527918490693,0.20695241427833605,4.686356500024625,2.781116566649789e-06,3.281687788169847e-05,ENSG00000215595,C20orf202,chromosome 20 open reading frame 202 [Source:HGNC Symbol;Acc:HGNC:37254]
A2A2V5,181.0462925011823,4.147737860925387,0.42118907585043347,9.847686226311982,7.014004132638459e-23,2.0353532518580075e-20,ENSG00000180440,SERTM1,serine rich and transmembrane domain containing 1 [Source:HGNC Symbol;Acc:HGNC:33792]
A2A2Y4,276.8585943324149,0.9902179866181113,0.1645371756309023,6.018202165080406,1.763648470411904e-09,4.3825891339223566e-08,ENSG00000172159,FRMD3,FERM domain containing 3 [Source:HGNC Symbol;Acc:HGNC:24125]
A2RTX5,36.84489054608111,0.9865111421726576,0.23924110800790677,4.123501811152178,3.7315552455877836e-05,0.0003149472613325411,ENSG00000185418,TARS3,threonyl-tRNA synthetase 3 [Source:HGNC Symbol;Acc:HGNC:24728]
A2RUC4,51.79623073726471,0.6829582253386366,0.1609805588855324,4.242488845030437,2.2105453216646225e-05,0.00020012876241375858,ENSG00000162971,TYW5,tRNA-yW synthesizing protein 5 [Source:HGNC Symbol;Acc:HGNC:26754]
A4D1S0,74.53196619784549,2.598331486986434,0.2582607472979154,10.06088425814528,8.225617253203249e-24,2.6290980130745574e-21,ENSG00000188883,KLRG2,killer cell lectin like receptor G2 [Source:HGNC Symbol;Acc:HGNC:24778]
A5D6W6,13.994025871154227,0.6368470225789388,0.21827453454860765,2.917642334667854,0.003526886415317563,0.014921275619592549,ENSG00000139914,FITM1,fat storage inducing transmembrane protein 1 [Source:HGNC Symbol;Acc:HGNC:33714]
A6ND33,40.883262932675684,1.0001837362943982,0.41054877588065775,2.4362117123572697,0.014841994888520286,0.04824961015203808,ENSG00000123342,MMP19,matrix metallopeptidase 19 [Source:HGNC Symbol;Acc:HGNC:7165]
A6NDV4,15.444688966666432,1.1586318101392392,0.2699816938622491,4.291519893679903,1.774543013744517e-05,0.00016561900814693854,ENSG00000137103,TMEM8B,transmembrane protein 8B [Source:HGNC Symbol;Acc:HGNC:21427]
A6NGG8,40.7242643480236,0.920516574312029,0.3271781672971661,2.8135024470503605,0.0049005013175041304,0.01956120471606083,ENSG00000179270,PCARE,photoreceptor cilium actin regulator [Source:HGNC Symbol;Acc:HGNC:34383]
A6NGJ0,19.974023240418635,1.0889275050945821,0.22526339048664937,4.834018979924389,1.33803820786686e-06,1.714648148535487e-05,ENSG00000165169,DYNLT3,dynein light chain Tctex-type 3 [Source:HGNC Symbol;Acc:HGNC:11694]
A6NGS2,12.492749705059774,2.820008449985163,0.3147501993422282,8.95951283233014,3.2611601132332e-19,5.1372589383746427e-17,ENSG00000204978,ERICH4,glutamate rich 4 [Source:HGNC Symbol;Acc:HGNC:34497]
A6NIX2,472.49936886035374,0.690708558468439,0.11130157515400249,6.205739294459577,5.444036379326044e-10,1.5083263606740776e-08,ENSG00000142279,WTIP,WT1 interacting protein [Source:HGNC Symbol;Acc:HGNC:20964]
A6NP58,11.003530380964694,0.5364419334794651,0.20094433482433283,2.6696046641395843,0.007594060106172742,0.027978516802795467,ENSG00000165996,HACD1,3-hydroxyacyl-CoA dehydratase 1 [Source:HGNC Symbol;Acc:HGNC:9639]
A8K1M9,18.384098671166015,0.6434058766156937,0.18046142037740923,3.5653375401241023,0.00036338820448548326,0.002220605004633651,ENSG00000165046,LETM2,leucine zipper and EF-hand containing transmembrane protein 2 [Source:HGNC Symbol;Acc:HGNC:14648]
A8K979,10.061480558640095,0.720202039300515,0.22161230423829084,3.249828757369494,0.0011547451972421438,0.005916995952597174,ENSG00000196678,ERI2,ERI1 exoribonuclease family member 2 [Source:HGNC Symbol;Acc:HGNC:30541]
A8MT37,23.01474212013892,0.5484908288774795,0.21422769943742875,2.5603170379826707,0.010457671260505305,0.036262316041987264,ENSG00000105723,GSK3A,glycogen synthase kinase 3 alpha [Source:HGNC Symbol;Acc:HGNC:4616]
A8MTZ4,21.24024071146568,0.7286747767112046,0.25633258684893684,2.842692712888006,0.004473417756021968,0.018105479022079,ENSG00000182095,TNRC18,trinucleotide repeat containing 18 [Source:HGNC Symbol;Acc:HGNC:11962]
A8MU46,29.046543814702552,0.7314898422782664,0.21343335719168788,3.427251728141557,0.000609723565724506,0.003463895805895996,ENSG00000214872,SMTNL1,smoothelin like 1 [Source:HGNC Symbol;Acc:HGNC:32394]
A8MUK0,40.528597419276,0.6482466921038375,0.15809813971301362,4.100280327653204,4.126499755243538e-05,0.00034315922172753016,ENSG00000139218,SCAF11,SR-related CTD associated factor 11 [Source:HGNC Symbol;Acc:HGNC:10784]
A8MXW3,13.948882144660391,1.3719052619477,0.3148602160060018,4.357188340115822,1.31743897175182e-05,0.00012816408947073063,ENSG00000040531,CTNS,"cystinosin, lysosomal cystine transporter [Source:HGNC Symbol;Acc:HGNC:2518]"
A8MZ87,14.832338587602285,0.5777171893510651,0.20993955292031363,2.7518263296023506,0.005926394075597058,0.02283779397924472,ENSG00000174996,KLC2,kinesin light chain 2 [Source:HGNC Symbol;Acc:HGNC:20716]
B0QY60,24.662162278522022,0.7910200743953443,0.16787481733842172,4.7119638724652395,2.4534088178902975e-06,2.9374309484121944e-05,ENSG00000100242,SUN2,Sad1 and UNC84 domain containing 2 [Source:HGNC Symbol;Acc:HGNC:14210]
B0YJ81,36.78335553076112,0.7349037590328756,0.17089083790828782,4.3004280863042945,1.7046848510527007e-05,0.00016038873594332874,ENSG00000165996,HACD1,3-hydroxyacyl-CoA dehydratase 1 [Source:HGNC Symbol;Acc:HGNC:9639]
B0YJC5,266.345578067262,1.0468064191311084,0.24438158909190918,4.283491334273206,1.8398326760316652e-05,0.00017106100268635054,ENSG00000026025,VIM,vimentin [Source:HGNC Symbol;Acc:HGNC:12692]
B1AJQ5,13.548667571320676,0.6759537808585548,0.16056873099252958,4.209747294384506,2.5565647797802345e-05,0.00022679999860528274,ENSG00000009780,FAM76A,family with sequence similarity 76 member A [Source:HGNC Symbol;Acc:HGNC:28530]
B1ARF3,17.87110826547578,0.7698910302009482,0.2526063693418311,3.0477894607602667,0.0023053138131427005,0.010519633940626757,ENSG00000204084,INPP5B,inositol polyphosphate-5-phosphatase B [Source:HGNC Symbol;Acc:HGNC:6077]
B3KRG7,25.55426016964656,1.215937460733192,0.23361570731431552,5.204861756565123,1.9414107781317633e-07,3.0582766643512794e-06,ENSG00000105339,DENND3,DENN domain containing 3 [Source:HGNC Symbol;Acc:HGNC:29134]
B3KU01,52.360041315886136,2.1765571415496594,0.3013118698683153,7.223602384137395,5.062814902393645e-13,2.6396056703874574e-11,ENSG00000092421,SEMA6A,semaphorin 6A [Source:HGNC Symbol;Acc:HGNC:10738]
B4DTL1,267.93947984815605,0.5632389206926119,0.15753239699943214,3.575384691789094,0.0003497132876765507,0.0021501468766151797,ENSG00000109046,WSB1,WD repeat and SOCS box containing 1 [Source:HGNC Symbol;Acc:HGNC:19221]
B4DTR2,55.05340946397677,1.790356975211115,0.22522909039000813,7.94904855367893,1.8794938445642457e-15,1.5524478370044897e-13,ENSG00000179776,CDH5,cadherin 5 [Source:HGNC Symbol;Acc:HGNC:1764]
B4DTX8,26.138841917223317,0.5317362919257527,0.16725005936499132,3.179289107248325,0.0014763675799654545,0.00727711838126412,ENSG00000136147,PHF11,PHD finger protein 11 [Source:HGNC Symbol;Acc:HGNC:17024]
B4E1S2,17.758008079892743,0.5668163605960211,0.18076427539139442,3.1356658242826967,0.0017146446168733167,0.008243900671577093,ENSG00000196975,ANXA4,annexin A4 [Source:HGNC Symbol;Acc:HGNC:542]
B4E298,15.456728808633082,0.5237083556950254,0.20613962059890129,2.5405516618953974,0.01106777412055038,0.03792552679531045,ENSG00000165792,METTL17,methyltransferase like 17 [Source:HGNC Symbol;Acc:HGNC:19280]
B5MCC4,11.11028079309015,1.034285275580249,0.22577589373598778,4.581026160346844,4.626999539941682e-06,5.102192392693692e-05,ENSG00000172059,KLF11,KLF transcription factor 11 [Source:HGNC Symbol;Acc:HGNC:11811]
B8ZZR0,10.145372862955961,0.6766520536116708,0.19282433528306092,3.5091631594029034,0.0004495190526941678,0.002661394144460987,ENSG00000013441,CLK1,CDC like kinase 1 [Source:HGNC Symbol;Acc:HGNC:2068]
B8ZZW7,26.02391448557399,0.8890502071408735,0.21388215089884483,4.156729317545287,3.228361102348546e-05,0.0002770360924171005,ENSG00000187514,PTMA,prothymosin alpha [Source:HGNC Symbol;Acc:HGNC:9623]
C9J330,13.55225637965069,0.7014300860927927,0.2623817814515216,2.673318559743032,0.007510489217759417,0.027730843664568253,ENSG00000196498,NCOR2,nuclear receptor corepressor 2 [Source:HGNC Symbol;Acc:HGNC:7673]
C9J3C1,10.19959430969486,0.7061487418763431,0.21341676531026377,3.308778206106484,0.000937040363526909,0.004967665427216935,ENSG00000104805,NUCB1,nucleobindin 1 [Source:HGNC Symbol;Acc:HGNC:8043]
C9J5I7,14.87306138680009,0.9945745364704159,0.24873240973961372,3.998572351353767,6.372570177773743e-05,0.0005010657554832445,ENSG00000144802,NFKBIZ,NFKB inhibitor zeta [Source:HGNC Symbol;Acc:HGNC:29805]
C9J5W8,99.66658484353995,0.590538849376105,0.11764870905169683,5.019509811336835,5.180349974130052e-07,7.361304016073722e-06,ENSG00000227124,ZNF717,zinc finger protein 717 [Source:HGNC Symbol;Acc:HGNC:29448]
C9J611,261.300052415513,1.1957908064048255,0.35813378600684775,3.338950004515802,0.0008409569817112095,0.00453126442087931,ENSG00000169908,TM4SF1,transmembrane 4 L six family member 1 [Source:HGNC Symbol;Acc:HGNC:11853]
C9JA08,16.09211924920967,0.7299699900139499,0.1780682160699054,4.099383967138643,4.142512904867749e-05,0.00034436102376160326,ENSG00000169251,NMD3,NMD3 ribosome export adaptor [Source:HGNC Symbol;Acc:HGNC:24250]
C9JJK5,32.374321618869644,0.8207060761871593,0.21857076108022364,3.7548758678015925,0.00017342740815445767,0.0011863424501980177,ENSG00000159840,ZYX,zyxin [Source:HGNC Symbol;Acc:HGNC:13200]
C9JJV6,16.10370483293954,3.376985589845541,0.4284470374658445,7.8819207382540295,3.2238651174769895e-15,2.566755281618683e-13,ENSG00000179820,MYADM,myeloid associated differentiation marker [Source:HGNC Symbol;Acc:HGNC:7544]
C9JJY6,19.435874135106467,0.9391082097752032,0.2404951151406122,3.9048951544239365,9.426624481910681e-05,0.0007025845769653875,ENSG00000083168,KAT6A,lysine acetyltransferase 6A [Source:HGNC Symbol;Acc:HGNC:13013]
C9JLW8,48.845305742556874,0.6659903645024513,0.21894275057810902,3.041847070724799,0.002351313214166589,0.010689726164755711,ENSG00000225663,MCRIP1,MAPK regulated corepressor interacting protein 1 [Source:HGNC Symbol;Acc:HGNC:28007]
C9JNU9,17.943547912307313,0.6473519827137009,0.24715209583111158,2.6192453700900886,0.008812453510077072,0.0315913279764694,ENSG00000114316,USP4,ubiquitin specific peptidase 4 [Source:HGNC Symbol;Acc:HGNC:12627]
C9JS50,147.6413769862713,0.9467145447653202,0.24677673061296704,3.8363201522841415,0.000124891578492542,0.0008902258797913774,ENSG00000127954,STEAP4,STEAP4 metalloreductase [Source:HGNC Symbol;Acc:HGNC:21923]
C9JTU8,11.970148154595796,0.8775527352681187,0.21568681278682908,4.06864343688659,4.728764704070838e-05,0.0003875443210092094,ENSG00000139631,CSAD,cysteine sulfinic acid decarboxylase [Source:HGNC Symbol;Acc:HGNC:18966]
C9JV51,11.66791030578222,0.6293903225192543,0.2165072803487223,2.907016898025381,0.003648934857555216,0.015316636724119287,ENSG00000003402,CFLAR,CASP8 and FADD like apoptosis regulator [Source:HGNC Symbol;Acc:HGNC:1876]
C9JW43,43.04559922435483,1.046432731311628,0.2262880314424194,4.6243397171356815,3.7579353937300547e-06,4.261054353384197e-05,ENSG00000136546,SCN7A,sodium voltage-gated channel alpha subunit 7 [Source:HGNC Symbol;Acc:HGNC:10594]
D3DX19,136.04975156242145,1.0425315078673532,0.24200586908729085,4.307876960997648,1.648290266834276e-05,0.00015548072517007326,ENSG00000184113,CLDN5,claudin 5 [Source:HGNC Symbol;Acc:HGNC:2047]
D6RA17,86.69979646701704,0.5076319284828058,0.11229197405470731,4.520643017955082,6.165207701795239e-06,6.555809578369923e-05,ENSG00000123737,EXOSC9,exosome component 9 [Source:HGNC Symbol;Acc:HGNC:9137]
D6RB26,19.35808009251133,0.7825717166310525,0.2905103996059452,2.693782107947083,0.007064633188564411,0.026384999210939803,ENSG00000114120,SLC25A36,solute carrier family 25 member 36 [Source:HGNC Symbol;Acc:HGNC:25554]
D6RC11,93.88460428597978,0.895238241905303,0.18311727874582223,4.888879127282944,1.0141173632049406e-06,1.3344477522745682e-05,ENSG00000080822,CLDND1,claudin domain containing 1 [Source:HGNC Symbol;Acc:HGNC:1322]
D6REQ2,23.5417651007998,0.5444883172908073,0.17083668630419654,3.1871861312111633,0.0014366428957724763,0.007117857516653692,ENSG00000146067,FAM193B,family with sequence similarity 193 member B [Source:HGNC Symbol;Acc:HGNC:25524]
D6RG18,99.77580601425032,0.6017807100097294,0.09168622676643885,6.563479938406706,5.25663102471501e-11,1.840154613001029e-09,ENSG00000134480,CCNH,cyclin H [Source:HGNC Symbol;Acc:HGNC:1594]
D6RGD9,14.670474975715612,0.536138237561951,0.17738960955317218,3.0223767835806896,0.0025079816254705736,0.011262681076792513,ENSG00000109381,ELF2,E74 like ETS transcription factor 2 [Source:HGNC Symbol;Acc:HGNC:3317]
D6RGE5,11.611261994630937,0.6602217935092435,0.2009656469076824,3.2852470243958143,0.0010189299605539387,0.0053300477585523165,ENSG00000113712,CSNK1A1,casein kinase 1 alpha 1 [Source:HGNC Symbol;Acc:HGNC:2451]
D6RGG3,14.030285799065647,0.8412662211390536,0.22881617656123865,3.6766029123552957,0.0002363605270149551,0.0015403945221004196,ENSG00000111799,COL12A1,collagen type XII alpha 1 chain [Source:HGNC Symbol;Acc:HGNC:2188]
D6RGZ9,10.139359085305333,0.630744971065315,0.20335125340717464,3.1017510858532087,0.0019237964677420618,0.009048284772783842,ENSG00000151883,PARP8,poly(ADP-ribose) polymerase family member 8 [Source:HGNC Symbol;Acc:HGNC:26124]
E2PSN0,1140.6279259434837,0.6850209888936597,0.14945061680997057,4.583594256855276,4.570507132761056e-06,5.047469419424754e-05,ENSG00000139746,RBM26,RNA binding motif protein 26 [Source:HGNC Symbol;Acc:HGNC:20327]
E5RFH4,13.25304411192445,1.3272372414957505,0.35649097213783937,3.7230598955604584,0.00019682280576604542,0.0013221840263065384,ENSG00000173334,TRIB1,tribbles pseudokinase 1 [Source:HGNC Symbol;Acc:HGNC:16891]
E5RFV2,10.533867179246702,0.5715645517598413,0.19898844441230013,2.872350469636171,0.004074308426838895,0.016742090189212782,ENSG00000104325,DECR1,"2,4-dienoyl-CoA reductase 1 [Source:HGNC Symbol;Acc:HGNC:2753]"
E5RGG7,79.34343471947145,0.7176568117650242,0.19938076062989635,3.599428598314889,0.00031891718358762914,0.0019919001888534615,ENSG00000168300,PCMTD1,protein-L-isoaspartate (D-aspartate) O-methyltransferase domain containing 1 [Source:HGNC Symbol;Acc:HGNC:30483]
E5RH95,59.3722704178972,1.0831822385806091,0.17421670885157198,6.217441746666513,5.053256654348939e-10,1.4178692398856425e-08,ENSG00000105339,DENND3,DENN domain containing 3 [Source:HGNC Symbol;Acc:HGNC:29134]
E5RHB0,33.21141567028573,0.7376830364431523,0.2000938666125106,3.6866848991013974,0.00022719438468554834,0.0014903465079878296,ENSG00000179178,TMEM125,transmembrane protein 125 [Source:HGNC Symbol;Acc:HGNC:28275]
E5RHJ4,19.880521313522635,0.5744369097151674,0.1860491329554922,3.0875548871952425,0.0020181049958184444,0.009417538632623778,ENSG00000158941,CCAR2,cell cycle and apoptosis regulator 2 [Source:HGNC Symbol;Acc:HGNC:23360]
E5RHQ8,10.502781863159859,1.1420285995245834,0.32018788061423686,3.5667452413681526,0.00036144255208723196,0.002211779701368428,ENSG00000183607,GKN2,gastrokine 2 [Source:HGNC Symbol;Acc:HGNC:24588]
E5RHZ4,18.058373241279273,0.7526817847917423,0.23697025262960417,3.176271183574336,0.0014918142449673376,0.00734713518501779,ENSG00000070501,POLB,DNA polymerase beta [Source:HGNC Symbol;Acc:HGNC:9174]
E5RI92,155.49626483163965,1.9806266456377657,0.36779539558604485,5.385131704767095,7.239162066858939e-08,1.2531591854199926e-06,ENSG00000168484,SFTPC,surfactant protein C [Source:HGNC Symbol;Acc:HGNC:10802]
E7EMA9,99.3128652848774,1.321198160482542,0.25312709268494,5.219505136603451,1.7940183967638943e-07,2.8505246197572713e-06,ENSG00000142102,PGGHG,protein-glucosylgalactosylhydroxylysine glucosidase [Source:HGNC Symbol;Acc:HGNC:26210]
E7EQ67,26.352882875961942,0.7562606680920353,0.20541002338931297,3.6817125844861858,0.00023167249943668725,0.0015161143331088134,ENSG00000111879,FAM184A,family with sequence similarity 184 member A [Source:HGNC Symbol;Acc:HGNC:20991]
E7ERZ2,19.532770203023155,0.6116787148561957,0.18967624413436,3.2248567428554944,0.0012603571946203772,0.006373748582930016,ENSG00000100413,POLR3H,RNA polymerase III subunit H [Source:HGNC Symbol;Acc:HGNC:30349]
E7ET34,16.50106972750747,2.4129434762834956,0.3847549368308929,6.271377558292462,3.578676601874932e-10,1.0439700235152082e-08,ENSG00000166961,MS4A15,membrane spanning 4-domains A15 [Source:HGNC Symbol;Acc:HGNC:28573]
E7EW16,10.89954053390886,2.130111400446448,0.32189417232140305,6.617427662901541,3.655029666542393e-11,1.3345699381775815e-09,ENSG00000120907,ADRA1A,adrenoceptor alpha 1A [Source:HGNC Symbol;Acc:HGNC:277]
E7EW69,29.554899570869683,0.6261352527739421,0.23869444808549523,2.623166386130916,0.008711671650624607,0.03129107599069627,ENSG00000186522,SEPTIN10,septin 10 [Source:HGNC Symbol;Acc:HGNC:14349]
E7EWB6,76.9383702082599,1.0402809659830596,0.2044509337298595,5.088169307935664,3.6153653767669275e-07,5.351226041558243e-06,ENSG00000214013,GANC,"glucosidase alpha, neutral C [Source:HGNC Symbol;Acc:HGNC:4139]"
E9PBZ2,80.16123839630703,1.8933130381978303,0.3559812727808479,5.3185748323435185,1.0458320519312373e-07,1.7526428627121207e-06,ENSG00000164120,HPGD,15-hydroxyprostaglandin dehydrogenase [Source:HGNC Symbol;Acc:HGNC:5154]
E9PC71,101.25156175084167,1.0641789636310108,0.15682406829095552,6.7858140349773395,1.1543376414973115e-11,4.714400434366983e-10,ENSG00000115756,HPCAL1,hippocalcin like 1 [Source:HGNC Symbol;Acc:HGNC:5145]
E9PC85,28.87034321173591,0.8648819021770052,0.2761768964240531,3.1316229321696443,0.0017384298919214973,0.008327396358913271,ENSG00000188906,LRRK2,leucine rich repeat kinase 2 [Source:HGNC Symbol;Acc:HGNC:18618]
E9PCT3,37.14575887024081,0.8937457984519711,0.19762439717686403,4.522446677735406,6.112888903031791e-06,6.515884575517793e-05,ENSG00000105971,CAV2,caveolin 2 [Source:HGNC Symbol;Acc:HGNC:1528]
E9PCY8,22.7605970198434,0.8635789100919892,0.2633158458587379,3.2796313768191405,0.001039428018106477,0.005421841417057769,ENSG00000188938,FAM120AOS,family with sequence similarity 120 member A opposite strand [Source:HGNC Symbol;Acc:HGNC:23389]
E9PEJ1,20.699493764828336,0.727082834820298,0.2047937245174799,3.550317943254354,0.0003847661581861644,0.002333782412716631,ENSG00000153283,CD96,CD96 molecule [Source:HGNC Symbol;Acc:HGNC:16892]
E9PI51,12.384137362393535,0.6747741412731045,0.2319947827661036,2.9085746378762733,0.0036308049572975785,0.015257959704314176,ENSG00000135541,AHI1,Abelson helper integration site 1 [Source:HGNC Symbol;Acc:HGNC:21575]
E9PIB3,13.904424349433553,0.5583564594709769,0.17978374465446145,3.105711590022335,0.0018982175933380588,0.008943236659576491,ENSG00000213445,SIPA1,signal-induced proliferation-associated 1 [Source:HGNC Symbol;Acc:HGNC:10885]
E9PIP1,16.40375103250337,0.6883650730221315,0.20166465443903983,3.4134145863930447,0.0006415426495498216,0.0036111744750310787,ENSG00000182919,C11orf54,chromosome 11 open reading frame 54 [Source:HGNC Symbol;Acc:HGNC:30204]
E9PJ32,48.30742771520473,0.558815072990274,0.20863316715070587,2.6784575080845836,0.007396211594949855,0.0274190705185786,ENSG00000149591,TAGLN,transgelin [Source:HGNC Symbol;Acc:HGNC:11553]
E9PJB9,11.009265196230377,0.6465459900780085,0.23095212254052797,2.7994806151415697,0.005118488973560981,0.020262637914721573,ENSG00000023697,DERA,deoxyribose-phosphate aldolase [Source:HGNC Symbol;Acc:HGNC:24269]
E9PJK6,21.669732601819284,0.6708543579110637,0.20834304718085134,3.219950783040681,0.0012821260671976161,0.006461610668641734,ENSG00000162174,ASRGL1,asparaginase and isoaspartyl peptidase 1 [Source:HGNC Symbol;Acc:HGNC:16448]
E9PKL1,10.844777440851235,0.5756831847910383,0.23566702701642303,2.4427820560188946,0.014574535844832584,0.047557531245366366,ENSG00000198561,CTNND1,catenin delta 1 [Source:HGNC Symbol;Acc:HGNC:2515]
E9PM16,49.42656071670252,0.6252624833063137,0.18834541737393792,3.3197647812419446,0.0009009332296893238,0.004810939817813159,ENSG00000147789,ZNF7,zinc finger protein 7 [Source:HGNC Symbol;Acc:HGNC:13139]
E9PMH0,124.89273322024546,1.395212767190376,0.44140802457275075,3.1608232961800713,0.0015732390744750912,0.0076812518371648575,ENSG00000084072,PPIE,peptidylprolyl isomerase E [Source:HGNC Symbol;Acc:HGNC:9258]
E9PN33,30.37296661374733,0.5123087151755272,0.1656026342977245,3.0936024499132424,0.0019774226579581857,0.009266910178200133,ENSG00000166900,STX3,syntaxin 3 [Source:HGNC Symbol;Acc:HGNC:11438]
E9PP88,11.964201878850162,0.7736576972956413,0.2157687099233855,3.5855880010143695,0.00033631956605953824,0.0020818878504424675,ENSG00000148057,IDNK,IDNK gluconokinase [Source:HGNC Symbol;Acc:HGNC:31367]
E9PPG8,29.542558647469704,0.702331737438932,0.24136625919329094,2.909817386184415,0.003616399905086826,0.015209016687029913,ENSG00000149196,HIKESHI,heat shock protein nuclear import factor hikeshi [Source:HGNC Symbol;Acc:HGNC:26938]
E9PPT6,12.541019383728457,0.6657341351870306,0.1965201799828742,3.3876120775232663,0.0007050390490912695,0.0039067666303162964,ENSG00000177595,PIDD1,p53-induced death domain protein 1 [Source:HGNC Symbol;Acc:HGNC:16491]
E9PPT8,37.980129308692796,0.6400215518608743,0.14751017479398365,4.338829865497375,1.4324335820063476e-05,0.00013729200442228593,ENSG00000186166,CENATAC,centrosomal AT-AC splicing factor [Source:HGNC Symbol;Acc:HGNC:30460]
E9PQ52,13.156298353158595,0.8434797119732711,0.1895782306330831,4.449243508373985,8.617327159816766e-06,8.798450610305507e-05,ENSG00000166333,ILK,integrin linked kinase [Source:HGNC Symbol;Acc:HGNC:6040]
E9PQW2,14.562104402248337,1.9301116363571569,0.26704958836492915,7.227540203954993,4.918205706391893e-13,2.5825263963992097e-11,ENSG00000166394,CYB5R2,cytochrome b5 reductase 2 [Source:HGNC Symbol;Acc:HGNC:24376]
E9PS50,10.5684158145466,0.6220723698743658,0.2244616911638554,2.7713966095900857,0.005581639495301234,0.02177560188030664,ENSG00000110700,RPS13,ribosomal protein S13 [Source:HGNC Symbol;Acc:HGNC:10386]
F2Z3I4,21.094074009433054,0.6965412611337298,0.19145040191911544,3.6382334753624948,0.0002745145146174551,0.0017569742570730346,ENSG00000197070,ARRDC1,arrestin domain containing 1 [Source:HGNC Symbol;Acc:HGNC:28633]
F5GWC9,45.79756107387209,1.048586047502589,0.17193032077403766,6.09890124546857,1.0680002203694612e-09,2.8159980919038294e-08,ENSG00000142046,TMEM91,transmembrane protein 91 [Source:HGNC Symbol;Acc:HGNC:32393]
F5GX19,45.765863409977285,0.7495369552912313,0.16930751202667577,4.427074418134121,9.551978481401127e-06,9.649992369620728e-05,ENSG00000149357,LAMTOR1,"late endosomal/lysosomal adaptor, MAPK and MTOR activator 1 [Source:HGNC Symbol;Acc:HGNC:26068]"
F5GXF0,44.10170211675167,1.72054175214078,0.2534772990945342,6.787754794164448,1.1389200428356497e-11,4.66872539492517e-10,ENSG00000123358,NR4A1,nuclear receptor subfamily 4 group A member 1 [Source:HGNC Symbol;Acc:HGNC:7980]
F5GZP3,12.100409634069837,0.5916582659795788,0.19738047866724326,2.9975520881020583,0.0027215734563030593,0.012057368623002745,ENSG00000213186,TRIM59,tripartite motif containing 59 [Source:HGNC Symbol;Acc:HGNC:30834]
F5H001,19.232074582741845,1.301357068710311,0.3545412430617186,3.6705378970078546,0.0002420405790347432,0.0015727645639458533,ENSG00000173391,OLR1,oxidized low density lipoprotein receptor 1 [Source:HGNC Symbol;Acc:HGNC:8133]
F5H0S2,12.86860807622971,0.9793863487268707,0.2453427004670906,3.99191150526299,6.554283311517115e-05,0.0005133916779855326,ENSG00000127314,RAP1B,"RAP1B, member of RAS oncogene family [Source:HGNC Symbol;Acc:HGNC:9857]"
F5H0V4,32.27004869087164,0.8030208859635406,0.19207952939602022,4.1806687494944414,2.9065301813174398e-05,0.000252563501256008,ENSG00000175727,MLXIP,MLX interacting protein [Source:HGNC Symbol;Acc:HGNC:17055]
F5H1F6,41.25439783328956,1.0807650985677868,0.2115547736093457,5.1086774367167616,3.2442165459508364e-07,4.853999437204868e-06,ENSG00000139722,VPS37B,VPS37B subunit of ESCRT-I [Source:HGNC Symbol;Acc:HGNC:25754]
F5H2K9,39.79810258620863,0.5575173178314924,0.15769260602438923,3.5354689854340102,0.00040705202463831296,0.0024527664894462716,ENSG00000121310,ECHDC2,enoyl-CoA hydratase domain containing 2 [Source:HGNC Symbol;Acc:HGNC:23408]
F5H408,54.40243777788794,0.5475350799868838,0.14184876647786085,3.859991832021611,0.0001133908152015692,0.0008204465349263146,ENSG00000121310,ECHDC2,enoyl-CoA hydratase domain containing 2 [Source:HGNC Symbol;Acc:HGNC:23408]
F5H7B6,47.35881901829595,0.6416452630995435,0.15311595878607073,4.190583843686941,2.782375739035751e-05,0.00024340545239466267,ENSG00000168010,ATG16L2,autophagy related 16 like 2 [Source:HGNC Symbol;Acc:HGNC:25464]
F6SDC8,274.11036648956264,0.721701192355259,0.23697317149196742,3.045497462060688,0.0023229573896549746,0.010591379423496137,ENSG00000114120,SLC25A36,solute carrier family 25 member 36 [Source:HGNC Symbol;Acc:HGNC:25554]
F6XGT7,12.655346677444404,0.6672356041225094,0.2114282975784719,3.155848161123579,0.0016003214566556164,0.007780991988373935,ENSG00000106853,PTGR1,prostaglandin reductase 1 [Source:HGNC Symbol;Acc:HGNC:18429]
F8VRV5,50.58592846191425,0.5430681409658686,0.21983779106018422,2.4703129445891983,0.013499489878703622,0.04468894472904979,ENSG00000088986,DYNLL1,dynein light chain LC8-type 1 [Source:HGNC Symbol;Acc:HGNC:15476]
F8VS53,102.55155482909736,1.2203756019386611,0.2820579083403542,4.3266845773601075,1.513704810483123e-05,0.00014420408591963194,ENSG00000120833,SOCS2,suppressor of cytokine signaling 2 [Source:HGNC Symbol;Acc:HGNC:19382]
F8VSK7,11.23150832036436,2.414464886757182,0.6166216202484642,3.9156344952424584,9.016676206592561e-05,0.0006763733913611984,ENSG00000139624,CERS5,ceramide synthase 5 [Source:HGNC Symbol;Acc:HGNC:23749]
F8VW94,48.90480065902289,0.8566050486838013,0.30444903284204816,2.813623813113633,0.004898651751160135,0.019557361643751922,ENSG00000173451,THAP2,THAP domain containing 2 [Source:HGNC Symbol;Acc:HGNC:20854]
F8VWL3,386.2871618200218,0.6280660693656436,0.13391651387636658,4.689982222397771,2.7322878663695803e-06,3.2344539240426584e-05,ENSG00000139132,FGD4,"FYVE, RhoGEF and PH domain containing 4 [Source:HGNC Symbol;Acc:HGNC:19125]"
F8VXC8,68.39818046283169,0.7738201319415882,0.16482749772654598,4.694727170010069,2.6696278832333113e-06,3.168782203273813e-05,ENSG00000139613,SMARCC2,"SWI/SNF related, matrix associated, actin dependent regulator of chromatin subfamily c member 2 [Source:HGNC Symbol;Acc:HGNC:11105]"
F8VZZ2,18.164390670975294,1.5257731303173068,0.36128745560721387,4.2231555694424765,2.4090541096380977e-05,0.00021562207521898786,ENSG00000168952,STXBP6,syntaxin binding protein 6 [Source:HGNC Symbol;Acc:HGNC:19666]
F8W1J9,22.061837339803372,0.9968930382954421,0.25057437021327383,3.978431782336504,6.937130840087592e-05,0.0005398429200680725,ENSG00000177426,TGIF1,TGFB induced factor homeobox 1 [Source:HGNC Symbol;Acc:HGNC:11776]
F8W1R7,391.91800603092247,0.909529775644061,0.17176912727233623,5.295071297661199,1.1896998355258155e-07,1.9683150917244064e-06,ENSG00000092841,MYL6,myosin light chain 6 [Source:HGNC Symbol;Acc:HGNC:7587]
F8W7P9,12.844579123842774,0.9867303170836512,0.20567683993156377,4.797478984079941,1.606750613049223e-06,2.0202553033174208e-05,ENSG00000163738,MTHFD2L,methylenetetrahydrofolate dehydrogenase (NADP+ dependent) 2 like [Source:HGNC Symbol;Acc:HGNC:31865]
F8WB59,23.36482865125282,0.8051919601743286,0.22836401434286357,3.5259143718038732,0.0004220233961976431,0.0025254564649681167,ENSG00000169756,LIMS1,LIM zinc finger domain containing 1 [Source:HGNC Symbol;Acc:HGNC:6616]
F8WCD0,86.32873361960728,0.5132609098536618,0.1689796878175921,3.0374118717020577,0.0023861916763255778,0.010812630209509821,ENSG00000163162,RNF149,ring finger protein 149 [Source:HGNC Symbol;Acc:HGNC:23137]
F8WCF9,29.062429700638543,0.682527829046873,0.21388538678239366,3.1910914500263394,0.0014173640954382855,0.007037043620170182,ENSG00000180902,D2HGDH,D-2-hydroxyglutarate dehydrogenase [Source:HGNC Symbol;Acc:HGNC:28358]
F8WDL3,12.654049872873605,0.6614480509510879,0.20052658150271854,3.2985554632921352,0.0009718367917511255,0.00513116796870465,ENSG00000170876,TMEM43,transmembrane protein 43 [Source:HGNC Symbol;Acc:HGNC:28472]
F8WDM7,10.261774335844189,1.9111398605970897,0.3285706601547854,5.81652622208196,6.008312123604053e-09,1.3384577330703413e-07,ENSG00000105974,CAV1,caveolin 1 [Source:HGNC Symbol;Acc:HGNC:1527]
G3V119,11.655715044582246,0.7388891395908386,0.19874655533378988,3.717745640169173,0.00020100850414082267,0.0013462015032862748,ENSG00000158941,CCAR2,cell cycle and apoptosis regulator 2 [Source:HGNC Symbol;Acc:HGNC:23360]
G3V1Z2,20.43335868120377,0.94233022691357,0.18088683652494345,5.2095013933400685,1.8934878610559957e-07,2.9934753611275218e-06,ENSG00000166046,TCP11L2,t-complex 11 like 2 [Source:HGNC Symbol;Acc:HGNC:28627]
G3V2V7,62.663659162738135,2.4645840419422553,0.3433885451886394,7.177245940421058,7.112966763388072e-13,3.589688077797724e-11,ENSG00000170345,FOS,"Fos proto-oncogene, AP-1 transcription factor subunit [Source:HGNC Symbol;Acc:HGNC:3796]"
G3V3S2,15.20949402470749,0.6343357264374909,0.18501128958645216,3.4286325329410676,0.0006066302682292743,0.0034498772396927323,ENSG00000088808,PPP1R13B,protein phosphatase 1 regulatory subunit 13B [Source:HGNC Symbol;Acc:HGNC:14950]
G3V4A5,21.30887680895757,0.5564891148727429,0.22931965256775455,2.4266961363388737,0.015237011730364972,0.049248668715361696,ENSG00000133997,MED6,mediator complex subunit 6 [Source:HGNC Symbol;Acc:HGNC:19970]
G3V4K2,17.294106589746065,0.6725791276052718,0.17990928697033864,3.7384347352572123,0.00018516954794142325,0.0012553732586228553,ENSG00000133703,KRAS,"KRAS proto-oncogene, GTPase [Source:HGNC Symbol;Acc:HGNC:6407]"
G3XAM7,13.044521719127768,0.5212293776308209,0.1946922443641369,2.6771964098166894,0.007424109977295241,0.02749014799181821,ENSG00000044115,CTNNA1,catenin alpha 1 [Source:HGNC Symbol;Acc:HGNC:2509]
G5E9V3,16.566831651846385,0.8208999934456309,0.27834820396168214,2.9491837265766487,0.003186145012469679,0.013729433783705803,ENSG00000144824,PHLDB2,pleckstrin homology like domain family B member 2 [Source:HGNC Symbol;Acc:HGNC:29573]
G5E9Z9,90.7425130498568,1.6326992686024282,0.2760813806626693,5.913833322201998,3.3423612031683834e-09,7.858468440796965e-08,ENSG00000109771,LRP2BP,LRP2 binding protein [Source:HGNC Symbol;Acc:HGNC:25434]
G5EA03,40.657118258074284,1.0994162413699087,0.19066215956726873,5.766305405672365,8.102816852056581e-09,1.7434099790756666e-07,ENSG00000064042,LIMCH1,LIM and calponin homology domains 1 [Source:HGNC Symbol;Acc:HGNC:29191]
H0Y4F4,83.82103413234104,0.5791595994054857,0.16323233588691588,3.5480690529768313,0.00038806646689141584,0.002352506283898649,ENSG00000112701,SENP6,SUMO specific peptidase 6 [Source:HGNC Symbol;Acc:HGNC:20944]
H0Y4R3,38.98776889617535,0.7026295097309233,0.1950078649789624,3.6030829310742085,0.00031446514293029536,0.001969112510557846,ENSG00000134470,IL15RA,interleukin 15 receptor subunit alpha [Source:HGNC Symbol;Acc:HGNC:5978]
H0Y4U1,17.353366999477746,0.9324153325236477,0.2384520152280872,3.9102849754981595,9.218729404959806e-05,0.0006896192734409547,ENSG00000079308,TNS1,tensin 1 [Source:HGNC Symbol;Acc:HGNC:11973]
H0Y4W6,44.360343372215326,0.7776134996700305,0.21498888923806794,3.6169938940841737,0.00029804433171566895,0.001885562160544281,ENSG00000091831,ESR1,estrogen receptor 1 [Source:HGNC Symbol;Acc:HGNC:3467]
H0Y566,10.09516332245552,1.1823794627924258,0.24221348778345803,4.881559130387851,1.0525035313161661e-06,1.3816225528389095e-05,ENSG00000136636,KCTD3,potassium channel tetramerization domain containing 3 [Source:HGNC Symbol;Acc:HGNC:21305]
H0Y7E5,13.14808152427685,0.8239237630925758,0.23099615286543806,3.5668289401015922,0.0003613271753558033,0.002211687350901162,ENSG00000198911,SREBF2,sterol regulatory element binding transcription factor 2 [Source:HGNC Symbol;Acc:HGNC:11290]
H0Y7H6,23.40376738444191,0.7606014467337651,0.21819708718846256,3.4858460144191272,0.000490583311321386,0.0028713705806480486,ENSG00000196642,RABL6,"RAB, member RAS oncogene family like 6 [Source:HGNC Symbol;Acc:HGNC:24703]"
H0Y7P8,18.242145181501634,0.7183287359634418,0.25073492029999306,2.864893071551397,0.004171500758604873,0.017071493362455347,ENSG00000197969,VPS13A,vacuolar protein sorting 13 homolog A [Source:HGNC Symbol;Acc:HGNC:1908]
H0Y7U4,13.498103515829692,0.7839833057906134,0.20895357148284072,3.751949776340598,0.0001754646202415811,0.0011987908100396002,ENSG00000125676,THOC2,THO complex subunit 2 [Source:HGNC Symbol;Acc:HGNC:19073]
H0Y7X5,27.184770088406797,0.7659787956618361,0.24292502689112946,3.1531489590206823,0.00161519363545197,0.007844413220933218,ENSG00000196576,PLXNB2,plexin B2 [Source:HGNC Symbol;Acc:HGNC:9104]
H0Y8M4,14.8745431083014,1.0653295396230378,0.19429417061783563,5.483075154727486,4.1799533501317645e-08,7.656535812608465e-07,ENSG00000112576,CCND3,cyclin D3 [Source:HGNC Symbol;Acc:HGNC:1585]
H0Y9P4,15.463140764705468,1.0427659317720461,0.34274432354969736,3.0424017558407406,0.0023469841608942587,0.01067664783093275,ENSG00000111863,ADTRP,androgen dependent TFPI regulating protein [Source:HGNC Symbol;Acc:HGNC:21214]
H0Y9R5,26.444631562619232,1.3762044925534138,0.24921960435681584,5.52205552249837,3.350565683496768e-08,6.288797922028743e-07,ENSG00000109762,SNX25,sorting nexin 25 [Source:HGNC Symbol;Acc:HGNC:21883]
H0Y9T6,13.846214957681049,0.8103937031500075,0.2015501008007874,4.02080524857193,5.799954063571793e-05,0.00046244463817068807,ENSG00000163625,WDFY3,WD repeat and FYVE domain containing 3 [Source:HGNC Symbol;Acc:HGNC:20751]
H0YAW2,33.61795617416075,0.8606422625313161,0.16481894962647592,5.221743400754361,1.7724646097138082e-07,2.818308183318553e-06,ENSG00000105339,DENND3,DENN domain containing 3 [Source:HGNC Symbol;Acc:HGNC:29134]
H0YBD9,12.771667730166856,0.7397815823393075,0.17985916777387292,4.113115786621421,3.903544718690691e-05,0.0003279572389562076,ENSG00000176623,RMDN1,regulator of microtubule dynamics 1 [Source:HGNC Symbol;Acc:HGNC:24285]
H0YBM8,435.9007163909859,0.9089733068113219,0.16043426121136822,5.665705691216241,1.4642065896154822e-08,2.951701291350991e-07,ENSG00000147421,HMBOX1,homeobox containing 1 [Source:HGNC Symbol;Acc:HGNC:26137]
H0YBQ2,11.411713056654992,0.5720812424453644,0.18119024534912126,3.1573512213257726,0.0015920945742901435,0.0077505045801301185,ENSG00000175305,CCNE2,cyclin E2 [Source:HGNC Symbol;Acc:HGNC:1590]
H0YBS9,21.827465847590908,0.79556845404998,0.1832485253503186,4.341472612284773,1.4153092266373119e-05,0.00013618723986254423,ENSG00000123124,WWP1,WW domain containing E3 ubiquitin protein ligase 1 [Source:HGNC Symbol;Acc:HGNC:17004]
H0YBT6,22.726984907992225,0.76923435145723,0.25130515184835106,3.0609573492604754,0.0022063052018626438,0.010153976402729288,ENSG00000104714,ERICH1,glutamate rich 1 [Source:HGNC Symbol;Acc:HGNC:27234]
H0YBU4,17.439373238694916,0.6597932922242292,0.22652592359537355,2.9126613049496664,0.0035836306041566687,0.015091347974808319,ENSG00000168300,PCMTD1,protein-L-isoaspartate (D-aspartate) O-methyltransferase domain containing 1 [Source:HGNC Symbol;Acc:HGNC:30483]
H0YC27,14.646445054853016,0.9328158798718519,0.178291619367372,5.231967061501492,1.6771564113573323e-07,2.680290398266276e-06,ENSG00000176623,RMDN1,regulator of microtubule dynamics 1 [Source:HGNC Symbol;Acc:HGNC:24285]
H0YC45,65.26168034360838,0.7974150013054715,0.18190148467571604,4.383774012219082,1.1664077345220766e-05,0.00011504452673143952,ENSG00000147416,ATP6V1B2,ATPase H+ transporting V1 subunit B2 [Source:HGNC Symbol;Acc:HGNC:854]
H0YC91,12.995804535397715,0.7843004361482759,0.24080890986239373,3.2569411015416807,0.0011261979855206564,0.00579495342339537,ENSG00000165209,STRBP,spermatid perinuclear RNA binding protein [Source:HGNC Symbol;Acc:HGNC:16462]
H0YCT0,12.16028292983892,1.0893062655363808,0.2337810883428255,4.659514049053363,3.169567641536087e-06,3.673234091772825e-05,ENSG00000128284,APOL3,apolipoprotein L3 [Source:HGNC Symbol;Acc:HGNC:14868]
H0YCW3,32.06985541152427,0.6014895934458411,0.16049400989590282,3.7477385843619335,0.00017843608087328,0.00121570260351539,ENSG00000143393,PI4KB,phosphatidylinositol 4-kinase beta [Source:HGNC Symbol;Acc:HGNC:8984]
H0YD32,14.436559256842756,1.1420316280897846,0.2421481305846593,4.716252094667772,2.4022875471422394e-06,2.882483654226058e-05,ENSG00000128284,APOL3,apolipoprotein L3 [Source:HGNC Symbol;Acc:HGNC:14868]
H0YD46,11.820756460649534,0.6327915247385795,0.2165686012343304,2.9218987477039198,0.003479046210281155,0.014772215079233845,ENSG00000077514,POLD3,"DNA polymerase delta 3, accessory subunit [Source:HGNC Symbol;Acc:HGNC:20932]"
H0YD51,23.145100191582493,1.2819363425704615,0.2909272460626908,4.406381182648743,1.0511192305453496e-05,0.00010498814995673524,ENSG00000187609,EXD3,exonuclease 3'-5' domain containing 3 [Source:HGNC Symbol;Acc:HGNC:26023]
H0YDW8,30.5637005943168,3.1650893012636656,0.38124304314823615,8.302025068121715,1.0235160321401815e-16,1.111951850877811e-14,ENSG00000115523,GNLY,granulysin [Source:HGNC Symbol;Acc:HGNC:4414]
H0YEE7,38.20534164312504,1.8527372993574236,0.24325078227735802,7.6165728307706155,2.6049963251007207e-14,1.7515423461515638e-12,ENSG00000135218,CD36,CD36 molecule [Source:HGNC Symbol;Acc:HGNC:1663]
H0YEL3,11.480529758749137,0.943497689835191,0.2621945235140754,3.598464518594497,0.0003201015108870992,0.001998731234740681,ENSG00000110719,TCIRG1,"T cell immune regulator 1, ATPase H+ transporting V0 subunit a3 [Source:HGNC Symbol;Acc:HGNC:11647]"
H0YFG9,47.61634055447881,0.5020651379433114,0.2055932150080695,2.442031649359661,0.01460486618140714,0.04762447405084747,ENSG00000175768,TOMM5,translocase of outer mitochondrial membrane 5 [Source:HGNC Symbol;Acc:HGNC:31369]
H0YFX9,281.31005355044806,0.5156999128416113,0.13237714351793428,3.8956869678317614,9.792079088967111e-05,0.0007254098496072578,ENSG00000246705,H2AJ,H2A.J histone [Source:HGNC Symbol;Acc:HGNC:14456]
H0YGJ8,145.68033614245633,0.6541950035336063,0.1798915297080403,3.6366081526759446,0.0002762516832337942,0.00176695319664678,ENSG00000168010,ATG16L2,autophagy related 16 like 2 [Source:HGNC Symbol;Acc:HGNC:25464]
H0YH00,42.40043176683498,2.871347392136351,0.3871067091809061,7.417457057801826,1.193903789758162e-13,6.947323002460819e-12,ENSG00000187950,OVCH1,ovochymase 1 [Source:HGNC Symbol;Acc:HGNC:23080]
H0YHE8,17.650301499122616,1.8495273936458485,0.32532467357371997,5.685174054979072,1.3067949750074757e-08,2.666055169178064e-07,ENSG00000127329,PTPRB,protein tyrosine phosphatase receptor type B [Source:HGNC Symbol;Acc:HGNC:9665]
H0YHV0,17.433645536993136,0.5241737079160281,0.1783761563037678,2.9385861808984175,0.003297129775861305,0.014130373120257524,ENSG00000136048,DRAM1,DNA damage regulated autophagy modulator 1 [Source:HGNC Symbol;Acc:HGNC:25645]
H0YIE6,16.44918648780134,0.5725807760019822,0.2075974841850072,2.758129648101652,0.005813313658997228,0.02248219619896101,ENSG00000111670,GNPTAB,N-acetylglucosamine-1-phosphate transferase subunits alpha and beta [Source:HGNC Symbol;Acc:HGNC:29670]
H0YJF5,27.865814049673055,0.6322703375119896,0.1802263446611043,3.5082015268128757,0.0004511471558765577,0.0026703165259531945,ENSG00000080824,HSP90AA1,heat shock protein 90 alpha family class A member 1 [Source:HGNC Symbol;Acc:HGNC:5253]
H0YJP3,13.587601688467197,0.9086591108475315,0.2500838884244728,3.6334172368003355,0.0002796921888645804,0.001784818151973222,ENSG00000140105,WARS1,tryptophanyl-tRNA synthetase 1 [Source:HGNC Symbol;Acc:HGNC:12729]
H0YJQ6,38.131701116780945,1.0077150545257028,0.15839119467118062,6.362191134536957,1.9889571687686784e-10,6.134889706297124e-09,ENSG00000169291,SHE,Src homology 2 domain containing E [Source:HGNC Symbol;Acc:HGNC:27004]
H0YJR4,91.31668979834187,1.6036908889481774,0.2084165107856696,7.694644166638858,1.4188848301127236e-14,9.840278629970442e-13,ENSG00000169291,SHE,Src homology 2 domain containing E [Source:HGNC Symbol;Acc:HGNC:27004]
H0YL97,47.5226209874253,3.002386088715866,0.34421520571782155,8.722409814681871,2.723425746263416e-18,3.7075574943267516e-16,ENSG00000167202,TBC1D2B,TBC1 domain family member 2B [Source:HGNC Symbol;Acc:HGNC:29183]
H0YLM1,10.977186590195194,0.8227710366598988,0.24075509952635615,3.4174604744761705,0.0006320827145155156,0.003567029730277682,ENSG00000138606,SHF,Src homology 2 domain containing F [Source:HGNC Symbol;Acc:HGNC:25116]
H0YMK1,150.37044363387287,1.9280333985352942,0.18691324557098088,10.315124498777791,6.020323066278087e-25,2.5051359415791873e-22,ENSG00000035664,DAPK2,death associated protein kinase 2 [Source:HGNC Symbol;Acc:HGNC:2675]
H0YNY8,32.279686463429,0.5724300464662699,0.22850219997051938,2.5051401979504924,0.012240286441198529,0.04128265440804287,ENSG00000143995,MEIS1,Meis homeobox 1 [Source:HGNC Symbol;Acc:HGNC:7000]
H3BLY0,14.784559142953844,0.9179351558526514,0.23202199978005997,3.956241893970345,7.61380672351839e-05,0.0005850693152629776,ENSG00000135048,CEMIP2,cell migration inducing hyaluronidase 2 [Source:HGNC Symbol;Acc:HGNC:11869]
H3BN99,18.745942419204614,1.178159230849531,0.23927704520610082,4.923828902328369,8.486704626036374e-07,1.1419510910470177e-05,ENSG00000214013,GANC,"glucosidase alpha, neutral C [Source:HGNC Symbol;Acc:HGNC:4139]"
H3BND9,23.9620583093097,0.5305176896103547,0.19203763634948004,2.7625714401363033,0.005734801012694132,0.022231552387758195,ENSG00000197111,PCBP2,poly(rC) binding protein 2 [Source:HGNC Symbol;Acc:HGNC:8648]
H3BNV7,10.103799395510935,0.7736561176591141,0.2731363068073914,2.8324909518699624,0.0046186873314537445,0.01860126559676422,ENSG00000166595,CIAO2B,cytosolic iron-sulfur assembly component 2B [Source:HGNC Symbol;Acc:HGNC:24261]
H3BP21,17.36959423683865,0.6123771231724935,0.19213997251412196,3.187140682699353,0.0014368686707237797,0.007117857516653692,ENSG00000102908,NFAT5,nuclear factor of activated T cells 5 [Source:HGNC Symbol;Acc:HGNC:7774]
H3BPH9,16.9573010999709,0.5304325635078572,0.19654512309281588,2.6987826264066967,0.0069593616855292435,0.026053600850901703,ENSG00000172775,PSME3IP1,proteasome activator subunit 3 interacting protein 1 [Source:HGNC Symbol;Acc:HGNC:29856]
H3BRG0,19.26986624601604,0.6614626089268114,0.1899183773977582,3.482878371172412,0.0004960536809469791,0.002897237256251239,ENSG00000103978,TMEM87A,transmembrane protein 87A [Source:HGNC Symbol;Acc:HGNC:24522]
H3BRH9,38.01093776871609,0.761683724135433,0.15604975860826897,4.88103109500787,1.0553259846743626e-06,1.3837193380504396e-05,ENSG00000103528,SYT17,synaptotagmin 17 [Source:HGNC Symbol;Acc:HGNC:24119]
H3BRW1,12.494471494557624,0.5876606851864641,0.21357319623275764,2.7515657186963485,0.005931111776927432,0.022851980979796925,ENSG00000166546,BEAN1,brain expressed associated with NEDD4 1 [Source:HGNC Symbol;Acc:HGNC:24160]
H3BSM8,11.04692122100904,2.0043119869597716,0.2972505162428883,6.7428376989664,1.553226844720974e-11,6.108398323187572e-10,ENSG00000123358,NR4A1,nuclear receptor subfamily 4 group A member 1 [Source:HGNC Symbol;Acc:HGNC:7980]
H3BTX7,45.71437564034871,0.7362433580777288,0.20039141379368777,3.674026467200463,0.00023875798488045836,0.0015541819948505398,ENSG00000158717,RNF166,ring finger protein 166 [Source:HGNC Symbol;Acc:HGNC:28856]
H3BU86,12.360847554542103,1.04120825730252,0.24928334409185976,4.1768063610332495,2.9563048568525173e-05,0.00025618211124960874,ENSG00000254995,STX16-NPEPL1,STX16-NPEPL1 readthrough (NMD candidate) [Source:HGNC Symbol;Acc:HGNC:41993]
H3BUC6,68.6107182909898,1.7220851006499374,0.5295792401660713,3.251798730082219,0.0011467719633669298,0.005887083072647643,ENSG00000205364,MT1M,metallothionein 1M [Source:HGNC Symbol;Acc:HGNC:14296]
H3BV34,29.0585957781493,0.5878493818538626,0.1537159871305123,3.8242566230586674,0.00013116724090295092,0.0009286556439401861,ENSG00000140650,PMM2,phosphomannomutase 2 [Source:HGNC Symbol;Acc:HGNC:9115]
H7BXM4,39.814190169151566,1.9618545308498503,0.27686077798277864,7.086068836272222,1.379752005773986e-12,6.572149186898378e-11,ENSG00000169031,COL4A3,collagen type IV alpha 3 chain [Source:HGNC Symbol;Acc:HGNC:2204]
H7BYC3,10.35413609424389,0.5568310774648427,0.1986622118434261,2.8029038451645967,0.005064476615639983,0.020095711997359513,ENSG00000112763,BTN2A1,butyrophilin subfamily 2 member A1 [Source:HGNC Symbol;Acc:HGNC:1136]
H7BYG8,17.191040062406014,0.5837353277275543,0.23784076782308533,2.454311483562641,0.014115465417149423,0.046255939719140174,ENSG00000198862,LTN1,listerin E3 ubiquitin protein ligase 1 [Source:HGNC Symbol;Acc:HGNC:13082]
H7BYT7,20.314914394396716,1.1345408099475405,0.2975894206164334,3.8124366370196463,0.00013760351176821077,0.0009698650842237521,ENSG00000165682,CLEC1B,C-type lectin domain family 1 member B [Source:HGNC Symbol;Acc:HGNC:24356]
H7BZD1,14.922937516246153,0.7204416989336148,0.2002687693964528,3.5973741742399468,0.0003214459088133138,0.0020037218973908487,ENSG00000115419,GLS,glutaminase [Source:HGNC Symbol;Acc:HGNC:4331]
H7C065,13.054892044881461,0.5316020328002111,0.1821589929097459,2.918340864255894,0.003518994421142571,0.01489661720661078,ENSG00000198369,SPRED2,sprouty related EVH1 domain containing 2 [Source:HGNC Symbol;Acc:HGNC:17722]
H7C0P7,11.749229872010437,1.160232546497069,0.21792199207305218,5.324072781548977,1.0146927632265559e-07,1.705642850624883e-06,ENSG00000163249,CCNYL1,cyclin Y like 1 [Source:HGNC Symbol;Acc:HGNC:26868]
H7C0Q5,14.756720266433486,0.5600378619259604,0.19027283489738359,2.943341135522554,0.003246904185439806,0.01394493182194537,ENSG00000146576,INTS15,integrator complex subunit 15 [Source:HGNC Symbol;Acc:HGNC:21702]
H7C126,12.015737917925057,1.2259441975027876,0.4008497508389346,3.058363376644293,0.0022254953308486537,0.010220965020103332,ENSG00000198130,HIBCH,3-hydroxyisobutyryl-CoA hydrolase [Source:HGNC Symbol;Acc:HGNC:4908]
H7C175,261.4656238718587,1.2723331377534837,0.18960525084866436,6.710431974107147,1.940490941743737e-11,7.442710822472413e-10,ENSG00000181409,AATK,apoptosis associated tyrosine kinase [Source:HGNC Symbol;Acc:HGNC:21]
H7C187,10.029001365760552,2.243131185350894,0.3696579823345687,6.068125923277613,1.2941142503340158e-09,3.32638644252522e-08,ENSG00000176771,NCKAP5,NCK associated protein 5 [Source:HGNC Symbol;Acc:HGNC:29847]
H7C1N1,22.261062052726693,1.488039084473439,0.2559981034113198,5.8126957373686565,6.147473671327434e-09,1.3598433735953382e-07,ENSG00000115875,SRSF7,serine and arginine rich splicing factor 7 [Source:HGNC Symbol;Acc:HGNC:10789]
H7C1P7,16.885429308826698,1.2085445189692106,0.2340414517826797,5.163805427473635,2.4197922935417604e-07,3.7227331326823577e-06,ENSG00000124839,RAB17,"RAB17, member RAS oncogene family [Source:HGNC Symbol;Acc:HGNC:16523]"
H7C1T2,17.306988961147027,0.6422622869308106,0.22782271070601978,2.8191319686279197,0.0048153715956135885,0.019287723423476587,ENSG00000144445,KANSL1L,KAT8 regulatory NSL complex subunit 1 like [Source:HGNC Symbol;Acc:HGNC:26310]
H7C2S5,17.19213262975417,0.6694919424980823,0.16730151826100131,4.001708708068214,6.28866897272692e-05,0.0004954994838317953,ENSG00000144445,KANSL1L,KAT8 regulatory NSL complex subunit 1 like [Source:HGNC Symbol;Acc:HGNC:26310]
H7C301,12.863108067096723,0.5823329587630434,0.1798042749352937,3.2387047469956314,0.0012007380278013324,0.006119587253485916,ENSG00000154743,TSEN2,tRNA splicing endonuclease subunit 2 [Source:HGNC Symbol;Acc:HGNC:28422]
H7C350,22.316421369168605,0.8681815300568704,0.22066378924256239,3.9344086904196627,8.340176682065234e-05,0.0006325111985772581,ENSG00000234409,CCDC188,coiled-coil domain containing 188 [Source:HGNC Symbol;Acc:HGNC:51899]
H7C3B6,10.125213218262418,0.9773737477934034,0.2995658081399722,3.2626345238196386,0.0011038177067728616,0.005698407234355966,ENSG00000188906,LRRK2,leucine rich repeat kinase 2 [Source:HGNC Symbol;Acc:HGNC:18618]
H7C3C8,11.45607147105995,1.7858492950610225,0.3556930777058646,5.020759207852242,5.146764580056219e-07,7.318294393846542e-06,ENSG00000144426,NBEAL1,neurobeachin like 1 [Source:HGNC Symbol;Acc:HGNC:20681]
H7C3K0,52.92363272676912,0.7318512636214234,0.2478584114854237,2.952698918852156,0.003150090400972795,0.013603307950470728,ENSG00000049540,ELN,elastin [Source:HGNC Symbol;Acc:HGNC:3327]
H7C476,74.66701909586719,1.113025829926022,0.2771045658359599,4.016627537580562,5.9036920016183566e-05,0.0004698665586564101,ENSG00000155636,RBM45,RNA binding motif protein 45 [Source:HGNC Symbol;Acc:HGNC:24468]
H7C498,47.71802926336611,1.1905282013752017,0.2453817489695376,4.85173900004681,1.223836120665741e-06,1.582091547782078e-05,ENSG00000116044,NFE2L2,NFE2 like bZIP transcription factor 2 [Source:HGNC Symbol;Acc:HGNC:7782]
H7C4Y8,15.538448358135996,0.7652085152122782,0.26895905236233775,2.8450744025577555,0.004440105048294014,0.017987155902842798,ENSG00000124243,BCAS4,breast carcinoma amplified sequence 4 [Source:HGNC Symbol;Acc:HGNC:14367]
H7C4Z9,29.11911014533098,0.7247371615427,0.16369592643292993,4.427337792303841,9.540326657209722e-06,9.642638134651842e-05,ENSG00000059378,PARP12,poly(ADP-ribose) polymerase family member 12 [Source:HGNC Symbol;Acc:HGNC:21919]
H7C557,15.068655931941258,0.5638645003242007,0.2230296405346081,2.5282043183704284,0.01146476107407291,0.03902513362055934,ENSG00000162591,MEGF6,multiple EGF like domains 6 [Source:HGNC Symbol;Acc:HGNC:3232]
I3L0Y7,13.201795067341235,0.7103013197604848,0.15453643918323504,4.5963354889928265,4.299861717414749e-06,4.794193645898123e-05,ENSG00000166164,BRD7,bromodomain containing 7 [Source:HGNC Symbol;Acc:HGNC:14310]
I3L1J2,37.97934847508309,1.3743432441645869,0.25044817781572254,5.487535410123112,4.0758033144499315e-08,7.478183552152977e-07,ENSG00000179776,CDH5,cadherin 5 [Source:HGNC Symbol;Acc:HGNC:1764]
I3L3B3,29.800307874147318,1.2791919942516288,0.2444892845423744,5.232098399101503,1.6759648829006975e-07,2.680290398266276e-06,ENSG00000132530,XAF1,XIAP associated factor 1 [Source:HGNC Symbol;Acc:HGNC:30932]
I3L3Q2,21.3082972799465,1.129638551294075,0.21080911298306915,5.358585002844732,8.387627172387808e-08,1.4350716032571042e-06,ENSG00000132530,XAF1,XIAP associated factor 1 [Source:HGNC Symbol;Acc:HGNC:30932]
I3L3W1,15.930174484461144,0.8545526047037294,0.2162970520843988,3.950828716658996,7.788104900563688e-05,0.0005959710807669381,ENSG00000174238,PITPNA,phosphatidylinositol transfer protein alpha [Source:HGNC Symbol;Acc:HGNC:9001]
I3L4A3,54.84734871535715,0.7367344377126864,0.18961947452821304,3.8853310797624294,0.00010219052738156857,0.0007527421145200779,ENSG00000175866,BAIAP2,BAR/IMD domain containing adaptor protein 2 [Source:HGNC Symbol;Acc:HGNC:947]
I6L899,32.74179391759543,1.0264640929761093,0.3839249725669652,2.673605955124659,0.00750405669147361,0.02771173246379086,ENSG00000186399,GOLGA8R,golgin A8 family member R [Source:HGNC Symbol;Acc:HGNC:44407]
J3KMZ9,10.512234268187756,1.8051007928236362,0.3097424919451592,5.827746724344281,5.618075548498193e-09,1.2642963076181546e-07,ENSG00000130164,LDLR,low density lipoprotein receptor [Source:HGNC Symbol;Acc:HGNC:6547]
J3KNE8,271.0180127459006,1.3317932874999638,0.23432448551400759,5.683542992012037,1.3193253898920914e-08,2.686648397846739e-07,ENSG00000138769,CDKL2,cyclin dependent kinase like 2 [Source:HGNC Symbol;Acc:HGNC:1782]
J3KQ47,44.132004529743256,0.6177911944065058,0.14202208877005926,4.349965556461714,1.3615891710654536e-05,0.00013187741580446865,ENSG00000115446,UNC50,unc-50 inner nuclear membrane RNA binding protein [Source:HGNC Symbol;Acc:HGNC:16046]
J3KRC0,15.467533863164686,0.745419962148392,0.24945177317692133,2.988232766017301,0.0028059576470143713,0.01236662468969923,ENSG00000125450,NUP85,nucleoporin 85 [Source:HGNC Symbol;Acc:HGNC:8734]
J3KTE0,26.921104317711652,0.7522279806545343,0.2738497513250093,2.7468638441879687,0.0060168107009980175,0.02310145250693076,ENSG00000167524,RSKR,ribosomal protein S6 kinase related [Source:HGNC Symbol;Acc:HGNC:26314]
J3QKQ4,19.489420814892704,0.6622914433640594,0.2169049137619676,3.053372244442839,0.002262850500822029,0.010360162953109618,ENSG00000167851,CD300A,CD300a molecule [Source:HGNC Symbol;Acc:HGNC:19319]
J3QLQ5,14.869951766196786,1.3268786755053432,0.29540431774266795,4.491737580698503,7.064443597665385e-06,7.394363507494656e-05,ENSG00000179094,PER1,period circadian regulator 1 [Source:HGNC Symbol;Acc:HGNC:8845]
J3QQQ8,31.43874318441348,0.5585777160827053,0.15704826693688761,3.5567263935945173,0.0003755048861576677,0.00228578105418747,ENSG00000171634,BPTF,bromodomain PHD finger transcription factor [Source:HGNC Symbol;Acc:HGNC:3581]
J3QRA1,45.91620766428728,1.7230831055720044,0.3105138281096144,5.54913485193883,2.870866819678428e-08,5.458111796654142e-07,ENSG00000006210,CX3CL1,C-X3-C motif chemokine ligand 1 [Source:HGNC Symbol;Acc:HGNC:10647]
J3QRZ1,26.09408879528156,0.6435055609336877,0.17844088101904002,3.606267561888042,0.0003106328490564619,0.0019484348273865785,ENSG00000166579,NDEL1,nudE neurodevelopment protein 1 like 1 [Source:HGNC Symbol;Acc:HGNC:17620]
J3QSE9,38.61679033509922,0.5273190212218516,0.2131541799271778,2.4738854354252187,0.013365254809954456,0.04427780225007294,ENSG00000087095,NLK,nemo like kinase [Source:HGNC Symbol;Acc:HGNC:29858]
J9JID5,40.899455673718975,0.6545128879712764,0.13384496076792363,4.890082407406799,1.0079377185881557e-06,1.327463574697761e-05,ENSG00000130856,ZNF236,zinc finger protein 236 [Source:HGNC Symbol;Acc:HGNC:13028]
K4DIE0,41.81865649007954,0.8587278227648477,0.1933833548291506,4.440546724011033,8.97306190764273e-06,9.13206771163603e-05,ENSG00000137497,NUMA1,nuclear mitotic apparatus protein 1 [Source:HGNC Symbol;Acc:HGNC:8059]
K7EIH7,58.72282133450707,0.660816028995555,0.17625922279130535,3.7491146195395135,0.00017745997062032083,0.0012097997502505582,ENSG00000141458,NPC1,NPC intracellular cholesterol transporter 1 [Source:HGNC Symbol;Acc:HGNC:7897]
K7EIH9,54.0970338265484,3.112579860517118,0.4439819864418553,7.010599428733236,2.372992323678825e-12,1.0821459059293196e-10,ENSG00000167434,CA4,carbonic anhydrase 4 [Source:HGNC Symbol;Acc:HGNC:1375]
K7EJ44,112.02783446088925,0.5665553668680519,0.18117375996518423,3.1271380964711755,0.001765169928913951,0.008429852233059393,ENSG00000108518,PFN1,profilin 1 [Source:HGNC Symbol;Acc:HGNC:8881]
K7EJ61,17.462743012511023,0.95533158118006,0.19749220579460358,4.837312831340933,1.3160621304395165e-06,1.6904155052249912e-05,ENSG00000150477,KIAA1328,KIAA1328 [Source:HGNC Symbol;Acc:HGNC:29248]
K7EJ83,10.540435397725254,0.6549670876894459,0.23013918658457724,2.845960731023712,0.00442776547573564,0.017950356581226803,ENSG00000250506,CDK3,cyclin dependent kinase 3 [Source:HGNC Symbol;Acc:HGNC:1772]
K7EJB4,157.60766404725774,0.5571570097889307,0.2114856403644391,2.6344909698304773,0.008426354516571,0.03044974971464146,ENSG00000116285,ERRFI1,ERBB receptor feedback inhibitor 1 [Source:HGNC Symbol;Acc:HGNC:18185]
K7EKM1,11.98561727283227,0.7846754971929734,0.18462501788766417,4.250103838421357,2.1367143680509074e-05,0.00019433344946191605,ENSG00000142279,WTIP,WT1 interacting protein [Source:HGNC Symbol;Acc:HGNC:20964]
K7EKM5,21.189837624288785,0.7662732246936786,0.255941017809021,2.993944586347856,0.002753959568611986,0.012183716013273569,ENSG00000124731,TREM1,triggering receptor expressed on myeloid cells 1 [Source:HGNC Symbol;Acc:HGNC:17760]
K7EL06,16.296513930897362,1.9684653295686672,0.43046681579586127,4.572861965978268,4.811071023603998e-06,5.2787741469931624e-05,ENSG00000161649,CD300LG,CD300 molecule like family member g [Source:HGNC Symbol;Acc:HGNC:30455]
K7EMG7,15.836294906070275,1.0768958996864957,0.3093526456335834,3.4811271695475923,0.0004993083672477982,0.0029131605109214134,ENSG00000095066,HOOK2,hook microtubule tethering protein 2 [Source:HGNC Symbol;Acc:HGNC:19885]
K7EMH5,10.10613684166702,1.6940614938324856,0.37684861575042844,4.495336915220073,6.945987780641473e-06,7.291138244372539e-05,ENSG00000154263,ABCA10,ATP binding cassette subfamily A member 10 [Source:HGNC Symbol;Acc:HGNC:30]
K7EN80,50.6186958631278,0.5618249702827843,0.17347606720571426,3.238631007334007,0.001201048476890292,0.006119587253485916,ENSG00000196967,ZNF585A,zinc finger protein 585A [Source:HGNC Symbol;Acc:HGNC:26305]
K7ENM9,13.644341266598303,0.5957845455633269,0.2057448589972697,2.8957445083535878,0.003782602247743543,0.015722108927956297,ENSG00000120948,TARDBP,TAR DNA binding protein [Source:HGNC Symbol;Acc:HGNC:11571]
K7ENW9,11.078036416821083,0.9865202206839887,0.34833597013721335,2.832094027772635,0.004624424773022843,0.018620972054819388,ENSG00000167604,NFKBID,NFKB inhibitor delta [Source:HGNC Symbol;Acc:HGNC:15671]
K7EP30,54.8082023088275,0.62216812301257,0.12253961672255992,5.07728145111806,3.8287350961745336e-07,5.629261587402211e-06,ENSG00000134779,TPGS2,tubulin polyglutamylase complex subunit 2 [Source:HGNC Symbol;Acc:HGNC:24561]
K7EP82,36.21849177422127,0.7848560728055233,0.15802792498116333,4.966565706023647,6.814897007788764e-07,9.40524021337756e-06,ENSG00000141425,RPRD1A,regulation of nuclear pre-mRNA domain containing 1A [Source:HGNC Symbol;Acc:HGNC:25560]
K7EPT2,15.779536031966446,0.7378526723311285,0.18137162200151236,4.068181472871076,4.7381474833699763e-05,0.00038816903639762797,ENSG00000185722,ANKFY1,ankyrin repeat and FYVE domain containing 1 [Source:HGNC Symbol;Acc:HGNC:20763]
K7EQP2,104.52231525572688,1.8939871531160855,0.23947782907395682,7.908820455070913,2.598390396599115e-15,2.1145720223836486e-13,ENSG00000173812,EIF1,eukaryotic translation initiation factor 1 [Source:HGNC Symbol;Acc:HGNC:3249]
K7EQV7,20.27919920618663,0.5443320395502517,0.17043115374816672,3.1938529287583775,0.0014038761842643708,0.006983917860966865,ENSG00000196757,ZNF700,zinc finger protein 700 [Source:HGNC Symbol;Acc:HGNC:25292]
K7ERL2,12.837265269916369,0.5561363021527204,0.21705465110010394,2.5621948174528386,0.01040129553170606,0.03611306228845174,ENSG00000064932,SBNO2,strawberry notch homolog 2 [Source:HGNC Symbol;Acc:HGNC:29158]
K7ERU0,63.25164098876852,0.5161510196873963,0.18391661686831393,2.806440377581355,0.00500921815943748,0.01990131690159285,ENSG00000213015,ZNF580,zinc finger protein 580 [Source:HGNC Symbol;Acc:HGNC:29473]
K7ERW2,23.733320092970388,1.1126311314591377,0.21352497334823592,5.210777521768181,1.8805085021691765e-07,2.9772243005627434e-06,ENSG00000141458,NPC1,NPC intracellular cholesterol transporter 1 [Source:HGNC Symbol;Acc:HGNC:7897]
K7ES69,13.09349464688796,0.8544742303990582,0.32805694882007846,2.604652129675483,0.00919675827215068,0.032724315413683626,ENSG00000064666,CNN2,calponin 2 [Source:HGNC Symbol;Acc:HGNC:2156]
M0QX51,10.29551926658331,0.6055542859509304,0.24382020394122245,2.483609955871052,0.013005817527916965,0.04336577713352968,ENSG00000105127,AKAP8,A-kinase anchoring protein 8 [Source:HGNC Symbol;Acc:HGNC:378]
M0QXL1,88.98658541274617,1.5833768538401738,0.24363252765137797,6.4990371733362355,8.083568761859956e-11,2.7274721962451854e-09,ENSG00000087074,PPP1R15A,protein phosphatase 1 regulatory subunit 15A [Source:HGNC Symbol;Acc:HGNC:14375]
M0QXS0,76.7294488385007,0.5335672442742769,0.21477717999674484,2.484282754258919,0.012981268808026018,0.04330493152203991,ENSG00000142227,EMP3,epithelial membrane protein 3 [Source:HGNC Symbol;Acc:HGNC:3335]
M0QYB4,12.059348548390194,0.7230221411588732,0.2201459721976779,3.28428512200824,0.0010224142980488162,0.005343204959518624,ENSG00000105321,CCDC9,coiled-coil domain containing 9 [Source:HGNC Symbol;Acc:HGNC:24560]
M0QYJ8,26.811131015509616,0.5720744181501234,0.17345978425005812,3.2980233465840465,0.0009736803823931536,0.005135983533436644,ENSG00000130755,GMFG,glia maturation factor gamma [Source:HGNC Symbol;Acc:HGNC:4374]
M0QYN1,28.915068520182277,0.9993622704725301,0.2656049692721836,3.7625887543105985,0.0001681636003819447,0.0011556382826359618,ENSG00000104870,FCGRT,Fc gamma receptor and transporter [Source:HGNC Symbol;Acc:HGNC:3621]
M0QYY8,14.532405459782067,0.707350596043833,0.25191571781454813,2.8078859158941434,0.0049867889557416445,0.019840996505489126,ENSG00000167657,DAPK3,death associated protein kinase 3 [Source:HGNC Symbol;Acc:HGNC:2676]
M0QZB8,23.18012164308725,0.7569727745865634,0.22630525943515598,3.3449190552438814,0.0008230658755146564,0.004453359867173757,ENSG00000126456,IRF3,interferon regulatory factor 3 [Source:HGNC Symbol;Acc:HGNC:6118]
M0QZG9,14.49976995139154,0.6824563381736426,0.15734507411308907,4.337322550581653,1.4422889183793671e-05,0.00013811654279608583,ENSG00000167555,ZNF528,zinc finger protein 528 [Source:HGNC Symbol;Acc:HGNC:29384]
M0QZQ2,42.21592566521091,1.1848305542414206,0.2784944353589664,4.25441374695415,2.0959743198133322e-05,0.00019124790090675726,ENSG00000104973,MED25,mediator complex subunit 25 [Source:HGNC Symbol;Acc:HGNC:28845]
M0QZT5,10.156211166891106,0.6954532772770715,0.2605851924809136,2.668813491111969,0.007611970602828125,0.028030455781394466,ENSG00000083844,ZNF264,zinc finger protein 264 [Source:HGNC Symbol;Acc:HGNC:13057]
M0R1C2,11.211342855290964,0.6919451235508827,0.24339775590310742,2.8428574494595362,0.004471106314798637,0.018099445423379063,ENSG00000125755,SYMPK,symplekin scaffold protein [Source:HGNC Symbol;Acc:HGNC:22935]
M0R252,140.56228678804905,1.4048210355990591,0.2556660130091182,5.494750823798222,3.912624635467366e-08,7.214801313595091e-07,ENSG00000128016,ZFP36,ZFP36 ring finger protein [Source:HGNC Symbol;Acc:HGNC:12862]
M0R266,25.852521420906786,0.6219101660415896,0.15990434020897373,3.8892638262903656,0.0001005487649474976,0.0007416396194488669,ENSG00000104870,FCGRT,Fc gamma receptor and transporter [Source:HGNC Symbol;Acc:HGNC:3621]
M0R2L2,13.255517494819983,1.200965638225121,0.25863512135222827,4.643474683353457,3.425979900572385e-06,3.931142597670311e-05,ENSG00000104946,TBC1D17,TBC1 domain family member 17 [Source:HGNC Symbol;Acc:HGNC:25699]
M0R2Q6,76.66792520644081,1.3418192762952772,0.20412141129726705,6.573633151796861,4.9102122427658704e-11,1.7381993708179534e-09,ENSG00000105701,FKBP8,FKBP prolyl isomerase 8 [Source:HGNC Symbol;Acc:HGNC:3724]
O00141,14.661193024486138,0.6767479946100764,0.22978045920212328,2.94519384703111,0.003227523834020872,0.013882647660086535,ENSG00000118515,SGK1,serum/glucocorticoid regulated kinase 1 [Source:HGNC Symbol;Acc:HGNC:10810]
O00159,2213.8889618455714,0.7906615939344181,0.1194756706599053,6.617762340795592,3.646766760508366e-11,1.3337610967869237e-09,ENSG00000197879,MYO1C,myosin IC [Source:HGNC Symbol;Acc:HGNC:7597]
O00160,537.3125779418668,0.6841009892445825,0.19365780595405901,3.532524732862409,0.000411611721597771,0.0024732698906041062,ENSG00000142347,MYO1F,myosin IF [Source:HGNC Symbol;Acc:HGNC:7600]
O00161,97.67724201644857,0.9525273038005825,0.23979233838097863,3.9723008259222223,7.11817471976581e-05,0.0005519839144504753,ENSG00000092531,SNAP23,synaptosome associated protein 23 [Source:HGNC Symbol;Acc:HGNC:11131]
O00204,52.48814321616903,0.8365101644104085,0.24046662313377834,3.478695519190763,0.0005038607253692321,0.0029341967448726965,ENSG00000088002,SULT2B1,sulfotransferase family 2B member 1 [Source:HGNC Symbol;Acc:HGNC:11459]
O00219,582.7230244799268,1.0023127350262384,0.2323338852632384,4.314104823283097,1.6025090251936512e-05,0.0001515511751355951,ENSG00000103044,HAS3,hyaluronan synthase 3 [Source:HGNC Symbol;Acc:HGNC:4820]
O00241,167.7618031443946,1.268825764656947,0.22564289489679382,5.623158509986728,1.8749720926158046e-08,3.7019368424842394e-07,ENSG00000101307,SIRPB1,signal regulatory protein beta 1 [Source:HGNC Symbol;Acc:HGNC:15928]
O00253,57.315758675121394,2.2489168317525836,0.3045301641970257,7.384873802838046,1.5259805475003783e-13,8.651407453617825e-12,ENSG00000159723,AGRP,agouti related neuropeptide [Source:HGNC Symbol;Acc:HGNC:330]
O00292,62.840681959832565,0.9878000035685529,0.2592240799296888,3.8106027952205714,0.00013862835295284985,0.000975840949895356,ENSG00000143768,LEFTY2,left-right determination factor 2 [Source:HGNC Symbol;Acc:HGNC:3122]
O00421,264.0678689886859,0.5676396177394629,0.1781161326136676,3.1869073812121695,0.0014380281594231603,0.007122001578243516,ENSG00000121797,CCRL2,C-C motif chemokine receptor like 2 [Source:HGNC Symbol;Acc:HGNC:1612]
O00458,63.61552039860191,0.888738698430062,0.2046014060439146,4.3437565538494285,1.4006672869494576e-05,0.000135128242985054,ENSG00000006652,IFRD1,interferon related developmental regulator 1 [Source:HGNC Symbol;Acc:HGNC:5456]
O00470,43.79485646259749,0.7544467508804253,0.17656161229189152,4.272994231799235,1.9286544802614515e-05,0.00017856652354192296,ENSG00000143995,MEIS1,Meis homeobox 1 [Source:HGNC Symbol;Acc:HGNC:7000]
O00471,96.27325321905167,0.5686516905199426,0.09200997181706402,6.180326754697271,6.396906094980445e-10,1.7546936196355562e-08,ENSG00000070367,EXOC5,exocyst complex component 5 [Source:HGNC Symbol;Acc:HGNC:10696]
O00506,14.695078629253297,0.8399936950344522,0.20336353560515924,4.130503005540497,3.6197036249006576e-05,0.00030656276399216247,ENSG00000115694,STK25,serine/threonine kinase 25 [Source:HGNC Symbol;Acc:HGNC:11404]
O00559,12.563609564708322,0.537487761498062,0.15718988859427244,3.4193532822291637,0.0006277017275273665,0.003547753433851497,ENSG00000147654,EBAG9,estrogen receptor binding site associated antigen 9 [Source:HGNC Symbol;Acc:HGNC:3123]
O00587,20.751374596829763,0.6686833015215381,0.16448914915785182,4.065212234029109,4.79887724039937e-05,0.00039285240779423795,ENSG00000100060,MFNG,MFNG O-fucosylpeptide 3-beta-N-acetylglucosaminyltransferase [Source:HGNC Symbol;Acc:HGNC:7038]
O00755,111.36292039306147,1.7982457259127087,0.20897205832531557,8.605196983384754,7.618580853637739e-18,9.65633230724866e-16,ENSG00000154764,WNT7A,Wnt family member 7A [Source:HGNC Symbol;Acc:HGNC:12786]
O00763,375.64765470812426,1.3404072453147673,0.20007363509870088,6.6995696092266925,2.09034277213613e-11,7.962075906164113e-10,ENSG00000076555,ACACB,acetyl-CoA carboxylase beta [Source:HGNC Symbol;Acc:HGNC:85]
O14508,97.86525355615012,0.8191679364436703,0.3172069055213008,2.582440426690718,0.009810429791765671,0.03447406287884004,ENSG00000120833,SOCS2,suppressor of cytokine signaling 2 [Source:HGNC Symbol;Acc:HGNC:19382]
O14513,382.8461668901686,1.7610685561026411,0.3092130373030518,5.695324399846255,1.2313756425780763e-08,2.528562236630996e-07,ENSG00000176771,NCKAP5,NCK associated protein 5 [Source:HGNC Symbol;Acc:HGNC:29847]
O14523,35.70919704775399,0.5749293467472607,0.20331203640298734,2.827817560233797,0.004686650696954444,0.018826847808858526,ENSG00000172375,C2CD2L,C2CD2 like [Source:HGNC Symbol;Acc:HGNC:29000]
O14559,55.74042932651671,0.8805075615748132,0.18732788080926063,4.700355108759043,2.5970947196719717e-06,3.094345053897659e-05,ENSG00000004777,ARHGAP33,Rho GTPase activating protein 33 [Source:HGNC Symbol;Acc:HGNC:23085]
O14625,160.5394729567297,1.063975487682178,0.39870603133126387,2.6685713384610854,0.007617459994133368,0.028045987096931103,ENSG00000169248,CXCL11,C-X-C motif chemokine ligand 11 [Source:HGNC Symbol;Acc:HGNC:10638]
O14737,84.68398889922189,0.5301461109132551,0.1532336650946351,3.459723492131079,0.0005407303399083068,0.003114459889354348,ENSG00000105185,PDCD5,programmed cell death 5 [Source:HGNC Symbol;Acc:HGNC:8764]
O14756,507.4115915668049,2.0891158900546967,0.23820175083347062,8.770363285512623,1.7809075010333713e-18,2.5016645877573227e-16,ENSG00000025423,HSD17B6,hydroxysteroid 17-beta dehydrogenase 6 [Source:HGNC Symbol;Acc:HGNC:23316]
O14796,65.22200671789429,1.7205650537918864,0.31045067652707564,5.5421526956853935,2.987755868486518e-08,5.660821986563716e-07,ENSG00000198574,SH2D1B,SH2 domain containing 1B [Source:HGNC Symbol;Acc:HGNC:30416]
O14815,12.036693970509466,1.1196456446911354,0.3209448511642853,3.488592013953235,0.0004855716656217265,0.002847327177245827,ENSG00000135773,CAPN9,calpain 9 [Source:HGNC Symbol;Acc:HGNC:1486]
O14817,21.740820878149616,0.62778492221359,0.19117153708706075,3.2838827985553762,0.0010238749185678543,0.005348303518260412,ENSG00000214063,TSPAN4,tetraspanin 4 [Source:HGNC Symbol;Acc:HGNC:11859]
O14910,557.7905958192515,0.9648727344691093,0.14038861123138088,6.872870427351536,6.292271635232404e-12,2.6841345965844375e-10,ENSG00000111052,LIN7A,"lin-7 homolog A, crumbs cell polarity complex component [Source:HGNC Symbol;Acc:HGNC:17787]"
O14926,17.515301486538142,0.504168294397937,0.18895235064968952,2.668229808543879,0.0076252082141927465,0.02806514385110261,ENSG00000186765,FSCN2,"fascin actin-bundling protein 2, retinal [Source:HGNC Symbol;Acc:HGNC:3960]"
O14983,12.898601327881188,0.7174538012551225,0.2597892567701781,2.7616761762008353,0.005750548226961032,0.022280848664335665,ENSG00000196296,ATP2A1,ATPase sarcoplasmic/endoplasmic reticulum Ca2+ transporting 1 [Source:HGNC Symbol;Acc:HGNC:811]
O14986,604.1171081440232,0.6085543077333025,0.115522531591315,5.267840821617293,1.3803771921211129e-07,2.2550250811140016e-06,ENSG00000107242,PIP5K1B,phosphatidylinositol-4-phosphate 5-kinase type 1 beta [Source:HGNC Symbol;Acc:HGNC:8995]
O14994,43.01966529243776,1.3201229129295267,0.19264193882269656,6.852728543936318,7.245449835343037e-12,3.0706285695488207e-10,ENSG00000185666,SYN3,synapsin III [Source:HGNC Symbol;Acc:HGNC:11496]
O15018,512.6935001117906,1.018957894565037,0.23880532504945387,4.266897709898314,1.9820998459767525e-05,0.00018267124949089553,ENSG00000133401,PDZD2,PDZ domain containing 2 [Source:HGNC Symbol;Acc:HGNC:18486]
O15041,187.51234061276512,1.7560919369228616,0.23930106809784898,7.338420805563662,2.161287323795684e-13,1.1916257659747503e-11,ENSG00000170381,SEMA3E,semaphorin 3E [Source:HGNC Symbol;Acc:HGNC:10727]
O15042,896.5006915216046,0.6352922784654483,0.11138119491170893,5.703766052869517,1.1718889206675276e-08,2.4176649444716237e-07,ENSG00000163714,U2SURP,U2 snRNP associated SURP domain containing [Source:HGNC Symbol;Acc:HGNC:30855]
O15049,332.68901107555774,0.571831814392224,0.20970830786074843,2.726796187645244,0.006395252748092838,0.02430482579811123,ENSG00000145911,N4BP3,NEDD4 binding protein 3 [Source:HGNC Symbol;Acc:HGNC:29852]
O15105,186.50833414949494,0.5938313826135633,0.14957181944141235,3.970208992785359,7.180961516506983e-05,0.0005562659827363717,ENSG00000101665,SMAD7,SMAD family member 7 [Source:HGNC Symbol;Acc:HGNC:6773]
O15119,1444.3944690200196,0.9396843809780088,0.1735776705508682,5.413624793994614,6.176151460483279e-08,1.0918047737716033e-06,ENSG00000135111,TBX3,T-box transcription factor 3 [Source:HGNC Symbol;Acc:HGNC:11602]
O15131,33.59872498962653,0.5423556923459943,0.19272570114628293,2.8141326720837028,0.004890903832513962,0.01952996435311659,ENSG00000196911,KPNA5,karyopherin subunit alpha 5 [Source:HGNC Symbol;Acc:HGNC:6398]
O15182,26.092731367073622,0.5285494930850111,0.17573661440274138,3.0076230549981853,0.0026329950189829202,0.011733294028823869,ENSG00000153140,CETN3,centrin 3 [Source:HGNC Symbol;Acc:HGNC:1868]
O15198,471.92104667152915,0.7072469239680115,0.14193972440637445,4.982727188783025,6.269431327943749e-07,8.756557220169185e-06,ENSG00000120693,SMAD9,SMAD family member 9 [Source:HGNC Symbol;Acc:HGNC:6774]
O15229,61.426407147311316,0.7952355610058887,0.18427925938023473,4.315382879659996,1.5932650821792782e-05,0.00015080630095442834,ENSG00000117009,KMO,kynurenine 3-monooxygenase [Source:HGNC Symbol;Acc:HGNC:6381]
O15232,322.82998875676736,1.5967006649639375,0.20376017540323182,7.836176337226554,4.6447347354239e-15,3.5691630611511735e-13,ENSG00000132031,MATN3,matrilin 3 [Source:HGNC Symbol;Acc:HGNC:6909]
O15254,55.7710416110585,0.5419124761262168,0.1705132679979715,3.1781249781258296,0.0014823084077536077,0.007303581238739514,ENSG00000087008,ACOX3,"acyl-CoA oxidase 3, pristanoyl [Source:HGNC Symbol;Acc:HGNC:121]"
O15265,461.8350901770129,0.5931229685529874,0.12648430032969082,4.68930109908477,2.7413975523888175e-06,3.243496868046297e-05,ENSG00000163635,ATXN7,ataxin 7 [Source:HGNC Symbol;Acc:HGNC:10560]
O15335,23.11202043219169,0.5999266018682742,0.23474441460244422,2.5556586847201075,0.010598702299038854,0.03667106253869079,ENSG00000136457,CHAD,chondroadherin [Source:HGNC Symbol;Acc:HGNC:1909]
O15375,256.99091575748673,0.578901411383967,0.17573989554206304,3.2940807754458232,0.000987441180103993,0.005193662720251243,ENSG00000170190,SLC16A5,solute carrier family 16 member 5 [Source:HGNC Symbol;Acc:HGNC:10926]
O15457,14.775076496981368,1.2165397592455542,0.32266166175738276,3.7703263307442465,0.00016303422380611432,0.0011263792098527884,ENSG00000057468,MSH4,mutS homolog 4 [Source:HGNC Symbol;Acc:HGNC:7327]
O15460,195.72291978738076,1.0490630736901612,0.15571331251653153,6.737144414539289,1.6152961916316872e-11,6.31626634933426e-10,ENSG00000072682,P4HA2,prolyl 4-hydroxylase subunit alpha 2 [Source:HGNC Symbol;Acc:HGNC:8547]
O15492,1056.5480053376077,1.3968618946723381,0.25767247466056936,5.421075326390284,5.9241588883009305e-08,1.053640323569264e-06,ENSG00000143333,RGS16,regulator of G protein signaling 16 [Source:HGNC Symbol;Acc:HGNC:9997]
O15511,113.34857205310695,0.5119305533682676,0.16735495353410912,3.058950706612515,0.0022211369348187127,0.010205198741769145,ENSG00000162704,ARPC5,actin related protein 2/3 complex subunit 5 [Source:HGNC Symbol;Acc:HGNC:708]
O15522,23.348297836478068,0.9584515891410126,0.2567888242184628,3.732450553711057,0.00018962592874639534,0.0012800765939923486,ENSG00000136327,NKX2-8,NK2 homeobox 8 [Source:HGNC Symbol;Acc:HGNC:16364]
O15537,27.988311603899586,2.0861666297360997,0.3189162175576278,6.541425348991956,6.09352490934042e-11,2.1096797229292563e-09,ENSG00000102104,RS1,retinoschisin 1 [Source:HGNC Symbol;Acc:HGNC:10457]
O43300,24.119249506282518,0.6934193921181423,0.22728432895657621,3.0508895853115483,0.0022816446332688204,0.010428889272976282,ENSG00000146006,LRRTM2,leucine rich repeat transmembrane neuronal 2 [Source:HGNC Symbol;Acc:HGNC:19409]
O43312,78.4810332527206,0.9740299955377105,0.1835164527504665,5.307589488241319,1.1108447246616423e-07,1.8559522392187771e-06,ENSG00000170873,MTSS1,MTSS I-BAR domain containing 1 [Source:HGNC Symbol;Acc:HGNC:20443]
O43364,15.641121081512896,0.7871993120334841,0.27938655690990444,2.8175991026201643,0.004838418043450839,0.01935893895686952,ENSG00000105996,HOXA2,homeobox A2 [Source:HGNC Symbol;Acc:HGNC:5103]
O43365,164.0664775650398,0.7993989823289036,0.26009101143481433,3.073535597862266,0.0021153844827475664,0.009788397922529436,ENSG00000105997,HOXA3,homeobox A3 [Source:HGNC Symbol;Acc:HGNC:5104]
O43448,19.332391436174955,1.1208156014912118,0.2711885539258526,4.1329753238687985,3.5809718528013986e-05,0.00030386592243817636,ENSG00000170049,KCNAB3,potassium voltage-gated channel subfamily A regulatory beta subunit 3 [Source:HGNC Symbol;Acc:HGNC:6230]
O43505,799.7752000101268,0.5201770306359075,0.08468192369006927,6.1427162724801105,8.112211197684642e-10,2.1738360358898797e-08,ENSG00000174684,B4GAT1,"beta-1,4-glucuronyltransferase 1 [Source:HGNC Symbol;Acc:HGNC:15685]"
O43541,879.2477391202256,1.2018178903287307,0.30402074227427217,3.9530786002900786,7.715207948269981e-05,0.0005918302472735519,ENSG00000137834,SMAD6,SMAD family member 6 [Source:HGNC Symbol;Acc:HGNC:6772]
O43674,166.3751665755939,0.5801981099115745,0.08480156594377965,6.841832499841154,7.818647866701399e-12,3.26851942364299e-10,ENSG00000136521,NDUFB5,NADH:ubiquinone oxidoreductase subunit B5 [Source:HGNC Symbol;Acc:HGNC:7700]
O43736,606.954487369142,1.138381669541147,0.14553772532375145,7.821900933306435,5.203155101006216e-15,3.916395310497989e-13,ENSG00000078596,ITM2A,integral membrane protein 2A [Source:HGNC Symbol;Acc:HGNC:6173]
O43791,75.26524549352376,0.7416644388296567,0.17067697381185784,4.345427635992743,1.3900459238129576e-05,0.00013422098425468898,ENSG00000121067,SPOP,speckle type BTB/POZ protein [Source:HGNC Symbol;Acc:HGNC:11254]
O43825,129.699343463739,0.9733665824421994,0.21566830196937478,4.513257504945807,6.383943335852766e-06,6.768821458120043e-05,ENSG00000162630,B3GALT2,"beta-1,3-galactosyltransferase 2 [Source:HGNC Symbol;Acc:HGNC:917]"
O43827,30.83199180162208,2.069059394419182,0.267749213516623,7.727602136507213,1.0959122850288141e-14,7.697213227396645e-13,ENSG00000171819,ANGPTL7,angiopoietin like 7 [Source:HGNC Symbol;Acc:HGNC:24078]
O43866,51.6273050744676,1.997481652366717,0.3186012051730691,6.269535770530604,3.6212610156612687e-10,1.0549972316960848e-08,ENSG00000073754,CD5L,CD5 molecule like [Source:HGNC Symbol;Acc:HGNC:1690]
O43903,58.0224132375141,0.7144920725661562,0.16015096138956603,4.461366115862143,8.143881929766e-06,8.381015962625263e-05,ENSG00000148935,GAS2,growth arrest specific 2 [Source:HGNC Symbol;Acc:HGNC:4167]
O43915,551.0711651964311,1.76428111635195,0.2623746981734791,6.724280689540528,1.7646197839834447e-11,6.875781751938319e-10,ENSG00000165197,VEGFD,vascular endothelial growth factor D [Source:HGNC Symbol;Acc:HGNC:3708]
O60269,1550.9278758227315,1.4244998577502956,0.20204874538915182,7.050278164344288,1.7856047308526095e-12,8.378665262600734e-11,ENSG00000204175,GPRIN2,G protein regulated inducer of neurite outgrowth 2 [Source:HGNC Symbol;Acc:HGNC:23730]
O60271,2567.885195651714,0.5887248157282224,0.09714235067407813,6.060434111826781,1.3575465331411408e-09,3.465200375219296e-08,ENSG00000008294,SPAG9,sperm associated antigen 9 [Source:HGNC Symbol;Acc:HGNC:14524]
O60281,49.263580451378346,0.5510265326743459,0.15878713649436318,3.4702214854407107,0.0005200293521548409,0.0030117456230102048,ENSG00000188994,ZNF292,zinc finger protein 292 [Source:HGNC Symbol;Acc:HGNC:18410]
O60356,187.2259134592907,1.6505774950898622,0.21762645906217415,7.584452286742879,3.3389451135630845e-14,2.2047034591173734e-12,ENSG00000176046,NUPR1,"nuclear protein 1, transcriptional regulator [Source:HGNC Symbol;Acc:HGNC:29990]"
O60437,182.01393100479942,1.151907200589641,0.1704488898784932,6.758079805687168,1.3983250784713847e-11,5.58671400011013e-10,ENSG00000118898,PPL,periplakin [Source:HGNC Symbol;Acc:HGNC:9273]
O60477,51.16663505678564,1.2766719952000327,0.4380291260836443,2.914582431114968,0.003561647362029555,0.015025732644584082,ENSG00000078725,BRINP1,BMP/retinoic acid inducible neural specific 1 [Source:HGNC Symbol;Acc:HGNC:2687]
O60496,413.6187654537037,0.8810711999113969,0.2051282352774852,4.2952214682661145,1.745190257373405e-05,0.0001635022342230802,ENSG00000147443,DOK2,docking protein 2 [Source:HGNC Symbol;Acc:HGNC:2991]
O60502,3184.2971959819142,0.6646291454518652,0.14315530389513445,4.642714083012432,3.4386204485466603e-06,3.94154549751809e-05,ENSG00000198408,OGA,O-GlcNAcase [Source:HGNC Symbol;Acc:HGNC:7056]
O60504,50.77476896492929,1.0821236778373264,0.21655919769482732,4.996895487959105,5.826062231502463e-07,8.194386253415518e-06,ENSG00000120896,SORBS3,sorbin and SH3 domain containing 3 [Source:HGNC Symbol;Acc:HGNC:30907]
O60583,397.53155280101004,0.6885903005032491,0.18626029345788356,3.6969248126893475,0.00021822694022328852,0.0014435443730307154,ENSG00000082258,CCNT2,cyclin T2 [Source:HGNC Symbol;Acc:HGNC:1600]
O60688,36.09930790891074,0.746402112972241,0.18672595016249238,3.997313240729037,6.406550018203284e-05,0.000502811580432225,ENSG00000100027,YPEL1,yippee like 1 [Source:HGNC Symbol;Acc:HGNC:12845]
O60704,254.6502672938924,0.5872122903895753,0.1762061391473866,3.3325302582017593,0.0008606011164413367,0.004625809656835788,ENSG00000128294,TPST2,tyrosylprotein sulfotransferase 2 [Source:HGNC Symbol;Acc:HGNC:12021]
O60716,28.701394673520756,0.5444062629225945,0.15198543531928882,3.581963375496564,0.0003410216100005684,0.0021064282066687503,ENSG00000198561,CTNND1,catenin delta 1 [Source:HGNC Symbol;Acc:HGNC:2515]
O60749,324.4803201062481,0.5818887026348456,0.11135244049145705,5.22564840129829,1.7354586308774742e-07,2.7634515989438135e-06,ENSG00000205302,SNX2,sorting nexin 2 [Source:HGNC Symbol;Acc:HGNC:11173]
O60825,1300.5511002712033,0.5898550107133225,0.15872953524315533,3.716101164220841,0.00020232060208788273,0.0013533450283427862,ENSG00000123836,PFKFB2,"6-phosphofructo-2-kinase/fructose-2,6-biphosphatase 2 [Source:HGNC Symbol;Acc:HGNC:8873]"
O60840,33.46028231579136,1.1279357082638357,0.2007284207619033,5.619212785028342,1.9182948426429887e-08,3.7807037050624196e-07,ENSG00000102001,CACNA1F,calcium voltage-gated channel subunit alpha1 F [Source:HGNC Symbol;Acc:HGNC:1393]
O60890,38.899849346631534,0.7949192825935867,0.16639692824953425,4.7772473383733365,1.7771113164485404e-06,2.2128338495033783e-05,ENSG00000079482,OPHN1,oligophrenin 1 [Source:HGNC Symbol;Acc:HGNC:8148]
O60896,1464.0263569288122,1.2935230036822394,0.22942188652141435,5.638184844938503,1.7185198518189235e-08,3.4088514384423307e-07,ENSG00000122679,RAMP3,receptor activity modifying protein 3 [Source:HGNC Symbol;Acc:HGNC:9845]
O75027,15.676122554004941,0.6169447372621891,0.22035270674434618,2.799805577055925,0.005113339389567029,0.020245886337075632,ENSG00000131269,ABCB7,ATP binding cassette subfamily B member 7 [Source:HGNC Symbol;Acc:HGNC:48]
O75044,341.1203500900456,0.778840672138962,0.15773616308073007,4.937616440817999,7.908318848669854e-07,1.0759411714285314e-05,ENSG00000266028,SRGAP2,SLIT-ROBO Rho GTPase activating protein 2 [Source:HGNC Symbol;Acc:HGNC:19751]
O75081,33.94791834890085,1.1422906893179559,0.1747030696929697,6.538469480390151,6.215156452168393e-11,2.1484178745473627e-09,ENSG00000129993,CBFA2T3,CBFA2/RUNX1 partner transcriptional co-repressor 3 [Source:HGNC Symbol;Acc:HGNC:1537]
O75113,1007.1593735478109,0.8368907146878873,0.08147634910245799,10.271578487586405,9.464325293541462e-25,3.7272541075672037e-22,ENSG00000102921,N4BP1,NEDD4 binding protein 1 [Source:HGNC Symbol;Acc:HGNC:29850]
O75121,269.5641721053475,1.3823697417006249,0.15459631975233415,8.941802391642982,3.8287377996486767e-19,5.9885803853512e-17,ENSG00000198948,MFAP3L,microfibril associated protein 3 like [Source:HGNC Symbol;Acc:HGNC:29083]
O75147,21.17236477285444,0.8848742483859201,0.28715644300211807,3.0815058131201094,0.0020595645511585375,0.00958262375764776,ENSG00000124006,OBSL1,obscurin like cytoskeletal adaptor 1 [Source:HGNC Symbol;Acc:HGNC:29092]
O75167,2028.2844033211277,0.6001789840453192,0.09576268256036452,6.267357680451288,3.672259879457225e-10,1.068443527461077e-08,ENSG00000112419,PHACTR2,phosphatase and actin regulator 2 [Source:HGNC Symbol;Acc:HGNC:20956]
O75387,158.91237230456025,0.5194573642099605,0.17246141243618926,3.012020815973311,0.0025951480112392845,0.01159274746604642,ENSG00000149150,SLC43A1,solute carrier family 43 member 1 [Source:HGNC Symbol;Acc:HGNC:9225]
O75420,1706.5679320246277,0.5401848966901461,0.1264024587635275,4.273531559229546,1.924010374662049e-05,0.0001782113599445478,ENSG00000146830,GIGYF1,GRB10 interacting GYF protein 1 [Source:HGNC Symbol;Acc:HGNC:9126]
O75486,15.275446774512703,0.6654828750396522,0.21405856379346555,3.1088822761687944,0.0018779652916408754,0.008870560407335162,ENSG00000196284,SUPT3H,"SPT3 homolog, SAGA and STAGA complex component [Source:HGNC Symbol;Acc:HGNC:11466]"
O75558,49.04044015884131,1.6555719112385472,0.1916830597594073,8.637027775519405,5.769436087950556e-18,7.57375854069414e-16,ENSG00000135604,STX11,syntaxin 11 [Source:HGNC Symbol;Acc:HGNC:11429]
O75578,431.9002577234806,0.9350871134331326,0.19532512988819006,4.787336447534448,1.6900936964226452e-06,2.115398773036607e-05,ENSG00000143127,ITGA10,integrin subunit alpha 10 [Source:HGNC Symbol;Acc:HGNC:6135]
O75618,152.85955201059764,0.5091547886159098,0.14454048463972496,3.5225756291395167,0.0004273750846373343,0.002549453642572835,ENSG00000158796,DEDD,death effector domain containing [Source:HGNC Symbol;Acc:HGNC:2755]
O75643,60.60776575527726,1.039201077018796,0.20376652425360325,5.099959774184643,3.3972567353844065e-07,5.062371624470791e-06,ENSG00000144028,SNRNP200,small nuclear ribonucleoprotein U5 subunit 200 [Source:HGNC Symbol;Acc:HGNC:30859]
O75751,916.4894102061793,0.7172500998386314,0.17709777369247723,4.050023243567736,5.1212545912322275e-05,0.000414778364873432,ENSG00000146477,SLC22A3,solute carrier family 22 member 3 [Source:HGNC Symbol;Acc:HGNC:10967]
O75764,80.97676205659774,1.0380613417182352,0.2016069884681335,5.148935310257431,2.619692043340317e-07,4.003789904631141e-06,ENSG00000204219,TCEA3,transcription elongation factor A3 [Source:HGNC Symbol;Acc:HGNC:11615]
O75840,1062.8409615320752,0.6110701642573889,0.1343565487675215,4.548123406434991,5.412639491712588e-06,5.8418295807649495e-05,ENSG00000118263,KLF7,KLF transcription factor 7 [Source:HGNC Symbol;Acc:HGNC:6350]
O75897,431.04106231398913,1.1076719418397332,0.1500378390186569,7.382617272313529,1.5520771620955943e-13,8.7543503153085e-12,ENSG00000198075,SULT1C4,sulfotransferase family 1C member 4 [Source:HGNC Symbol;Acc:HGNC:11457]
O75907,71.14813358451462,0.5386570691428529,0.14330377340443243,3.7588477703420478,0.0001706976517064405,0.0011705740083127608,ENSG00000185000,DGAT1,diacylglycerol O-acyltransferase 1 [Source:HGNC Symbol;Acc:HGNC:2843]
O76050,32.99407276501815,0.7254638678907444,0.1916597298154349,3.7851658696866255,0.0001536060910767331,0.0010700027582458218,ENSG00000107954,NEURL1,neuralized E3 ubiquitin protein ligase 1 [Source:HGNC Symbol;Acc:HGNC:7761]
O76090,56.10575527747858,0.5269449855128114,0.2027698586456112,2.5987342943004847,0.00935681675966609,0.03312814846968629,ENSG00000167995,BEST1,bestrophin 1 [Source:HGNC Symbol;Acc:HGNC:12703]
O94844,687.1954587130546,0.6743741644853569,0.09583610051325323,7.036744617881206,1.967830403272425e-12,9.155808378432502e-11,ENSG00000072422,RHOBTB1,Rho related BTB domain containing 1 [Source:HGNC Symbol;Acc:HGNC:18738]
O94885,2832.204527626998,0.5292527179857197,0.12869159938349742,4.112566169984112,3.912852675352176e-05,0.00032861406284164847,ENSG00000111961,SASH1,SAM and SH3 domain containing 1 [Source:HGNC Symbol;Acc:HGNC:19182]
O94991,39.54706643834579,1.1715816440469466,0.33710825636405706,3.475386977119028,0.0005101168986073726,0.0029660211130732913,ENSG00000165300,SLITRK5,SLIT and NTRK like family member 5 [Source:HGNC Symbol;Acc:HGNC:20295]
O95050,5524.0583229040585,1.2223198006231892,0.19091588333385118,6.402399733738972,1.5295357469341094e-10,4.805182530325477e-09,ENSG00000241644,INMT,indolethylamine N-methyltransferase [Source:HGNC Symbol;Acc:HGNC:6069]
O95149,24.68503706207372,0.8140673241234005,0.25442214146133674,3.199671693067289,0.001375842123765068,0.006864891899890229,ENSG00000169371,SNUPN,snurportin 1 [Source:HGNC Symbol;Acc:HGNC:14245]
O95154,19.177103871639623,0.5748347232937553,0.21937501137732884,2.6203290870947447,0.008784495088725046,0.03152184423799905,ENSG00000162482,AKR7A3,aldo-keto reductase family 7 member A3 [Source:HGNC Symbol;Acc:HGNC:390]
O95171,2182.2762809989463,1.493859565847649,0.25241168622170135,5.918345494255538,3.251962942218789e-09,7.670458901357558e-08,ENSG00000136155,SCEL,sciellin [Source:HGNC Symbol;Acc:HGNC:10573]
O95232,1631.405113746889,0.5287465237377079,0.12085205156931157,4.37515554656893,1.2134591791267448e-05,0.00011916368166149133,ENSG00000108848,LUC7L3,LUC7 like 3 pre-mRNA splicing factor [Source:HGNC Symbol;Acc:HGNC:24309]
O95251,39.26762113786161,0.5564093468135262,0.15701797691505132,3.543602826538458,0.00039469936045544797,0.0023887759866861825,ENSG00000136504,KAT7,lysine acetyltransferase 7 [Source:HGNC Symbol;Acc:HGNC:17016]
O95273,94.05562737329575,0.9767625134810806,0.12509315627509385,7.808280984877147,5.797322741068189e-15,4.319397153091819e-13,ENSG00000166946,CCNDBP1,cyclin D1 binding protein 1 [Source:HGNC Symbol;Acc:HGNC:1587]
O95398,279.0811521557479,0.6094167125587756,0.14296381730052388,4.262733914538126,2.0194092934311485e-05,0.0001854895983229094,ENSG00000079337,RAPGEF3,Rap guanine nucleotide exchange factor 3 [Source:HGNC Symbol;Acc:HGNC:16629]
O95405,448.2769359534555,0.6901557167206632,0.08857751441140731,7.791545307030909,6.619456869886024e-15,4.85001667137762e-13,ENSG00000157077,ZFYVE9,zinc finger FYVE-type containing 9 [Source:HGNC Symbol;Acc:HGNC:6775]
O95600,156.52432663636586,0.8991580921857412,0.1687839027715054,5.327273972346726,9.969772556958342e-08,1.67714236438718e-06,ENSG00000102349,KLF8,KLF transcription factor 8 [Source:HGNC Symbol;Acc:HGNC:6351]
O95711,514.4577127832607,0.6304736785561241,0.18714627075870388,3.3688818697810032,0.0007547376819577799,0.004139513762222551,ENSG00000112799,LY86,lymphocyte antigen 86 [Source:HGNC Symbol;Acc:HGNC:16837]
O95727,81.15178065922395,0.5242951438207106,0.18372031470414582,2.8537679388640815,0.004320407798417394,0.01758299937004931,ENSG00000109943,CRTAM,cytotoxic and regulatory T cell molecule [Source:HGNC Symbol;Acc:HGNC:24313]
O95810,7450.785100351053,1.6905795895643343,0.19833097003870012,8.52403227410451,1.5409266160298676e-17,1.8469345429305814e-15,ENSG00000168497,CAVIN2,caveolae associated protein 2 [Source:HGNC Symbol;Acc:HGNC:10690]
O95847,115.54703989251055,0.749402498553641,0.1762149813050915,4.252774043406422,2.1113859275796613e-05,0.000192415310937363,ENSG00000153291,SLC25A27,solute carrier family 25 member 27 [Source:HGNC Symbol;Acc:HGNC:21065]
O95858,129.76284281618368,0.690196592002049,0.1490058987058393,4.632008517760789,3.621352509227207e-06,4.1274061105166315e-05,ENSG00000099282,TSPAN15,tetraspanin 15 [Source:HGNC Symbol;Acc:HGNC:23298]
O95859,967.8059983330671,1.437259632075292,0.17606582065239398,8.163195029845502,3.2627705303721367e-16,3.156014968281891e-14,ENSG00000106025,TSPAN12,tetraspanin 12 [Source:HGNC Symbol;Acc:HGNC:21641]
O95977,249.6239517197477,0.5475237541756264,0.16219806134142326,3.3756491886983855,0.0007364175364289504,0.004063285551264466,ENSG00000125910,S1PR4,sphingosine-1-phosphate receptor 4 [Source:HGNC Symbol;Acc:HGNC:3170]
O95990,23.415387261476496,2.462430094169811,0.3670566896016511,6.708582526699534,1.9652401640829756e-11,7.511508939113682e-10,ENSG00000168309,FAM107A,family with sequence similarity 107 member A [Source:HGNC Symbol;Acc:HGNC:30827]
O96013,315.6589499294854,0.8783370875474853,0.12144995120658386,7.232090905112445,4.756136419488802e-13,2.5093739855360295e-11,ENSG00000130669,PAK4,p21 (RAC1) activated kinase 4 [Source:HGNC Symbol;Acc:HGNC:16059]
P00167,247.92963327569507,0.7443880525628221,0.1919393847156823,3.878245487060803,0.00010521252097056693,0.0007711388958075385,ENSG00000166347,CYB5A,cytochrome b5 type A [Source:HGNC Symbol;Acc:HGNC:2570]
P00325,4488.634929346873,0.7346588366398497,0.14763335789942214,4.976238751816165,6.483167492249861e-07,8.994122606354557e-06,ENSG00000196616,ADH1B,"alcohol dehydrogenase 1B (class I), beta polypeptide [Source:HGNC Symbol;Acc:HGNC:250]"
P00367,18.206278862679557,0.5974014777636601,0.18734270992285476,3.1888162502275224,0.0014285665285260687,0.007081502859095059,ENSG00000148672,GLUD1,glutamate dehydrogenase 1 [Source:HGNC Symbol;Acc:HGNC:4335]
P00973,21.820194344008524,0.7991105087438087,0.27058195960941855,2.9533029840471037,0.003143932206768799,0.01358735663101687,ENSG00000089127,OAS1,2'-5'-oligoadenylate synthetase 1 [Source:HGNC Symbol;Acc:HGNC:8086]
P01040,128.30828882151297,0.6330686671091049,0.18242255501616755,3.4703420695593152,0.0005197959218121195,0.0030117456230102048,ENSG00000121552,CSTA,cystatin A [Source:HGNC Symbol;Acc:HGNC:2481]
P01127,1142.5733034015618,0.6993623216725,0.22268521010571532,3.1405872053222206,0.0016860950137754915,0.00812079917750703,ENSG00000100311,PDGFB,platelet derived growth factor subunit B [Source:HGNC Symbol;Acc:HGNC:8800]
P01148,125.32964469257685,0.8290226840115971,0.180550247357167,4.591645240848732,4.397654364107195e-06,4.882873448299797e-05,ENSG00000147437,GNRH1,gonadotropin releasing hormone 1 [Source:HGNC Symbol;Acc:HGNC:4419]
P01282,15.31994145851092,1.2137253956473628,0.3028422075676718,4.007781495834425,6.129178637985734e-05,0.00048518630898111047,ENSG00000146469,VIP,vasoactive intestinal peptide [Source:HGNC Symbol;Acc:HGNC:12693]
P01579,19.225252023730675,1.5515600832842473,0.36584542284032967,4.241026363643789,2.224999975286476e-05,0.0002011896246616152,ENSG00000111537,IFNG,interferon gamma [Source:HGNC Symbol;Acc:HGNC:5438]
P01583,119.23329930532145,1.8496595483525229,0.3528908207194384,5.241449875578012,1.593197576110305e-07,2.5628285443863364e-06,ENSG00000115008,IL1A,interleukin 1 alpha [Source:HGNC Symbol;Acc:HGNC:5991]
P01584,190.5410748788599,1.0708443304951696,0.36968980242448696,2.8966022959583824,0.0037722763487137577,0.015691018972941007,ENSG00000125538,IL1B,interleukin 1 beta [Source:HGNC Symbol;Acc:HGNC:5992]
P02545,17.82669213189525,1.2898842177289835,0.277717672781659,4.644588170458593,3.407555001727736e-06,3.9120363356638985e-05,ENSG00000160789,LMNA,lamin A/C [Source:HGNC Symbol;Acc:HGNC:6636]
P03372,158.9598980060691,0.5017933703177758,0.17084649038210487,2.9371008394465425,0.0033129635785026255,0.014184449380760418,ENSG00000091831,ESR1,estrogen receptor 1 [Source:HGNC Symbol;Acc:HGNC:3467]
P03951,42.049927494040034,2.552096134361402,0.28035558037844993,9.103068791840514,8.781476820054264e-20,1.561828143463522e-17,ENSG00000088926,F11,coagulation factor XI [Source:HGNC Symbol;Acc:HGNC:3529]
P04040,1375.108577893748,1.0150177025276605,0.15359326194753262,6.608478065101515,3.882910555240515e-11,1.4100135446340941e-09,ENSG00000121691,CAT,catalase [Source:HGNC Symbol;Acc:HGNC:1516]
P04732,159.9863947721146,1.6829326766859405,0.42465738888725035,3.963036369379579,7.400250281572469e-05,0.0005700493178826378,ENSG00000169715,MT1E,metallothionein 1E [Source:HGNC Symbol;Acc:HGNC:7397]
P04843,127.84791950373139,0.6029367548127957,0.2351765104997483,2.5637626544060867,0.010354432392175917,0.03598434478049916,ENSG00000163902,RPN1,ribophorin I [Source:HGNC Symbol;Acc:HGNC:10381]
P04899,22.15798974255651,0.5716573990629984,0.21768274771285898,2.6261033778251477,0.008636858196618108,0.03106282952841092,ENSG00000114353,GNAI2,G protein subunit alpha i2 [Source:HGNC Symbol;Acc:HGNC:4385]
P05091,2078.374609117,0.9998159798944171,0.13568304190541275,7.368761533157608,1.7222040272483464e-13,9.615566485300008e-12,ENSG00000111275,ALDH2,aldehyde dehydrogenase 2 family member [Source:HGNC Symbol;Acc:HGNC:404]
P05162,57.90753027343031,0.806208652436977,0.196998195716761,4.092467189882913,4.268076496388582e-05,0.00035297172648071797,ENSG00000100079,LGALS2,galectin 2 [Source:HGNC Symbol;Acc:HGNC:6562]
P05187,11.142541251483548,1.0662804032228907,0.32631342573710326,3.267657163704772,0.0010844163876483391,0.005619294880920224,ENSG00000163283,ALPP,"alkaline phosphatase, placental [Source:HGNC Symbol;Acc:HGNC:439]"
P05412,9072.29701573476,1.3289007251161384,0.18783148330818664,7.074962629857581,1.4948904004382592e-12,7.105239847255468e-11,ENSG00000177606,JUN,"Jun proto-oncogene, AP-1 transcription factor subunit [Source:HGNC Symbol;Acc:HGNC:6204]"
P05452,357.93453792432047,1.608319220288048,0.19858079476128254,8.099067295109966,5.538214398791219e-16,5.175414421650065e-14,ENSG00000163815,CLEC3B,C-type lectin domain family 3 member B [Source:HGNC Symbol;Acc:HGNC:11891]
P06241,266.70153168060045,0.8554236131421409,0.14941486114938718,5.725157501480899,1.0333782459355326e-08,2.1684228197775675e-07,ENSG00000010810,FYN,"FYN proto-oncogene, Src family tyrosine kinase [Source:HGNC Symbol;Acc:HGNC:4037]"
P06703,80.4633032470548,0.7381597123492489,0.17794728721025702,4.148193118994066,3.351096661649428e-05,0.00028601039387003284,ENSG00000197956,S100A6,S100 calcium binding protein A6 [Source:HGNC Symbol;Acc:HGNC:10496]
P06753,132.41271872702245,0.9385689699141913,0.1680416628588598,5.585334933887833,2.3325024015918125e-08,4.532247397771439e-07,ENSG00000143549,TPM3,tropomyosin 3 [Source:HGNC Symbol;Acc:HGNC:12012]
P06865,37.114109413697754,0.7754536283104055,0.19266403790251338,4.024900737846985,5.699935299175936e-05,0.0004554578735073409,ENSG00000213614,HEXA,hexosaminidase subunit alpha [Source:HGNC Symbol;Acc:HGNC:4878]
P07204,4854.493069759123,0.8301868836870056,0.20060913395484475,4.138330430527021,3.498422889238771e-05,0.00029766287962682046,ENSG00000178726,THBD,thrombomodulin [Source:HGNC Symbol;Acc:HGNC:11784]
P07332,25.133462393540487,1.0713384218658075,0.26548548669428323,4.035393554674779,5.4510848937077264e-05,0.00043843262671710507,ENSG00000182511,FES,"FES proto-oncogene, tyrosine kinase [Source:HGNC Symbol;Acc:HGNC:3657]"
P08034,60.75549623753415,0.7187220286321929,0.2684507461528112,2.6772957011006855,0.007421910008399662,0.02749014799181821,ENSG00000169562,GJB1,gap junction protein beta 1 [Source:HGNC Symbol;Acc:HGNC:4283]
P08172,76.58080711557902,1.8433355625716341,0.5472335833906781,3.3684620581037144,0.0007558880012466482,0.004143761864154506,ENSG00000181072,CHRM2,cholinergic receptor muscarinic 2 [Source:HGNC Symbol;Acc:HGNC:1951]
P08173,18.356056812761683,1.6786137096553586,0.33587096150674095,4.997793504162963,5.799003440827495e-07,8.161532985578148e-06,ENSG00000180720,CHRM4,cholinergic receptor muscarinic 4 [Source:HGNC Symbol;Acc:HGNC:1953]
P08174,169.92109218669725,1.1692558588866313,0.19412678920027862,6.023155607237299,1.7104884766936286e-09,4.267320459841774e-08,ENSG00000196352,CD55,CD55 molecule (Cromer blood group) [Source:HGNC Symbol;Acc:HGNC:2665]
P08235,650.7215083702262,0.5446904474037804,0.12422163449476047,4.384827567429528,1.1607768946622924e-05,0.00011464296298648544,ENSG00000151623,NR3C2,nuclear receptor subfamily 3 group C member 2 [Source:HGNC Symbol;Acc:HGNC:7979]
P08247,12.682297964708967,0.6212852424079632,0.19095524216186668,3.253564737863124,0.0011396675410754696,0.005857429026072805,ENSG00000102003,SYP,synaptophysin [Source:HGNC Symbol;Acc:HGNC:11506]
P08473,10.122237864147763,2.0404357444890295,0.3343167019346833,6.103301847263608,1.0389935743744164e-09,2.7441873400303447e-08,ENSG00000196549,MME,membrane metalloendopeptidase [Source:HGNC Symbol;Acc:HGNC:7154]
P08476,1709.2287886669674,0.6628369521045024,0.25491480156257584,2.600229363071296,0.0093161470419102,0.03303447113135528,ENSG00000122641,INHBA,inhibin subunit beta A [Source:HGNC Symbol;Acc:HGNC:6066]
P08588,621.6227365540069,1.6998588424870675,0.2591387407480229,6.559647691349819,5.393505174054356e-11,1.8820943529840944e-09,ENSG00000043591,ADRB1,adrenoceptor beta 1 [Source:HGNC Symbol;Acc:HGNC:285]
P08949,139.09988555605054,0.5006626679056616,0.20644552555182966,2.4251563048769813,0.015301797007002191,0.049365978816914326,ENSG00000197696,NMB,neuromedin B [Source:HGNC Symbol;Acc:HGNC:7842]
P09012,29.437228368084153,0.7979184916535749,0.23649686073250034,3.373907328757712,0.000741093122724474,0.00407989708651162,ENSG00000077312,SNRPA,small nuclear ribonucleoprotein polypeptide A [Source:HGNC Symbol;Acc:HGNC:11151]
P09067,111.91348698662871,0.6556985997047593,0.15714888859705123,4.172467305104842,3.013188478304066e-05,0.0002605994458843838,ENSG00000120075,HOXB5,homeobox B5 [Source:HGNC Symbol;Acc:HGNC:5116]
P09497,20.113975592889517,0.6407471882678457,0.22796951086052558,2.8106705403244137,0.004943838078135836,0.019702883498184547,ENSG00000175416,CLTB,clathrin light chain B [Source:HGNC Symbol;Acc:HGNC:2091]
P09914,1012.1725547283818,0.7324323824535556,0.21799963352450746,3.3597872189597777,0.0007800252386319353,0.004254928669994732,ENSG00000185745,IFIT1,interferon induced protein with tetratricopeptide repeats 1 [Source:HGNC Symbol;Acc:HGNC:5407]
P0C091,28.13645417208253,1.6568662260168523,0.41448310010751377,3.9974277011223713,6.403453982913967e-05,0.0005027475049454775,ENSG00000183090,FREM3,FRAS1 related extracellular matrix 3 [Source:HGNC Symbol;Acc:HGNC:25172]
P0CAP1,295.8648595569404,2.227740208654047,0.2889821038200486,7.708920999624526,1.268859244673771e-14,8.827577849222506e-13,ENSG00000263155,MYZAP,myocardial zonula adherens protein [Source:HGNC Symbol;Acc:HGNC:43444]
P0CG34,85.01362204055584,1.7521689287584052,0.3456766631346951,5.068808848330214,4.003130035514826e-07,5.85444494716472e-06,ENSG00000158164,TMSB15A,thymosin beta 15A [Source:HGNC Symbol;Acc:HGNC:30744]
P0DH78,18.176259702788805,0.7015922658726341,0.2504351985224092,2.8014922423528854,0.005086686409616673,0.020165698737675014,ENSG00000233198,RNF224,ring finger protein 224 [Source:HGNC Symbol;Acc:HGNC:41912]
P0DJJ0,333.9627826441536,0.7002208936000349,0.10146176146229927,6.901327983155704,5.151862982204824e-12,2.2147989514531226e-10,ENSG00000171943,SRGAP2C,SLIT-ROBO Rho GTPase activating protein 2C [Source:HGNC Symbol;Acc:HGNC:30584]
P10301,705.3540796578361,1.1063571090520394,0.14180243748233223,7.802102197219884,6.0884308049957426e-15,4.5058474152139635e-13,ENSG00000232893,IQCA1-AS1,IQCA1 antisense RNA 1 [Source:HGNC Symbol;Acc:HGNC:41137]
P10644,32.10014714425852,1.0559235400178635,0.19347193869953233,5.457760681551571,4.82176942767853e-08,8.730648847128268e-07,ENSG00000228340,MIR646HG,MIR646 host gene [Source:HGNC Symbol;Acc:HGNC:27659]
P10828,170.09727907502628,0.716680934342951,0.13226970094241317,5.418330345019647,6.01581862200364e-08,1.0673601278332122e-06,ENSG00000283904,MIR155,microRNA 155 [Source:HGNC Symbol;Acc:HGNC:31542]
P11233,1740.3664781939372,0.6465374516907544,0.15831875750589203,4.083770374882413,4.431081827526986e-05,0.0003653199200907669,ENSG00000224271,EPIC1,epigenetically induced MYC interacting lncRNA 1 [Source:HGNC Symbol;Acc:HGNC:27672]
P12980,122.84945097565148,0.546400827737814,0.16330137929581487,3.3459657848206383,0.0008199651301792414,0.00444094081065152,ENSG00000248329,APELA,apelin receptor early endogenous ligand [Source:HGNC Symbol;Acc:HGNC:48925]
P13497,10.31127797102492,1.0012751065489123,0.29409218813958965,3.404630068152852,0.0006625373982511914,0.003715128345037319,ENSG00000254130,BMP1,long intergenic non-protein coding RNA 1947 [Source:HGNC Symbol;Acc:HGNC:52771]
P14222,239.06844441456875,1.2055535297789661,0.23507497566666924,5.128378834710218,2.922478961599215e-07,4.414544590349937e-06,ENSG00000230910,ADGRB3-DT,ADGRB3 divergent transcript [Source:HGNC Symbol;Acc:HGNC:55774]
P14651,317.98294892659226,0.5819455498423713,0.20136562086496587,2.8899945648250416,0.003852484871629771,0.015958622496987356,ENSG00000120093,HOXB3,homeobox B3 [Source:HGNC Symbol;Acc:HGNC:5114]
P15056,19.44606768779682,0.7404550262416759,0.1947577181408983,3.801929049641004,0.00014357384658034018,0.0010077586290524578,ENSG00000226851,ZNF277-AS1,ZNF277 antisense RNA 1 [Source:HGNC Symbol;Acc:HGNC:55828]
P15090,46.314773538586174,1.321065847633681,0.307931642165345,4.29012698514539,1.7857098312453483e-05,0.0001664498927230977,ENSG00000230442,ASB15-AS1,ASB15 antisense RNA 1 [Source:HGNC Symbol;Acc:HGNC:40904]
P15428,1524.9099210259483,1.8946331661425413,0.30261594556870886,6.260850407541943,3.8288368583647254e-10,1.1081518119996805e-08,ENSG00000228742,HPGD,long intergenic non-protein coding RNA 2577 [Source:HGNC Symbol;Acc:HGNC:53749]
P16219,121.38309104558492,0.684317908278695,0.17803746757816274,3.843673568195767,0.00012120620488302624,0.0008665702401337143,ENSG00000253138,ACADS,long intergenic non-protein coding RNA 967 [Source:HGNC Symbol;Acc:HGNC:48725]
P16415,60.054332293016635,0.6922278573620769,0.18630511655059612,3.715560099360363,0.00020275406429088924,0.00135583327285363,ENSG00000253931,ZNF823,long intergenic non-protein coding RNA 2990 [Source:HGNC Symbol;Acc:HGNC:56101]
P16871,5389.49673272902,0.8419943456388901,0.20928898917651542,4.023118220179025,5.7432649321505664e-05,0.0004585878523303714,ENSG00000232283,HSD17B3-AS1,HSD17B3 antisense RNA 1 [Source:HGNC Symbol;Acc:HGNC:53136]
P17030,254.91036445574238,0.6539486067819493,0.1557967650306336,4.19744663281915,2.6994124095474923e-05,0.0002374664590353426,ENSG00000231651,DLG3-AS1,DLG3 antisense RNA 1 [Source:HGNC Symbol;Acc:HGNC:40182]
P17039,117.2539106678393,0.579706487694451,0.17690492719831694,3.2769380529722536,0.001049393901487549,0.005467359580299174,ENSG00000291306,LNX2BP,"ligand of numb-protein X 2B, pseudogene [Source:HGNC Symbol;Acc:HGNC:56859]"
P17342,1094.1045107339646,1.1344462557119168,0.2407104530436754,4.71290814905358,2.442062908692776e-06,2.925434839126045e-05,ENSG00000177133,PRDM16-DT,PRDM16 divergent transcript [Source:HGNC Symbol;Acc:HGNC:48664]
P17535,2442.293954175453,1.231651561489546,0.2315690841723085,5.318721909238476,1.0449871254477271e-07,1.7525586360930932e-06,ENSG00000130522,JUND,"JunD proto-oncogene, AP-1 transcription factor subunit [Source:HGNC Symbol;Acc:HGNC:6206]"
P17542,433.73368074733725,1.4796561418657477,0.19346997225762813,7.647988597917462,2.0414731064701206e-14,1.3895878978423468e-12,ENSG00000162367,TAL1,"TAL bHLH transcription factor 1, erythroid differentiation factor [Source:HGNC Symbol;Acc:HGNC:11556]"
P17947,100.51048185877745,0.6983831357737614,0.2218954123405304,3.147352747888236,0.0016475606763805036,0.007970016046697878,ENSG00000233387,IATPR,ITGB1 adjacent tumor promoting lncRNA [Source:HGNC Symbol;Acc:HGNC:53719]
P18031,19.548405023065264,0.7206114773106024,0.2358313227651896,3.0556224205556206,0.0022459389445370036,0.010295559651386215,ENSG00000196396,PTPN1,protein tyrosine phosphatase non-receptor type 1 [Source:HGNC Symbol;Acc:HGNC:9642]
P19174,458.6543918493927,0.7788506401625821,0.1567643294961046,4.968289933469435,6.754591903311805e-07,9.339546698159157e-06,ENSG00000124181,PLCG1,phospholipase C gamma 1 [Source:HGNC Symbol;Acc:HGNC:9065]
P19235,60.388119572731156,1.210003504058151,0.24510566817158266,4.936660637366842,7.947158191715647e-07,1.079227997291237e-05,ENSG00000187266,EPOR,erythropoietin receptor [Source:HGNC Symbol;Acc:HGNC:3416]
P19256,243.6173934937286,1.1832021089045428,0.22531275837858408,5.251376430785403,1.5096679626284508e-07,2.4427158655765116e-06,ENSG00000233532,CD58,long intergenic non-protein coding RNA 460 [Source:HGNC Symbol;Acc:HGNC:42809]
P19338,10.124845316066434,0.6384151413290511,0.2600555313059435,2.454918524989898,0.014091652257535595,0.04621223775281636,ENSG00000115053,NCL,nucleolin [Source:HGNC Symbol;Acc:HGNC:7667]
P20718,58.47478557327536,1.4777453249990633,0.28990800797203625,5.097290465814255,3.445494492815927e-07,5.13078565459571e-06,ENSG00000100450,GZMH,granzyme H [Source:HGNC Symbol;Acc:HGNC:4710]
P20719,364.13702403708766,0.607780203732914,0.18719293615421653,3.2468116384060663,0.0011670560090568556,0.005968982658566766,ENSG00000106004,HOXA5,homeobox A5 [Source:HGNC Symbol;Acc:HGNC:5106]
P20827,437.40493564899515,1.0141835948584026,0.20160711517261418,5.030495049691415,4.892150193957881e-07,7.0241849204132224e-06,ENSG00000259439,EFNA1,long intergenic non-protein coding RNA 1833 [Source:HGNC Symbol;Acc:HGNC:52644]
P21128,21.44606508733501,0.6917948554161054,0.25122099388541963,2.7537302703755278,0.00589203052026453,0.02273317723826346,ENSG00000111405,ENDOU,"endonuclease, poly(U) specific [Source:HGNC Symbol;Acc:HGNC:14369]"
P21145,218.7852930460588,0.7826756102800768,0.1627888870893263,4.807917937608378,1.525103416765966e-06,1.9330247559400354e-05,ENSG00000224173,MAL,long intergenic non-protein coding RNA 2831 [Source:HGNC Symbol;Acc:HGNC:54365]
P21359,13.571228866559968,0.5114543028741863,0.17096378255254502,2.991594449058197,0.0027752467443198092,0.012260675420518643,ENSG00000196712,NF1,neurofibromin 1 [Source:HGNC Symbol;Acc:HGNC:7765]
P21453,2508.0403105863475,0.6190487392847323,0.18531541037474752,3.340514089102913,0.0008362343764304615,0.004511328996525782,ENSG00000170989,S1PR1,sphingosine-1-phosphate receptor 1 [Source:HGNC Symbol;Acc:HGNC:3165]
P21506,316.70041654637436,0.5893183082728931,0.18228984184510413,3.2328642249503425,0.0012255579575897704,0.006217726063189509,ENSG00000256223,ZNF10,zinc finger protein 10 [Source:HGNC Symbol;Acc:HGNC:12879]
P21695,641.8951494353132,1.657510026815462,0.31672216355421184,5.233325032309442,1.6648759986312914e-07,2.6664615304149964e-06,ENSG00000232401,GPD1,long intergenic non-protein coding RNA 112 [Source:HGNC Symbol;Acc:HGNC:1263]
P22459,45.73805596083084,1.9090533624939015,0.3057037892442391,6.244781483453193,4.243930038050723e-10,1.2186931387912843e-08,ENSG00000250634,KCNA4,long intergenic non-protein coding RNA 1182 [Source:HGNC Symbol;Acc:HGNC:49564]
P22626,49.2167795502074,0.626536440748602,0.1696637610931691,3.6928123997236275,0.0002217876353485732,0.0014635860293170056,ENSG00000122566,HNRNPA2B1,heterogeneous nuclear ribonucleoprotein A2/B1 [Source:HGNC Symbol;Acc:HGNC:5033]
P22735,48.24894467220722,1.3973858599068865,0.2756802435788373,5.068864717203686,4.001955346719732e-07,5.85444494716472e-06,ENSG00000092295,TGM1,transglutaminase 1 [Source:HGNC Symbol;Acc:HGNC:11777]
P23352,3113.9793659888287,1.5801538351361302,0.21388306511181293,7.387933375230356,1.4912842867620364e-13,8.496641392177637e-12,ENSG00000250903,GMDS-DT,GMDS divergent transcript [Source:HGNC Symbol;Acc:HGNC:48993]
P23467,1563.9713200582573,1.4989492593827407,0.170316930293444,8.800941026826617,1.356736366435964e-18,1.9429521964531657e-16,ENSG00000127329,PTPRB,protein tyrosine phosphatase receptor type B [Source:HGNC Symbol;Acc:HGNC:9665]
P23497,768.0371175657199,0.595584308007691,0.10342922551856844,5.758375401358554,8.492731935977431e-09,1.8219718882883878e-07,ENSG00000067066,SP100,SP100 nuclear antigen [Source:HGNC Symbol;Acc:HGNC:11206]
P23771,94.69499720345763,1.8398162703867642,0.2327501698826622,7.904682824997646,2.6861666808389057e-15,2.1699897428286164e-13,ENSG00000188185,GATA3,long intergenic non-protein coding RNA 265 [Source:HGNC Symbol;Acc:HGNC:28019]
P24298,13.164038077573519,0.6137812334227148,0.25299181900252077,2.426091230312073,0.015262433062947604,0.04928945654857907,ENSG00000167701,GPT,glutamic--pyruvic transaminase [Source:HGNC Symbol;Acc:HGNC:4552]
P24530,2917.6071180465556,1.3963405623515537,0.18514928020406338,7.541701273764439,4.6387940732126064e-14,2.9567619794980005e-12,ENSG00000136160,EDNRB,endothelin receptor type B [Source:HGNC Symbol;Acc:HGNC:3180]
P24588,331.94388149182913,0.5795932752525528,0.17766770097037204,3.262232088820725,0.001105386029566095,0.005702616801547345,ENSG00000196873,ZNG1C,Zn regulated GTPase metalloprotein activator 1C [Source:HGNC Symbol;Acc:HGNC:18519]
P24941,80.1327120869765,0.5895366501711174,0.20920147537070413,2.81803294707392,0.004831885141841279,0.01933630827765697,ENSG00000226968,CDK2,long intergenic non-protein coding RNA 423 [Source:HGNC Symbol;Acc:HGNC:42758]
P25100,40.911582028799224,0.7080985249067744,0.2501082317718477,2.8311684101333854,0.0046378294335981405,0.018659165686448986,ENSG00000232677,ADRA1D,long intergenic non-protein coding RNA 665 [Source:HGNC Symbol;Acc:HGNC:44323]
P25929,75.41848991363929,0.8216708605765608,0.2530410146059268,3.2471845003316524,0.001165528071766112,0.005962550706269968,ENSG00000225930,NPY1R,long intergenic non-protein coding RNA 2249 [Source:HGNC Symbol;Acc:HGNC:32351]
P26447,19.394172987215864,1.0853242021037004,0.23644074310230384,4.590258801690956,4.42696760395064e-06,4.911083678950072e-05,ENSG00000196154,S100A4,S100 calcium binding protein A4 [Source:HGNC Symbol;Acc:HGNC:10494]
P27986,142.19800719252572,0.6266861699059604,0.16711304210560118,3.7500733755414983,0.00017678283372162085,0.0012055561579766933,ENSG00000145675,PIK3R1,phosphoinositide-3-kinase regulatory subunit 1 [Source:HGNC Symbol;Acc:HGNC:8979]
P28221,10.758759977425454,1.2916132308896437,0.2723746532104551,4.742046352938926,2.1157019859388156e-06,2.5907657744527837e-05,ENSG00000179546,HTR1D,5-hydroxytryptamine receptor 1D [Source:HGNC Symbol;Acc:HGNC:5289]
P28347,172.132095079752,1.1830213065041595,0.2482825356443544,4.764818852175516,1.8902338933555048e-06,2.3393500720573685e-05,ENSG00000187079,TEAD1,TEA domain transcription factor 1 [Source:HGNC Symbol;Acc:HGNC:11714]
P28562,25263.657122067787,0.9866021452657497,0.21650749573836728,4.556896018316071,5.191510833232485e-06,5.6456400353111065e-05,ENSG00000120129,DUSP1,dual specificity phosphatase 1 [Source:HGNC Symbol;Acc:HGNC:3064]
P28676,154.8129674294805,0.8334216003588374,0.12398785412440812,6.72180034281899,1.79492795863497e-11,6.981541657801697e-10,ENSG00000187097,ENTPD5,ectonucleoside triphosphate diphosphohydrolase 5 (inactive) [Source:HGNC Symbol;Acc:HGNC:3367]
P29475,202.4970381570228,1.1773274036846673,0.23448342994620494,5.020940728966516,5.141902560836383e-07,7.316098004947457e-06,ENSG00000146666,NOS1,long intergenic non-protein coding RNA 525 [Source:HGNC Symbol;Acc:HGNC:40290]
P30872,285.75447108461896,1.7724269303209577,0.26891302685660223,6.5910787254873435,4.3664226066758785e-11,1.5531787768972552e-09,ENSG00000139874,SSTR1,somatostatin receptor 1 [Source:HGNC Symbol;Acc:HGNC:11330]
P31371,50.809279511926064,1.302689342066614,0.27881012784792636,4.672317150462877,2.978206141203303e-06,3.4807291064174696e-05,ENSG00000102678,FGF9,fibroblast growth factor 9 [Source:HGNC Symbol;Acc:HGNC:3687]
P31483,496.77392007630874,1.0737316951052998,0.23901258347801352,4.492364709342054,7.043666440114247e-06,7.37962088694915e-05,ENSG00000116001,TIA1,TIA1 cytotoxic granule associated RNA binding protein [Source:HGNC Symbol;Acc:HGNC:11802]
P31645,1787.717692240603,2.433261516802614,0.554385329150275,4.389115997229139,1.138123538049609e-05,0.00011275910381018004,ENSG00000108576,SLC6A4,solute carrier family 6 member 4 [Source:HGNC Symbol;Acc:HGNC:11050]
P31751,192.87701041212645,0.5717154107263533,0.1176577797246176,4.8591381892848435,1.1789782455423641e-06,1.5294815427759586e-05,ENSG00000105221,AKT2,AKT serine/threonine kinase 2 [Source:HGNC Symbol;Acc:HGNC:392]
P33151,2572.5883723486904,1.1735828684631406,0.16485118058466594,7.11904436656673,1.0867792620907378e-12,5.290911665816585e-11,ENSG00000179776,CDH5,cadherin 5 [Source:HGNC Symbol;Acc:HGNC:1764]
P33402,1466.919615366656,0.679963885004726,0.24010196977019338,2.8319796195571976,0.0046260797138521674,0.018624157776603784,ENSG00000196465,MYL6B,myosin light chain 6B [Source:HGNC Symbol;Acc:HGNC:29823]
P33764,198.73471155841986,2.329949682750632,0.2447453596562093,9.51989319030801,1.733571477022334e-21,3.6761716686779384e-19,ENSG00000231887,PRH1,proline rich protein HaeIII subfamily 1 [Source:HGNC Symbol;Acc:HGNC:9366]
P35237,114.75010284367133,1.0837847599589852,0.14320393180856797,7.5681215331976075,3.7865965890256404e-14,2.470156189021415e-12,ENSG00000124570,SERPINB6,serpin family B member 6 [Source:HGNC Symbol;Acc:HGNC:8950]
P35348,45.43375574875521,1.9722912014967344,0.3484637699068532,5.659960580762648,1.5140776903405234e-08,3.043889642914303e-07,ENSG00000120907,ADRA1A,adrenoceptor alpha 1A [Source:HGNC Symbol;Acc:HGNC:277]
P35590,519.3599379763594,1.3028206563535634,0.1345283006074946,9.68436121225323,3.5139829769213056e-22,8.333051674518545e-20,ENSG00000066056,TIE1,tyrosine kinase with immunoglobulin like and EGF like domains 1 [Source:HGNC Symbol;Acc:HGNC:11809]
P35625,35405.658495344964,0.5501924081578172,0.179409782681269,3.0666800880934306,0.0021645037819469576,0.00998242710310711,ENSG00000100234,TIMP3,TIMP metallopeptidase inhibitor 3 [Source:HGNC Symbol;Acc:HGNC:11822]
P35790,62.79112705541762,0.5874749307520444,0.17694867150431803,3.320030185915854,0.0009000771529357009,0.0048075324608486195,ENSG00000110721,CHKA,choline kinase alpha [Source:HGNC Symbol;Acc:HGNC:1937]
P35858,28.227250458813042,1.599019371246626,0.195289642525577,8.187937417301601,2.6574093498563857e-16,2.6280944305709744e-14,ENSG00000099769,IGFALS,insulin like growth factor binding protein acid labile subunit [Source:HGNC Symbol;Acc:HGNC:5468]
P35916,329.58844125465487,1.1777167491713512,0.13725469164449108,8.580520891932808,9.444447463866833e-18,1.1701564290343772e-15,ENSG00000037280,FLT4,fms related receptor tyrosine kinase 4 [Source:HGNC Symbol;Acc:HGNC:3767]
P35998,12.86062087623106,1.0033505644373448,0.2277360105545059,4.4057615745279985,1.0541286098492658e-05,0.00010524106999373339,ENSG00000161057,PSMC2,"proteasome 26S subunit, ATPase 2 [Source:HGNC Symbol;Acc:HGNC:9548]"
P38117,22.976187351979,0.6396225393380035,0.14892416273241738,4.294954744766695,1.7472897600642666e-05,0.00016362941982359802,ENSG00000105379,ETFB,electron transfer flavoprotein subunit beta [Source:HGNC Symbol;Acc:HGNC:3482]
P39687,95.58811265061165,0.9439622775448532,0.19227356148472172,4.909475178259813,9.132045720168919e-07,1.2155210060867431e-05,ENSG00000140350,ANP32A,acidic nuclear phosphoprotein 32 family member A [Source:HGNC Symbol;Acc:HGNC:13233]
P40238,23.08123738661382,0.7764286762008866,0.17548720799983958,4.424417511968145,9.670284346648058e-06,9.742734169985212e-05,ENSG00000117400,MPL,"MPL proto-oncogene, thrombopoietin receptor [Source:HGNC Symbol;Acc:HGNC:7217]"
P40933,277.9372957812324,0.7018545463956266,0.12715697998654632,5.519591189330585,3.3978922992370306e-08,6.355989547699192e-07,ENSG00000164136,IL15,interleukin 15 [Source:HGNC Symbol;Acc:HGNC:5977]
P41134,2921.7168239862267,0.9330067758923523,0.20525749502964727,4.545543030024747,5.479380113506389e-06,5.898455997807251e-05,ENSG00000125968,ID1,inhibitor of DNA binding 1 [Source:HGNC Symbol;Acc:HGNC:5360]
P41161,1172.2808576033226,1.1216132383593747,0.13643006132976163,8.221159086400702,2.0154570302327227e-16,2.0112619613010166e-14,ENSG00000244405,ETV5,ETS variant transcription factor 5 [Source:HGNC Symbol;Acc:HGNC:3494]
P41226,59.098062208954346,0.9205305877347475,0.14738522771891163,6.2457452621395255,4.217841132191074e-10,1.2127805518819028e-08,ENSG00000182179,UBA7,ubiquitin like modifier activating enzyme 7 [Source:HGNC Symbol;Acc:HGNC:12471]
P41279,870.9278987542034,0.6205174943535056,0.19705695757036215,3.148924564776864,0.0016387249037942495,0.007940322412338448,ENSG00000107968,MAP3K8,mitogen-activated protein kinase kinase kinase 8 [Source:HGNC Symbol;Acc:HGNC:6860]
P41440,230.98435528222967,0.9147120552651853,0.16432877747589186,5.566353436782426,2.6012537358251395e-08,4.997216889363033e-07,ENSG00000173638,SLC19A1,solute carrier family 19 member 1 [Source:HGNC Symbol;Acc:HGNC:10937]
P42285,33.79670222896135,0.5315240033168815,0.18978133330897157,2.800718037171439,0.0050989049041242724,0.020203242679762253,ENSG00000039123,MTREX,Mtr4 exosome RNA helicase [Source:HGNC Symbol;Acc:HGNC:18734]
P42357,26.961737664288894,1.2680570465854044,0.27600110814792733,4.594391142465154,4.3401461988023675e-06,4.8317811341942156e-05,ENSG00000084110,HAL,histidine ammonia-lyase [Source:HGNC Symbol;Acc:HGNC:4806]
P42681,10.959619452855124,1.2465295274936568,0.30699693794086225,4.060397266026737,4.898928962449011e-05,0.0003989205473238978,ENSG00000074966,TXK,TXK tyrosine kinase [Source:HGNC Symbol;Acc:HGNC:12434]
P42696,15.650172779064274,0.6453923115905268,0.19941223265198335,3.2364730237832164,0.0012101666410340667,0.006156635548181155,ENSG00000188739,RBM34,RNA binding motif protein 34 [Source:HGNC Symbol;Acc:HGNC:28965]
P42702,5567.645518148967,1.6646132204488846,0.18192043478484954,9.150226704424712,5.681419339013278e-20,1.0618476449372783e-17,ENSG00000113594,LIFR,LIF receptor subunit alpha [Source:HGNC Symbol;Acc:HGNC:6597]
P42765,57.47251204766278,0.8276459904850115,0.13720909787374083,6.032005189966394,1.619375763095496e-09,4.0537699295468864e-08,ENSG00000167315,ACAA2,acetyl-CoA acyltransferase 2 [Source:HGNC Symbol;Acc:HGNC:83]
P42772,672.6988462955053,1.0679218359865246,0.1888261932178536,5.655581028180957,1.5531993201126786e-08,3.116643578029449e-07,ENSG00000147883,CDKN2B,cyclin dependent kinase inhibitor 2B [Source:HGNC Symbol;Acc:HGNC:1788]
P43005,921.9798307437316,1.5517281645720546,0.15939789399785567,9.734935171683821,2.1395407560000104e-22,5.2428257592026924e-20,ENSG00000106688,SLC1A1,solute carrier family 1 member 1 [Source:HGNC Symbol;Acc:HGNC:10939]
P43026,22.356988999992605,0.8623118871759341,0.2986969172405838,2.886912577277755,0.003890423109298797,0.01608236012230097,ENSG00000125965,GDF5,growth differentiation factor 5 [Source:HGNC Symbol;Acc:HGNC:4220]
P43354,387.1605386289075,1.427923783204953,0.4121260619617238,3.4647742887407382,0.0005306766684134763,0.0030677701822256374,ENSG00000153234,NR4A2,nuclear receptor subfamily 4 group A member 2 [Source:HGNC Symbol;Acc:HGNC:7981]
P43699,2777.3521553834858,0.8390808341476671,0.17948039381894523,4.675055677636345,2.9387387963286162e-06,3.4400714126449736e-05,ENSG00000136352,NKX2-1,NK2 homeobox 1 [Source:HGNC Symbol;Acc:HGNC:11825]
P45880,25.472785082941748,0.715153429895969,0.23281040993759522,3.0718275445142926,0.0021275260304162175,0.009834512486857946,ENSG00000165637,VDAC2,voltage dependent anion channel 2 [Source:HGNC Symbol;Acc:HGNC:12672]
P46199,165.64560197775037,0.5480869213963567,0.19442398548498951,2.8190293498467125,0.004816911348187844,0.01929038730214903,ENSG00000085760,MTIF2,mitochondrial translational initiation factor 2 [Source:HGNC Symbol;Acc:HGNC:7441]
P46721,134.33451693385874,6.553754981095088,0.49381434576255717,13.27169823504147,3.378367398012685e-40,2.4835504865257253e-36,ENSG00000084453,SLCO1A2,solute carrier organic anion transporter family member 1A2 [Source:HGNC Symbol;Acc:HGNC:10956]
P47870,44.125223865829646,1.1822795757732913,0.2972591229294819,3.9772692730906045,6.971120907551139e-05,0.0005421054319292413,ENSG00000145864,GABRB2,gamma-aminobutyric acid type A receptor subunit beta2 [Source:HGNC Symbol;Acc:HGNC:4082]
P47900,706.3402023072207,0.9835971246545464,0.2077015779734351,4.7356266343838165,2.1837929604384357e-06,2.662320063543906e-05,ENSG00000169860,P2RY1,purinergic receptor P2Y1 [Source:HGNC Symbol;Acc:HGNC:8539]
P47928,2720.526743138185,0.803913103747046,0.17529236230606005,4.586127388387953,4.515431549986653e-06,4.9966546614854815e-05,ENSG00000172201,ID4,inhibitor of DNA binding 4 [Source:HGNC Symbol;Acc:HGNC:5363]
P47992,38.17174040392823,1.375721827788657,0.2626219618321774,5.23841120594393,1.619648689202512e-07,2.6034790227166327e-06,ENSG00000143184,XCL1,X-C motif chemokine ligand 1 [Source:HGNC Symbol;Acc:HGNC:10645]
P48048,13.631618453908278,0.5504161260812233,0.22204311857929465,2.4788704536441744,0.013179916577987992,0.043841610891545583,ENSG00000151704,KCNJ1,potassium inwardly rectifying channel subfamily J member 1 [Source:HGNC Symbol;Acc:HGNC:6255]
P48357,1578.6106911794845,0.6667290009492423,0.15840274820527417,4.2090747067420065,2.5641860350451052e-05,0.0002272019237319596,ENSG00000116678,LEPR,leptin receptor [Source:HGNC Symbol;Acc:HGNC:6554]
P48960,2742.563713331128,0.6077536615362451,0.17198277168065085,3.5338054829396683,0.0004096224216824452,0.002463174085654653,ENSG00000123146,ADGRE5,adhesion G protein-coupled receptor E5 [Source:HGNC Symbol;Acc:HGNC:1711]
P49184,29.440554478090398,0.6127627959719997,0.1517803504115607,4.037168146670236,5.410029381761209e-05,0.000435925421941402,ENSG00000013563,DNASE1L1,deoxyribonuclease 1 like 1 [Source:HGNC Symbol;Acc:HGNC:2957]
P49238,261.46582908304293,1.9234751180586003,0.2846045232855713,6.758413730932137,1.3951067662778052e-11,5.583971800996499e-10,ENSG00000168329,CX3CR1,C-X3-C motif chemokine receptor 1 [Source:HGNC Symbol;Acc:HGNC:2558]
P49279,554.8739746669263,1.2678641507795356,0.32550933796641246,3.8950162188906527,9.819215922926761e-05,0.0007269318159255683,ENSG00000018280,SLC11A1,solute carrier family 11 member 1 [Source:HGNC Symbol;Acc:HGNC:10907]
P49321,102.75181635803217,0.9393255100587501,0.19416612241212097,4.837741509123901,1.313227716806042e-06,1.68775781272963e-05,ENSG00000132780,NASP,nuclear autoantigenic sperm protein [Source:HGNC Symbol;Acc:HGNC:7644]
P49326,669.4948182156211,1.1268802261920638,0.201211403548526,5.600478930709784,2.137603892707193e-08,4.1945428023454917e-07,ENSG00000131781,FMO5,flavin containing dimethylaniline monoxygenase 5 [Source:HGNC Symbol;Acc:HGNC:3773]
P49407,1420.2124615479431,1.361331983281041,0.1508738495378903,9.022981699284857,1.8303815674546085e-19,3.035130457792777e-17,ENSG00000137486,ARRB1,arrestin beta 1 [Source:HGNC Symbol;Acc:HGNC:711]
P49638,30.900844957527095,1.8840899242885434,0.25131878933357654,7.496812829970235,6.538824410031672e-14,4.005756487189958e-12,ENSG00000137561,TTPA,alpha tocopherol transfer protein [Source:HGNC Symbol;Acc:HGNC:12404]
P49641,189.47203519058706,0.8949946411120133,0.14815075553617438,6.04110750480432,1.5305994990739501e-09,3.853406547097819e-08,ENSG00000196547,MAN2A2,mannosidase alpha class 2A member 2 [Source:HGNC Symbol;Acc:HGNC:6825]
P49756,199.34979007143627,0.8371971421364693,0.18037271091046647,4.64148450123388,3.459149718593587e-06,3.9630175529279464e-05,ENSG00000119707,RBM25,RNA binding motif protein 25 [Source:HGNC Symbol;Acc:HGNC:23244]
P50052,299.1914432527443,1.1445950744447004,0.4468949664248775,2.56121719965066,0.010430612275990344,0.03619775344369647,ENSG00000180772,AGTR2,angiotensin II receptor type 2 [Source:HGNC Symbol;Acc:HGNC:338]
P50120,13.605227754901398,2.291426480061819,0.32494200057474115,7.05180147844495,1.7661606736145765e-12,8.305097547099333e-11,ENSG00000114113,RBP2,retinol binding protein 2 [Source:HGNC Symbol;Acc:HGNC:9920]
P50225,28.976645928961563,2.1068880044445235,0.2061305142032381,10.221135927343582,1.5946117264270432e-24,6.063373623210692e-22,ENSG00000196502,SULT1A1,sulfotransferase family 1A member 1 [Source:HGNC Symbol;Acc:HGNC:11453]
P50454,19.277634224003048,0.7888912704653932,0.2532357636785012,3.1152443043824585,0.0018379261770980462,0.00870567523834199,ENSG00000149257,SERPINH1,serpin family H member 1 [Source:HGNC Symbol;Acc:HGNC:1546]
P50539,32.06956165484765,0.546731337860809,0.15529017276556498,3.5207078987939964,0.0004303964511041337,0.002564009544205987,ENSG00000119950,MXI1,"MAX interactor 1, dimerization protein [Source:HGNC Symbol;Acc:HGNC:7534]"
P50549,241.17723223887893,0.551955097805918,0.1526171586374907,3.616599226021295,0.00029849892375087057,0.0018878965484375393,ENSG00000006468,ETV1,ETS variant transcription factor 1 [Source:HGNC Symbol;Acc:HGNC:3490]
P50616,1113.5636097107924,0.5564853749375089,0.15216279069443117,3.6571711940735003,0.00025501406984197625,0.001647358024690962,ENSG00000141232,TOB1,"transducer of ERBB2, 1 [Source:HGNC Symbol;Acc:HGNC:11979]"
P50750,935.1911674026178,0.5125434979830441,0.13585510319494823,3.772721715485054,0.00016147636203604892,0.0011170638922029558,ENSG00000136807,CDK9,cyclin dependent kinase 9 [Source:HGNC Symbol;Acc:HGNC:1780]
P51160,12.064096882900172,0.8723849542550378,0.20099296068189249,4.340375659403037,1.422393377803767e-05,0.000136626583423712,ENSG00000095464,PDE6C,phosphodiesterase 6C [Source:HGNC Symbol;Acc:HGNC:8787]
P51172,35.87113033254311,0.6564149134514284,0.26722943217727607,2.456372069884774,0.014034776295973496,0.046066921434054595,ENSG00000162572,SCNN1D,sodium channel epithelial 1 subunit delta [Source:HGNC Symbol;Acc:HGNC:10601]
P51674,95.9203197760602,2.535346974406734,0.2645683888897558,9.582955034976607,9.430729076108737e-22,2.1441783406649699e-19,ENSG00000150625,GPM6A,glycoprotein M6A [Source:HGNC Symbol;Acc:HGNC:4460]
P51793,213.28071203496643,0.6528693931854703,0.10724954038115005,6.087386396857858,1.1476875529408986e-09,2.9883236472914495e-08,ENSG00000073464,CLCN4,chloride voltage-gated channel 4 [Source:HGNC Symbol;Acc:HGNC:2022]
P51826,80.16172316399931,2.442365944043993,0.23660350665684135,10.322610930641387,5.568785251651467e-25,2.361807498844643e-22,ENSG00000144218,AFF3,ALF transcription elongation factor 3 [Source:HGNC Symbol;Acc:HGNC:6473]
P51854,12.952527106252047,2.3576679582036184,0.4547015810493251,5.185088542605844,2.159122629437149e-07,3.3723293533715925e-06,ENSG00000007350,TKTL1,transketolase like 1 [Source:HGNC Symbol;Acc:HGNC:11835]
P52429,282.2557739821319,1.0645706236086663,0.13389814963326505,7.9505999636621505,1.8561039846325155e-15,1.5388916269581016e-13,ENSG00000153933,DGKE,diacylglycerol kinase epsilon [Source:HGNC Symbol;Acc:HGNC:2852]
P52747,13.282210462373774,0.756010041617014,0.26628257874446426,2.839126934933706,0.004523715770793415,0.018275513392393843,ENSG00000166478,ZNF143,zinc finger protein 143 [Source:HGNC Symbol;Acc:HGNC:12928]
P52790,128.2472471537453,0.6335943856451682,0.25200781119653676,2.514185503365363,0.011930766023080481,0.0403745763193213,ENSG00000160883,HK3,hexokinase 3 [Source:HGNC Symbol;Acc:HGNC:4925]
P52823,461.03617600324344,1.0348701603182613,0.40311926815948845,2.5671562786942483,0.010253638886139628,0.035711371257234406,ENSG00000159167,STC1,stanniocalcin 1 [Source:HGNC Symbol;Acc:HGNC:11373]
P52888,16.32512778307632,1.1407904072858308,0.2504335683437123,4.555261560303814,5.2320433970450095e-06,5.6841125654399334e-05,ENSG00000172009,THOP1,thimet oligopeptidase 1 [Source:HGNC Symbol;Acc:HGNC:11793]
P53355,1445.2046128335849,1.23218425430244,0.15931681471869996,7.734175808611689,1.0407512838975905e-14,7.333140196510371e-13,ENSG00000196730,DAPK1,death associated protein kinase 1 [Source:HGNC Symbol;Acc:HGNC:2674]
P53420,1150.6056293865238,0.9610896551919902,0.19875423763702288,4.835568119796221,1.327658975070284e-06,1.7033269945433415e-05,ENSG00000081052,COL4A4,collagen type IV alpha 4 chain [Source:HGNC Symbol;Acc:HGNC:2206]
P53539,3350.7186486066203,2.849853103776676,0.6095522727671975,4.6753219224975355,2.934928582746174e-06,3.43743573892109e-05,ENSG00000125740,FOSB,"FosB proto-oncogene, AP-1 transcription factor subunit [Source:HGNC Symbol;Acc:HGNC:3797]"
P53990,76.002639911412,0.5166022130443503,0.15334207310982165,3.3689528422794073,0.0007545433720575876,0.004139477494367671,ENSG00000182149,IST1,IST1 factor associated with ESCRT-III [Source:HGNC Symbol;Acc:HGNC:28977]
P54257,21.097785507124424,0.5366113173676053,0.21633562598893058,2.4804574600905656,0.013121391970846536,0.04366510037398192,ENSG00000173805,HAP1,huntingtin associated protein 1 [Source:HGNC Symbol;Acc:HGNC:4812]
P54851,17804.349652163703,1.9432978216144254,0.15453106556606266,12.575450861585225,2.8815166988870104e-36,9.078424182464875e-33,ENSG00000213853,EMP2,epithelial membrane protein 2 [Source:HGNC Symbol;Acc:HGNC:3334]
P54868,23.3346566247115,3.359967100448905,0.6730811186012016,4.991920004280606,5.978201633109833e-07,8.392314374067745e-06,ENSG00000134240,HMGCS2,3-hydroxy-3-methylglutaryl-CoA synthase 2 [Source:HGNC Symbol;Acc:HGNC:5008]
P55055,13.230837801721645,0.6410132973483618,0.22986872309269493,2.788605986599891,0.005293542343908556,0.02083594196904503,ENSG00000131408,NR1H2,nuclear receptor subfamily 1 group H member 2 [Source:HGNC Symbol;Acc:HGNC:7965]
P55061,471.13095000260915,0.8699895951934937,0.22723997230609744,3.8285059902295617,0.00012892349374043992,0.0009153365768456996,ENSG00000139644,TMBIM6,transmembrane BAX inhibitor motif containing 6 [Source:HGNC Symbol;Acc:HGNC:11723]
P55107,480.2320030733212,0.8424273491584858,0.22251013259218708,3.786017919024267,0.00015308064069360076,0.0010673539202834875,ENSG00000266524,GDF10,growth differentiation factor 10 [Source:HGNC Symbol;Acc:HGNC:4215]
P55345,84.95266810131909,0.5217363609874842,0.11198178757179691,4.659117989637144,3.1756714652832034e-06,3.67644401550424e-05,ENSG00000160310,PRMT2,protein arginine methyltransferase 2 [Source:HGNC Symbol;Acc:HGNC:5186]
P55916,41.11337983430122,0.6775738252639097,0.19248743821169664,3.520093734733576,0.0004313943133553002,0.0025692601098400727,ENSG00000175564,UCP3,uncoupling protein 3 [Source:HGNC Symbol;Acc:HGNC:12519]
P56199,276.4373935453616,0.798817957289264,0.16588197560126092,4.8155802002830255,1.4677279861500943e-06,1.866740081116158e-05,ENSG00000213949,ITGA1,integrin subunit alpha 1 [Source:HGNC Symbol;Acc:HGNC:6134]
P56539,15.068566164572813,1.9656552752697074,0.3219935394412812,6.104641971017449,1.0303137384388426e-09,2.7277958208319608e-08,ENSG00000182533,CAV3,caveolin 3 [Source:HGNC Symbol;Acc:HGNC:1529]
P56704,151.8284482393138,2.002593316036785,0.2563832727884444,7.810935925173372,5.6764869267422386e-15,4.243703141775367e-13,ENSG00000154342,WNT3A,Wnt family member 3A [Source:HGNC Symbol;Acc:HGNC:15983]
P56856,5805.810468114243,2.092530756590085,0.3077411954506986,6.7996445959257885,1.0487755470231118e-11,4.3152417750089007e-10,ENSG00000066405,CLDN18,claudin 18 [Source:HGNC Symbol;Acc:HGNC:2039]
P57087,657.2867201149355,1.0130481772097637,0.1301385464394178,7.784382144466002,7.00547126368535e-15,5.082192870043313e-13,ENSG00000154721,JAM2,junctional adhesion molecule 2 [Source:HGNC Symbol;Acc:HGNC:14686]
P57740,41.29323980427084,0.753276499642084,0.16627240455564615,4.5303759313229035,5.887882352381812e-06,6.297350019370925e-05,ENSG00000111581,NUP107,nucleoporin 107 [Source:HGNC Symbol;Acc:HGNC:29914]
P57796,78.17615158594218,1.0930801338459575,0.18035904468156427,6.060578418874764,1.3563290393852841e-09,3.465200375219296e-08,ENSG00000175544,CABP4,calcium binding protein 4 [Source:HGNC Symbol;Acc:HGNC:1386]
P58557,20.17665072717694,0.7707521957445499,0.2267486396316231,3.3991480477974094,0.0006759611585731379,0.0037721779835961492,ENSG00000182362,YBEY,ybeY metalloendoribonuclease [Source:HGNC Symbol;Acc:HGNC:1299]
P60508,32.45489992419459,0.6142686781950358,0.2233200828989786,2.7506199631535484,0.005948260729661929,0.02290204995320604,ENSG00000244476,ERVFRD-1,"endogenous retrovirus group FRD member 1, envelope [Source:HGNC Symbol;Acc:HGNC:33823]"
P60903,3529.1250145249032,0.9875749049945065,0.192981876258756,5.117448975728352,3.0969580521550647e-07,4.6462797879066526e-06,ENSG00000197747,S100A10,S100 calcium binding protein A10 [Source:HGNC Symbol;Acc:HGNC:10487]
P60953,80.55434824861223,0.8360308253033482,0.2213080168721997,3.7776798017495086,0.00015829621654164466,0.0010981644415254581,ENSG00000070831,CDC42,cell division cycle 42 [Source:HGNC Symbol;Acc:HGNC:1736]
P61328,40.29021859691601,1.7778242083968672,0.26283422625597425,6.764051370788537,1.341854700726338e-11,5.42001164282393e-10,ENSG00000114279,FGF12,fibroblast growth factor 12 [Source:HGNC Symbol;Acc:HGNC:3668]
P61626,60.528022253336694,0.8285034621697783,0.2818688084292208,2.9393229665488914,0.0032893012138952536,0.014105045493145231,ENSG00000090382,LYZ,lysozyme [Source:HGNC Symbol;Acc:HGNC:6740]
P61647,516.1871095307825,1.9485774364793516,0.23158728379062227,8.414008768465274,3.962310835686689e-17,4.5043712974347545e-15,ENSG00000148488,ST8SIA6,"ST8 alpha-N-acetyl-neuraminide alpha-2,8-sialyltransferase 6 [Source:HGNC Symbol;Acc:HGNC:23317]"
P61769,38.451544364114454,0.6718214203087018,0.19820426645837452,3.3895406608202006,0.0007000982536617933,0.003886223731753634,ENSG00000166710,B2M,beta-2-microglobulin [Source:HGNC Symbol;Acc:HGNC:914]
P61925,420.131661350577,0.7531243095415727,0.12818981034582996,5.875071563877011,4.226607194257203e-09,9.724886150093866e-08,ENSG00000171033,PKIA,cAMP-dependent protein kinase inhibitor alpha [Source:HGNC Symbol;Acc:HGNC:9017]
P62312,151.22703203767395,0.635625190821866,0.132135773236268,4.81039445453824,1.5063272881194596e-06,1.9103244400337296e-05,ENSG00000164167,LSM6,"LSM6 homolog, U6 small nuclear RNA and mRNA degradation associated [Source:HGNC Symbol;Acc:HGNC:17017]"
P62328,78172.8722515046,0.5527299752023758,0.10151698704053232,5.444704293496115,5.189151748121052e-08,9.326939906524995e-07,ENSG00000205542,TMSB4X,thymosin beta 4 X-linked [Source:HGNC Symbol;Acc:HGNC:11881]
P62745,12507.930938400064,0.5528423460838036,0.1716380149435595,3.2209784427161847,0.0012775375715048485,0.006441429721529018,ENSG00000143878,RHOB,ras homolog family member B [Source:HGNC Symbol;Acc:HGNC:668]
P62834,1597.463260889901,0.5186261911290703,0.0812315131708849,6.384544259788047,1.7190865869388159e-10,5.354906156546419e-09,ENSG00000116473,RAP1A,"RAP1A, member of RAS oncogene family [Source:HGNC Symbol;Acc:HGNC:9855]"
P62857,35.83675893981576,0.5387253006433937,0.16287331293899923,3.3076339574744327,0.0009408770110103974,0.004983213640927786,ENSG00000233927,RPS28,ribosomal protein S28 [Source:HGNC Symbol;Acc:HGNC:10418]
P62877,21.028095760037633,0.8022996446665194,0.1769709507831418,4.533510393181128,5.801141037767153e-06,6.210600215869747e-05,ENSG00000100387,RBX1,ring-box 1 [Source:HGNC Symbol;Acc:HGNC:9928]
P62995,45.86964392707272,0.5139702465053005,0.15961236430561185,3.2201154888050847,0.001281389634482075,0.006459375314026899,ENSG00000136527,TRA2B,transformer 2 beta homolog [Source:HGNC Symbol;Acc:HGNC:10781]
P63027,1436.482038331173,0.5695284728927025,0.083465634521417,6.823508575215628,8.884343505120906e-12,3.682994580111588e-10,ENSG00000220205,VAMP2,vesicle associated membrane protein 2 [Source:HGNC Symbol;Acc:HGNC:12643]
P63096,20.79744979037946,0.7744725912412337,0.18885926792175264,4.100792085893873,4.117383740381413e-05,0.0003427889052864163,ENSG00000127955,GNAI1,G protein subunit alpha i1 [Source:HGNC Symbol;Acc:HGNC:4384]
P63261,22.685056270008243,0.823383939093624,0.27236088675832787,3.0231357699471424,0.002501699773083828,0.01124362885583671,ENSG00000184009,ACTG1,actin gamma 1 [Source:HGNC Symbol;Acc:HGNC:144]
P78310,1223.1005391544961,0.7651042910529776,0.10979880301998922,6.968238906153539,3.2093290811526347e-12,1.4269867652366976e-10,ENSG00000154639,CXADR,CXADR Ig-like cell adhesion molecule [Source:HGNC Symbol;Acc:HGNC:2559]
P78380,2308.0470412604036,1.3557328851859574,0.28698519302076086,4.724051686833481,2.3119161645252168e-06,2.7953398625240755e-05,ENSG00000173391,OLR1,oxidized low density lipoprotein receptor 1 [Source:HGNC Symbol;Acc:HGNC:8133]
P78414,66.12583429740334,0.6879097796864071,0.19419983502347768,3.5422778788830724,0.0003966873514000561,0.002397517908406916,ENSG00000170549,IRX1,iroquois homeobox 1 [Source:HGNC Symbol;Acc:HGNC:14358]
P80217,252.1891482050132,0.565849756537173,0.1586032925149796,3.567704979918561,0.0003601216399560986,0.002206758168266685,ENSG00000068079,IFI35,interferon induced protein 35 [Source:HGNC Symbol;Acc:HGNC:5399]
P82987,416.0468332108532,0.9063645877378386,0.21021884798450272,4.311528658955716,1.621297552914111e-05,0.00015306548044506765,ENSG00000156218,ADAMTSL3,ADAMTS like 3 [Source:HGNC Symbol;Acc:HGNC:14633]
P84103,618.8324903824565,0.5313402748035689,0.1203718202616731,4.4141583441083005,1.0140372060224638e-05,0.00010165262064372463,ENSG00000112081,SRSF3,serine and arginine rich splicing factor 3 [Source:HGNC Symbol;Acc:HGNC:10785]
P84243,5509.585471525828,0.5912984481130786,0.10959613790342425,5.395248951510762,6.84286079227618e-08,1.1929838095878172e-06,ENSG00000163041,H3-3A,H3.3 histone A [Source:HGNC Symbol;Acc:HGNC:4764]
Q00403,143.03153647443912,0.5341595064389595,0.1583852874587075,3.372532354548523,0.0007448033519769116,0.004093170477074211,ENSG00000137947,GTF2B,general transcription factor IIB [Source:HGNC Symbol;Acc:HGNC:4648]
Q00G26,168.36567981198394,1.0013003041856192,0.23710776341866496,4.222975619813879,2.4109790872132333e-05,0.00021570682673184845,ENSG00000214456,PLIN5,perilipin 5 [Source:HGNC Symbol;Acc:HGNC:33196]
Q01082,996.5494502537287,1.0401860125830082,0.17263804177623085,6.025242188110958,1.688565801727351e-09,4.2173986626608154e-08,ENSG00000115306,SPTBN1,"spectrin beta, non-erythrocytic 1 [Source:HGNC Symbol;Acc:HGNC:11275]"
Q01118,2234.1018381192757,0.6367781181340559,0.15086651339009216,4.220804894506663,2.4343156208175884e-05,0.00021726587090858398,ENSG00000136546,SCN7A,sodium voltage-gated channel alpha subunit 7 [Source:HGNC Symbol;Acc:HGNC:10594]
Q01543,19.395913660142813,0.5299377138179245,0.207288709176322,2.556519918155088,0.01057250180810937,0.03661525673304712,ENSG00000151702,FLI1,"Fli-1 proto-oncogene, ETS transcription factor [Source:HGNC Symbol;Acc:HGNC:3749]"
Q01581,1039.3921910351817,0.5722087113312923,0.16767755887628988,3.4125539229340744,0.0006435719310111581,0.003619734279427705,ENSG00000112972,HMGCS1,3-hydroxy-3-methylglutaryl-CoA synthase 1 [Source:HGNC Symbol;Acc:HGNC:5007]
Q01955,215.72055713149632,1.4638270204936006,0.22174418051351502,6.601422491014966,4.072311647903102e-11,1.4627159785481272e-09,ENSG00000169031,COL4A3,collagen type IV alpha 3 chain [Source:HGNC Symbol;Acc:HGNC:2204]
Q02325,23.88366331758919,0.8451372018883143,0.2632082716621391,3.210906695869931,0.0013231688890975688,0.0066366082966017245,ENSG00000183281,PLGLB1,plasminogen like B1 [Source:HGNC Symbol;Acc:HGNC:9072]
Q02446,10.874745135272255,0.9110104413689334,0.2711343321393599,3.359996626693091,0.0007794342420066738,0.004252756747455513,ENSG00000105866,SP4,Sp4 transcription factor [Source:HGNC Symbol;Acc:HGNC:11209]
Q02930,584.1482522663331,0.7388925650416802,0.2207758595976883,3.3467996292173283,0.0008175027778064592,0.004430869073910949,ENSG00000146592,CREB5,cAMP responsive element binding protein 5 [Source:HGNC Symbol;Acc:HGNC:16844]
Q03135,45.829715441709816,2.042677342517308,0.24630860687433587,8.293162664670753,1.1027637156304446e-16,1.1863585846104306e-14,ENSG00000105974,CAV1,caveolin 1 [Source:HGNC Symbol;Acc:HGNC:1527]
Q03924,1134.922516289856,0.5826015751682536,0.17817401153686532,3.2698459788997325,0.0010760605715698928,0.005583495275468186,ENSG00000152926,ZNF117,zinc finger protein 117 [Source:HGNC Symbol;Acc:HGNC:12897]
Q04759,303.9456561874339,0.6696259612583975,0.14960925387406301,4.4758325031289194,7.611414067105636e-06,7.894270641011042e-05,ENSG00000065675,PRKCQ,protein kinase C theta [Source:HGNC Symbol;Acc:HGNC:9410]
Q05209,1671.152550931114,0.6541277367974888,0.13227431573070225,4.945236217507484,7.605158784705029e-07,1.039183220804738e-05,ENSG00000127947,PTPN12,protein tyrosine phosphatase non-receptor type 12 [Source:HGNC Symbol;Acc:HGNC:9645]
Q05BQ5,709.9593721571069,0.5350483364247701,0.11489789521593038,4.656728788801926,3.2127321949459544e-06,3.715448129383224e-05,ENSG00000011258,MBTD1,mbt domain containing 1 [Source:HGNC Symbol;Acc:HGNC:19866]
Q06055,49.72498484099042,0.7631196342173774,0.29653251099649486,2.57347712617723,0.01006823018593013,0.03519491972111319,ENSG00000135390,ATP5MC2,ATP synthase membrane subunit c locus 2 [Source:HGNC Symbol;Acc:HGNC:842]
Q06418,57.59844180606498,0.5976150514312879,0.19108410925387287,3.1274973819895258,0.001763013900220395,0.008423203759848482,ENSG00000092445,TYRO3,TYRO3 protein tyrosine kinase [Source:HGNC Symbol;Acc:HGNC:12446]
Q06455,341.44142748677467,0.5970600648742579,0.17574856989008797,3.3972399618822244,0.0006806924816331415,0.0037947401390134735,ENSG00000079102,RUNX1T1,RUNX1 partner transcriptional co-repressor 1 [Source:HGNC Symbol;Acc:HGNC:1535]
Q06481,4344.669777043667,0.6279117975792234,0.10943977843485538,5.737509766186079,9.60787411504303e-09,2.0354664335558021e-07,ENSG00000084234,APLP2,amyloid beta precursor like protein 2 [Source:HGNC Symbol;Acc:HGNC:598]
Q07866,222.25272311822553,0.8653658986670523,0.18461092756071865,4.687511785468024,2.7654678017659126e-06,3.264969320136266e-05,ENSG00000126214,KLC1,kinesin light chain 1 [Source:HGNC Symbol;Acc:HGNC:6387]
Q08174,88.7963074617444,0.8065898237583161,0.18455272024295072,4.370511703628628,1.2395571008185507e-05,0.00012160672731962776,ENSG00000156453,PCDH1,protocadherin 1 [Source:HGNC Symbol;Acc:HGNC:8655]
Q08722,21.6121313961538,0.5713265608114018,0.16513550533664215,3.4597439214946912,0.0005406893199586988,0.003114459889354348,ENSG00000196776,CD47,CD47 molecule [Source:HGNC Symbol;Acc:HGNC:1682]
Q08AI8,351.1088209237169,0.8273831537855905,0.184547239599029,4.483313625190326,7.349279224505926e-06,7.652549764742856e-05,ENSG00000172478,MAB21L4,mab-21 like 4 [Source:HGNC Symbol;Acc:HGNC:26216]
Q09327,871.526179234038,1.371492244467176,0.18139831946031423,7.560666761123037,4.0100840019215996e-14,2.593501248632814e-12,ENSG00000128268,MGAT3,"beta-1,4-mannosyl-glycoprotein 4-beta-N-acetylglucosaminyltransferase [Source:HGNC Symbol;Acc:HGNC:7046]"
Q0D2J5,59.79493711919107,0.8669652806959726,0.1936713171918352,4.476477432315011,7.588468537468628e-06,7.875580476486265e-05,ENSG00000197054,ZNF763,zinc finger protein 763 [Source:HGNC Symbol;Acc:HGNC:27614]
Q0VAM2,406.51430065396414,0.7215487488413689,0.19360738751301798,3.7268657880777023,0.00019387562765890059,0.0013055482915423698,ENSG00000138670,RASGEF1B,RasGEF domain family member 1B [Source:HGNC Symbol;Acc:HGNC:24881]
Q0VF96,2430.8184035505055,0.8834140676369485,0.15331174788237048,5.762207266169544,8.302095597124298e-09,1.7828083378673737e-07,ENSG00000128849,CGNL1,cingulin like 1 [Source:HGNC Symbol;Acc:HGNC:25931]
Q10587,953.3462296447804,0.6577883023917779,0.27068676436434774,2.430071909634956,0.015095827421356624,0.04887307368623003,ENSG00000167074,TEF,"TEF transcription factor, PAR bZIP family member [Source:HGNC Symbol;Acc:HGNC:11722]"
Q12794,784.306439052869,1.3638274038019549,0.15926132615279245,8.563456281241333,1.0953341406117613e-17,1.349525091455407e-15,ENSG00000114378,HYAL1,hyaluronidase 1 [Source:HGNC Symbol;Acc:HGNC:5320]
Q12796,1563.6180414069847,0.5079852547121568,0.15306643646305054,3.3187239897283543,0.0009042976451202715,0.004825400499753803,ENSG00000146278,PNRC1,proline rich nuclear receptor coactivator 1 [Source:HGNC Symbol;Acc:HGNC:17278]
Q12802,35.875500346251684,0.693502606822412,0.1804372558164135,3.843455741357642,0.00012131388551689363,0.0008669657910530046,ENSG00000170776,AKAP13,A-kinase anchoring protein 13 [Source:HGNC Symbol;Acc:HGNC:371]
Q12851,253.12051322449219,1.8556883561585327,0.16700633780410762,11.111484633207082,1.1031006609800111e-28,9.356839222020448e-26,ENSG00000168067,MAP4K2,mitogen-activated protein kinase kinase kinase kinase 2 [Source:HGNC Symbol;Acc:HGNC:6864]
Q12870,16.32263709766551,1.0759151726807756,0.2780654301870161,3.8692877858177357,0.00010915374133485527,0.0007944807298346198,ENSG00000125878,TCF15,transcription factor 15 [Source:HGNC Symbol;Acc:HGNC:11627]
Q12889,61.834570963969234,0.6258266598757874,0.226578318047758,2.7620765537851515,0.005743500985722773,0.02225745400441575,ENSG00000085465,OVGP1,oviductal glycoprotein 1 [Source:HGNC Symbol;Acc:HGNC:8524]
Q12891,1732.4274936091072,0.6504891765684904,0.18545035860702433,3.5076188660648495,0.00045213631204322655,0.002674018296004644,ENSG00000068001,HYAL2,hyaluronidase 2 [Source:HGNC Symbol;Acc:HGNC:5321]
Q12918,204.12768462022777,1.017786313215014,0.19813418144035186,5.1368537514129935,2.7937619918178887e-07,4.239998896763035e-06,ENSG00000111796,KLRB1,killer cell lectin like receptor B1 [Source:HGNC Symbol;Acc:HGNC:6373]
Q12934,73.92946017070956,1.3256219383879027,0.1668705680399394,7.944012859539277,1.957432881998692e-15,1.6107919693880284e-13,ENSG00000125864,BFSP1,beaded filament structural protein 1 [Source:HGNC Symbol;Acc:HGNC:1040]
Q12946,1282.5016548605129,0.9724154622707196,0.20921157162721624,4.6480003697090835,3.351683133823549e-06,3.863984309113673e-05,ENSG00000103241,FOXF1,forkhead box F1 [Source:HGNC Symbol;Acc:HGNC:3809]
Q12955,377.28216603004705,0.9278540411129224,0.17604471015675588,5.270559054496617,1.360088564019933e-07,2.226829487074655e-06,ENSG00000151150,ANK3,ankyrin 3 [Source:HGNC Symbol;Acc:HGNC:494]
Q13207,13.49874171583423,1.6514622746054053,0.26272478632592555,6.285902056293498,3.2595540825458403e-10,9.584827431528795e-09,ENSG00000121068,TBX2,T-box transcription factor 2 [Source:HGNC Symbol;Acc:HGNC:11597]
Q13237,13.555751891558343,1.9324209796679435,0.39162038990595277,4.934423818259341,8.038771398691994e-07,1.0896562042209787e-05,ENSG00000138669,PRKG2,protein kinase cGMP-dependent 2 [Source:HGNC Symbol;Acc:HGNC:9416]
Q13241,311.0578705680299,1.7622945267474575,0.2352453221046549,7.491305293473405,6.819198986077483e-14,4.165944998308942e-12,ENSG00000134539,KLRD1,killer cell lectin like receptor D1 [Source:HGNC Symbol;Acc:HGNC:6378]
Q13258,79.63517606143625,1.0330059685400947,0.24244005720657422,4.260871658101897,2.036311496758903e-05,0.00018657587764653446,ENSG00000168229,PTGDR,prostaglandin D2 receptor [Source:HGNC Symbol;Acc:HGNC:9591]
Q13286,16.699310502607627,1.0307011133817559,0.24266509260006525,4.24742224906838,2.1624417322792383e-05,0.00019641882192622043,ENSG00000188603,CLN3,"CLN3 lysosomal/endosomal transmembrane protein, battenin [Source:HGNC Symbol;Acc:HGNC:2074]"
Q13304,100.85039930921828,1.7197732606613163,0.32268118371346033,5.329636022993111,9.840979154677555e-08,1.6592733507435688e-06,ENSG00000144230,GPR17,G protein-coupled receptor 17 [Source:HGNC Symbol;Acc:HGNC:4471]
Q13326,110.56247209761125,1.8167546808807233,0.29331625299731473,6.193842524291879,5.871489075993552e-10,1.6186227510245222e-08,ENSG00000102683,SGCG,sarcoglycan gamma [Source:HGNC Symbol;Acc:HGNC:10809]
Q13332,695.37788549011,0.5748209773488252,0.16121048155868017,3.56565510996003,0.0003629484222419113,0.002219147353513477,ENSG00000105426,PTPRS,protein tyrosine phosphatase receptor type S [Source:HGNC Symbol;Acc:HGNC:9681]
Q13349,17.938156607441613,1.2919815518377085,0.34364874265069073,3.7595992404109317,0.00017018575905723484,0.001167789897401449,ENSG00000156886,ITGAD,integrin subunit alpha D [Source:HGNC Symbol;Acc:HGNC:6146]
Q13423,100.13414203525251,0.5001599281220296,0.0900369978695743,5.555048923849625,2.7753401691056935e-08,5.294753640956485e-07,ENSG00000112992,NNT,nicotinamide nucleotide transhydrogenase [Source:HGNC Symbol;Acc:HGNC:7863]
Q13428,71.93124934791746,0.8717482326694592,0.19325275693167604,4.510922620253553,6.454626523337034e-06,6.833909426100574e-05,ENSG00000070814,TCOF1,treacle ribosome biogenesis factor 1 [Source:HGNC Symbol;Acc:HGNC:11654]
Q13467,1001.2746471976225,0.8359128875179094,0.15126574734144602,5.526121426756562,3.273875849879081e-08,6.171116067797714e-07,ENSG00000163251,FZD5,frizzled class receptor 5 [Source:HGNC Symbol;Acc:HGNC:4043]
Q13480,1069.744834649005,0.9061286434498855,0.1159914681321305,7.812028402103491,5.627487492021452e-15,4.2213812635728266e-13,ENSG00000109458,GAB1,GRB2 associated binding protein 1 [Source:HGNC Symbol;Acc:HGNC:4066]
Q13491,449.4994863238954,0.7585298643887657,0.1620086438076264,4.682033295022612,2.8404333102616246e-06,3.339174638833149e-05,ENSG00000046653,GPM6B,glycoprotein M6B [Source:HGNC Symbol;Acc:HGNC:4461]
Q13507,53.44664260516803,1.9029466073006323,0.27284604303705745,6.974433589429691,3.071055704195288e-12,1.3702236829817494e-10,ENSG00000138741,TRPC3,transient receptor potential cation channel subfamily C member 3 [Source:HGNC Symbol;Acc:HGNC:12335]
Q13625,420.04637262353214,0.7691665122529868,0.1837818842068781,4.185213986527408,2.8489758757065934e-05,0.00024814894930028916,ENSG00000143514,TP53BP2,tumor protein p53 binding protein 2 [Source:HGNC Symbol;Acc:HGNC:12000]
Q13627,64.1462534160341,0.7574052990858207,0.19870347566351101,3.8117365413800215,0.00013799391458695564,0.0009719954622487127,ENSG00000157540,DYRK1A,dual specificity tyrosine phosphorylation regulated kinase 1A [Source:HGNC Symbol;Acc:HGNC:3091]
Q13642,10.494913062131104,1.3965432539336613,0.31060720685122306,4.496171444607169,6.918795595571342e-06,7.269514914946659e-05,ENSG00000022267,FHL1,four and a half LIM domains 1 [Source:HGNC Symbol;Acc:HGNC:3702]
Q13946,1083.1182494628397,0.6525920731410427,0.142440565657864,4.581504363781735,4.6164297000319324e-06,5.0930835720112175e-05,ENSG00000205268,PDE7A,phosphodiesterase 7A [Source:HGNC Symbol;Acc:HGNC:8791]
Q13972,552.9914566852483,0.7070600222632806,0.23706287913330001,2.9825843035750106,0.002858259184048445,0.012544487173135204,ENSG00000058335,RASGRF1,Ras protein specific guanine nucleotide releasing factor 1 [Source:HGNC Symbol;Acc:HGNC:9875]
Q13976,64.06240162466791,0.8694752813256859,0.1783217179603149,4.875879905549057,1.0832450005486144e-06,1.4169564200533297e-05,ENSG00000185532,PRKG1,protein kinase cGMP-dependent 1 [Source:HGNC Symbol;Acc:HGNC:9414]
Q14123,265.3921573174908,0.8702587401759746,0.18234509747086003,4.77259192732093,1.818700509514042e-06,2.258424607929205e-05,ENSG00000154678,PDE1C,phosphodiesterase 1C [Source:HGNC Symbol;Acc:HGNC:8776]
Q14154,253.38544135812117,0.5927894229120995,0.09654672887682329,6.139922396214945,8.256180472779712e-10,2.2097306328481042e-08,ENSG00000081791,DELE1,DAP3 binding cell death enhancer 1 [Source:HGNC Symbol;Acc:HGNC:28969]
Q14157,118.41456134248004,0.9096694657137702,0.22898241573923775,3.972660794834526,7.107422688499373e-05,0.0005513440027160224,ENSG00000143569,UBAP2L,ubiquitin associated protein 2 like [Source:HGNC Symbol;Acc:HGNC:29877]
Q14159,473.2896139704021,0.5251914219939415,0.20606045248243082,2.5487249769031766,0.010811752560928891,0.03720430503646837,ENSG00000164808,SPIDR,scaffold protein involved in DNA repair [Source:HGNC Symbol;Acc:HGNC:28971]
Q14242,399.72682186623086,0.7929058678329143,0.1539557071473485,5.1502206870060165,2.6018013413151155e-07,3.981965772474917e-06,ENSG00000110876,SELPLG,selectin P ligand [Source:HGNC Symbol;Acc:HGNC:10722]
Q14246,220.12982641387504,2.099877913354777,0.32472143169129025,6.4667056387923045,1.0016249171025865e-10,3.2920768884918695e-09,ENSG00000174837,ADGRE1,adhesion G protein-coupled receptor E1 [Source:HGNC Symbol;Acc:HGNC:3336]
Q14257,18.661922387252925,1.1440038434207056,0.26677278867640924,4.288307848400394,1.800394522789878e-05,0.00016774778540603282,ENSG00000117906,RCN2,reticulocalbin 2 [Source:HGNC Symbol;Acc:HGNC:9935]
Q14451,186.7500559272861,0.7799044950797988,0.16981887515866234,4.5925666057505765,4.378277061914487e-06,4.864409185061063e-05,ENSG00000141738,GRB7,growth factor receptor bound protein 7 [Source:HGNC Symbol;Acc:HGNC:4567]
Q14511,208.83172428977352,1.22278571992087,0.22974861828634408,5.32227670852352,1.0247653335382827e-07,1.7212623507885215e-06,ENSG00000111859,NEDD9,"neural precursor cell expressed, developmentally down-regulated 9 [Source:HGNC Symbol;Acc:HGNC:7733]"
Q14542,53.37476831267881,1.4687346404433186,0.22837223172993487,6.431318857452834,1.265014756137736e-10,4.078747870155209e-09,ENSG00000174669,SLC29A2,solute carrier family 29 member 2 [Source:HGNC Symbol;Acc:HGNC:11004]
Q14558,51.441477054787505,0.7996833912349369,0.13141570864991636,6.085143088679345,1.1638731928557072e-09,3.0268937966084633e-08,ENSG00000161542,PRPSAP1,phosphoribosyl pyrophosphate synthetase associated protein 1 [Source:HGNC Symbol;Acc:HGNC:9466]
Q14623,52.124564665691835,1.9755769855843863,0.271980915558625,7.263660325308943,3.7675340296761347e-13,2.0167280458853755e-11,ENSG00000163501,IHH,Indian hedgehog signaling molecule [Source:HGNC Symbol;Acc:HGNC:5956]
Q14689,15.312294541124926,1.2294064709319026,0.30177226380055633,4.073954496177379,4.62215163686444e-05,0.00037951203350487106,ENSG00000160305,DIP2A,disco interacting protein 2 homolog A [Source:HGNC Symbol;Acc:HGNC:17217]
Q14728,13.801282292706338,0.6309934345424962,0.22565658189133211,2.7962553950514035,0.005169852863320376,0.0204256422514632,ENSG00000109736,MFSD10,major facilitator superfamily domain containing 10 [Source:HGNC Symbol;Acc:HGNC:16894]
Q14765,68.75572132597836,1.09678049607284,0.2607686614555155,4.205952087766265,2.5998531269921353e-05,0.00022990040442134944,ENSG00000138378,STAT4,signal transducer and activator of transcription 4 [Source:HGNC Symbol;Acc:HGNC:11365]
Q14849,80.52905509784327,1.075923628585544,0.17458133121915692,6.162879049392208,7.143407065558313e-10,1.940156396845111e-08,ENSG00000131748,STARD3,StAR related lipid transfer domain containing 3 [Source:HGNC Symbol;Acc:HGNC:17579]
Q14973,12.317469521470708,1.0180683041673764,0.30102675355797764,3.381986126264012,0.0007196377899625829,0.003979661940781044,ENSG00000100652,SLC10A1,solute carrier family 10 member 1 [Source:HGNC Symbol;Acc:HGNC:10905]
Q14CX5,206.82597987169743,0.5197687418384253,0.14737799247511654,3.5267731165912277,0.00042065706297604317,0.0025185974083379165,ENSG00000138111,MFSD13A,major facilitator superfamily domain containing 13A [Source:HGNC Symbol;Acc:HGNC:26196]
Q14D04,764.467708061878,1.1008217082238108,0.2011940636180042,5.4714422902351565,4.463877062749094e-08,8.12263570477463e-07,ENSG00000197415,VEPH1,ventricular zone expressed PH domain containing 1 [Source:HGNC Symbol;Acc:HGNC:25735]
Q15006,206.25017006613123,0.651916900266711,0.0902579419492429,7.222820354504875,5.092026396671388e-13,2.6485742960422353e-11,ENSG00000104412,EMC2,ER membrane protein complex subunit 2 [Source:HGNC Symbol;Acc:HGNC:28963]
Q15020,43.92006486164414,0.87266497003783,0.2058081613382146,4.240186416143803,2.233342346093786e-05,0.00020165056639112025,ENSG00000075856,SART3,"spliceosome associated factor 3, U4/U6 recycling protein [Source:HGNC Symbol;Acc:HGNC:16860]"
Q15022,192.9729706355023,0.5378153155193462,0.20538718289174285,2.6185437082645135,0.008830597802094987,0.0316409429613977,ENSG00000178691,SUZ12,SUZ12 polycomb repressive complex 2 subunit [Source:HGNC Symbol;Acc:HGNC:17101]
Q15034,24.791759372392416,0.8283105192908342,0.15778634441359563,5.249570375492286,1.524543491444027e-07,2.461367654488036e-06,ENSG00000138641,HERC3,HECT and RLD domain containing E3 ubiquitin protein ligase 3 [Source:HGNC Symbol;Acc:HGNC:4876]
Q15038,17.526457943963695,0.5866391970662492,0.16368081008972982,3.5840438274019633,0.0003383152791452615,0.0020929046749704337,ENSG00000183283,DAZAP2,DAZ associated protein 2 [Source:HGNC Symbol;Acc:HGNC:2684]
Q15154,506.08532347354065,0.7112483730030965,0.12067864899695332,5.89373827860016,3.775550079650032e-09,8.774076022824215e-08,ENSG00000078674,PCM1,pericentriolar material 1 [Source:HGNC Symbol;Acc:HGNC:8727]
Q15172,2936.1273527702742,0.666855630952518,0.06849713498840175,9.735525888278875,2.127145591839026e-22,5.2428257592026924e-20,ENSG00000066027,PPP2R5A,protein phosphatase 2 regulatory subunit B'alpha [Source:HGNC Symbol;Acc:HGNC:9309]
Q15327,1351.4134431353957,1.6356230006578898,0.46377751679582924,3.5267406060521624,0.00042070871458070635,0.0025185974083379165,ENSG00000148677,ANKRD1,ankyrin repeat domain 1 [Source:HGNC Symbol;Acc:HGNC:15819]
Q15391,353.4536063442084,0.5507126193078313,0.189318967360294,2.9089141304038866,0.0036268646304589655,0.0152443058052491,ENSG00000174944,P2RY14,purinergic receptor P2Y14 [Source:HGNC Symbol;Acc:HGNC:16442]
Q15434,3207.9157558493516,0.6737095796356233,0.10612947571868803,6.347996869610388,2.1813652077725472e-10,6.653918159365942e-09,ENSG00000076067,RBMS2,RNA binding motif single stranded interacting protein 2 [Source:HGNC Symbol;Acc:HGNC:9909]
Q15465,147.48330787368613,1.1008805641609416,0.1749823591450602,6.291380282787895,3.1465543655012784e-10,9.264901198500026e-09,ENSG00000164690,SHH,sonic hedgehog signaling molecule [Source:HGNC Symbol;Acc:HGNC:10848]
Q15560,15.979704874407044,1.07713523185102,0.20430180972131118,5.272274549698526,1.3474330650895635e-07,2.207748054790879e-06,ENSG00000171703,TCEA2,transcription elongation factor A2 [Source:HGNC Symbol;Acc:HGNC:11614]
Q15599,565.0747248212047,1.887182298357042,0.22420679544129668,8.417150312694947,3.857526016078134e-17,4.40797299267291e-15,ENSG00000065054,NHERF2,NHERF family PDZ scaffold protein 2 [Source:HGNC Symbol;Acc:HGNC:11076]
Q15631,115.01258243807752,0.5644255345875775,0.1403381406511404,4.021896912476951,5.773132513812361e-05,0.00046063916229963027,ENSG00000211460,TSN,translin [Source:HGNC Symbol;Acc:HGNC:12379]
Q15646,18.95274545638541,1.487817607304192,0.2998304337169088,4.962196761883572,6.970033286787388e-07,9.571426781245893e-06,ENSG00000135114,OASL,2'-5'-oligoadenylate synthetase like [Source:HGNC Symbol;Acc:HGNC:8090]
Q15828,249.3599473683955,0.881202633054529,0.21205628315413377,4.155512960745539,3.24558544778256e-05,0.0002784058400054321,ENSG00000175315,CST6,cystatin E/M [Source:HGNC Symbol;Acc:HGNC:2478]
Q15906,82.64418056081796,0.6042572407313668,0.18423279571922324,3.2798570871837307,0.0010385968305757672,0.005418787438258332,ENSG00000163159,VPS72,vacuolar protein sorting 72 homolog [Source:HGNC Symbol;Acc:HGNC:11644]
Q16348,895.8922615473797,0.5149876510384593,0.15438354116650307,3.335767836048298,0.0008506416959881405,0.004577855530337347,ENSG00000163406,SLC15A2,solute carrier family 15 member 2 [Source:HGNC Symbol;Acc:HGNC:10921]
Q16513,1764.4670680374886,0.5576120232695791,0.08980822707843936,6.208919175996599,5.335025115357574e-10,1.4900846516958767e-08,ENSG00000065243,PKN2,protein kinase N2 [Source:HGNC Symbol;Acc:HGNC:9406]
Q16534,808.4316661170319,0.9845024469635194,0.18887345719174867,5.212497624608152,1.8631495472644092e-07,2.953982754519718e-06,ENSG00000108924,HLF,"HLF transcription factor, PAR bZIP family member [Source:HGNC Symbol;Acc:HGNC:4977]"
Q16543,408.4939652090572,0.7198003479594887,0.1767346298940028,4.072774805883779,4.6456337072424426e-05,0.00038129812348167033,ENSG00000105401,CDC37,"cell division cycle 37, HSP90 cochaperone [Source:HGNC Symbol;Acc:HGNC:1735]"
Q16602,5410.372367920651,0.9510615442330671,0.20631550180650027,4.609743504029335,4.031660695328594e-06,4.528583174112509e-05,ENSG00000064989,CALCRL,calcitonin receptor like receptor [Source:HGNC Symbol;Acc:HGNC:16709]
Q16612,45.621949486618306,0.8234836044433178,0.24648571642186645,3.340897867825757,0.0008350793576126271,0.0045073030231984525,ENSG00000134986,NREP,neuronal regeneration related protein [Source:HGNC Symbol;Acc:HGNC:16834]
Q16621,42.94059940307366,0.9856892837989152,0.3050139957492883,3.2316198519923662,0.0012309069167531358,0.006243427125591917,ENSG00000123405,NFE2,"nuclear factor, erythroid 2 [Source:HGNC Symbol;Acc:HGNC:7780]"
Q16625,86.07417983521343,0.6446225100234136,0.1647441641531376,3.912870075471724,9.120561148708054e-05,0.0006830046029664089,ENSG00000197822,OCLN,occludin [Source:HGNC Symbol;Acc:HGNC:8104]
Q16630,19.783935420919452,1.5863752029924894,0.35165225768606434,4.511204373977651,6.446057528617936e-06,6.828114924886645e-05,ENSG00000111605,CPSF6,cleavage and polyadenylation specific factor 6 [Source:HGNC Symbol;Acc:HGNC:13871]
Q16651,380.7143071470259,0.6374609298755008,0.1461118802012598,4.362827505863582,1.2839217439841283e-05,0.00012545684599834278,ENSG00000052344,PRSS8,serine protease 8 [Source:HGNC Symbol;Acc:HGNC:9491]
Q16698,58.42444742965787,1.0025902847264883,0.13490895811536124,7.431606460626349,1.0728660006631481e-13,6.309596474300019e-12,ENSG00000104325,DECR1,"2,4-dienoyl-CoA reductase 1 [Source:HGNC Symbol;Acc:HGNC:2753]"
Q16740,10.233371085873708,0.7094679026673358,0.287443315249384,2.468201085322878,0.013579401276947392,0.04489283702020653,ENSG00000125656,CLPP,caseinolytic mitochondrial matrix peptidase proteolytic subunit [Source:HGNC Symbol;Acc:HGNC:2084]
Q16775,42.54563034749953,0.7421249013722441,0.10371776423857869,7.1552342727438445,8.353014585185758e-13,4.149040172560512e-11,ENSG00000063854,HAGH,hydroxyacylglutathione hydrolase [Source:HGNC Symbol;Acc:HGNC:4805]
Q16787,138.70102933265161,1.348333257007907,0.26626591451918685,5.063859786344329,4.1085187783458726e-07,5.984760445022449e-06,ENSG00000053747,LAMA3,laminin subunit alpha 3 [Source:HGNC Symbol;Acc:HGNC:6483]
Q16798,268.8326634955025,0.6014919193529827,0.18816021899144697,3.1967007828595486,0.0013900904306841583,0.006931280659802946,ENSG00000151376,ME3,malic enzyme 3 [Source:HGNC Symbol;Acc:HGNC:6985]
Q16799,91.9339230434989,0.7994146082724496,0.24721011477394508,3.233745548815645,0.0012217825668787365,0.006201425254302337,ENSG00000139970,RTN1,reticulon 1 [Source:HGNC Symbol;Acc:HGNC:10467]
Q16825,953.5335359528823,1.5125492603883313,0.12945725659896062,11.683773471841633,1.5429071055645385e-31,2.430519521865738e-28,ENSG00000070778,PTPN21,protein tyrosine phosphatase non-receptor type 21 [Source:HGNC Symbol;Acc:HGNC:9651]
Q16828,3658.880627591086,1.2025465860097726,0.19898822302110955,6.0433053160246635,1.5098854028993367e-09,3.809955683700455e-08,ENSG00000139318,DUSP6,dual specificity phosphatase 6 [Source:HGNC Symbol;Acc:HGNC:3072]
Q16854,29.1833898320831,0.7506689438109325,0.20398397921702038,3.680038729964617,0.0002331985325818854,0.0015239647842570088,ENSG00000114956,DGUOK,deoxyguanosine kinase [Source:HGNC Symbol;Acc:HGNC:2858]
Q16878,124.65492260524243,1.3135844912689791,0.19170137258027345,6.852243536852748,7.270064834130908e-12,3.071532755783966e-10,ENSG00000129596,CDO1,cysteine dioxygenase type 1 [Source:HGNC Symbol;Acc:HGNC:1795]
Q19T08,151.02970961912115,1.2354326089946306,0.2215556979013568,5.576171683676048,2.4586928230230997e-08,4.7564922385045124e-07,ENSG00000249751,ECSCR,endothelial cell surface expressed chemotaxis and apoptosis regulator [Source:HGNC Symbol;Acc:HGNC:35454]
Q1KLZ0,29.272971521778018,2.1807392642277783,0.4056063308500979,5.376492175694677,7.5950998087335e-08,1.3116862269522991e-06,ENSG00000075624,ACTB,actin beta [Source:HGNC Symbol;Acc:HGNC:132]
Q2HXU8,12.390348610460252,1.5029797604101494,0.3344482757857395,4.493907935028543,6.992786999134227e-06,7.333282191103482e-05,ENSG00000256660,CLEC12B,C-type lectin domain family 12 member B [Source:HGNC Symbol;Acc:HGNC:31966]
Q2M3G4,119.21479134760638,1.1116608258828486,0.23308730113542453,4.76928953429758,1.848767825371747e-06,2.2931791687710073e-05,ENSG00000164403,SHROOM1,shroom family member 1 [Source:HGNC Symbol;Acc:HGNC:24084]
Q2MKA7,141.723612994994,0.923482244161566,0.2109590912135858,4.37754182030764,1.200253360152608e-05,0.00011806595720252283,ENSG00000169218,RSPO1,R-spondin 1 [Source:HGNC Symbol;Acc:HGNC:21679]
Q2NKJ3,199.07895045132761,0.7652867211736278,0.15647352471636056,4.890838386627147,1.004073819059398e-06,1.324056760793042e-05,ENSG00000178971,CTC1,CST telomere replication complex component 1 [Source:HGNC Symbol;Acc:HGNC:26169]
Q2Q1W2,118.73776604106222,1.5838759185047355,0.24018069540306627,6.594517997571402,4.266396589187625e-11,1.5249774777624615e-09,ENSG00000206557,TRIM71,tripartite motif containing 71 [Source:HGNC Symbol;Acc:HGNC:32669]
Q2VWP7,215.4234649329707,1.2731934292733673,0.22786970424042893,5.587374739074575,2.3052792232508864e-08,4.487257545417039e-07,ENSG00000166450,PRTG,protogenin [Source:HGNC Symbol;Acc:HGNC:26373]
Q2YD98,512.9424718570583,0.7744807972737013,0.16301542899481822,4.75096622478796,2.024469486957636e-06,2.4859493354879567e-05,ENSG00000163945,UVSSA,UV stimulated scaffold protein A [Source:HGNC Symbol;Acc:HGNC:29304]
Q3SY56,142.69396218564503,0.8113087688345075,0.2578989669951049,3.1458395444054132,0.0016561083575463847,0.008006096825367815,ENSG00000189120,SP6,Sp6 transcription factor [Source:HGNC Symbol;Acc:HGNC:14530]
Q3YBR2,32.45307640324693,0.5990723244493222,0.14614518580256644,4.099158799925396,4.146544689944557e-05,0.00034456630215537774,ENSG00000154144,TBRG1,transforming growth factor beta regulator 1 [Source:HGNC Symbol;Acc:HGNC:29551]
Q3ZCU0,126.54107742414512,0.5595615329066056,0.19010567364799905,2.943423634702737,0.0032460389493965077,0.01394493182194537,ENSG00000179240,GVQW3,GVQW motif containing 3 [Source:HGNC Symbol;Acc:HGNC:51239]
Q49A59,114.28437933912198,0.9254794041839554,0.19975111981460625,4.633162532670228,3.6012158276840374e-06,4.1108288749349775e-05,ENSG00000146278,PNRC1,proline rich nuclear receptor coactivator 1 [Source:HGNC Symbol;Acc:HGNC:17278]
Q49AM1,352.3825632658168,1.0326370557410618,0.21298134763045262,4.84848587554628,1.2440738717688769e-06,1.605430378466402e-05,ENSG00000120832,MTERF2,mitochondrial transcription termination factor 2 [Source:HGNC Symbol;Acc:HGNC:30779]
Q4G0G5,35.917267991489375,0.5829322970590948,0.17185865501633607,3.3919286579060217,0.0006940250841397278,0.0038563943576763807,ENSG00000205209,SCGB2B2,secretoglobin family 2B member 2 [Source:HGNC Symbol;Acc:HGNC:27616]
Q4G0N8,16.781788458812777,0.8575624549291205,0.2214795299162608,3.871971623081177,0.00010795852338533498,0.0007870800908231991,ENSG00000172139,SLC9C1,solute carrier family 9 member C1 [Source:HGNC Symbol;Acc:HGNC:31401]
Q4G0T1,11.80530518994277,1.667285006266007,0.3755517820401914,4.439560896791524,9.014260614545146e-06,9.165537279537973e-05,ENSG00000214279,SCART1,scavenger receptor family member expressed on T cells 1 [Source:HGNC Symbol;Acc:HGNC:32411]
Q4L233,1032.396858423509,0.6737066863988226,0.2330737754484904,2.8905297693936083,0.0038459310385416633,0.01594203861093433,ENSG00000171368,TPPP,tubulin polymerization promoting protein [Source:HGNC Symbol;Acc:HGNC:24164]
Q4LEZ3,78.252373622327,1.0510505631028433,0.3310478329194009,3.1749205359055743,0.0014987753923646253,0.007371541593044034,ENSG00000205002,AARD,alanine and arginine rich domain containing protein [Source:HGNC Symbol;Acc:HGNC:33842]
Q4VNC1,1715.2501605084242,1.0513182848711797,0.17407123312464357,6.039586587626366,1.5450958251693322e-09,3.8854667421076915e-08,ENSG00000127249,ATP13A4,ATPase 13A4 [Source:HGNC Symbol;Acc:HGNC:25422]
Q52LW3,2286.3993123556447,1.1251560961799298,0.123835921043538,9.085862056005135,1.0288013240000984e-19,1.800728920595093e-17,ENSG00000137962,ARHGAP29,Rho GTPase activating protein 29 [Source:HGNC Symbol;Acc:HGNC:30207]
Q53G44,412.35955015909434,1.0625348221719693,0.19345110637421678,5.492523884131087,3.962299448711267e-08,7.29420300850403e-07,ENSG00000137959,IFI44L,interferon induced protein 44 like [Source:HGNC Symbol;Acc:HGNC:17817]
Q53GI3,403.44392615982673,0.5077112639618213,0.11141966822446407,4.556747224726924,5.195188256607705e-06,5.6468546974483165e-05,ENSG00000160908,ZNF394,zinc finger protein 394 [Source:HGNC Symbol;Acc:HGNC:18832]
Q53HC0,33.72581459379528,0.539417859076082,0.21020946595925175,2.5660969006060173,0.010285009142333091,0.03577690719637445,ENSG00000119242,CCDC92,coiled-coil domain containing 92 [Source:HGNC Symbol;Acc:HGNC:29563]
Q53LP3,767.0384768593052,0.5689615839617187,0.11363124878810126,5.007087311191257,5.525986455555651e-07,7.812186236591303e-06,ENSG00000198142,SOWAHC,sosondowah ankyrin repeat domain family member C [Source:HGNC Symbol;Acc:HGNC:26149]
Q53SF7,388.75721831623605,0.8085658962899952,0.108397857050921,7.459242445264975,8.702135356977873e-14,5.243630960731967e-12,ENSG00000082438,COBLL1,cordon-bleu WH2 repeat protein like 1 [Source:HGNC Symbol;Acc:HGNC:23571]
Q53TS8,30.886953083524723,0.5564491568567943,0.18581297353570086,2.994673333452047,0.0027473890516545203,0.012157086305214443,ENSG00000155754,C2CD6,C2 calcium dependent domain containing 6 [Source:HGNC Symbol;Acc:HGNC:14438]
Q53X57,4510.515608166787,1.5862368467985055,0.15418386474699536,10.287956196982131,7.985329734590163e-25,3.2019720357572993e-22,ENSG00000105971,CAV2,caveolin 2 [Source:HGNC Symbol;Acc:HGNC:1528]
Q53XB4,18.458924093022762,0.8957074065037228,0.18536934272102154,4.832014794656476,1.3515820834526508e-06,1.7309983315020188e-05,ENSG00000258818,RNASE4,ribonuclease A family member 4 [Source:HGNC Symbol;Acc:HGNC:10047]
Q53XC2,23.072836567720383,0.5082812789359797,0.17520774803754813,2.901020557761246,0.0037194947582178273,0.015536255844243488,ENSG00000119718,EIF2B2,eukaryotic translation initiation factor 2B subunit beta [Source:HGNC Symbol;Acc:HGNC:3258]
Q53XR6,310.54952946887937,0.5915682599919742,0.13017252250604566,4.544494096014001,5.506735067837085e-06,5.924172448101418e-05,ENSG00000175387,SMAD2,SMAD family member 2 [Source:HGNC Symbol;Acc:HGNC:6768]
Q53XZ3,27.048414812627033,2.491537076806024,0.4646097433027953,5.362644913759891,8.201212594682097e-08,1.4064505642544242e-06,ENSG00000168539,CHRM1,cholinergic receptor muscarinic 1 [Source:HGNC Symbol;Acc:HGNC:1950]
Q53Y01,3234.0540494875895,0.975799113774798,0.14262499511294388,6.841711812169168,7.825239211406089e-12,3.26851942364299e-10,ENSG00000127920,GNG11,G protein subunit gamma 11 [Source:HGNC Symbol;Acc:HGNC:4403]
Q53YE2,22.96258700819255,0.6505837073695216,0.17044680842719667,3.8169310025385834,0.00013512193658042523,0.0009535933405903034,ENSG00000166900,STX3,syntaxin 3 [Source:HGNC Symbol;Acc:HGNC:11438]
Q53ZX0,760.7948253421381,0.7492963755064297,0.19329593267931178,3.876420807827096,0.00010600428958313291,0.0007761090609078864,ENSG00000110848,CD69,CD69 molecule [Source:HGNC Symbol;Acc:HGNC:1694]
Q53ZZ1,23.817887227820595,1.0076150621745101,0.27795088428098913,3.6251550873134875,0.000288788093798806,0.0018312054688438377,ENSG00000117560,FASLG,Fas ligand [Source:HGNC Symbol;Acc:HGNC:11936]
Q546S1,11287.306090362606,1.2271217226803939,0.30906844102053843,3.9703883017899204,7.17555905989219e-05,0.0005560427951752015,ENSG00000120738,EGR1,early growth response 1 [Source:HGNC Symbol;Acc:HGNC:3238]
Q56A73,338.7634910120101,0.6203971533599487,0.1681180688400705,3.6902467274361093,0.0002240366510962582,0.0014740167969203098,ENSG00000186767,SPIN4,spindlin family member 4 [Source:HGNC Symbol;Acc:HGNC:27040]
Q5BJD5,1401.684199363398,0.5790938562164297,0.11183034004490089,5.178325094817009,2.238868389799282e-07,3.4771833428615044e-06,ENSG00000166471,TMEM41B,transmembrane protein 41B [Source:HGNC Symbol;Acc:HGNC:28948]
Q5BJH7,16.20532291024504,1.0045276299609054,0.20799326015863648,4.829616253886074,1.367964290094301e-06,1.7499468940684288e-05,ENSG00000167645,YIF1B,"Yip1 interacting factor homolog B, membrane trafficking protein [Source:HGNC Symbol;Acc:HGNC:30511]"
Q5BKX8,20.046716306633503,0.6871861241094939,0.2529217703735474,2.7169908034985246,0.006587843818846112,0.024886657687706773,ENSG00000170681,CAVIN4,caveolae associated protein 4 [Source:HGNC Symbol;Acc:HGNC:33742]
Q5DR82,21.910890939832424,0.5064554131786665,0.1675566531171331,3.0225920830766464,0.002506198205858879,0.011259257533512266,ENSG00000002016,RAD52,"RAD52 homolog, DNA repair protein [Source:HGNC Symbol;Acc:HGNC:9824]"
Q5EBM0,17.979216665942726,0.5875561320734521,0.20902952968551325,2.8108762094878914,0.004940679082778276,0.019700187396780346,ENSG00000134326,CMPK2,cytidine/uridine monophosphate kinase 2 [Source:HGNC Symbol;Acc:HGNC:27015]
Q5EG05,15.98418897809544,0.5697592039049882,0.20957229180990644,2.718676209457074,0.006554373412440976,0.024798447630463766,ENSG00000204397,CARD16,caspase recruitment domain family member 16 [Source:HGNC Symbol;Acc:HGNC:33701]
Q5FWF6,95.43152162814538,1.2634879151061391,0.28624916857902055,4.413944401579447,1.015040372555107e-05,0.000101706953095549,ENSG00000198556,ZNF789,zinc finger protein 789 [Source:HGNC Symbol;Acc:HGNC:27801]
Q5GLZ8,217.90662600403,0.6093530383784,0.18311868542055626,3.327639869076934,0.0008758500960640842,0.0046951866841510245,ENSG00000148634,HERC4,HECT and RLD domain containing E3 ubiquitin protein ligase 4 [Source:HGNC Symbol;Acc:HGNC:24521]
Q5H8Y1,837.3262583725949,0.8327697689766392,0.23976473961529915,3.4732787244396843,0.0005141411185459388,0.0029839126916874036,ENSG00000047936,ROS1,"ROS proto-oncogene 1, receptor tyrosine kinase [Source:HGNC Symbol;Acc:HGNC:10261]"
Q5H9J7,140.50943734028328,0.8409354961263221,0.2034128623773246,4.134131373494036,3.562996310684736e-05,0.0003025734333301547,ENSG00000184515,BEX5,brain expressed X-linked 5 [Source:HGNC Symbol;Acc:HGNC:27990]
Q5HYC2,171.49306660917333,0.5889283927837503,0.1596422490925624,3.689050963208887,0.00022509213134833198,0.0014787553961144216,ENSG00000183354,BRD10,bromodomain containing 10 [Source:HGNC Symbol;Acc:HGNC:23378]
Q5HYJ3,303.94411836753494,0.6311267734944536,0.14904712582137628,4.2344108953219255,2.2915162091708372e-05,0.00020610562184769022,ENSG00000077458,FAM76B,family with sequence similarity 76 member B [Source:HGNC Symbol;Acc:HGNC:28492]
Q5HYK3,83.54124895415063,0.5411779946169665,0.21834928920517624,2.478496708585288,0.013193732841780118,0.04386110703838087,ENSG00000110871,COQ5,"coenzyme Q5, methyltransferase [Source:HGNC Symbol;Acc:HGNC:28722]"
Q5JRV8,100.67199896241945,1.082153733639369,0.23746119251795145,4.557181416317367,5.184464215413576e-06,5.640758451244747e-05,ENSG00000125355,TMEM255A,transmembrane protein 255A [Source:HGNC Symbol;Acc:HGNC:26086]
Q5JSP0,409.927151947832,0.7463114824058915,0.1255436587890787,5.944637025910979,2.7707011488693408e-09,6.641852514909179e-08,ENSG00000127084,FGD3,"FYVE, RhoGEF and PH domain containing 3 [Source:HGNC Symbol;Acc:HGNC:16027]"
Q5JUD8,32.77032872742605,0.8869968868444783,0.2526993329139129,3.510087963495541,0.00044795847638309555,0.0026540890366614257,ENSG00000088387,DOCK9,dedicator of cytokinesis 9 [Source:HGNC Symbol;Acc:HGNC:14132]
Q5JUW0,361.53238685157436,0.511931483871231,0.12043368666048478,4.250733312801589,2.130717512630708e-05,0.0001939366241170352,ENSG00000147121,KRBOX4,KRAB box domain containing 4 [Source:HGNC Symbol;Acc:HGNC:26007]
Q5JV82,21.380561377171723,0.6174270583843671,0.18533616320742405,3.3313900951610655,0.0008641341484715713,0.004641406359082327,ENSG00000112237,CCNC,cyclin C [Source:HGNC Symbol;Acc:HGNC:1581]
Q5JX69,13.833102212750477,0.6870377044269769,0.2502223533032366,2.7457087480684725,0.006038034086018258,0.023162776784318433,ENSG00000213714,FAM209B,family with sequence similarity 209 member B [Source:HGNC Symbol;Acc:HGNC:16101]
Q5NUL3,175.8076956488986,1.825605808494465,0.2764813523272536,6.602997971210768,4.02925058313874e-11,1.4519786333421857e-09,ENSG00000186188,FFAR4,free fatty acid receptor 4 [Source:HGNC Symbol;Acc:HGNC:19061]
Q5QGZ9,279.0557824862379,0.9178334799926906,0.24034190889121532,3.818865732684701,0.00013406670533966763,0.0009470554514929627,ENSG00000172322,CLEC12A,C-type lectin domain family 12 member A [Source:HGNC Symbol;Acc:HGNC:31713]
Q5QPM7,16.346606983031997,1.3154926270772531,0.21377871245507504,6.153524885475676,7.57794795075459e-10,2.0455821799992867e-08,ENSG00000125818,PSMF1,proteasome inhibitor subunit 1 [Source:HGNC Symbol;Acc:HGNC:9571]
Q5R372,17.14845008222344,0.7838779046714432,0.1585396205458359,4.944365969671372,7.639207723701058e-07,1.0431893940464591e-05,ENSG00000152061,RABGAP1L,RAB GTPase activating protein 1 like [Source:HGNC Symbol;Acc:HGNC:24663]
Q5SPY9,421.2008949386081,0.5323982989689353,0.14215230446358693,3.745266747366111,0.0001802022056058805,0.0012254639045427348,ENSG00000107281,NPDC1,"neural proliferation, differentiation and control 1 [Source:HGNC Symbol;Acc:HGNC:7899]"
Q5SVY4,259.36793964292923,4.585194586908135,0.4617040606110638,9.931025039805034,3.051027874203266e-23,9.217447772284771e-21,ENSG00000182010,RTKN2,rhotekin 2 [Source:HGNC Symbol;Acc:HGNC:19364]
Q5SW24,69.28867198439603,1.1299832681879263,0.2918276680805487,3.87209093510638,0.00010790567680825456,0.0007869549591035867,ENSG00000164488,DACT2,dishevelled binding antagonist of beta catenin 2 [Source:HGNC Symbol;Acc:HGNC:21231]
Q5SYB0,10.619436650157663,2.010771673365787,0.3240121006338964,6.205853637663282,5.440079111223093e-10,1.5083263606740776e-08,ENSG00000070601,FRMPD1,FERM and PDZ domain containing 1 [Source:HGNC Symbol;Acc:HGNC:29159]
Q5SYE7,907.9211160190958,0.7716793849716207,0.09686354346626147,7.966664829275055,1.6301401143047943e-15,1.3617844727605276e-13,ENSG00000135540,NHSL1,NHS like 1 [Source:HGNC Symbol;Acc:HGNC:21021]
Q5SZK8,697.4921240757479,1.0554760598284605,0.16765739691592846,6.295433898199716,3.065411710088037e-10,9.064390708281954e-09,ENSG00000150893,FREM2,FRAS1 related extracellular matrix 2 [Source:HGNC Symbol;Acc:HGNC:25396]
Q5T442,120.66811180365933,0.8391906253762851,0.1612732633541949,5.203532240388914,1.9553581085024186e-07,3.0780490881450635e-06,ENSG00000198835,GJC2,gap junction protein gamma 2 [Source:HGNC Symbol;Acc:HGNC:17494]
Q5T5D7,27.91572169541166,0.8781539906013166,0.27671207954856863,3.1735296559295407,0.0015059751603499006,0.0074020004872647,ENSG00000117010,ZNF684,zinc finger protein 684 [Source:HGNC Symbol;Acc:HGNC:28418]
Q5T5H1,11.966672961681597,1.038386103900999,0.24716552017653204,4.2011770216143285,2.6553085935620437e-05,0.00023417823223076894,ENSG00000143420,ENSA,endosulfine alpha [Source:HGNC Symbol;Acc:HGNC:3360]
Q5T6X4,418.7882928040291,1.0902802432237046,0.17484594541755488,6.235662146010727,4.4987109595169025e-10,1.2835002781524679e-08,ENSG00000183807,FAM162B,family with sequence similarity 162 member B [Source:HGNC Symbol;Acc:HGNC:21549]
Q5T7N2,69.17484223199163,1.0847923567002464,0.22982097023027173,4.720162636217776,2.3565614929409576e-06,2.8415312829589874e-05,ENSG00000240563,L1TD1,LINE1 type transposase domain containing 1 [Source:HGNC Symbol;Acc:HGNC:25595]
Q5T7N3,74.53213033646216,1.527472375588657,0.2450485383703872,6.2333462004980635,4.565756019484663e-10,1.2972242133830653e-08,ENSG00000132854,KANK4,KN motif and ankyrin repeat domains 4 [Source:HGNC Symbol;Acc:HGNC:27263]
Q5T854,33.98753554971971,0.8406375889947892,0.2373550855751866,3.5416877079235864,0.000397575869746602,0.002402229652436044,ENSG00000107968,MAP3K8,mitogen-activated protein kinase kinase kinase 8 [Source:HGNC Symbol;Acc:HGNC:6860]
Q5TAQ9,966.647992488576,0.7755231497266053,0.17149958677132565,4.522011768813609,6.125465304263008e-06,6.526135836725429e-05,ENSG00000132716,DCAF8,DDB1 and CUL4 associated factor 8 [Source:HGNC Symbol;Acc:HGNC:24891]
Q5TBE9,11.82160523915766,0.6936805381259978,0.20957895463773088,3.309876887806145,0.0009333701456527074,0.004951778973352131,ENSG00000135070,ISCA1,iron-sulfur cluster assembly 1 [Source:HGNC Symbol;Acc:HGNC:28660]
Q5TC79,1026.0979220228028,0.5234515207741681,0.10955491342267934,4.777983062746016,1.7706229131781832e-06,2.206176142781449e-05,ENSG00000185278,ZBTB37,zinc finger and BTB domain containing 37 [Source:HGNC Symbol;Acc:HGNC:28365]
Q5TCQ9,1588.3477295409912,0.5546808558742105,0.13591036811657056,4.081225469115496,4.4798870498085805e-05,0.0003688010854763733,ENSG00000081026,MAGI3,"membrane associated guanylate kinase, WW and PDZ domain containing 3 [Source:HGNC Symbol;Acc:HGNC:29647]"
Q5TCS4,14.173652332478863,1.0153051781498408,0.22382376732467166,4.536181256734327,5.728195468192102e-06,6.147426902944457e-05,ENSG00000112367,FIG4,FIG4 phosphoinositide 5-phosphatase [Source:HGNC Symbol;Acc:HGNC:16873]
Q5TCX8,290.70058405275006,1.2730200544273875,0.13458687268245617,9.458723789733542,3.117244299280127e-21,6.485632620407916e-19,ENSG00000143674,MAP3K21,mitogen-activated protein kinase kinase kinase 21 [Source:HGNC Symbol;Acc:HGNC:29798]
Q5TEH8,44.7420594559243,0.9595348721886444,0.14964714079758368,6.411982661844067,1.4363917643377865e-10,4.551463214181831e-09,ENSG00000134245,WNT2B,Wnt family member 2B [Source:HGNC Symbol;Acc:HGNC:12781]
Q5TZZ9,49.68485816930048,1.6077204730802461,0.282286234847928,5.695355545573628,1.2311508635632886e-08,2.528562236630996e-07,ENSG00000135046,ANXA1,annexin A1 [Source:HGNC Symbol;Acc:HGNC:533]
Q5U079,6164.056580978117,0.8673027493122786,0.2772256402392029,3.128508418499567,0.0017569597787148153,0.008399737905869615,ENSG00000171223,JUNB,"JunB proto-oncogene, AP-1 transcription factor subunit [Source:HGNC Symbol;Acc:HGNC:6205]"
Q5U649,42.898982868230924,0.5342128387700676,0.1901380006309442,2.8096058494218052,0.004960220524856094,0.01974954025188234,ENSG00000182993,C12orf60,chromosome 12 open reading frame 60 [Source:HGNC Symbol;Acc:HGNC:28726]
Q5U651,322.03657104804995,0.6436386305905216,0.1785051880910996,3.605713858927408,0.00031129600352595716,0.0019520392555477564,ENSG00000105538,RASIP1,Ras interacting protein 1 [Source:HGNC Symbol;Acc:HGNC:24716]
Q5VT66,61.02665821926952,0.7262158006165726,0.18123987471467373,4.006931707273885,6.151263963557044e-05,0.0004864506689249825,ENSG00000186205,MTARC1,mitochondrial amidoxime reducing component 1 [Source:HGNC Symbol;Acc:HGNC:26189]
Q5VT82,262.7890600745435,1.5417559001403218,0.2930895389263052,5.2603579977243164,1.4377520139697395e-07,2.3383615719829372e-06,ENSG00000184226,PCDH9,protocadherin 9 [Source:HGNC Symbol;Acc:HGNC:8661]
Q5VTE6,605.2433207665441,0.6677415616473256,0.1095855397255121,6.093336432159504,1.1058131891325755e-09,2.899834015829943e-08,ENSG00000174606,ANGEL2,angel homolog 2 [Source:HGNC Symbol;Acc:HGNC:30534]
Q5VTL8,72.76525369138865,0.8185262051940728,0.15113987968489204,5.415686494528107,6.105399681719375e-08,1.0806459436648402e-06,ENSG00000134186,PRPF38B,pre-mRNA processing factor 38B [Source:HGNC Symbol;Acc:HGNC:25512]
Q5VUD6,199.62126003194064,1.2945657679512221,0.15277586643897953,8.47362740023004,2.378674294365013e-17,2.7756234332235978e-15,ENSG00000165716,DIPK1B,divergent protein kinase domain 1B [Source:HGNC Symbol;Acc:HGNC:28290]
Q5VV17,1508.9418771052137,1.2118251947943506,0.13672426511941305,8.863278173307126,7.769540102847669e-19,1.1736262837548115e-16,ENSG00000165312,OTUD1,OTU deubiquitinase 1 [Source:HGNC Symbol;Acc:HGNC:27346]
Q5VZ19,28.704738355319133,0.8909231556321944,0.17251952949401853,5.164187256046764,2.414858580718213e-07,3.721683517760969e-06,ENSG00000163239,TDRD10,tudor domain containing 10 [Source:HGNC Symbol;Acc:HGNC:25316]
Q5VZ89,546.9499857600141,0.5054043197577213,0.12594353739068972,4.012943658950165,5.9966229878307526e-05,0.0004758888930320958,ENSG00000137145,DENND4C,DENN domain containing 4C [Source:HGNC Symbol;Acc:HGNC:26079]
Q5W0H4,67.4216469046639,0.6264528521919859,0.15421478827574533,4.062209981262305,4.8610320924334454e-05,0.00039705630283898963,ENSG00000133112,TPT1,"tumor protein, translationally-controlled 1 [Source:HGNC Symbol;Acc:HGNC:12022]"
Q5W111,632.2639924915404,1.0868100955841327,0.10634800516584686,10.21937453259496,1.6238524311499013e-24,6.069905341793208e-22,ENSG00000123178,SPRYD7,SPRY domain containing 7 [Source:HGNC Symbol;Acc:HGNC:14297]
Q63HM1,67.5939582796221,0.7125982032563773,0.1814722880849055,3.9267604479807616,8.609765439443595e-05,0.0006507188725205245,ENSG00000183077,AFMID,arylformamidase [Source:HGNC Symbol;Acc:HGNC:20910]
Q68BL7,989.0201226291372,1.5404990059342778,0.1873176513328393,8.223992746935577,1.9683800368087084e-16,1.9732115150808754e-14,ENSG00000185585,OLFML2A,olfactomedin like 2A [Source:HGNC Symbol;Acc:HGNC:27270]
Q68DD2,677.9448359090004,1.677202184926143,0.275477998029739,6.088334447475845,1.140913455144733e-09,2.9777166082558507e-08,ENSG00000168907,PLA2G4F,phospholipase A2 group IVF [Source:HGNC Symbol;Acc:HGNC:27396]
Q68DL7,14.689158154446199,1.135689827731443,0.4126504957188296,2.7521833598020815,0.005919936436921179,0.02282088414260788,ENSG00000206043,C18orf63,chromosome 18 open reading frame 63 [Source:HGNC Symbol;Acc:HGNC:40037]
Q68DU7,120.23125414437648,0.7245659151866093,0.16276880289639906,4.451503619202687,8.52710955073973e-06,8.722489519110111e-05,ENSG00000105829,BET1,Bet1 golgi vesicular membrane trafficking protein [Source:HGNC Symbol;Acc:HGNC:14562]
Q68DU8,109.36064798065836,1.5360974407703691,0.24923181954172874,6.163327955454665,7.123176474475291e-10,1.937047274575562e-08,ENSG00000183775,KCTD16,potassium channel tetramerization domain containing 16 [Source:HGNC Symbol;Acc:HGNC:29244]
Q69YQ0,41.768717343708936,0.5201163777495065,0.13953558846949024,3.727481880819466,0.00019340246025698198,0.0013027788205581799,ENSG00000100014,SPECC1L,sperm antigen with calponin homology and coiled-coil domains 1 like [Source:HGNC Symbol;Acc:HGNC:29022]
Q6AWC2,17.01087453403385,1.6414168971051324,0.19121837645741166,8.583991389921199,9.163683411666557e-18,1.1482720111414447e-15,ENSG00000151718,WWC2,WW and C2 domain containing 2 [Source:HGNC Symbol;Acc:HGNC:24148]
Q6DHV5,31.626783681892576,0.796640490820266,0.2702182106916149,2.9481376876165752,0.003196946403295764,0.01376790782626143,ENSG00000188649,CC2D2B,coiled-coil and C2 domain containing 2B [Source:HGNC Symbol;Acc:HGNC:31666]
Q6DJT9,206.81648227206387,1.2352661416450494,0.15006286541997935,8.231657700177344,1.8464023833015327e-16,1.8679155119877067e-14,ENSG00000181690,PLAG1,PLAG1 zinc finger [Source:HGNC Symbol;Acc:HGNC:9045]
Q6DN72,78.4065341697701,1.8797601157113693,0.21245171306044844,8.847940497314442,8.914915937108989e-19,1.3284429464662273e-16,ENSG00000181036,FCRL6,Fc receptor like 6 [Source:HGNC Symbol;Acc:HGNC:31910]
Q6EIG7,19.74712772466587,1.7498209634832675,0.44342344084560825,3.9461625216437812,7.941372052475739e-05,0.0006062271348054689,ENSG00000205846,CLEC6A,C-type lectin domain containing 6A [Source:HGNC Symbol;Acc:HGNC:14556]
Q6FG41,7784.365364313187,2.1841450593561182,0.33727319089885033,6.47589289126497,9.425289213094124e-11,3.1211010256092767e-09,ENSG00000170345,FOS,"Fos proto-oncogene, AP-1 transcription factor subunit [Source:HGNC Symbol;Acc:HGNC:3796]"
Q6FG82,10.936608550643637,3.0514736501682336,0.5558645660835301,5.489599151225061,4.028469280664692e-08,7.403655126314927e-07,ENSG00000187094,CCK,cholecystokinin [Source:HGNC Symbol;Acc:HGNC:1569]
Q6FG85,48.006190078096765,0.6281192631897996,0.19322335998764892,3.250741852485899,0.001151043202650808,0.0059021406164289515,ENSG00000114784,EIF1B,eukaryotic translation initiation factor 1B [Source:HGNC Symbol;Acc:HGNC:30792]
Q6FG93,33.14449117267751,1.2736608478913176,0.2305091973064883,5.5254231187913945,3.28692489973867e-08,6.185140080105515e-07,ENSG00000168899,VAMP5,vesicle associated membrane protein 5 [Source:HGNC Symbol;Acc:HGNC:12646]
Q6FGK0,4835.793495689742,1.1548820354960232,0.126916712035184,9.0995269021456,9.072616289529252e-20,1.600699837194225e-17,ENSG00000106537,TSPAN13,tetraspanin 13 [Source:HGNC Symbol;Acc:HGNC:21643]
Q6FGX9,351.35081405561294,0.6805699261189593,0.13849068637400866,4.914192744203813,8.914901381265293e-07,1.1915711215904531e-05,ENSG00000106992,AK1,adenylate kinase 1 [Source:HGNC Symbol;Acc:HGNC:361]
Q6FGY1,356.9532807585929,1.8111218828265243,0.21832680085416464,8.295462928696033,1.0816315438696932e-16,1.1693285327697164e-14,ENSG00000115756,HPCAL1,hippocalcin like 1 [Source:HGNC Symbol;Acc:HGNC:5145]
Q6FH53,2017.3138465719874,0.9197134325597685,0.23735084062986658,3.8749112078941508,0.00010666358499372019,0.0007797012606733527,ENSG00000078401,EDN1,endothelin 1 [Source:HGNC Symbol;Acc:HGNC:3176]
Q6FH91,87.06845784642154,2.7654558561328404,0.2521583699208304,10.967138854050747,5.498484750951327e-28,4.0421194232493524e-25,ENSG00000114854,TNNC1,"troponin C1, slow skeletal and cardiac type [Source:HGNC Symbol;Acc:HGNC:11943]"
Q6FHN8,271.3057434963632,0.919792120997873,0.27970034868219334,3.288491148943748,0.0010072595157854664,0.005277563226982077,ENSG00000125347,IRF1,interferon regulatory factor 1 [Source:HGNC Symbol;Acc:HGNC:6116]
Q6FHW6,40.147988907422835,0.9541907143792963,0.15373060164375554,6.206901580925772,5.403941679242695e-10,1.504779416591141e-08,ENSG00000275410,HNF1B,HNF1 homeobox B [Source:HGNC Symbol;Acc:HGNC:11630]
Q6IAM1,2832.3835893578707,1.5539001744865084,0.29934837149455207,5.1909424685638825,2.0923227417988594e-07,3.2796080844088162e-06,ENSG00000168309,FAM107A,family with sequence similarity 107 member A [Source:HGNC Symbol;Acc:HGNC:30827]
Q6IAV3,222.2031524261727,0.7831724619549306,0.14593390256072394,5.366624534892076,8.022381548923258e-08,1.3779252545167721e-06,ENSG00000173812,EIF1,eukaryotic translation initiation factor 1 [Source:HGNC Symbol;Acc:HGNC:3249]
Q6IAZ3,985.3407038854481,0.6019556257524072,0.08419688473189067,7.1493812113028055,8.716994351094547e-13,4.320103222899756e-11,ENSG00000117533,VAMP4,vesicle associated membrane protein 4 [Source:HGNC Symbol;Acc:HGNC:12645]
Q6IB63,46.63453669946473,0.7569962790220025,0.24355273138930825,3.1081412008965628,0.0018826809495108387,0.008887124499253433,ENSG00000137955,RABGGTB,Rab geranylgeranyltransferase subunit beta [Source:HGNC Symbol;Acc:HGNC:9796]
Q6IBG4,289.63397858077343,0.8421220082018658,0.15997137311564338,5.264204412330044,1.4079772718222556e-07,2.293318371696309e-06,ENSG00000151689,INPP1,inositol polyphosphate-1-phosphatase [Source:HGNC Symbol;Acc:HGNC:6071]
Q6ICS7,62.188033116107235,0.5293460387623556,0.17606071124453193,3.006610816351544,0.002641777443383838,0.011762923427495894,ENSG00000107614,TRDMT1,tRNA aspartic acid methyltransferase 1 [Source:HGNC Symbol;Acc:HGNC:2977]
Q6IN85,510.29897713056863,0.5538305598944442,0.1699472951165981,3.2588371560398772,0.001118698610204707,0.005762419393211036,ENSG00000100796,PPP4R3A,protein phosphatase 4 regulatory subunit 3A [Source:HGNC Symbol;Acc:HGNC:20219]
Q6IPR1,82.10991342982254,0.6349954342182743,0.16051048144241045,3.9560994927680424,7.618344258959457e-05,0.0005852140866844022,ENSG00000205707,ETFRF1,electron transfer flavoprotein regulatory factor 1 [Source:HGNC Symbol;Acc:HGNC:27052]
Q6IZA2,373.32041191616645,1.408155510554783,0.19048128308490736,7.392618779909705,1.439647933902411e-13,8.246752086826953e-12,ENSG00000174951,FUT1,fucosyltransferase 1 (H blood group) [Source:HGNC Symbol;Acc:HGNC:4012]
Q6L9T8,14.280595023442048,0.8494079803012363,0.22853164557401642,3.7168068263269545,0.00020175658442828087,0.0013499817090355905,ENSG00000215784,FAM72D,family with sequence similarity 72 member D [Source:HGNC Symbol;Acc:HGNC:33593]
Q6MZQ0,29.003486073438854,0.7518719143714078,0.2599628798631328,2.8922279779607716,0.0038252026782168167,0.015866106205329418,ENSG00000135362,PRR5L,proline rich 5 like [Source:HGNC Symbol;Acc:HGNC:25878]
Q6NT55,12.813659667352931,0.7518304624375571,0.2870482794030264,2.619177735540297,0.008814201021991958,0.031592457230458414,ENSG00000171954,CYP4F22,cytochrome P450 family 4 subfamily F member 22 [Source:HGNC Symbol;Acc:HGNC:26820]
Q6NUJ1,13.811562029302955,1.8917319045945746,0.35987995799201394,5.256563647360863,1.4677199613169027e-07,2.380080590211983e-06,ENSG00000178597,PSAPL1,prosaposin like 1 [Source:HGNC Symbol;Acc:HGNC:33131]
Q6NXT4,12.88645339982079,0.5369969515435281,0.20724727117324418,2.591092990047798,0.009567163596564442,0.033759076153381154,ENSG00000152683,SLC30A6,solute carrier family 30 member 6 [Source:HGNC Symbol;Acc:HGNC:19305]
Q6NXT6,944.1306425660517,0.7554475564380698,0.11940915660731147,6.326546287588581,2.5070911922712996e-10,7.543163595409446e-09,ENSG00000169762,TAPT1,transmembrane anterior posterior transformation 1 [Source:HGNC Symbol;Acc:HGNC:26887]
Q6NY19,381.15061353948033,1.236984448866512,0.15686117700902089,7.885854693002684,3.1238994363753457e-15,2.5052537516298866e-13,ENSG00000186994,KANK3,KN motif and ankyrin repeat domains 3 [Source:HGNC Symbol;Acc:HGNC:24796]
Q6P1K2,145.25856696386992,0.6324743071453212,0.15874256408982879,3.9842767487831323,6.768595541829426e-05,0.0005289674205510495,ENSG00000160783,PMF1,polyamine modulated factor 1 [Source:HGNC Symbol;Acc:HGNC:9112]
Q6P1R3,77.54914481191688,0.6268598142212205,0.1472645503740247,4.256691869354252,2.074739876335088e-05,0.0001895456223392462,ENSG00000120458,MSANTD2,Myb/SANT DNA binding domain containing 2 [Source:HGNC Symbol;Acc:HGNC:26266]
Q6P1X6,18.779250799238564,0.5408620922844041,0.17126099161886524,3.1581160845318,0.0015879231190357376,0.0077375290471087405,ENSG00000213563,C8orf82,chromosome 8 open reading frame 82 [Source:HGNC Symbol;Acc:HGNC:33826]
Q6P2D0,13.39368138706694,0.8263863291601282,0.30401350463468896,2.718255329325376,0.006562717295437873,0.024817244038680873,ENSG00000184517,ZFP1,ZFP1 zinc finger protein [Source:HGNC Symbol;Acc:HGNC:23328]
Q6P2I3,22.96939227260137,0.7405603647828873,0.2314706775469215,3.199370100054112,0.0013772823787468636,0.006870523768577998,ENSG00000144199,FAHD2B,fumarylacetoacetate hydrolase domain containing 2B [Source:HGNC Symbol;Acc:HGNC:25318]
Q6P4A8,760.7390474856113,0.6691447964813947,0.18785672472064854,3.5619954381534296,0.0003680467808024224,0.002246697380589784,ENSG00000121316,PLBD1,phospholipase B domain containing 1 [Source:HGNC Symbol;Acc:HGNC:26215]
Q6P5W5,26.157135738846694,0.8074840911977851,0.1855631181942088,4.3515333168344315,1.351887737110989e-05,0.0001311105195877122,ENSG00000147804,SLC39A4,solute carrier family 39 member 4 [Source:HGNC Symbol;Acc:HGNC:17129]
Q6P7P1,11.349201425353005,0.8262424406873912,0.3166424222442387,2.6093864329084684,0.009070474802831439,0.032348035462749766,ENSG00000149311,ATM,ATM serine/threonine kinase [Source:HGNC Symbol;Acc:HGNC:795]
Q6P988,35.979155330910544,1.1371785880169916,0.20854714865091686,5.452860877616185,4.956584701779164e-08,8.945377987973624e-07,ENSG00000185269,NOTUM,"notum, palmitoleoyl-protein carboxylesterase [Source:HGNC Symbol;Acc:HGNC:27106]"
Q6P9A2,1188.677266985775,0.5163457120928069,0.11803675610341587,4.374448511956897,1.2173985161243699e-05,0.00011948601190301225,ENSG00000110328,GALNT18,polypeptide N-acetylgalactosaminyltransferase 18 [Source:HGNC Symbol;Acc:HGNC:30488]
Q6PEY1,22.374775628388036,1.8204207905890961,0.33479852428107926,5.437362050797949,5.4075187173506536e-08,9.672134451942522e-07,ENSG00000167874,TMEM88,transmembrane protein 88 [Source:HGNC Symbol;Acc:HGNC:32371]
Q6PIS1,18.91639548511954,0.9993839138106486,0.3358180642977012,2.975968299682352,0.0029206505061076357,0.012749807256868131,ENSG00000213901,SLC23A3,solute carrier family 23 member 3 [Source:HGNC Symbol;Acc:HGNC:20601]
Q6PIV7,41.368380160621655,0.7598255783086968,0.2275227528010244,3.339558654923569,0.0008391162868826273,0.0045224512685507,ENSG00000162461,SLC25A34,solute carrier family 25 member 34 [Source:HGNC Symbol;Acc:HGNC:27653]
Q6PIY7,307.314569418207,1.1285373704018238,0.2253273477621518,5.008434979641579,5.487440688069968e-07,7.767651921353984e-06,ENSG00000164329,TENT2,terminal nucleotidyltransferase 2 [Source:HGNC Symbol;Acc:HGNC:26776]
Q6PJI9,182.89952948495014,0.7614971501285506,0.21223971066614852,3.587910800191298,0.0003333382824106145,0.0020678621968074126,ENSG00000103091,WDR59,WD repeat domain 59 [Source:HGNC Symbol;Acc:HGNC:25706]
Q6PJT7,74.83958560387681,1.106227875055723,0.1418320721457728,7.799560835004649,6.212298648620811e-15,4.582141618618172e-13,ENSG00000100722,ZC3H14,zinc finger CCCH-type containing 14 [Source:HGNC Symbol;Acc:HGNC:20509]
Q6PJX4,14.33008195826104,0.7318718245751491,0.2715862463471014,2.694804447644152,0.007042995213265702,0.026326450808863894,ENSG00000167468,GPX4,glutathione peroxidase 4 [Source:HGNC Symbol;Acc:HGNC:4556]
Q6PKX4,360.03981661351503,0.692973436976738,0.2063831192781925,3.357704057387804,0.0007859270916979242,0.00428180097445471,ENSG00000206052,DOK6,docking protein 6 [Source:HGNC Symbol;Acc:HGNC:28301]
Q6RW13,11.095745194569664,0.8072263408735135,0.2405273601524663,3.3560686832542714,0.0007905893205350845,0.0043029755367918945,ENSG00000177674,AGTRAP,angiotensin II receptor associated protein [Source:HGNC Symbol;Acc:HGNC:13539]
Q6UWF3,358.6207446044834,0.6042358564236345,0.16870772610279852,3.5815541491884972,0.000341556325279619,0.0021070442511095717,ENSG00000161929,SCIMP,SLP adaptor and CSK interacting membrane protein [Source:HGNC Symbol;Acc:HGNC:33504]
Q6UWI4,327.9447090610968,0.6490413697932492,0.22054998634496556,2.9428311492981636,0.0032522574920282976,0.013965203802412788,ENSG00000180730,SHISA2,shisa family member 2 [Source:HGNC Symbol;Acc:HGNC:20366]
Q6UWN5,116.92614273966599,0.6732726166196553,0.25515199740161604,2.6387119186839296,0.008322166751343204,0.030142398675336347,ENSG00000159871,LYPD5,LY6/PLAUR domain containing 5 [Source:HGNC Symbol;Acc:HGNC:26397]
Q6UWT2,21.361868797026712,2.02137207756923,0.3091778572498286,6.537894063790852,6.239108979025159e-11,2.15332252618812e-09,ENSG00000168913,ENHO,energy homeostasis associated [Source:HGNC Symbol;Acc:HGNC:24838]
Q6UX46,31.85828616218432,1.0102034508306375,0.35023667266794123,2.884345157619772,0.0039222859457382015,0.016183943059156013,ENSG00000189292,ALKAL2,ALK and LTK ligand 2 [Source:HGNC Symbol;Acc:HGNC:27683]
Q6UXD1,97.63049980831558,1.5259796089430004,0.3449725364654919,4.423481430080874,9.712298355314424e-06,9.771670982121547e-05,ENSG00000196196,HRCT1,histidine rich carboxyl terminus 1 [Source:HGNC Symbol;Acc:HGNC:33872]
Q6UXE8,19.50048070932405,2.0112355509324966,0.6453210860872466,3.11664316306035,0.0018292283900185626,0.00867192667959359,ENSG00000168903,BTNL3,butyrophilin like 3 [Source:HGNC Symbol;Acc:HGNC:1143]
Q6UXG3,16.99055682567367,1.593225298967874,0.3798409527476853,4.194453724493989,2.7352998346316703e-05,0.0002400489556425263,ENSG00000161649,CD300LG,CD300 molecule like family member g [Source:HGNC Symbol;Acc:HGNC:30455]
Q6UXG8,2398.413344603855,2.995991023520567,0.2948681394271119,10.160443340339732,2.977195575362539e-24,1.0590172777265391e-21,ENSG00000165810,BTNL9,butyrophilin like 9 [Source:HGNC Symbol;Acc:HGNC:24176]
Q6UY01,23.711941358654993,0.7646068676879345,0.25565982595198156,2.99071965976987,0.0027832087559292425,0.012276667411708835,ENSG00000114248,LRRC31,leucine rich repeat containing 31 [Source:HGNC Symbol;Acc:HGNC:26261]
Q6UY14,19.61606329098433,0.9301919000846314,0.22906839357710712,4.060760568312616,4.891311345545705e-05,0.00039854763284895186,ENSG00000143382,ADAMTSL4,ADAMTS like 4 [Source:HGNC Symbol;Acc:HGNC:19706]
Q6WKZ4,1732.536317185448,0.709759094660405,0.182139138400867,3.896796157552409,9.747359329544289e-05,0.0007228253619830859,ENSG00000156675,RAB11FIP1,RAB11 family interacting protein 1 [Source:HGNC Symbol;Acc:HGNC:30265]
Q6X4U4,1002.785838013574,3.0167428046775253,0.37668944597716686,8.008567367349034,1.1605238488852765e-15,1.0116281803682168e-13,ENSG00000171243,SOSTDC1,sclerostin domain containing 1 [Source:HGNC Symbol;Acc:HGNC:21748]
Q6ZMD1,26.5335556312055,1.3077018693352873,0.27721170782528,4.7173399694918405,2.3894821857835332e-06,2.8733718716068723e-05,ENSG00000125872,LRRN4,leucine rich repeat neuronal 4 [Source:HGNC Symbol;Acc:HGNC:16208]
Q6ZMR3,13.987812797852927,0.5705654218768246,0.19686538076257606,2.8982516868465504,0.0037524932249238504,0.01563102358356053,ENSG00000166800,LDHAL6A,lactate dehydrogenase A like 6A [Source:HGNC Symbol;Acc:HGNC:28335]
Q6ZN57,78.21638953062752,0.7640311672008845,0.1817488726145306,4.203773900822542,2.625011577970587e-05,0.00023175342410153453,ENSG00000198939,ZFP2,ZFP2 zinc finger protein [Source:HGNC Symbol;Acc:HGNC:26138]
Q6ZP82,126.07654432570594,0.8411326387247906,0.2738538584887335,3.0714653551591105,0.002130108819596818,0.009844388077826534,ENSG00000163492,CCDC141,coiled-coil domain containing 141 [Source:HGNC Symbol;Acc:HGNC:26821]
Q6ZR52,556.5890891866945,0.7839549274306997,0.15829159394214434,4.9525998690570745,7.322845210800561e-07,1.0030933433477985e-05,ENSG00000196268,ZNF493,zinc finger protein 493 [Source:HGNC Symbol;Acc:HGNC:23708]
Q6ZS27,241.2483182015206,0.8485323241334345,0.14710733172067936,5.768117157781019,8.016207283108885e-09,1.7298379199773323e-07,ENSG00000182983,ZNF662,zinc finger protein 662 [Source:HGNC Symbol;Acc:HGNC:31930]
Q6ZS82,16.23792846300091,2.754433260181786,0.2596658939483805,10.607605097068872,2.746998916274644e-26,1.5942714236716052e-23,ENSG00000186326,RGS9BP,regulator of G protein signaling 9 binding protein [Source:HGNC Symbol;Acc:HGNC:30304]
Q6ZSM3,226.80381242308212,0.8130350846757389,0.26432639682691694,3.075875487411577,0.0020988547210554842,0.009728487183303415,ENSG00000152779,SLC16A12,solute carrier family 16 member 12 [Source:HGNC Symbol;Acc:HGNC:23094]
Q6ZUI0,91.47904497113173,0.8344012970688371,0.1538078194474722,5.424960187760794,5.7967458907985464e-08,1.0334796594637926e-06,ENSG00000188001,TPRG1,tumor protein p63 regulated 1 [Source:HGNC Symbol;Acc:HGNC:24759]
Q6ZUK4,54.87878915695841,1.3177221826653465,0.2572739346078625,5.121864306517571,3.025295704622842e-07,4.5542574382083385e-06,ENSG00000196932,TMEM26,transmembrane protein 26 [Source:HGNC Symbol;Acc:HGNC:28550]
Q6ZV29,70.89707090063696,1.0984791974799029,0.2032628273920904,5.404230628756118,6.508715544158545e-08,1.1383284108713126e-06,ENSG00000130653,PNPLA7,patatin like phospholipase domain containing 7 [Source:HGNC Symbol;Acc:HGNC:24768]
Q6ZV70,68.91293950838423,0.5683362311421606,0.13796079286913074,4.119548890105922,3.796148741543863e-05,0.0003197871059816973,ENSG00000147036,LANCL3,LanC like family member 3 [Source:HGNC Symbol;Acc:HGNC:24767]
Q70EK8,315.177008225024,0.6551380412374449,0.1444308581515957,4.53599770590442,5.73318031012271e-06,6.149783976626763e-05,ENSG00000145390,USP53,ubiquitin specific peptidase 53 [Source:HGNC Symbol;Acc:HGNC:29255]
Q70Z35,1079.0783081744296,0.6263928391222293,0.12697437861525362,4.933222323696253,8.088399980087627e-07,1.0957099088504454e-05,ENSG00000046889,PREX2,"phosphatidylinositol-3,4,5-trisphosphate dependent Rac exchange factor 2 [Source:HGNC Symbol;Acc:HGNC:22950]"
Q717R9,254.45093009121132,2.1423839196253276,0.1837170011938818,11.661326418911054,2.008882370112553e-31,2.953592786030816e-28,ENSG00000205795,CYS1,cystin 1 [Source:HGNC Symbol;Acc:HGNC:18525]
Q71H61,83.50215828726921,0.9008384499515468,0.1753050906001306,5.138689623145922,2.7666092416357403e-07,4.202121226930759e-06,ENSG00000143195,ILDR2,immunoglobulin like domain containing receptor 2 [Source:HGNC Symbol;Acc:HGNC:18131]
Q71RG4,10.896965168402623,0.5716820260507707,0.22604101898487586,2.529107454116641,0.01143530113316148,0.038954916773361645,ENSG00000168591,TMUB2,transmembrane and ubiquitin like domain containing 2 [Source:HGNC Symbol;Acc:HGNC:28459]
Q75T13,180.74703391872018,0.6430996974162939,0.15961155135475305,4.029155107871477,5.597767623970273e-05,0.00044843141002194115,ENSG00000197121,PGAP1,post-GPI attachment to proteins inositol deacylase 1 [Source:HGNC Symbol;Acc:HGNC:25712]
Q76EJ3,61.607073385483346,0.7755211140671073,0.1831764079372715,4.233739064982011,2.298376086237017e-05,0.00020645393303134906,ENSG00000130958,SLC35D2,solute carrier family 35 member D2 [Source:HGNC Symbol;Acc:HGNC:20799]
Q76KX8,10.51697622601322,0.7780125440713862,0.3159641214448891,2.4623445868270464,0.01380319796638211,0.04548270251764396,ENSG00000198633,ZNF534,zinc finger protein 534 [Source:HGNC Symbol;Acc:HGNC:26337]
Q7GXY9,50356.75249548165,0.6018986268269498,0.18257160950496745,3.2967810737877805,0.0009779970188257866,0.005155054075808771,ENSG00000198763,MT-ND2,mitochondrially encoded NADH:ubiquinone oxidoreductase core subunit 2 [Source:HGNC Symbol;Acc:HGNC:7456]
Q7GXZ4,11345.321420577398,0.5515142557780033,0.21008055846214604,2.625251283675445,0.00865850407644546,0.031125452143753573,ENSG00000212907,MT-ND4L,mitochondrially encoded NADH:ubiquinone oxidoreductase core subunit 4L [Source:HGNC Symbol;Acc:HGNC:7460]
Q7GXZ5,30341.727048370845,0.833279885685849,0.21245979201903378,3.922059217732819,8.77954066089195e-05,0.0006615100435097747,ENSG00000198840,MT-ND3,mitochondrially encoded NADH:ubiquinone oxidoreductase core subunit 3 [Source:HGNC Symbol;Acc:HGNC:7458]
Q7KYR7,18.95825570619418,0.551064804932862,0.163491491058773,3.3706023559034124,0.0007500403666698576,0.00411784671310357,ENSG00000112763,BTN2A1,butyrophilin subfamily 2 member A1 [Source:HGNC Symbol;Acc:HGNC:1136]
Q7L099,1379.4165052328508,0.7431318965514583,0.13476652178864076,5.514217378978876,3.503353760415509e-08,6.531104296889573e-07,ENSG00000018189,RUFY3,RUN and FYVE domain containing 3 [Source:HGNC Symbol;Acc:HGNC:30285]
Q7L2H7,256.1434099392948,0.5728770264912414,0.1150490729796587,4.979414537242983,6.377690777033071e-07,8.879645984639354e-06,ENSG00000149100,EIF3M,eukaryotic translation initiation factor 3 subunit M [Source:HGNC Symbol;Acc:HGNC:24460]
Q7L4I2,137.20321914315844,0.6441674531594036,0.18993658279960093,3.3914870093196026,0.000695144584222429,0.003861641979960063,ENSG00000111011,RSRC2,arginine and serine rich coiled-coil 2 [Source:HGNC Symbol;Acc:HGNC:30559]
Q7L8C5,17.939822905289994,1.159164418638124,0.371908937833114,3.116796346417127,0.0018282782317832157,0.008670560269167047,ENSG00000019505,SYT13,synaptotagmin 13 [Source:HGNC Symbol;Acc:HGNC:14962]
Q7LC44,116.56439692478223,1.8290848176945684,0.3393728485203148,5.389602691168382,7.061362102056915e-08,1.2252657733970354e-06,ENSG00000198576,ARC,activity regulated cytoskeleton associated protein [Source:HGNC Symbol;Acc:HGNC:648]
Q7RTR2,302.5659300099256,0.5227828179732611,0.16117149157502036,3.243643232835143,0.0011801145950198595,0.0060232000181828236,ENSG00000167984,NLRC3,NLR family CARD domain containing 3 [Source:HGNC Symbol;Acc:HGNC:29889]
Q7Z3U7,91.73121958510764,1.1292937978879767,0.17544158836006735,6.436864875905432,1.2196641949999343e-10,3.938283185436098e-09,ENSG00000061987,MON2,"MON2 homolog, regulator of endosome-to-Golgi trafficking [Source:HGNC Symbol;Acc:HGNC:29177]"
Q7Z402,48.07085085619169,1.0439220035415688,0.1989895736230528,5.246114077911825,1.5534073846216126e-07,2.504301641845398e-06,ENSG00000170537,TMC7,transmembrane channel like 7 [Source:HGNC Symbol;Acc:HGNC:23000]
Q7Z419,2395.167080762922,0.7535204169398453,0.1239625938207126,6.078611246467331,1.2122786490948248e-09,3.137980437457426e-08,ENSG00000137393,RNF144B,ring finger protein 144B [Source:HGNC Symbol;Acc:HGNC:21578]
Q7Z465,125.65552991242282,1.1132714129080485,0.27177453143906094,4.096305150498157,4.1979650639836285e-05,0.0003483582569735914,ENSG00000163141,BNIPL,BCL2 interacting protein like [Source:HGNC Symbol;Acc:HGNC:16976]
Q7Z4I7,82.76989115376348,1.8952151296646853,0.25193492822004115,7.522637464581312,5.36821267802651e-14,3.3506171841451264e-12,ENSG00000072163,LIMS2,LIM zinc finger domain containing 2 [Source:HGNC Symbol;Acc:HGNC:16084]
Q7Z6J2,43.24988571108694,0.7532559294056076,0.24291999395050923,3.100839569257813,0.00192972811757286,0.009074248167367132,ENSG00000161835,TAMALIN,trafficking regulator and scaffold protein tamalin [Source:HGNC Symbol;Acc:HGNC:18707]
Q7Z6L1,265.40516337553595,0.5749363728472681,0.11962622407214582,4.806106498024443,1.5389794188062437e-06,1.9472548538355078e-05,ENSG00000205356,TECPR1,tectonin beta-propeller repeat containing 1 [Source:HGNC Symbol;Acc:HGNC:22214]
Q7Z6V5,430.58299952224917,0.7026095868117991,0.18220116182978252,3.8562300029030374,0.00011514915047590255,0.0008312600211442078,ENSG00000189007,ADAT2,adenosine deaminase tRNA specific 2 [Source:HGNC Symbol;Acc:HGNC:21172]
Q7Z769,140.53545667877765,0.545414583114166,0.11813281687759855,4.616960786428116,3.894008152886829e-06,4.404023374552109e-05,ENSG00000175782,SLC35E3,solute carrier family 35 member E3 [Source:HGNC Symbol;Acc:HGNC:20864]
Q7Z7M9,1912.9491573523817,0.6768142218392991,0.1774723216794132,3.8136325452590816,0.00013693902860172156,0.0009661079132381214,ENSG00000136542,GALNT5,polypeptide N-acetylgalactosaminyltransferase 5 [Source:HGNC Symbol;Acc:HGNC:4127]
Q86SJ2,1474.463025034628,0.7619505493985967,0.10699303107002246,7.121496996378502,1.0676106189843693e-12,5.209089511301168e-11,ENSG00000139211,AMIGO2,adhesion molecule with Ig like domain 2 [Source:HGNC Symbol;Acc:HGNC:24073]
Q86SQ4,1275.4716743676593,0.5573465999428415,0.15557719085708271,3.582444167248364,0.00034039438436678015,0.002103996006957671,ENSG00000112414,ADGRG6,adhesion G protein-coupled receptor G6 [Source:HGNC Symbol;Acc:HGNC:13841]
Q86T13,1936.810942769354,0.978197792625116,0.13935149604844424,7.019643278785143,2.224354113697559e-12,1.024131641408893e-10,ENSG00000176435,CLEC14A,C-type lectin domain containing 14A [Source:HGNC Symbol;Acc:HGNC:19832]
Q86T90,118.73111869020252,0.8065991935677123,0.08110729344887835,9.94484169387441,2.655959773754328e-23,8.13535234033027e-21,ENSG00000150477,KIAA1328,KIAA1328 [Source:HGNC Symbol;Acc:HGNC:29248]
Q86U10,40.14522017549249,2.99373455628791,0.3627158115843921,8.253664330790734,1.5361041031332063e-16,1.6132018995476065e-14,ENSG00000166183,ASPG,asparaginase [Source:HGNC Symbol;Acc:HGNC:20123]
Q86U70,1242.9451644064181,0.5774059495864698,0.14016011336033593,4.119616742189869,3.795031092236789e-05,0.0003197871059816973,ENSG00000198728,LDB1,LIM domain binding 1 [Source:HGNC Symbol;Acc:HGNC:6532]
Q86UB9,466.54524020167736,0.5354013163974025,0.0924232028999525,5.792931856916611,6.916817706604836e-09,1.5118285203316457e-07,ENSG00000166575,TMEM135,transmembrane protein 135 [Source:HGNC Symbol;Acc:HGNC:26167]
Q86UR1,90.10414514370964,0.5714686007396881,0.21151655822633667,2.701767679711292,0.006897193653367127,0.025869168168598404,ENSG00000188747,NOXA1,NADPH oxidase activator 1 [Source:HGNC Symbol;Acc:HGNC:10668]
Q86V15,346.1146342086975,1.018206076998261,0.16139118793699125,6.308932290626543,2.809669941354356e-10,8.362275423296757e-09,ENSG00000130940,CASZ1,castor zinc finger 1 [Source:HGNC Symbol;Acc:HGNC:26002]
Q86VD9,24.762494674967538,1.001701723256267,0.2883966387050651,3.473347427882745,0.0005140095127077159,0.0029839126916874036,ENSG00000119227,PIGZ,phosphatidylinositol glycan anchor biosynthesis class Z [Source:HGNC Symbol;Acc:HGNC:30596]
Q86VW0,1281.1783146387443,0.755229800029727,0.0993335325893046,7.602969313013677,2.8941213607664614e-14,1.922498568986251e-12,ENSG00000187231,SESTD1,SEC14 and spectrin domain containing 1 [Source:HGNC Symbol;Acc:HGNC:18379]
Q86W10,33.246088678902375,1.0149178161699834,0.2506684594539396,4.04884530898262,5.1470949761971374e-05,0.00041656525726624464,ENSG00000186160,CYP4Z1,cytochrome P450 family 4 subfamily Z member 1 [Source:HGNC Symbol;Acc:HGNC:20583]
Q86W47,251.5563339183922,1.4161838422411364,0.18826240095154603,7.522393399230185,5.378246500350842e-14,3.3506171841451264e-12,ENSG00000135643,KCNMB4,potassium calcium-activated channel subfamily M regulatory beta subunit 4 [Source:HGNC Symbol;Acc:HGNC:6289]
Q86W74,511.920419085943,0.602410458071453,0.10162999821271551,5.927486654192246,3.0760634060951073e-09,7.302422212919429e-08,ENSG00000186106,ANKRD46,ankyrin repeat domain 46 [Source:HGNC Symbol;Acc:HGNC:27229]
Q86W92,1186.0399018648855,0.7965997327028025,0.10981965967123195,7.2537078979081695,4.055141654045027e-13,2.1549902177905787e-11,ENSG00000110841,PPFIBP1,PPFIA binding protein 1 [Source:HGNC Symbol;Acc:HGNC:9249]
Q86X53,87.84332123744036,0.6599426730634685,0.16544902758583319,3.9887975329507293,6.640907122345978e-05,0.0005195408502171628,ENSG00000104714,ERICH1,glutamate rich 1 [Source:HGNC Symbol;Acc:HGNC:27234]
Q86X76,72.02037393898904,0.771656643873188,0.18615594624400827,4.14521619879776,3.394932407650515e-05,0.0002895276075727937,ENSG00000158793,NIT1,nitrilase 1 [Source:HGNC Symbol;Acc:HGNC:7828]
Q86XL3,50.52820150500099,0.5745143704219273,0.2081563198406851,2.7600140647261573,0.005779887311365015,0.022374870065796745,ENSG00000176915,ANKLE2,ankyrin repeat and LEM domain containing 2 [Source:HGNC Symbol;Acc:HGNC:29101]
Q86XX4,779.6259361130848,0.9642484718975527,0.18096218108520995,5.32845297351669,9.905283600060247e-08,1.6675658359979289e-06,ENSG00000138759,FRAS1,Fraser extracellular matrix complex subunit 1 [Source:HGNC Symbol;Acc:HGNC:19185]
Q86Y78,30.393473756089918,0.7811531788172031,0.3075479120546948,2.5399397888881836,0.011087155432808719,0.03797423915439719,ENSG00000187123,LYPD6,LY6/PLAUR domain containing 6 [Source:HGNC Symbol;Acc:HGNC:28751]
Q86YM7,321.51936663082347,0.7980293799773165,0.14327973419117257,5.5697296235386435,2.5513494296957066e-08,4.914188674454944e-07,ENSG00000152413,HOMER1,homer scaffold protein 1 [Source:HGNC Symbol;Acc:HGNC:17512]
Q86YN6,377.2383218248391,0.5691637162872766,0.1541626365057822,3.6919692682210252,0.00022252435851880605,0.001466254019352778,ENSG00000155846,PPARGC1B,PPARG coactivator 1 beta [Source:HGNC Symbol;Acc:HGNC:30022]
Q86YR5,45.95897759077595,1.423588209492091,0.22502842968881892,6.326259359587157,2.511755080141441e-10,7.54690007322062e-09,ENSG00000160360,GPSM1,G protein signaling modulator 1 [Source:HGNC Symbol;Acc:HGNC:17858]
Q86YS7,896.624950330371,0.5225901073902097,0.1592289215246143,3.2820049422329687,0.0010307179854595768,0.005380225905639174,ENSG00000111731,C2CD5,C2 calcium dependent domain containing 5 [Source:HGNC Symbol;Acc:HGNC:29062]
Q86Z14,127.2888117224705,1.374244645373409,0.3182876375585934,4.3176186669217556,1.577216159407498e-05,0.00014973708643811005,ENSG00000134962,KLB,klotho beta [Source:HGNC Symbol;Acc:HGNC:15527]
Q8IU68,339.91925265378154,0.8446726601314569,0.23244328333755304,3.6338871487408277,0.0002791830121042352,0.0017820845583058768,ENSG00000167895,TMC8,transmembrane channel like 8 [Source:HGNC Symbol;Acc:HGNC:20474]
Q8IU80,22.336871457463243,0.712227621330911,0.2480921279020854,2.8708191080210574,0.004094097349484375,0.0167921188293711,ENSG00000187045,TMPRSS6,transmembrane serine protease 6 [Source:HGNC Symbol;Acc:HGNC:16517]
Q8IUC8,57.41239478514057,3.8552264628681985,0.3034871179914134,12.70309754293187,5.683480654854113e-37,2.08905803936921e-33,ENSG00000144278,GALNT13,polypeptide N-acetylgalactosaminyltransferase 13 [Source:HGNC Symbol;Acc:HGNC:23242]
Q8IV16,1356.4278440234875,2.565495506030844,0.25304537692838724,10.138480051176309,3.728556697461456e-24,1.265070606243307e-21,ENSG00000277494,GPIHBP1,glycosylphosphatidylinositol anchored high density lipoprotein binding protein 1 [Source:HGNC Symbol;Acc:HGNC:24945]
Q8IV63,86.97950516470803,0.6948739483375156,0.2120832549211691,3.276420614139474,0.0010513186327404799,0.005474800738242867,ENSG00000105053,VRK3,VRK serine/threonine kinase 3 [Source:HGNC Symbol;Acc:HGNC:18996]
Q8IVA1,21.128445793418248,1.4231927173407817,0.3212883766392682,4.42964271607838,9.438933260711668e-06,9.55767833479041e-05,ENSG00000174788,PCP2,Purkinje cell protein 2 [Source:HGNC Symbol;Acc:HGNC:30209]
Q8IVD9,98.93831436022005,0.5152640626140876,0.12678354302006503,4.0641241784238575,4.821315405754242e-05,0.0003943964761072109,ENSG00000015676,NUDCD3,NudC domain containing 3 [Source:HGNC Symbol;Acc:HGNC:22208]
Q8IVE3,1403.1068142090583,1.241792110358223,0.19355550722213488,6.415689887516734,1.4018655634364878e-10,4.454862123347018e-09,ENSG00000152527,PLEKHH2,"pleckstrin homology, MyTH4 and FERM domain containing H2 [Source:HGNC Symbol;Acc:HGNC:30506]"
Q8IVG5,504.00496641955357,1.1470568525338392,0.178579501517122,6.423227989713369,1.3341444027854952e-10,4.279637923329521e-09,ENSG00000177409,SAMD9L,sterile alpha motif domain containing 9 like [Source:HGNC Symbol;Acc:HGNC:1349]
Q8IVH2,58.60369093591948,0.7972943954839208,0.15357373555623627,5.191606446220514,2.0848733473334434e-07,3.272583402284111e-06,ENSG00000137166,FOXP4,forkhead box P4 [Source:HGNC Symbol;Acc:HGNC:20842]
Q8IVL5,574.4655400043256,1.6037239062379445,0.19795046592027105,8.10164249314715,5.422208652936973e-16,5.088569771569021e-14,ENSG00000090530,P3H2,prolyl 3-hydroxylase 2 [Source:HGNC Symbol;Acc:HGNC:19317]
Q8IVP9,74.6007419799813,0.5038290420574815,0.1923462260555321,2.6193861579172415,0.008808816888539898,0.031583425078826034,ENSG00000152433,ZNF547,zinc finger protein 547 [Source:HGNC Symbol;Acc:HGNC:26432]
Q8IVS8,36.5341244819184,0.6453580663994265,0.15301234508457393,4.217686266050757,2.468219098498436e-05,0.00021993577373044247,ENSG00000168237,GLYCTK,glycerate kinase [Source:HGNC Symbol;Acc:HGNC:24247]
Q8IW41,316.78695113063844,0.7862407601270978,0.12189828644501721,6.449973851615505,1.1186945134762878e-10,3.6604879525528264e-09,ENSG00000089022,MAPKAPK5,MAPK activated protein kinase 5 [Source:HGNC Symbol;Acc:HGNC:6889]
Q8IWL1,176457.68029424248,0.8192933401611461,0.26464094752361633,3.0958676192316497,0.0019623795069754896,0.009204235994648544,ENSG00000185303,SFTPA2,surfactant protein A2 [Source:HGNC Symbol;Acc:HGNC:10799]
Q8IWL2,144310.67770452655,0.822864323047265,0.252098775776717,3.2640552121366624,0.0010982976046611116,0.005675223845641086,ENSG00000122852,SFTPA1,surfactant protein A1 [Source:HGNC Symbol;Acc:HGNC:10798]
Q8IWR0,65.90147371250504,0.6368501331977183,0.15953663616853167,3.9918738948774193,6.555323139599437e-05,0.0005133916779855326,ENSG00000122299,ZC3H7A,zinc finger CCCH-type containing 7A [Source:HGNC Symbol;Acc:HGNC:30959]
Q8IWU4,15.12686025296813,2.337349072337135,0.6179374643946354,3.7825009924376847,0.0001552604741038546,0.0010794812408216926,ENSG00000164756,SLC30A8,solute carrier family 30 member 8 [Source:HGNC Symbol;Acc:HGNC:20303]
Q8IX19,518.5690969087489,1.824447659693543,0.2939615332460079,6.2064163278353695,5.420646002593019e-10,1.507527451969564e-08,ENSG00000183019,MCEMP1,mast cell expressed membrane protein 1 [Source:HGNC Symbol;Acc:HGNC:27291]
Q8IX21,39.150326805102424,0.6586608564719011,0.16986093452880935,3.8776476668929933,0.00010547131158453113,0.0007727788390980896,ENSG00000119906,SLF2,SMC5-SMC6 complex localization factor 2 [Source:HGNC Symbol;Acc:HGNC:17814]
Q8IX94,18.088157308630056,0.7454729489952834,0.2872558223391477,2.595153486967944,0.009454868617128121,0.03341134999478301,ENSG00000288784,CTAGE4,CTAGE family member 4 [Source:HGNC Symbol;Acc:HGNC:24772]
Q8IXI2,13.944160101195266,0.7302391729658705,0.18414978965015522,3.9654629763800813,7.325362258377587e-05,0.0005650700918022362,ENSG00000126858,RHOT1,ras homolog family member T1 [Source:HGNC Symbol;Acc:HGNC:21168]
Q8IXK2,191.28386482576687,0.7604191590015229,0.22361662481522404,3.400548414635372,0.0006725082566284572,0.0037614752958873947,ENSG00000119514,GALNT12,polypeptide N-acetylgalactosaminyltransferase 12 [Source:HGNC Symbol;Acc:HGNC:19877]
Q8IXM7,46.39085291442478,1.3744297498292681,0.35429423285133205,3.879345533705039,0.0001047378863963324,0.0007681707171881325,ENSG00000182950,CIMAP1C,ciliary microtubule associated protein 1C [Source:HGNC Symbol;Acc:HGNC:28735]
Q8IXN7,271.73913716745517,1.2324549819034423,0.1777538066119486,6.933494170361113,4.1057083888077755e-12,1.7930156991438945e-10,ENSG00000177181,RIMKLA,ribosomal modification protein rimK like family member A [Source:HGNC Symbol;Acc:HGNC:28725]
Q8IXW0,11.701425183594228,1.8284784725464034,0.26002596757887825,7.03190719592934,2.037293003100741e-12,9.439172245878936e-11,ENSG00000185522,LMNTD2,lamin tail domain containing 2 [Source:HGNC Symbol;Acc:HGNC:28561]
Q8IY84,59.57254134483255,1.4486709481462465,0.20291244101647965,7.139389486860453,9.374635356185098e-13,4.604637152456707e-11,ENSG00000177453,NIM1K,NIM1 serine/threonine protein kinase [Source:HGNC Symbol;Acc:HGNC:28646]
Q8IYT8,639.9506327354492,0.5242007854449208,0.08998301608404374,5.825552512657716,5.6923956193152225e-09,1.279715524856044e-07,ENSG00000083290,ULK2,unc-51 like autophagy activating kinase 2 [Source:HGNC Symbol;Acc:HGNC:13480]
Q8IYX3,10.37547676372383,0.9700065602371395,0.24596874079695735,3.9436172136924585,8.026173418750675e-05,0.0006118535381165827,ENSG00000161180,CCDC116,coiled-coil domain containing 116 [Source:HGNC Symbol;Acc:HGNC:26688]
Q8IZ20,19.904691463790307,1.9004373863624378,0.38937287563675615,4.8807646995301885,1.0567526842888053e-06,1.3844732524340683e-05,ENSG00000176083,ZNF683,zinc finger protein 683 [Source:HGNC Symbol;Acc:HGNC:28495]
Q8IZC4,4605.423433254086,4.005276468106239,0.37925072423692247,10.561025232489987,4.517011265701736e-26,2.5543119603534894e-23,ENSG00000182010,RTKN2,rhotekin 2 [Source:HGNC Symbol;Acc:HGNC:19364]
Q8IZF2,10589.307964531125,0.5557487888734978,0.13100851706813213,4.242081364713683,2.2145637068409435e-05,0.0002004102913035296,ENSG00000069122,ADGRF5,adhesion G protein-coupled receptor F5 [Source:HGNC Symbol;Acc:HGNC:19030]
Q8IZJ3,258.8924617297781,1.1763547662115912,0.1575370216296194,7.467163934184841,8.194165952493035e-14,4.978350851688193e-12,ENSG00000160111,CPAMD8,C3 and PZP like alpha-2-macroglobulin domain containing 8 [Source:HGNC Symbol;Acc:HGNC:23228]
Q8IZK6,37.64986904180283,1.2981704335340793,0.28630416073616266,4.534235304845534,5.781255103635541e-06,6.198337387242501e-05,ENSG00000153898,MCOLN2,mucolipin TRP cation channel 2 [Source:HGNC Symbol;Acc:HGNC:13357]
Q8IZN3,95.4204213262826,0.7448911413765021,0.12203811952243342,6.103757942939902,1.0360315186366237e-09,2.7396449774594842e-08,ENSG00000175048,ZDHHC14,zinc finger DHHC-type palmitoyltransferase 14 [Source:HGNC Symbol;Acc:HGNC:20341]
Q8IZS8,16.426431722263953,0.9522561763961743,0.2538789184786154,3.7508280801833664,0.00017625152121372104,0.0012034213773521375,ENSG00000157445,CACNA2D3,calcium voltage-gated channel auxiliary subunit alpha2delta 3 [Source:HGNC Symbol;Acc:HGNC:15460]
Q8IZT8,19.91781729247606,1.748895762177783,0.38345152600010224,4.5609305051437365,5.0927435239598865e-06,5.546437811230189e-05,ENSG00000249853,HS3ST5,heparan sulfate-glucosamine 3-sulfotransferase 5 [Source:HGNC Symbol;Acc:HGNC:19419]
Q8N0T1,44.631066840744786,0.6136118547491061,0.20286492416598279,3.024731146952998,0.002488542323781714,0.011202758197322292,ENSG00000176731,RBIS,ribosomal biogenesis factor [Source:HGNC Symbol;Acc:HGNC:32235]
Q8N0V5,463.3063156841159,0.6306491359255045,0.10781649632674113,5.849282414207779,4.936982342407433e-09,1.1271243124167033e-07,ENSG00000111846,GCNT2,glucosaminyl (N-acetyl) transferase 2 (I blood group) [Source:HGNC Symbol;Acc:HGNC:4204]
Q8N0Z9,609.5971814364792,1.6669905766868032,0.14847373615330556,11.227511476949454,2.9877505859632297e-29,2.864863105340568e-26,ENSG00000176834,VSIG10,V-set and immunoglobulin domain containing 10 [Source:HGNC Symbol;Acc:HGNC:26078]
Q8N103,42.42514862814919,0.723164500037703,0.21459873295667325,3.3698451527377262,0.0007521043472068623,0.004128150640443041,ENSG00000164691,TAGAP,T cell activation RhoGTPase activating protein [Source:HGNC Symbol;Acc:HGNC:15669]
Q8N143,702.6717436778326,0.8193491221233296,0.16928531789059828,4.840048341657362,1.2980754898978992e-06,1.670230854971311e-05,ENSG00000161940,BCL6B,BCL6B transcription repressor [Source:HGNC Symbol;Acc:HGNC:1002]
Q8N1N0,53.007854607220345,1.5651676668400538,0.282384648803605,5.542679722397405,2.9787740984348127e-08,5.648657262844485e-07,ENSG00000152672,CLEC4F,C-type lectin domain family 4 member F [Source:HGNC Symbol;Acc:HGNC:25357]
Q8N228,68.98583066232756,0.7021485799472601,0.22188108945815246,3.1645264662344634,0.001553355338845809,0.007597626667311038,ENSG00000146285,SCML4,Scm polycomb group protein like 4 [Source:HGNC Symbol;Acc:HGNC:21397]
Q8N339,463.65525687904665,1.1003848530592777,0.45293534146544334,2.429452401526127,0.015121650340842011,0.0489279455130472,ENSG00000205364,MT1M,metallothionein 1M [Source:HGNC Symbol;Acc:HGNC:14296]
Q8N3F0,1832.2345902157622,0.7669741837639327,0.1275125007058807,6.014894065429939,1.8000437404946898e-09,4.455461801668899e-08,ENSG00000180354,MTURN,"maturin, neural progenitor differentiation regulator homolog [Source:HGNC Symbol;Acc:HGNC:25457]"
Q8N3J6,34.36258387451179,2.1966218197702245,0.333211193747897,6.592280994713996,4.3311983015383405e-11,1.5431380830715115e-09,ENSG00000175161,CADM2,cell adhesion molecule 2 [Source:HGNC Symbol;Acc:HGNC:29849]
Q8N3X1,761.6488722432025,0.8536224321191537,0.22658766178933992,3.767294412141347,0.00016502634260860878,0.0011369856169604054,ENSG00000109920,FNBP4,formin binding protein 4 [Source:HGNC Symbol;Acc:HGNC:19752]
Q8N3Y7,352.85276273553905,0.9498492095930169,0.2674848439811013,3.551039361542768,0.00038371302619588367,0.002329173038134304,ENSG00000170786,SDR16C5,short chain dehydrogenase/reductase family 16C member 5 [Source:HGNC Symbol;Acc:HGNC:30311]
Q8N437,119.98726534197245,0.5372687311213791,0.20912052232604425,2.5691822358960636,0.0101938834303246,0.035572136894363726,ENSG00000138670,RASGEF1B,RasGEF domain family member 1B [Source:HGNC Symbol;Acc:HGNC:24881]
Q8N488,49.81007263279917,0.7919816970091014,0.17452455267349593,4.5379385586551635,5.680680486963207e-06,6.102373475863935e-05,ENSG00000163602,RYBP,RING1 and YY1 binding protein [Source:HGNC Symbol;Acc:HGNC:10480]
Q8N4S9,29.50050299320077,1.0577684478931053,0.2714988831322319,3.8960324097463244,9.778131006299891e-05,0.0007246199637531511,ENSG00000152939,MARVELD2,MARVEL domain containing 2 [Source:HGNC Symbol;Acc:HGNC:26401]
Q8N554,83.69840170060759,0.8440946594486429,0.17245039579943194,4.894709899247581,9.845084833697466e-07,1.3016996458175295e-05,ENSG00000158805,ZNF276,zinc finger protein 276 [Source:HGNC Symbol;Acc:HGNC:23330]
Q8N5G2,190.905137563631,0.7343150020026603,0.17576224405576302,4.177888180408578,2.94228234489741e-05,0.0002551674983655819,ENSG00000204178,MACO1,macoilin 1 [Source:HGNC Symbol;Acc:HGNC:25572]
Q8N5H7,778.4536173816869,1.4162576316166307,0.16351989130027847,8.661072486991182,4.673462270356019e-18,6.208948006652508e-16,ENSG00000095370,SH2D3C,SH2 domain containing 3C [Source:HGNC Symbol;Acc:HGNC:16884]
Q8N5U6,67.79243908984475,0.7456860235245452,0.21619435646313565,3.449146572203404,0.0005623613611776269,0.003223055472820006,ENSG00000022840,RNF10,ring finger protein 10 [Source:HGNC Symbol;Acc:HGNC:10055]
Q8N699,55.81664594570775,0.7173097316704132,0.1495151667822572,4.797571691941125,1.6060073516489476e-06,2.0202553033174208e-05,ENSG00000120279,MYCT1,MYC target 1 [Source:HGNC Symbol;Acc:HGNC:23172]
Q8N6D2,109.82782793002629,1.226017230161747,0.19025043666265237,6.4442282060865494,1.1619014826253647e-10,3.796233377454784e-09,ENSG00000180537,RNF182,ring finger protein 182 [Source:HGNC Symbol;Acc:HGNC:28522]
Q8N6D5,377.90408730800937,2.196915120648731,0.2184726044048703,10.055792242845422,8.662187197409973e-24,2.729083949309708e-21,ENSG00000154065,ANKRD29,ankyrin repeat domain 29 [Source:HGNC Symbol;Acc:HGNC:27110]
Q8N6S5,12.902691155460571,1.0012456955940119,0.18134004572466506,5.521371143328365,3.363644419800994e-08,6.302618014808081e-07,ENSG00000177917,ARL6IP6,ADP ribosylation factor like GTPase 6 interacting protein 6 [Source:HGNC Symbol;Acc:HGNC:24048]
Q8N6Y0,73.28462857060822,2.247775295244832,0.22275796966713451,10.090661620788092,6.075860319056836e-24,1.999955574275813e-21,ENSG00000130307,USHBP1,USH1 protein network component harmonin binding protein 1 [Source:HGNC Symbol;Acc:HGNC:24058]
Q8N7A1,151.58451476719978,0.8340179830185099,0.1763528336991026,4.729257622486132,2.2534229568931295e-06,2.736618386085962e-05,ENSG00000197776,KLHDC1,kelch domain containing 1 [Source:HGNC Symbol;Acc:HGNC:19836]
Q8N7J2,19.217740202256348,3.150475060816077,0.6810904461786962,4.625633905881414,3.7345443506973666e-06,4.241073177666309e-05,ENSG00000165566,AMER2,APC membrane recruitment protein 2 [Source:HGNC Symbol;Acc:HGNC:26360]
Q8N8A2,19.43333391666676,0.600850575825398,0.19275019248504432,3.117250198710015,0.0018254657607157563,0.008661536550521792,ENSG00000065413,ANKRD44,ankyrin repeat domain 44 [Source:HGNC Symbol;Acc:HGNC:25259]
Q8N8A6,93.59685680417566,0.550272491719966,0.14965498623847823,3.6769405787996647,0.00023604799800131402,0.0015388124587410522,ENSG00000185163,DDX51,DEAD-box helicase 51 [Source:HGNC Symbol;Acc:HGNC:20082]
Q8N8L2,71.79867370870039,0.5107943093719229,0.1588352368216394,3.215875265420534,0.0013004734336550675,0.006539936202395778,ENSG00000177599,ZNF491,zinc finger protein 491 [Source:HGNC Symbol;Acc:HGNC:23706]
Q8N945,90.05565743321945,0.6135169437495329,0.13408349355802868,4.575633640422823,4.747807701577161e-06,5.222351673345771e-05,ENSG00000186314,PRELID2,PRELI domain containing 2 [Source:HGNC Symbol;Acc:HGNC:28306]
Q8N983,16.59734769547364,0.7710234369725811,0.25360446404676673,3.0402597204692667,0.0023637421592700575,0.010730747134734838,ENSG00000055950,MRPL43,mitochondrial ribosomal protein L43 [Source:HGNC Symbol;Acc:HGNC:14517]
Q8N987,201.5352871964787,1.8128033292325985,0.16851270232870275,10.757665767513028,5.453400440445088e-27,3.340813703154888e-24,ENSG00000123119,NECAB1,N-terminal EF-hand calcium binding protein 1 [Source:HGNC Symbol;Acc:HGNC:20983]
Q8N9R8,695.6316953812658,1.2006885199333854,0.11796827629595545,10.1780627608827,2.4845829201472224e-24,8.982785528020794e-22,ENSG00000173611,SCAI,suppressor of cancer cell invasion [Source:HGNC Symbol;Acc:HGNC:26709]
Q8N9V3,14.357653448669275,0.5491946736934459,0.1824626202804168,3.009902372603324,0.0026133167439366532,0.01165939502971825,ENSG00000196151,WDSUB1,"WD repeat, sterile alpha motif and U-box domain containing 1 [Source:HGNC Symbol;Acc:HGNC:26697]"
Q8NBL3,127.78126624191475,1.5744915328650493,0.27583856812055063,5.708018075909328,1.1429928414792726e-08,2.3777526718950434e-07,ENSG00000152154,TMEM178A,transmembrane protein 178A [Source:HGNC Symbol;Acc:HGNC:28517]
Q8NBN3,28.79588339988478,0.5418933889092902,0.14663929489943306,3.695417311443887,0.00021952591892421332,0.0014512663716890288,ENSG00000103978,TMEM87A,transmembrane protein 87A [Source:HGNC Symbol;Acc:HGNC:24522]
Q8NBP0,424.57044596047797,0.7074754562248954,0.1659045640904903,4.2643519791234485,2.0048319647597255e-05,0.00018438100146293154,ENSG00000143643,TTC13,tetratricopeptide repeat domain 13 [Source:HGNC Symbol;Acc:HGNC:26204]
Q8NBQ5,568.5995838337554,0.6125007101441224,0.1651532042073883,3.708681966442414,0.00020834091122430814,0.0013864976939804235,ENSG00000198189,HSD17B11,hydroxysteroid 17-beta dehydrogenase 11 [Source:HGNC Symbol;Acc:HGNC:22960]
Q8NBR6,1176.3961216757816,0.5105035324584949,0.09640537465999796,5.295384559822899,1.1876620368627038e-07,1.967896210441027e-06,ENSG00000128923,MINDY2,MINDY lysine 48 deubiquitinase 2 [Source:HGNC Symbol;Acc:HGNC:26954]
Q8NC01,29.162001474237098,1.794692792590426,0.2502672772629815,7.171104477652339,7.439509931468275e-13,3.7459121467717195e-11,ENSG00000150048,CLEC1A,C-type lectin domain family 1 member A [Source:HGNC Symbol;Acc:HGNC:24355]
Q8NC06,24.648556175235765,0.8965088277969671,0.24335290281881033,3.6839865783909196,0.00022961433645517348,0.0015048780315549467,ENSG00000181513,ACBD4,acyl-CoA binding domain containing 4 [Source:HGNC Symbol;Acc:HGNC:23337]
Q8NC42,1509.638925406422,0.6139967295168302,0.1361306079091227,4.510350309510985,6.472065812023185e-06,6.845800451719871e-05,ENSG00000163162,RNF149,ring finger protein 149 [Source:HGNC Symbol;Acc:HGNC:23137]
Q8NCA9,68.01953532205755,0.7352718667830682,0.15846932404428268,4.639837212769354,3.486837342241323e-06,3.990592150793468e-05,ENSG00000179922,ZNF784,zinc finger protein 784 [Source:HGNC Symbol;Acc:HGNC:33111]
Q8NCT1,1704.184824876288,0.5837229939328957,0.18619756029275794,3.1349658557024567,0.001718741152174783,0.008259995068656061,ENSG00000140450,ARRDC4,arrestin domain containing 4 [Source:HGNC Symbol;Acc:HGNC:28087]
Q8ND71,2368.2571017271707,0.8416337773656138,0.16515983532494874,5.095874403784164,3.4713522315921986e-07,5.158841112906627e-06,ENSG00000171115,GIMAP8,"GTPase, IMAP family member 8 [Source:HGNC Symbol;Acc:HGNC:21792]"
Q8NDH3,15.40891253642708,0.5051486292909155,0.16338177218480554,3.091829783309783,0.001989268815148718,0.00931846526110659,ENSG00000215440,NPEPL1,aminopeptidase like 1 [Source:HGNC Symbol;Acc:HGNC:16244]
Q8NES3,595.5623645895022,0.6983189916442426,0.1257621679301745,5.552695243230557,2.812982492668605e-08,5.361928772110061e-07,ENSG00000106003,LFNG,LFNG O-fucosylpeptide 3-beta-N-acetylglucosaminyltransferase [Source:HGNC Symbol;Acc:HGNC:6560]
Q8NEV8,755.9234364304378,0.5856890933665743,0.1527493406300071,3.834315035017032,0.0001259146795293377,0.000897228543567048,ENSG00000110723,EXPH5,exophilin 5 [Source:HGNC Symbol;Acc:HGNC:30578]
Q8NFF2,66.9579705285886,1.381860826840637,0.20707952117996453,6.673092631114001,2.5046818405866477e-11,9.426323090835823e-10,ENSG00000140090,SLC24A4,solute carrier family 24 member 4 [Source:HGNC Symbol;Acc:HGNC:10978]
Q8NFH8,710.4215811921472,0.7503765285401007,0.13297319342521324,5.643066164024461,1.6704811279518648e-08,3.327984715072306e-07,ENSG00000169891,REPS2,RALBP1 associated Eps domain containing 2 [Source:HGNC Symbol;Acc:HGNC:9963]
Q8NFJ5,8926.13035232771,0.9680503054759015,0.1571542144010754,6.159874930272803,7.280241906443698e-10,1.972462592195446e-08,ENSG00000013588,GPRC5A,G protein-coupled receptor class C group 5 member A [Source:HGNC Symbol;Acc:HGNC:9836]
Q8NFT6,15.75250577077758,0.6584780774087703,0.19848488802407654,3.317522477222023,0.0009081960786650141,0.004842806764276313,ENSG00000161692,DBF4B,DBF4 zinc finger B [Source:HGNC Symbol;Acc:HGNC:17883]
Q8NFX7,733.9710399443048,2.0361533981313955,0.2748789386830421,7.407455106916165,1.2874604530823894e-13,7.432893411591365e-12,ENSG00000168952,STXBP6,syntaxin binding protein 6 [Source:HGNC Symbol;Acc:HGNC:19666]
Q8NFY4,523.705166337974,1.7540122792248767,0.20358295393023956,8.615712884419157,6.950774185213771e-18,9.070554667497308e-16,ENSG00000137872,SEMA6D,semaphorin 6D [Source:HGNC Symbol;Acc:HGNC:16770]
Q8NG06,91.36028733656417,0.9225547886331094,0.342822830106293,2.6910541177991827,0.007122663956138055,0.026571201461045777,ENSG00000162722,TRIM58,tripartite motif containing 58 [Source:HGNC Symbol;Acc:HGNC:24150]
Q8NGI2,16.78053881790136,0.8787302092386667,0.2325454364324214,3.7787463074728156,0.00015761990047783228,0.0010941609333138538,ENSG00000181074,OR52N4,olfactory receptor family 52 subfamily N member 4 [Source:HGNC Symbol;Acc:HGNC:15230]
Q8NGT9,32.34940716679595,1.2777792992724608,0.17973860602297886,7.1090976365372605,1.1680409786966266e-12,5.6121951512364716e-11,ENSG00000221970,OR2A1,olfactory receptor family 2 subfamily A member 1 [Source:HGNC Symbol;Acc:HGNC:8229]
Q8NHH9,196.70774430300432,0.8682673922312565,0.1412389929293289,6.147504837178409,7.871130057889358e-10,2.1169500280084378e-08,ENSG00000119787,ATL2,atlastin GTPase 2 [Source:HGNC Symbol;Acc:HGNC:24047]
Q8NHM5,119.73547629320673,0.7082605828871887,0.21267864700046724,3.330191313872863,0.0008678633219430105,0.004659166918727155,ENSG00000089094,KDM2B,lysine demethylase 2B [Source:HGNC Symbol;Acc:HGNC:13610]
Q8NHQ8,1184.3683808533501,0.535017217148496,0.12597252289962713,4.247094563429433,2.1656057152123926e-05,0.00019662523031409676,ENSG00000123094,RASSF8,Ras association domain family member 8 [Source:HGNC Symbol;Acc:HGNC:13232]
Q8NHV1,1463.108883267156,0.5438479552578813,0.13582915830394005,4.003911693547657,6.230362921956322e-05,0.0004916079566398022,ENSG00000179144,GIMAP7,"GTPase, IMAP family member 7 [Source:HGNC Symbol;Acc:HGNC:22404]"
Q8NHY6,303.3935752424239,0.5781406700404861,0.09607143733695098,6.017820551729392,1.7678100594845705e-09,4.385521153191532e-08,ENSG00000196867,ZFP28,ZFP28 zinc finger protein [Source:HGNC Symbol;Acc:HGNC:17801]
Q8TAD2,80.35362540282293,0.5421486622004095,0.1599962088304767,3.3885094288380344,0.0007027361274261981,0.0038989037872345592,ENSG00000172458,IL17D,interleukin 17D [Source:HGNC Symbol;Acc:HGNC:5984]
Q8TAE7,14.691940977387322,1.1872237648373785,0.2907145249139069,4.083813029943951,4.430268118596969e-05,0.0003653199200907669,ENSG00000171126,KCNG3,potassium voltage-gated channel modifier subfamily G member 3 [Source:HGNC Symbol;Acc:HGNC:18306]
Q8TAF7,24.84561016739617,0.8041806084279144,0.2534690579741312,3.1726973495517874,0.0015102987451543883,0.007419943979869654,ENSG00000197808,ZNF461,zinc finger protein 461 [Source:HGNC Symbol;Acc:HGNC:21629]
Q8TAL6,1158.508403449315,1.2693127081426332,0.26153943875975644,4.853236338511041,1.2146279408796942e-06,1.5720307868638954e-05,ENSG00000176971,FIBIN,fin bud initiation factor homolog [Source:HGNC Symbol;Acc:HGNC:33747]
Q8TAV0,455.88010291833433,0.7236848397753599,0.11394723021235241,6.351052486547489,2.138467235024732e-10,6.541159001558314e-09,ENSG00000009780,FAM76A,family with sequence similarity 76 member A [Source:HGNC Symbol;Acc:HGNC:28530]
Q8TB05,65.00753504392284,0.650927117650019,0.2117529685813154,3.073992879585327,0.002112144736247146,0.009775920021698198,ENSG00000153443,UBALD1,UBA like domain containing 1 [Source:HGNC Symbol;Acc:HGNC:29576]
Q8TBK2,44.67262209088619,0.5180843026278459,0.12630900275310886,4.101721107247791,4.100883774860242e-05,0.00034185945141623693,ENSG00000103037,SETD6,"SET domain containing 6, protein lysine methyltransferase [Source:HGNC Symbol;Acc:HGNC:26116]"
Q8TC21,130.42675758789295,0.8808926018890672,0.18500902642001135,4.761349318650249,1.923028538183252e-06,2.3759367720500524e-05,ENSG00000172748,ZNF596,zinc finger protein 596 [Source:HGNC Symbol;Acc:HGNC:27268]
Q8TCJ0,519.8463067016199,0.6015398019433219,0.13770560861915268,4.368302845289173,1.252157816579668e-05,0.00012267920251820522,ENSG00000147364,FBXO25,F-box protein 25 [Source:HGNC Symbol;Acc:HGNC:13596]
Q8TCN5,249.2170470853401,0.5043499245991917,0.13420139366760273,3.75815713097878,0.00017116938399215333,0.0011723508057648912,ENSG00000168813,ZNF507,zinc finger protein 507 [Source:HGNC Symbol;Acc:HGNC:23783]
Q8TCT1,38.708282469255224,1.1096401712033601,0.22343858390351923,4.966197654038582,6.827836704477586e-07,9.413047040928107e-06,ENSG00000173868,PHOSPHO1,phosphoethanolamine/phosphocholine phosphatase 1 [Source:HGNC Symbol;Acc:HGNC:16815]
Q8TCX1,217.5810146263581,1.029470356410634,0.20859008381165317,4.935375342867191,7.999676244962349e-07,1.085691445577844e-05,ENSG00000138036,DYNC2LI1,dynein cytoplasmic 2 light intermediate chain 1 [Source:HGNC Symbol;Acc:HGNC:24595]
Q8TCY9,16.492517372609417,0.7005247007389019,0.20127023588456594,3.480518108701737,0.0005004449928449793,0.0029182479831314574,ENSG00000106608,URGCP,upregulator of cell proliferation [Source:HGNC Symbol;Acc:HGNC:30890]
Q8TD20,119.41481515156586,0.7714483351344358,0.24863904699199108,3.1026837677643004,0.0019177444199684997,0.009023668751437015,ENSG00000146411,SLC2A12,solute carrier family 2 member 12 [Source:HGNC Symbol;Acc:HGNC:18067]
Q8TDN4,298.3900924403318,1.0803676947934753,0.15695368155330125,6.8833536372103765,5.845965930165289e-12,2.5034355849294235e-10,ENSG00000134508,CABLES1,Cdk5 and Abl enzyme substrate 1 [Source:HGNC Symbol;Acc:HGNC:25097]
Q8TDQ1,247.8104366561072,1.1933112336714429,0.27643945795262775,4.316718179486285,1.583661413393222e-05,0.00015009054065738772,ENSG00000186074,CD300LF,CD300 molecule like family member f [Source:HGNC Symbol;Acc:HGNC:29883]
Q8TDS4,470.89371713235425,0.8094716276197509,0.23270293001392794,3.478562249178821,0.0005041113388193819,0.0029341967448726965,ENSG00000182782,HCAR2,hydroxycarboxylic acid receptor 2 [Source:HGNC Symbol;Acc:HGNC:24827]
Q8TDU6,53.278195824534464,0.8856125760871746,0.1656564999151992,5.346078038232887,8.988046857369479e-08,1.527137021513301e-06,ENSG00000179921,GPBAR1,G protein-coupled bile acid receptor 1 [Source:HGNC Symbol;Acc:HGNC:19680]
Q8TE56,46.164298318097906,0.9429997830934308,0.2650354385446271,3.5580139330486062,0.0003736694970827279,0.0022776414112989276,ENSG00000140470,ADAMTS17,ADAM metallopeptidase with thrombospondin type 1 motif 17 [Source:HGNC Symbol;Acc:HGNC:17109]
Q8TEA1,131.05163144269585,0.5408120517102505,0.13334268849382258,4.055805817469361,4.996175482853787e-05,0.00040628928502528544,ENSG00000241058,NSUN6,NOP2/Sun RNA methyltransferase 6 [Source:HGNC Symbol;Acc:HGNC:23529]
Q8TEB7,667.6666507518861,1.2829606138009684,0.15017024266668094,8.543374446351784,1.3035813604219157e-17,1.5709936241937118e-15,ENSG00000133135,RNF128,ring finger protein 128 [Source:HGNC Symbol;Acc:HGNC:21153]
Q8TED9,103.6608066248725,1.1526068708845352,0.17558396681518382,6.564419814582195,5.223584378397252e-11,1.8314933208453577e-09,ENSG00000157510,AFAP1L1,actin filament associated protein 1 like 1 [Source:HGNC Symbol;Acc:HGNC:26714]
Q8TEK3,376.78536881148096,0.9357522366685298,0.194814559420441,4.803297245607945,1.560739231911362e-06,1.9713942165276734e-05,ENSG00000104885,DOT1L,DOT1 like histone lysine methyltransferase [Source:HGNC Symbol;Acc:HGNC:24948]
Q8TF17,18.617792085438555,0.6971170597933471,0.2389325094981125,2.917631682928665,0.0035270068833289183,0.014921275619592549,ENSG00000169247,SH3TC2,SH3 domain and tetratricopeptide repeats 2 [Source:HGNC Symbol;Acc:HGNC:29427]
Q8TF21,20.43661128057995,0.6152332342513556,0.25261056789322683,2.435500776481377,0.014871192682758388,0.04833127918277134,ENSG00000089847,ANKRD24,ankyrin repeat domain 24 [Source:HGNC Symbol;Acc:HGNC:29424]
Q8TF44,36.62033531002442,0.6809458118299965,0.22444207742945943,3.0339489797496326,0.0024137524707758323,0.010917329161298237,ENSG00000183186,C2CD4C,C2 calcium dependent domain containing 4C [Source:HGNC Symbol;Acc:HGNC:29417]
Q8TF64,13.888962053328004,1.7805593021341655,0.3094396170273428,5.75414137090543,8.708326052233887e-09,1.8627878055864805e-07,ENSG00000179855,GIPC3,GIPC PDZ domain containing family member 3 [Source:HGNC Symbol;Acc:HGNC:18183]
Q8WTR4,48.278525198647614,1.2605709131063878,0.16740412665331017,7.530106564917598,5.0698928984887815e-14,3.2117183779175535e-12,ENSG00000158555,GDPD5,glycerophosphodiester phosphodiesterase domain containing 5 [Source:HGNC Symbol;Acc:HGNC:28804]
Q8WTS1,212.8053320763837,0.504348899653015,0.128346983089541,3.929573469608997,8.509667383969945e-05,0.0006435946655901,ENSG00000011198,ABHD5,"abhydrolase domain containing 5, lysophosphatidic acid acyltransferase [Source:HGNC Symbol;Acc:HGNC:21396]"
Q8WUA7,13.351726986425348,0.5740964228254962,0.23042287666481973,2.4914905635024893,0.01272083461748495,0.04261663172626661,ENSG00000054611,TBC1D22A,TBC1 domain family member 22A [Source:HGNC Symbol;Acc:HGNC:1309]
Q8WUZ0,85.25923783616433,0.5959605775725554,0.1526310175506411,3.9045836628509862,9.438773595979605e-05,0.0007032524083977508,ENSG00000099385,BCL7C,BAF chromatin remodeling complex subunit BCL7C [Source:HGNC Symbol;Acc:HGNC:1006]
Q8WV15,192.18366334919423,0.673511144537901,0.16726476844549376,4.026616906819661,5.6585111760303195e-05,0.0004528040837306701,ENSG00000184497,TMEM255B,transmembrane protein 255B [Source:HGNC Symbol;Acc:HGNC:28297]
Q8WVD5,15.66528529028298,0.668812114915736,0.2172706364759116,3.078244376523866,0.0020822408473751075,0.009667734662739078,ENSG00000110315,RNF141,ring finger protein 141 [Source:HGNC Symbol;Acc:HGNC:21159]
Q8WVN6,198.26859034424416,0.646474568239605,0.1945019589472714,3.3237432246883505,0.0008881793391600738,0.004755500642349178,ENSG00000141574,SECTM1,secreted and transmembrane 1 [Source:HGNC Symbol;Acc:HGNC:10707]
Q8WWP7,673.3206659958141,0.8791738527968916,0.1312828031148585,6.6967937303083644,2.1304199618594297e-11,8.086795497219942e-10,ENSG00000213203,GIMAP1,"GTPase, IMAP family member 1 [Source:HGNC Symbol;Acc:HGNC:23237]"
Q8WWQ0,141.65960137008562,0.5628495477999436,0.16889388018818102,3.332563306455026,0.0008604989096004024,0.004625809656835788,ENSG00000146247,PHIP,pleckstrin homology domain interacting protein [Source:HGNC Symbol;Acc:HGNC:15673]
Q8WWY7,13.710063817229358,1.7769392296596158,0.4335352520242847,4.098719126905232,4.1544280953011785e-05,0.0003450309201535925,ENSG00000168703,WFDC12,WAP four-disulfide core domain 12 [Source:HGNC Symbol;Acc:HGNC:16115]
Q8WWY8,455.0875933453118,0.7280192029265145,0.13504937464723293,5.390763228842771,7.015906402996527e-08,1.2192970828344004e-06,ENSG00000163898,LIPH,lipase H [Source:HGNC Symbol;Acc:HGNC:18483]
Q8WWZ4,15.4409570965872,2.2539364973992893,0.3906027467783563,5.770406163268133,7.908069204435067e-09,1.708173929819892e-07,ENSG00000154263,ABCA10,ATP binding cassette subfamily A member 10 [Source:HGNC Symbol;Acc:HGNC:30]
Q8WWZ7,61.32436871440406,0.6069857315828189,0.2138113165721459,2.838884963219451,0.004527147458253994,0.018286027480647178,ENSG00000154265,ABCA5,ATP binding cassette subfamily A member 5 [Source:HGNC Symbol;Acc:HGNC:35]
Q8WWZ8,15.968177253757299,0.7482784314160829,0.28074862112001847,2.665296906645173,0.0076920377446873895,0.028249825215876052,ENSG00000138315,OIT3,oncoprotein induced transcript 3 [Source:HGNC Symbol;Acc:HGNC:29953]
Q8WX35,18.23540618811948,0.72800119671007,0.2919081169522147,2.4939395461526126,0.012633405904689851,0.04239457301004716,ENSG00000185972,CCIN,calicin [Source:HGNC Symbol;Acc:HGNC:1568]
Q8WXA9,353.0186477710406,0.6513867922090092,0.1454708183505779,4.477783239241821,7.54221242017495e-06,7.83494831439182e-05,ENSG00000153914,SREK1,splicing regulatory glutamic acid and lysine rich protein 1 [Source:HGNC Symbol;Acc:HGNC:17882]
Q8WXE0,918.249771167552,1.0346672340284848,0.19757031993278498,5.236956818111581,1.6324586723636923e-07,2.618736602130083e-06,ENSG00000177303,CASKIN2,CASK interacting protein 2 [Source:HGNC Symbol;Acc:HGNC:18200]
Q8WXG1,33.250229235115846,1.5024854938117462,0.3017054532484461,4.97997459984421,6.359261898905487e-07,8.86518090508607e-06,ENSG00000134321,RSAD2,radical S-adenosyl methionine domain containing 2 [Source:HGNC Symbol;Acc:HGNC:30908]
Q8WXH6,91.02531435571002,2.274018539534885,0.1991985222353926,11.415840408934764,3.485188017711486e-30,4.270129807922728e-27,ENSG00000172476,RAB40A,"RAB40A, member RAS oncogene family [Source:HGNC Symbol;Acc:HGNC:18283]"
Q8WXS3,85.44968433513503,0.997959562613812,0.21318259224484243,4.68124321083236,2.851404092891541e-06,3.350285874514121e-05,ENSG00000164929,BAALC,BAALC binder of MAP3K1 and KLF4 [Source:HGNC Symbol;Acc:HGNC:14333]
Q8WXS4,272.9601582343373,0.6402503739421255,0.14694092264285089,4.357195820107202,1.3173939653680881e-05,0.00012816408947073063,ENSG00000171227,TMEM37,transmembrane protein 37 [Source:HGNC Symbol;Acc:HGNC:18216]
Q8WXX7,13.08253594190033,0.9345230075968871,0.2364585458904541,3.952164232752368,7.744755589635722e-05,0.0005931223916984826,ENSG00000158321,AUTS2,activator of transcription and developmental regulator AUTS2 [Source:HGNC Symbol;Acc:HGNC:14262]
Q8WY64,12.65297665498045,0.5788885465627946,0.2246498912081995,2.5768476603725405,0.009970588241180918,0.03490893047642546,ENSG00000007944,MYLIP,myosin regulatory light chain interacting protein [Source:HGNC Symbol;Acc:HGNC:21155]
Q8WYH8,289.8387516301124,0.5842538983491927,0.13431611400858565,4.349842181347254,1.3623554388637898e-05,0.0001318937087300352,ENSG00000168395,ING5,inhibitor of growth family member 5 [Source:HGNC Symbol;Acc:HGNC:19421]
Q8WYK2,1028.296272879008,0.7001170546392966,0.1770222079311779,3.9549673615611307,7.654510077300552e-05,0.0005875828932989432,ENSG00000140044,JDP2,Jun dimerization protein 2 [Source:HGNC Symbol;Acc:HGNC:17546]
Q8WZ42,20.225854631598214,0.7700132582886617,0.3049443711590927,2.525094184758497,0.011566728515778743,0.03929943470759273,ENSG00000155657,TTN,titin [Source:HGNC Symbol;Acc:HGNC:12403]
Q8WZ64,1311.7496368587254,0.9386638153952446,0.10791597278269728,8.698099004170265,3.3749003815736843e-18,4.538417866782075e-16,ENSG00000047365,ARAP2,"ArfGAP with RhoGAP domain, ankyrin repeat and PH domain 2 [Source:HGNC Symbol;Acc:HGNC:16924]"
Q8WZA2,16.61839513956815,2.1006623126541513,0.35692090493071593,5.885512122249953,3.968232981600364e-09,9.17352307926776e-08,ENSG00000091428,RAPGEF4,Rap guanine nucleotide exchange factor 4 [Source:HGNC Symbol;Acc:HGNC:16626]
Q92478,110.47148845167423,0.9976775394603735,0.23115068379044879,4.316134925929204,1.587849449859962e-05,0.00015042281686946561,ENSG00000110852,CLEC2B,C-type lectin domain family 2 member B [Source:HGNC Symbol;Acc:HGNC:2053]
Q92563,5849.110308570017,1.5401696116565662,0.24160999601082905,6.374610475915637,1.834285528943652e-10,5.689638966993432e-09,ENSG00000107742,SPOCK2,"SPARC (osteonectin), cwcv and kazal like domains proteoglycan 2 [Source:HGNC Symbol;Acc:HGNC:13564]"
Q92614,42.60894994733098,0.7411236053453125,0.18276412362917324,4.0550825327680045,5.011660429435622e-05,0.0004072481912703508,ENSG00000196535,MYO18A,myosin XVIIIA [Source:HGNC Symbol;Acc:HGNC:31104]
Q92619,18.28241306344776,1.6890887155343555,0.21581655881899828,7.826501936540309,5.0163158766903e-15,3.8148217360182026e-13,ENSG00000180448,ARHGAP45,Rho GTPase activating protein 45 [Source:HGNC Symbol;Acc:HGNC:17102]
Q92686,676.1349904439483,0.9842328016537153,0.22940942835865136,4.290289238308886,1.7844056259521744e-05,0.00016639865401585309,ENSG00000154146,NRGN,neurogranin [Source:HGNC Symbol;Acc:HGNC:8000]
Q92737,20.956453333738168,1.0875006530921283,0.31381515713110314,3.4654178690221813,0.0005294082000037332,0.0030612397595391537,ENSG00000100276,RASL10A,RAS like family 10 member A [Source:HGNC Symbol;Acc:HGNC:16954]
Q92752,229.6383714780297,1.3637435213471552,0.4377282962005311,3.1155023177263366,0.0018363190558370024,0.00869993135497943,ENSG00000116147,TNR,tenascin R [Source:HGNC Symbol;Acc:HGNC:11953]
Q92802,518.1994275820036,1.0824225740515132,0.1252389175801389,8.642861140658484,5.482253368571331e-18,7.239857232962404e-16,ENSG00000244754,N4BP2L2,NEDD4 binding protein 2 like 2 [Source:HGNC Symbol;Acc:HGNC:26916]
Q92817,24.286209912406047,1.501225769552111,0.27304146758424175,5.498160344779631,3.837738905451955e-08,7.10046089100985e-07,ENSG00000167880,EVPL,envoplakin [Source:HGNC Symbol;Acc:HGNC:3503]
Q92834,77.36865757256085,0.9562797658499234,0.18831771005788492,5.078012925900507,3.814027533451395e-07,5.615124380690058e-06,ENSG00000156313,RPGR,retinitis pigmentosa GTPase regulator [Source:HGNC Symbol;Acc:HGNC:10295]
Q92908,883.511920299333,0.6850384479504265,0.13048718913719407,5.249852130925879,1.5222135236992478e-07,2.459406377411224e-06,ENSG00000141448,GATA6,GATA binding protein 6 [Source:HGNC Symbol;Acc:HGNC:4174]
Q92934,21.687565889212628,0.5290153124766209,0.18880789048891536,2.801870785732224,0.005080721882893788,0.020148580565668827,ENSG00000002330,BAD,BCL2 associated agonist of cell death [Source:HGNC Symbol;Acc:HGNC:936]
Q93015,88.51164802586666,0.5759391166696699,0.1462650263350835,3.937640672557167,8.228669289788817e-05,0.00062512942651396,ENSG00000243477,NAA80,"N-alpha-acetyltransferase 80, NatH catalytic subunit [Source:HGNC Symbol;Acc:HGNC:30252]"
Q93033,192.91463964552872,1.1982166911994838,0.29567417859847733,4.052490132480085,5.067536198525326e-05,0.000411031420824853,ENSG00000134256,CD101,CD101 molecule [Source:HGNC Symbol;Acc:HGNC:5949]
Q93073,3674.609704382728,0.5862797634985347,0.10508041111248628,5.579344021322253,2.4142732844309727e-08,4.678768278984242e-07,ENSG00000138593,SECISBP2L,SECIS binding protein 2 like [Source:HGNC Symbol;Acc:HGNC:28997]
Q969G9,1549.7333668581032,0.6697810175081719,0.21467905814623955,3.1199178126257494,0.001809015064134857,0.008590873864003043,ENSG00000140807,NKD1,NKD inhibitor of WNT signaling pathway 1 [Source:HGNC Symbol;Acc:HGNC:17045]
Q969K4,13.852718611893351,0.7676371089117188,0.1813141685713501,4.233740335685024,2.298363093006559e-05,0.00020645393303134906,ENSG00000114626,ABTB1,ankyrin repeat and BTB domain containing 1 [Source:HGNC Symbol;Acc:HGNC:18275]
Q969Z3,352.6026709885864,1.0201098311503194,0.15473124781962133,6.592784880398026,4.316518184451812e-11,1.5403963113252468e-09,ENSG00000117791,MTARC2,mitochondrial amidoxime reducing component 2 [Source:HGNC Symbol;Acc:HGNC:26064]
Q96A09,459.06704344934656,0.8122815478999126,0.20132234576867786,4.034731190909306,5.4664843135515036e-05,0.00043951091888831515,ENSG00000158246,TENT5B,terminal nucleotidyltransferase 5B [Source:HGNC Symbol;Acc:HGNC:28273]
Q96A37,269.8988645321341,0.5340477156550865,0.15014089860583532,3.5569769504119,0.0003751470580377298,0.002284233356699087,ENSG00000158717,RNF166,ring finger protein 166 [Source:HGNC Symbol;Acc:HGNC:28856]
Q96A72,51.6517997067406,0.5948511886370705,0.1286817361597407,4.6226543594239695,3.788606989850748e-06,4.293624797233731e-05,ENSG00000111196,MAGOHB,"mago homolog B, exon junction complex subunit [Source:HGNC Symbol;Acc:HGNC:25504]"
Q96A83,23.853571690145493,0.7894242833580818,0.22750223221916147,3.4699628028159286,0.0005205304473714363,0.0030138562578969955,ENSG00000160963,COL26A1,collagen type XXVI alpha 1 chain [Source:HGNC Symbol;Acc:HGNC:18038]
Q96AA8,120.13670001675698,0.9123859813771552,0.22335560464424542,4.08490300850242,4.4095231715971555e-05,0.0003638145305888652,ENSG00000176049,JAKMIP2,janus kinase and microtubule interacting protein 2 [Source:HGNC Symbol;Acc:HGNC:29067]
Q96AQ2,1551.2871349552486,0.8575138659801113,0.15116368963762886,5.672750301582028,1.4052298229629087e-08,2.8405993139893667e-07,ENSG00000179178,TMEM125,transmembrane protein 125 [Source:HGNC Symbol;Acc:HGNC:28275]
Q96B42,90.05406918427911,0.6648022789655587,0.1365808465079559,4.867463454524962,1.130397266608209e-06,1.4733913308379104e-05,ENSG00000151353,TMEM18,transmembrane protein 18 [Source:HGNC Symbol;Acc:HGNC:25257]
Q96D96,47.09747893042293,0.798539478466601,0.19739706347415542,4.045346290428233,5.224583687701342e-05,0.0004222168143956226,ENSG00000122986,HVCN1,hydrogen voltage gated channel 1 [Source:HGNC Symbol;Acc:HGNC:28240]
Q96DN0,88.27574472486317,0.63124139719849,0.2153744257908975,2.930902287402261,0.0033797907156720808,0.014422969126051096,ENSG00000139055,ERP27,endoplasmic reticulum protein 27 [Source:HGNC Symbol;Acc:HGNC:26495]
Q96DR4,395.2326986053788,0.6755573978803554,0.19971051564274803,3.382683158701696,0.000717813944815685,0.003970571542253603,ENSG00000164211,STARD4,StAR related lipid transfer domain containing 4 [Source:HGNC Symbol;Acc:HGNC:18058]
Q96DX5,24.472737185658417,1.6250420356450033,0.2674591052984428,6.075852358182791,1.2333084493940005e-09,3.188673451692296e-08,ENSG00000102048,ASB9,ankyrin repeat and SOCS box containing 9 [Source:HGNC Symbol;Acc:HGNC:17184]
Q96E16,57.53639103908661,0.7062043255483778,0.1257525190682936,5.615826472349653,1.9562491206790724e-08,3.8520641167371666e-07,ENSG00000176209,SMIM19,small integral membrane protein 19 [Source:HGNC Symbol;Acc:HGNC:25166]
Q96EQ8,577.3569208040439,0.5424898094104263,0.13003114760712736,4.171998935589576,3.0193904789508605e-05,0.0002610334677490485,ENSG00000101695,RNF125,ring finger protein 125 [Source:HGNC Symbol;Acc:HGNC:21150]
Q96FN4,15.61666370023112,1.0245403225101273,0.19989920977267225,5.125284505502782,2.9708878793186225e-07,4.48459693980102e-06,ENSG00000140848,CPNE2,copine 2 [Source:HGNC Symbol;Acc:HGNC:2315]
Q96FS4,25.940546904718857,0.5008321562502661,0.15644910030322423,3.2012466372741715,0.0013683435315737418,0.006829022006184047,ENSG00000213445,SIPA1,signal-induced proliferation-associated 1 [Source:HGNC Symbol;Acc:HGNC:10885]
Q96FV2,19.179332018562555,0.5245179244140147,0.20508225643124042,2.557597783160115,0.010539792115338842,0.036519179153445845,ENSG00000141295,SCRN2,secernin 2 [Source:HGNC Symbol;Acc:HGNC:30381]
Q96G75,51.358694970217876,0.815247331355499,0.14181646807883744,5.748608341467745,8.998098084762407e-09,1.9210460325396915e-07,ENSG00000145916,RMND5B,required for meiotic nuclear division 5 homolog B [Source:HGNC Symbol;Acc:HGNC:26181]
Q96G91,18.460314942285915,0.7362604819139786,0.252817316739881,2.912223305777362,0.0035886598278495408,0.015109641818135504,ENSG00000244165,P2RY11,purinergic receptor P2Y11 [Source:HGNC Symbol;Acc:HGNC:8540]
Q96GI7,55.9896928676654,0.8713533954572638,0.18132039054718782,4.805600698452599,1.542875574103854e-06,1.951065247206789e-05,ENSG00000182118,FAM89A,family with sequence similarity 89 member A [Source:HGNC Symbol;Acc:HGNC:25057]
Q96GK7,85.06723698240026,0.9075130098871375,0.12090917561811207,7.505741439785262,6.108187668554992e-14,3.762848347550609e-12,ENSG00000115042,FAHD2A,fumarylacetoacetate hydrolase domain containing 2A [Source:HGNC Symbol;Acc:HGNC:24252]
Q96HM7,156.64756719890164,0.7274389782034192,0.21421797258375408,3.395788735321954,0.0006843115588949291,0.0038120250365922623,ENSG00000179715,PCED1B,PC-esterase domain containing 1B [Source:HGNC Symbol;Acc:HGNC:28255]
Q96HQ0,25.88541089012577,0.688496826379946,0.1899365150562327,3.62487869263111,0.0002890971181534876,0.0018326380694903752,ENSG00000105136,ZNF419,zinc finger protein 419 [Source:HGNC Symbol;Acc:HGNC:20648]
Q96I25,696.9794642912842,0.9230468835942617,0.1433503205691373,6.43909884491036,1.201849162971623e-10,3.89787962355532e-09,ENSG00000134453,RBM17,RNA binding motif protein 17 [Source:HGNC Symbol;Acc:HGNC:16944]
Q96IF1,773.8344589460198,0.6216287494216635,0.13865274093355653,4.483349879967774,7.348030149490386e-06,7.652549764742856e-05,ENSG00000129474,AJUBA,ajuba LIM protein [Source:HGNC Symbol;Acc:HGNC:20250]
Q96IK1,116.21889239088254,0.533331282929711,0.1811912809786044,2.9434710105763218,0.003245542175016382,0.01394493182194537,ENSG00000145919,BOD1,biorientation of chromosomes in cell division 1 [Source:HGNC Symbol;Acc:HGNC:25114]
Q96IL0,18.884912842357245,0.6119933203236102,0.15417583309648147,3.969450386823153,7.203860391741074e-05,0.0005574524108051146,ENSG00000256053,COA8,cytochrome c oxidase assembly factor 8 [Source:HGNC Symbol;Acc:HGNC:20492]
Q96IQ7,987.8668430373314,1.1150245204360576,0.14200607296670767,7.851949547942694,4.0961928274987314e-15,3.1808956555513036e-13,ENSG00000019102,VSIG2,V-set and immunoglobulin domain containing 2 [Source:HGNC Symbol;Acc:HGNC:17149]
Q96IQ9,29.125485738003427,1.6271829032419571,0.2650575328650117,6.1389800382343696,8.305300176688091e-10,2.2201829102627777e-08,ENSG00000133250,ZNF414,zinc finger protein 414 [Source:HGNC Symbol;Acc:HGNC:20630]
Q96JJ6,66.52770763963511,0.8290262886211498,0.15733361347005742,5.269225503289696,1.3700057521925857e-07,2.2397410569944618e-06,ENSG00000092051,JPH4,junctophilin 4 [Source:HGNC Symbol;Acc:HGNC:20156]
Q96JY6,80.83176532780912,0.8576052312710034,0.17253615853868967,4.970582621837458,6.675200815480735e-07,9.241360877878978e-06,ENSG00000120913,PDLIM2,PDZ and LIM domain 2 [Source:HGNC Symbol;Acc:HGNC:13992]
Q96K65,33.46753625322011,0.86217044656916,0.19791330939433882,4.356303521009294,1.3227732046773518e-05,0.00012851295266940227,ENSG00000186812,ZNF397,zinc finger protein 397 [Source:HGNC Symbol;Acc:HGNC:18818]
Q96K75,139.2741760400677,0.511656202939625,0.16748113868062023,3.055007906981889,0.0022505458871129487,0.01031453428811076,ENSG00000144026,ZNF514,zinc finger protein 514 [Source:HGNC Symbol;Acc:HGNC:25894]
Q96KJ9,25.741531146148652,1.470298602600014,0.2565408457487564,5.731245635792254,9.969576805633884e-09,2.1060253531748053e-07,ENSG00000131055,COX4I2,cytochrome c oxidase subunit 4I2 [Source:HGNC Symbol;Acc:HGNC:16232]
Q96KK3,32.59691980702721,0.7208949969936705,0.22657288754518923,3.181735488320024,0.0014639545493088546,0.007227681582820122,ENSG00000124134,KCNS1,potassium voltage-gated channel modifier subfamily S member 1 [Source:HGNC Symbol;Acc:HGNC:6300]
Q96KR7,29.26654785544346,1.5246868459036265,0.32315279662954133,4.718160764214304,2.379864022633262e-06,2.8649301940586225e-05,ENSG00000087495,PHACTR3,phosphatase and actin regulator 3 [Source:HGNC Symbol;Acc:HGNC:15833]
Q96KS9,356.49921299741374,2.132798925030997,0.18890739838182702,11.29018208551102,1.4673238092874547e-29,1.4709254222738876e-26,ENSG00000154319,FAM167A,family with sequence similarity 167 member A [Source:HGNC Symbol;Acc:HGNC:15549]
Q96LR5,25.66324758764105,0.702878707286146,0.14124801164358766,4.976202490267444,6.484381492746779e-07,8.994122606354557e-06,ENSG00000182247,UBE2E2,ubiquitin conjugating enzyme E2 E2 [Source:HGNC Symbol;Acc:HGNC:12478]
Q96LW2,19.94840595516258,0.99462483614992,0.2625399847973269,3.78846992361084,0.00015157793857812943,0.0010572105810885725,ENSG00000167524,RSKR,ribosomal protein S6 kinase related [Source:HGNC Symbol;Acc:HGNC:26314]
Q96LW9,157.9951342786136,0.8561682009469908,0.20310030706034768,4.215494369944972,2.492316101774687e-05,0.00022163523914733448,ENSG00000235109,ZSCAN31,zinc finger and SCAN domain containing 31 [Source:HGNC Symbol;Acc:HGNC:14097]
Q96MT3,68.71218253765028,0.8354027116155899,0.18784613430407865,4.447271245216416,8.696799345867667e-06,8.871378944207472e-05,ENSG00000139174,PRICKLE1,prickle planar cell polarity protein 1 [Source:HGNC Symbol;Acc:HGNC:17019]
Q96N58,49.82022215987292,0.6330924018755811,0.15820383715472855,4.001751242331727,6.287538351331873e-05,0.0004954994838317953,ENSG00000258405,ZNF578,zinc finger protein 578 [Source:HGNC Symbol;Acc:HGNC:26449]
Q96N96,1714.863704770109,0.5156997655744859,0.07223089049807699,7.139601381326116,9.360196101878428e-13,4.604637152456707e-11,ENSG00000182957,SPATA13,spermatogenesis associated 13 [Source:HGNC Symbol;Acc:HGNC:23222]
Q96NJ3,16.036757492789135,0.7088357517243635,0.19080084756620244,3.715055571115415,0.00020315904188042384,0.0013577180332214748,ENSG00000267508,ZNF285,zinc finger protein 285 [Source:HGNC Symbol;Acc:HGNC:13079]
Q96NT0,16.00426053909909,0.7013163006124403,0.15900835585093787,4.41056255729031,1.0310241410449376e-05,0.00010316790565610278,ENSG00000136710,CCDC115,coiled-coil domain containing 115 [Source:HGNC Symbol;Acc:HGNC:28178]
Q96PD6,14.715066639800211,1.4798254166612619,0.35536116053827393,4.1642857492353285,3.1232875579456536e-05,0.00026885629899661766,ENSG00000124003,MOGAT1,monoacylglycerol O-acyltransferase 1 [Source:HGNC Symbol;Acc:HGNC:18210]
Q96PP9,2754.345443133993,0.8565730545001732,0.30101926527595446,2.8455755272504697,0.004433124506034117,0.017965477371568617,ENSG00000162654,GBP4,guanylate binding protein 4 [Source:HGNC Symbol;Acc:HGNC:20480]
Q96PU8,4696.884369146423,0.6476809871021443,0.10954855732863292,5.9122730859811945,3.3741850549764815e-09,7.899604798561712e-08,ENSG00000112531,QKI,"QKI, KH domain containing RNA binding [Source:HGNC Symbol;Acc:HGNC:21100]"
Q96PX6,81.71051049419202,1.2376446363868638,0.2828609117840796,4.3754530400849925,1.2118052934075066e-05,0.0001190960514296308,ENSG00000055813,CCDC85A,coiled-coil domain containing 85A [Source:HGNC Symbol;Acc:HGNC:29400]
Q96PZ2,1456.0955463890168,0.9376726452694187,0.17679739581776854,5.303656430753718,1.1350584930523766e-07,1.8892513211907258e-06,ENSG00000166801,FAM111A,FAM111 trypsin like peptidase A [Source:HGNC Symbol;Acc:HGNC:24725]
Q96QB1,3738.677534809102,1.1723894227853904,0.18205739533200205,6.439669317730307,1.1973407883271714e-10,3.8889769875946154e-09,ENSG00000164741,DLC1,DLC1 Rho GTPase activating protein [Source:HGNC Symbol;Acc:HGNC:2897]
Q96QF0,254.7347090412245,0.7211554770515742,0.12369308443991403,5.830200453946053,5.53608324696638e-09,1.2471172617834173e-07,ENSG00000127328,RAB3IP,RAB3A interacting protein [Source:HGNC Symbol;Acc:HGNC:16508]
Q96QF7,75.29724856382943,0.5010776242646459,0.19665029530128267,2.5480644384335056,0.010832246031357429,0.037251575545853226,ENSG00000147174,GCNA,germ cell nuclear acidic peptidase [Source:HGNC Symbol;Acc:HGNC:15805]
Q96QH2,86.000326811936,0.8049803524809079,0.2269142375621378,3.547509231369731,0.0003888921229998455,0.0023568636660177503,ENSG00000133246,PRAM1,PML-RARA regulated adaptor molecule 1 [Source:HGNC Symbol;Acc:HGNC:30091]
Q96QK1,62.149988929905795,0.894012032924651,0.15758379290253866,5.673248602904065,1.4011466351879193e-08,2.834943843342603e-07,ENSG00000069329,VPS35,VPS35 retromer complex component [Source:HGNC Symbol;Acc:HGNC:13487]
Q96QV1,1048.214633135703,1.4014355949704427,0.2651836799043582,5.284773163551723,1.2586061382622213e-07,2.0714402815847035e-06,ENSG00000164161,HHIP,hedgehog interacting protein [Source:HGNC Symbol;Acc:HGNC:14866]
Q96QZ7,255.8189102982259,1.2338513068692356,0.18488221085137596,6.67371566570626,2.4940661762918715e-11,9.4024163165711e-10,ENSG00000151276,MAGI1,"membrane associated guanylate kinase, WW and PDZ domain containing 1 [Source:HGNC Symbol;Acc:HGNC:946]"
Q96R45,28.68893742108247,0.8932592124942448,0.24349249661200584,3.668528701800666,0.0002439503111010593,0.0015837739655645455,ENSG00000243896,OR2A7,olfactory receptor family 2 subfamily A member 7 [Source:HGNC Symbol;Acc:HGNC:8234]
Q96RK1,171.64545092714954,0.6460206676511391,0.19814718874143278,3.2603070058901897,0.0011129167817738427,0.005735981936256212,ENSG00000179862,CITED4,Cbp/p300 interacting transactivator with Glu/Asp rich carboxy-terminal domain 4 [Source:HGNC Symbol;Acc:HGNC:18696]
Q96RL6,48.1511583092213,0.9204852505957631,0.22423027884097793,4.105088997586106,4.0415925319122335e-05,0.00033737048334137927,ENSG00000161640,SIGLEC11,sialic acid binding Ig like lectin 11 [Source:HGNC Symbol;Acc:HGNC:15622]
Q96RT1,42.77643793816984,0.9534209202475481,0.19320300887869854,4.934814037218998,8.0227163204151e-07,1.08814874372961e-05,ENSG00000112851,ERBIN,erbb2 interacting protein [Source:HGNC Symbol;Acc:HGNC:15842]
Q96RU8,2024.8746916646046,0.9399196435665674,0.2610342040213339,3.6007528097342725,0.0003172971362190037,0.0019829048008427057,ENSG00000173334,TRIB1,tribbles pseudokinase 1 [Source:HGNC Symbol;Acc:HGNC:16891]
Q96S65,4537.590406180655,1.3939528179670084,0.2557760452454075,5.4498958908742345,5.0399314276941116e-08,9.073522261744157e-07,ENSG00000144655,CSRNP1,cysteine and serine rich nuclear protein 1 [Source:HGNC Symbol;Acc:HGNC:14300]
Q96S96,645.8826410601737,1.3506855199283903,0.23642760579488187,5.712892601468071,1.1107178272874425e-08,2.317480696593875e-07,ENSG00000134020,PEBP4,phosphatidylethanolamine binding protein 4 [Source:HGNC Symbol;Acc:HGNC:28319]
Q96S97,3624.466356878907,0.7130473891984308,0.26872290950721833,2.653467062060361,0.007966954571772709,0.029099572064570273,ENSG00000179820,MYADM,myeloid associated differentiation marker [Source:HGNC Symbol;Acc:HGNC:7544]
Q96SJ8,631.7343989238545,0.8073223758946091,0.16105237971617858,5.012793833393504,5.364536617328948e-07,7.6083273671107795e-06,ENSG00000157570,TSPAN18,tetraspanin 18 [Source:HGNC Symbol;Acc:HGNC:20660]
Q96SQ7,466.59479691889555,1.116347204463442,0.23255922683463795,4.800270536061012,1.5845143465173105e-06,2.0000757880363415e-05,ENSG00000168874,ATOH8,atonal bHLH transcription factor 8 [Source:HGNC Symbol;Acc:HGNC:24126]
Q96T21,769.5764115659663,0.6611663426769562,0.12486317830897051,5.295126646871972,1.1893395380042472e-07,1.9683150917244064e-06,ENSG00000187742,SECISBP2,SECIS binding protein 2 [Source:HGNC Symbol;Acc:HGNC:30972]
Q96T54,93.4415506753532,1.7396255277927994,0.27427612258778794,6.342606535995473,2.259098803306035e-10,6.856552232909834e-09,ENSG00000124780,KCNK17,potassium two pore domain channel subfamily K member 17 [Source:HGNC Symbol;Acc:HGNC:14465]
Q99075,908.6855326083172,1.5889743566886545,0.33242800203707223,4.779905263550731,1.7537781521174102e-06,2.186423028083514e-05,ENSG00000113070,HBEGF,heparin binding EGF like growth factor [Source:HGNC Symbol;Acc:HGNC:3059]
Q99469,350.42746419221123,0.9808037969454327,0.23299901121106745,4.209476219866655,2.55963379602369e-05,0.0002269799548401143,ENSG00000144681,STAC,SH3 and cysteine rich domain [Source:HGNC Symbol;Acc:HGNC:11353]
Q99518,6163.751466334606,0.9502743296705528,0.2068586353686859,4.593834470467577,4.351746187686581e-06,4.839808896784663e-05,ENSG00000094963,FMO2,flavin containing dimethylaniline monoxygenase 2 [Source:HGNC Symbol;Acc:HGNC:3770]
Q99527,174.6795139410384,1.3070085395898514,0.2640456644818963,4.949933725116942,7.423875768884621e-07,1.0163014041401702e-05,ENSG00000164850,GPER1,G protein-coupled estrogen receptor 1 [Source:HGNC Symbol;Acc:HGNC:4485]
Q99569,49.69723669291462,0.9654897732041222,0.25869423799148966,3.732165744008122,0.0001898405174435122,0.0012811330390756482,ENSG00000144283,PKP4,plakophilin 4 [Source:HGNC Symbol;Acc:HGNC:9026]
Q99612,7985.263453069883,1.1401072956518752,0.1736097552710918,6.567069309392186,5.131516589249405e-11,1.8049516245503409e-09,ENSG00000067082,KLF6,KLF transcription factor 6 [Source:HGNC Symbol;Acc:HGNC:2235]
Q99814,726.4564421817712,0.959153667395441,0.27864749001340183,3.442175873715243,0.0005770549423058561,0.003300407079256574,ENSG00000116016,EPAS1,endothelial PAS domain protein 1 [Source:HGNC Symbol;Acc:HGNC:3374]
Q99816,45.60077099516521,0.7199470332093829,0.21008492164115652,3.426933392388415,0.0006104387848154604,0.0034670659181870113,ENSG00000074319,TSG101,tumor susceptibility 101 [Source:HGNC Symbol;Acc:HGNC:15971]
Q99952,336.6125628835625,0.5817318059683508,0.16094450110777359,3.6144869937420516,0.000300942922479977,0.0019011730771622496,ENSG00000072135,PTPN18,protein tyrosine phosphatase non-receptor type 18 [Source:HGNC Symbol;Acc:HGNC:9649]
Q99962,53.916225632576165,1.1561977071304668,0.2649499605122505,4.363834230792451,1.2780243582415946e-05,0.00012493594502065657,ENSG00000107295,SH3GL2,"SH3 domain containing GRB2 like 2, endophilin A1 [Source:HGNC Symbol;Acc:HGNC:10831]"
Q99967,272.34696862267884,0.8947788423447347,0.16276857105144782,5.497245792382815,3.8576883315807745e-08,7.131387968540017e-07,ENSG00000164442,CITED2,Cbp/p300 interacting transactivator with Glu/Asp rich carboxy-terminal domain 2 [Source:HGNC Symbol;Acc:HGNC:1987]
Q9BPV8,352.3886443480078,0.9391111487296893,0.21932824980526613,4.28176101146794,1.8542006369438217e-05,0.00017217911935645913,ENSG00000181631,P2RY13,purinergic receptor P2Y13 [Source:HGNC Symbol;Acc:HGNC:4537]
Q9BQ31,898.0045644846008,0.6448479786090342,0.12201345027548789,5.285056501173151,1.2566596518412737e-07,2.0697813264904743e-06,ENSG00000170745,KCNS3,potassium voltage-gated channel modifier subfamily S member 3 [Source:HGNC Symbol;Acc:HGNC:6302]
Q9BQ51,306.79084109333246,0.5133953502103237,0.20628237011774542,2.488798969670937,0.012817541883323494,0.042868982210314883,ENSG00000197646,PDCD1LG2,programmed cell death 1 ligand 2 [Source:HGNC Symbol;Acc:HGNC:18731]
Q9BQ52,42.65849673251928,0.534781037936851,0.13540236264305874,3.9495694720380556,7.829188568500486e-05,0.0005989071269153996,ENSG00000006744,ELAC2,elaC ribonuclease Z 2 [Source:HGNC Symbol;Acc:HGNC:14198]
Q9BQA5,16.59579403457593,0.5209284992714466,0.18909557739845087,2.7548423206840913,0.005872042697963724,0.02266795548063924,ENSG00000172273,HINFP,histone H4 transcription factor [Source:HGNC Symbol;Acc:HGNC:17850]
Q9BQB4,20.1989381645974,1.9731261104809594,0.6485035327365862,3.0425834415344934,0.0023455677781066895,0.01067240597861872,ENSG00000167941,SOST,sclerostin [Source:HGNC Symbol;Acc:HGNC:13771]
Q9BQE4,24.432250553969887,0.5605179067590326,0.1888723302003916,2.9677079017573873,0.003000293024874162,0.01303899687976617,ENSG00000131871,SELENOS,selenoprotein S [Source:HGNC Symbol;Acc:HGNC:30396]
Q9BQF6,27.24865089742915,0.8627472633590926,0.1933101816566853,4.463020291871191,8.081239660870044e-06,8.324318518487994e-05,ENSG00000138468,SENP7,SUMO specific peptidase 7 [Source:HGNC Symbol;Acc:HGNC:30402]
Q9BQI5,59.80500009907593,1.56670121859108,0.24850203294907458,6.304581093355254,2.889743942524626e-10,8.577444536801896e-09,ENSG00000118473,SGIP1,SH3GL interacting endocytic adaptor 1 [Source:HGNC Symbol;Acc:HGNC:25412]
Q9BR77,15.76309751078451,0.9379528625086335,0.29356175474336266,3.195078539193942,0.0013979279294127319,0.006962927931763164,ENSG00000120647,CCDC77,coiled-coil domain containing 77 [Source:HGNC Symbol;Acc:HGNC:28203]
Q9BR84,29.620298915708716,0.6489616337191074,0.1435254578467385,4.521578564912793,6.138017013275557e-06,6.536350903465917e-05,ENSG00000188321,ZNF559,zinc finger protein 559 [Source:HGNC Symbol;Acc:HGNC:28197]
Q9BS91,25.970285040067452,0.6054896655997828,0.1654800753057394,3.658988337303363,0.00025321286200981764,0.0016381215778130003,ENSG00000138459,SLC35A5,solute carrier family 35 member A5 [Source:HGNC Symbol;Acc:HGNC:20792]
Q9BSE4,543.5479186945751,0.5404677996331769,0.09983855168724641,5.4134178681421865,6.183296283852056e-08,1.0918047737716033e-06,ENSG00000122557,HERPUD2,HERPUD family member 2 [Source:HGNC Symbol;Acc:HGNC:21915]
Q9BSK1,237.2372041742631,0.6957616813493559,0.1353792466467096,5.139352586035877,2.756866724241274e-07,4.190209423598694e-06,ENSG00000161551,ZNF577,zinc finger protein 577 [Source:HGNC Symbol;Acc:HGNC:28673]
Q9BSN7,1477.185885769247,0.6862137482254798,0.2033553236937125,3.374456767402036,0.0007396153239862955,0.004073957808084829,ENSG00000131634,TMEM204,transmembrane protein 204 [Source:HGNC Symbol;Acc:HGNC:14158]
Q9BST9,50.88639499097216,0.8839356704956707,0.20893620876698069,4.230648558773714,2.330184903088318e-05,0.00020907200102811133,ENSG00000114993,RTKN,rhotekin [Source:HGNC Symbol;Acc:HGNC:10466]
Q9BSW7,122.10013460929396,0.7822097654807177,0.1549563473447303,5.047936266466976,4.4660807182764367e-07,6.4544524351814244e-06,ENSG00000103528,SYT17,synaptotagmin 17 [Source:HGNC Symbol;Acc:HGNC:24119]
Q9BT40,461.2493823322664,0.9708126770233388,0.12079686192896118,8.03673755692643,9.226198505820131e-16,8.305084973361517e-14,ENSG00000132376,INPP5K,inositol polyphosphate-5-phosphatase K [Source:HGNC Symbol;Acc:HGNC:33882]
Q9BT67,94.03931636792653,1.005381316262014,0.19622604328624874,5.123587569848684,2.997763216832796e-07,4.518979493098461e-06,ENSG00000131507,NDFIP1,Nedd4 family interacting protein 1 [Source:HGNC Symbol;Acc:HGNC:17592]
Q9BT76,197.69864868995472,3.6858025582400056,0.36295512704546024,10.154981383630814,3.1487026935680744e-24,1.1022458603801637e-21,ENSG00000243566,UPK3B,uroplakin 3B [Source:HGNC Symbol;Acc:HGNC:21444]
Q9BT81,663.1101523152118,1.1887634759286054,0.2712892273873903,4.381904461805622,1.1764639898022224e-05,0.00011598451869064914,ENSG00000171056,SOX7,SRY-box transcription factor 7 [Source:HGNC Symbol;Acc:HGNC:18196]
Q9BTL4,2213.933225154131,1.4580224434563682,0.23506817709662778,6.202551368137889,5.555504256988325e-10,1.5372784301583502e-08,ENSG00000160888,IER2,immediate early response 2 [Source:HGNC Symbol;Acc:HGNC:28871]
Q9BTP6,302.46245531407874,2.3059546480542874,0.2741232224228836,8.412109808401945,4.027006152684906e-17,4.554440702118611e-15,ENSG00000177494,ZBED2,zinc finger BED-type containing 2 [Source:HGNC Symbol;Acc:HGNC:20710]
Q9BTT4,70.95798422286917,0.712091626111897,0.2272521782457608,3.1334864713235393,0.0017274288149720755,0.008285496973769934,ENSG00000133398,MED10,mediator complex subunit 10 [Source:HGNC Symbol;Acc:HGNC:28760]
Q9BU23,271.76191261609046,0.7364617811963149,0.20466959883622066,3.5982959139214485,0.00032030905639111125,0.001998895282866318,ENSG00000100258,LMF2,lipase maturation factor 2 [Source:HGNC Symbol;Acc:HGNC:25096]
Q9BU79,151.82952245839982,0.5439943308173029,0.1652474283269125,3.2919987701176643,0.0009947804675602312,0.005227278635113972,ENSG00000135185,TMEM243,transmembrane protein 243 [Source:HGNC Symbol;Acc:HGNC:21707]
Q9BV20,136.03896422459724,0.5608435666461292,0.13060121472441893,4.294321211556591,1.752286241065668e-05,0.00016395808553441765,ENSG00000037757,MRI1,methylthioribose-1-phosphate isomerase 1 [Source:HGNC Symbol;Acc:HGNC:28469]
Q9BV36,126.80020782499166,1.132562740654898,0.19407432547799913,5.83571648576096,5.355990348150091e-09,1.212741387454847e-07,ENSG00000115648,MLPH,melanophilin [Source:HGNC Symbol;Acc:HGNC:29643]
Q9BVH7,235.05597840445918,1.3459098574603825,0.2017600313014732,6.670844808946831,2.5433506127219064e-11,9.55554589658755e-10,ENSG00000117069,ST6GALNAC5,"ST6 N-acetylgalactosaminide alpha-2,6-sialyltransferase 5 [Source:HGNC Symbol;Acc:HGNC:19342]"
Q9BVX2,181.7116880716317,0.6415057816853267,0.17665269133868097,3.631452070296642,0.0002818310042314419,0.0017937953729639884,ENSG00000134291,TMEM106C,transmembrane protein 106C [Source:HGNC Symbol;Acc:HGNC:28775]
Q9BW91,323.23042540427554,0.5219448790811345,0.133175658837715,3.9192213024240816,8.883551867264876e-05,0.0006672951392393037,ENSG00000170502,NUDT9,nudix hydrolase 9 [Source:HGNC Symbol;Acc:HGNC:8056]
Q9BWH6,12.952908826896369,0.6222409950686182,0.19000107508510475,3.2749340749251328,0.001056866338873273,0.005499794770531185,ENSG00000103932,RPAP1,RNA polymerase II associated protein 1 [Source:HGNC Symbol;Acc:HGNC:24567]
Q9BX26,63.302091059136096,0.7215432917000585,0.19232360616805466,3.7517146546720084,0.0001756292904255856,0.00119954424622046,ENSG00000196074,SYCP2,synaptonemal complex protein 2 [Source:HGNC Symbol;Acc:HGNC:11490]
Q9BX51,390.37764338421596,2.3641753644624175,0.2682598832082905,8.813003778976347,1.218364411390291e-18,1.767750574263255e-16,ENSG00000149435,GGTLC1,gamma-glutamyltransferase light chain 1 [Source:HGNC Symbol;Acc:HGNC:16437]
Q9BX82,293.3057379997942,0.7976128228358099,0.12969343599948593,6.1499860551074566,7.748975968167972e-10,2.0866412210253534e-08,ENSG00000196263,ZNF471,zinc finger protein 471 [Source:HGNC Symbol;Acc:HGNC:23226]
Q9BX93,34.42351771293588,1.586673575483447,0.3777213936420358,4.200645243269243,2.66155357777802e-05,0.0002345315036586014,ENSG00000138308,PLA2G12B,phospholipase A2 group XIIB [Source:HGNC Symbol;Acc:HGNC:18555]
Q9BXJ4,33.6106231717306,0.5553851758413454,0.18897460011459263,2.938940870913681,0.003293358975153061,0.014119700396194711,ENSG00000082196,C1QTNF3,C1q and TNF related 3 [Source:HGNC Symbol;Acc:HGNC:14326]
Q9BXM0,16.690170714296645,0.9012899210808938,0.20820617230490507,4.328833824200996,1.4990098420910189e-05,0.00014298945959115628,ENSG00000105227,PRX,periaxin [Source:HGNC Symbol;Acc:HGNC:13797]
Q9BXS5,130.00636249078764,0.6158751505122285,0.15999790442299824,3.8492701059633507,0.00011847031354343565,0.0008510567735788045,ENSG00000072958,AP1M1,adaptor related protein complex 1 subunit mu 1 [Source:HGNC Symbol;Acc:HGNC:13667]
Q9BXY8,72.17189207286812,0.7827212360612503,0.17355507376988585,4.509930012758077,6.484901673719087e-06,6.856089238360535e-05,ENSG00000133134,BEX2,brain expressed X-linked 2 [Source:HGNC Symbol;Acc:HGNC:30933]
Q9BY49,115.53125707771483,0.590809447749326,0.11267115660838703,5.243661869939012,1.574205759292243e-07,2.534126555870885e-06,ENSG00000115425,PECR,peroxisomal trans-2-enoyl-CoA reductase [Source:HGNC Symbol;Acc:HGNC:18281]
Q9BYC9,18.550049164568374,0.535737335169614,0.1998615177233101,2.680542714137161,0.0073502883093606005,0.027280925340733536,ENSG00000242485,MRPL20,mitochondrial ribosomal protein L20 [Source:HGNC Symbol;Acc:HGNC:14478]
Q9BYG5,691.8214339988835,1.269095571636861,0.158947395270275,7.984374764234948,1.4123632763368241e-15,1.1934199117368705e-13,ENSG00000124171,PARD6B,par-6 family cell polarity regulator beta [Source:HGNC Symbol;Acc:HGNC:16245]
Q9BYH8,1358.8525319184566,1.1004775789543941,0.2462178435891253,4.469528133756261,7.839234787752587e-06,8.105320394237953e-05,ENSG00000144802,NFKBIZ,NFKB inhibitor zeta [Source:HGNC Symbol;Acc:HGNC:29805]
Q9BYJ0,50.02338932973147,2.7695780277333735,0.2993924459246908,9.250661015108022,2.23108584266247e-20,4.31617255912966e-18,ENSG00000137441,FGFBP2,fibroblast growth factor binding protein 2 [Source:HGNC Symbol;Acc:HGNC:29451]
Q9BYS8,72.56424360031815,1.1834876058366037,0.25361737522679856,4.666429517213732,3.0647870793944028e-06,3.566797585697317e-05,ENSG00000163827,LRRC2,leucine rich repeat containing 2 [Source:HGNC Symbol;Acc:HGNC:14676]
Q9BZ72,727.8413364010206,0.8516059425423229,0.12257003660457141,6.947912933156138,3.707296725789067e-12,1.6384914226563542e-10,ENSG00000090975,PITPNM2,phosphatidylinositol transfer protein membrane associated 2 [Source:HGNC Symbol;Acc:HGNC:21044]
Q9BZF9,734.4675298945339,1.14794015257755,0.13885498183704575,8.267187373404603,1.3715630919599118e-16,1.4472943746451624e-14,ENSG00000137831,UACA,uveal autoantigen with coiled-coil domains and ankyrin repeats [Source:HGNC Symbol;Acc:HGNC:15947]
Q9BZI1,1102.52240859909,0.8969845197567728,0.15666916405568548,5.725341838410234,1.0322567566889279e-08,2.1681324297159632e-07,ENSG00000170561,IRX2,iroquois homeobox 2 [Source:HGNC Symbol;Acc:HGNC:14359]
Q9BZJ6,37.56697489539973,0.6047671310962387,0.19144467508359594,3.158965538384194,0.0015833021126915423,0.0077218365310259334,ENSG00000112218,GPR63,G protein-coupled receptor 63 [Source:HGNC Symbol;Acc:HGNC:13302]
Q9BZV2,25.307013964049254,2.235070048178218,0.2871781177628158,7.782870316129698,7.089729961951136e-15,5.109702764080731e-13,ENSG00000135917,SLC19A3,solute carrier family 19 member 3 [Source:HGNC Symbol;Acc:HGNC:16266]
Q9BZW8,99.59194286124577,1.51149060999698,0.22355282155399445,6.761223586846617,1.3683116825115074e-11,5.506705446370216e-10,ENSG00000122223,CD244,CD244 molecule [Source:HGNC Symbol;Acc:HGNC:18171]
Q9C0K7,48.39345544599103,1.2922185558543338,0.26621368957012753,4.854065010484482,1.2095605476772689e-06,1.566391563034321e-05,ENSG00000082146,STRADB,STE20 related adaptor beta [Source:HGNC Symbol;Acc:HGNC:13205]
Q9GZN6,83.26082765095079,0.971462718054035,0.21091211649572952,4.606007156889466,4.104742679159135e-06,4.59756196273111e-05,ENSG00000063127,SLC6A16,solute carrier family 6 member 16 [Source:HGNC Symbol;Acc:HGNC:13622]
Q9GZQ6,36.99652598770059,0.9947628249366934,0.27650114121910646,3.5976807204148873,0.0003210674033517299,0.0020019283329146317,ENSG00000148734,NPFFR1,neuropeptide FF receptor 1 [Source:HGNC Symbol;Acc:HGNC:17425]
Q9GZW8,1838.5279232809069,0.7942929614958045,0.174547499688018,4.55058343955373,5.349736690251357e-06,5.789160596997224e-05,ENSG00000166927,MS4A7,membrane spanning 4-domains A7 [Source:HGNC Symbol;Acc:HGNC:13378]
Q9GZY1,11.722571174570746,1.4322397947992653,0.27854519801275396,5.141857784723634,2.720350080153294e-07,4.137558666737982e-06,ENSG00000254440,PBOV1,prostate and breast cancer overexpressed 1 [Source:HGNC Symbol;Acc:HGNC:21079]
Q9GZZ6,18.730001242348184,1.1938624273649745,0.30323837180491436,3.9370427306377795,8.249192220582087e-05,0.0006264727452917264,ENSG00000129749,CHRNA10,cholinergic receptor nicotinic alpha 10 subunit [Source:HGNC Symbol;Acc:HGNC:13800]
Q9H079,270.496519243122,0.5808256619131525,0.1593024741262286,3.646055499759006,0.0002662964859785425,0.0017117174881290517,ENSG00000134152,KATNBL1,katanin regulatory subunit B1 like 1 [Source:HGNC Symbol;Acc:HGNC:26199]
Q9H091,48.6847034701508,0.9450715758438653,0.24254033055297342,3.896554332589447,9.757092639862531e-05,0.0007233039364017756,ENSG00000141497,ZMYND15,zinc finger MYND-type containing 15 [Source:HGNC Symbol;Acc:HGNC:20997]
Q9H0A8,29.867569643035758,0.8180039159449003,0.1873695497717368,4.365724937384087,1.267018397524343e-05,0.00012408003436501714,ENSG00000140365,COMMD4,COMM domain containing 4 [Source:HGNC Symbol;Acc:HGNC:26027]
Q9H0B3,163.17219403909465,1.8970564208973384,0.28482783709859016,6.6603617126113,2.7315447733674372e-11,1.02104217681094e-09,ENSG00000130518,IQCN,IQ motif containing N [Source:HGNC Symbol;Acc:HGNC:29350]
Q9H0E7,155.93384098827667,1.1466084659496392,0.2002380229263822,5.726227462659234,1.0268851719139507e-08,2.163030141489042e-07,ENSG00000136014,USP44,ubiquitin specific peptidase 44 [Source:HGNC Symbol;Acc:HGNC:20064]
Q9H0Q3,61.07795337451896,1.3253339309757008,0.19590836712920262,6.765070580684469,1.3324422653660545e-11,5.401779728011574e-10,ENSG00000137726,FXYD6,FXYD domain containing ion transport regulator 6 [Source:HGNC Symbol;Acc:HGNC:4030]
Q9H0W8,76.69845226243173,0.5910984631120637,0.1777306859219938,3.3258098343889673,0.0008816205522172656,0.004723821459179137,ENSG00000105771,SMG9,SMG9 nonsense mediated mRNA decay factor [Source:HGNC Symbol;Acc:HGNC:25763]
Q9H0W9,121.95237367168669,0.5368486225525343,0.15747076207863717,3.4091955577407114,0.0006515475557484656,0.0036562925685691247,ENSG00000182919,C11orf54,chromosome 11 open reading frame 54 [Source:HGNC Symbol;Acc:HGNC:30204]
Q9H156,69.01982651257286,1.8554789379555616,0.3196388224094684,5.804923582088001,6.439536682926013e-09,1.4145173506499033e-07,ENSG00000185985,SLITRK2,SLIT and NTRK like family member 2 [Source:HGNC Symbol;Acc:HGNC:13449]
Q9H159,100.67292354031983,1.1831858429248658,0.2016018324827169,5.868924048725098,4.386323003739213e-09,1.0055713879881974e-07,ENSG00000071991,CDH19,cadherin 19 [Source:HGNC Symbol;Acc:HGNC:1758]
Q9H1C7,497.27164610319244,0.5690238859783675,0.15746221692386608,3.6137169734723975,0.00030183854093344476,0.001905808309253746,ENSG00000120306,CYSTM1,cysteine rich transmembrane module containing 1 [Source:HGNC Symbol;Acc:HGNC:30239]
Q9H1H9,131.73714932733546,0.5546024067280031,0.12568568919818293,4.412613800871938,1.0213008081264563e-05,0.00010228777485204753,ENSG00000137177,KIF13A,kinesin family member 13A [Source:HGNC Symbol;Acc:HGNC:14566]
Q9H228,100.28221150356724,1.4675474053411568,0.1944222037987713,7.548250028376807,4.411454232818766e-14,2.820006134799567e-12,ENSG00000180739,S1PR5,sphingosine-1-phosphate receptor 5 [Source:HGNC Symbol;Acc:HGNC:14299]
Q9H246,669.7932303839897,0.5187158005993334,0.1641696962513287,3.1596318470689453,0.001579686079027104,0.007707609908598175,ENSG00000116667,C1orf21,chromosome 1 open reading frame 21 [Source:HGNC Symbol;Acc:HGNC:15494]
Q9H2A2,20.958400182599593,1.0382836306546044,0.2606576204268971,3.9833235220751844,6.79581413741389e-05,0.00053090642928277,ENSG00000118514,ALDH8A1,aldehyde dehydrogenase 8 family member A1 [Source:HGNC Symbol;Acc:HGNC:15471]
Q9H2E6,593.5919569897771,1.8493985216127558,0.1890806030906908,9.781006043891812,1.358533696543772e-22,3.6097713425995597e-20,ENSG00000092421,SEMA6A,semaphorin 6A [Source:HGNC Symbol;Acc:HGNC:10738]
Q9H2F9,731.2612159440016,1.5403026323585969,0.20367958849006823,7.56238091296863,3.957573989433851e-14,2.5670687283227687e-12,ENSG00000166510,CCDC68,coiled-coil domain containing 68 [Source:HGNC Symbol;Acc:HGNC:24350]
Q9H2K8,159.08509908829973,0.5234370254352131,0.1187795025647028,4.406795904453978,1.0491095503233695e-05,0.00010483489815510462,ENSG00000135090,TAOK3,TAO kinase 3 [Source:HGNC Symbol;Acc:HGNC:18133]
Q9H2S9,69.05936245306647,0.7967803021237557,0.18934320572472688,4.208127242136906,2.574958657497625e-05,0.00022806481217852457,ENSG00000123411,IKZF4,IKAROS family zinc finger 4 [Source:HGNC Symbol;Acc:HGNC:13179]
Q9H2U2,17.050220630410518,0.6619151298186597,0.20586628552159814,3.2152672699251474,0.0013032312163225711,0.006548521586871265,ENSG00000138777,PPA2,inorganic pyrophosphatase 2 [Source:HGNC Symbol;Acc:HGNC:28883]
Q9H334,1039.8634679865618,0.8155491275276701,0.15773698563995597,5.170310084340076,2.3370587572198586e-07,3.618258926173142e-06,ENSG00000114861,FOXP1,forkhead box P1 [Source:HGNC Symbol;Acc:HGNC:3823]
Q9H3H9,118.68583883898594,1.0388788223025505,0.18699590421474788,5.555623406112105,2.7662269701979074e-08,5.281936761969234e-07,ENSG00000184905,TCEAL2,transcription elongation factor A like 2 [Source:HGNC Symbol;Acc:HGNC:29818]
Q9H3W5,263.160765713202,1.8468048711336897,0.2145608028093333,8.607373047419241,7.47538667371234e-18,9.58501033151465e-16,ENSG00000173114,LRRN3,leucine rich repeat neuronal 3 [Source:HGNC Symbol;Acc:HGNC:17200]
Q9H3Y8,309.23023531053377,0.7429021446891025,0.1974017230599614,3.7634025335404173,0.00016761707251709666,0.0011526744363243061,ENSG00000125534,PPDPF,pancreatic progenitor cell differentiation and proliferation factor [Source:HGNC Symbol;Acc:HGNC:16142]
Q9H426,51.05899935732522,0.9668849845787086,0.24253363816398926,3.986601577818862,6.702643930907e-05,0.000524184784582351,ENSG00000101098,RIMS4,regulating synaptic membrane exocytosis 4 [Source:HGNC Symbol;Acc:HGNC:16183]
Q9H461,356.40045653157154,0.8311593670090055,0.11686820517923731,7.111937466090807,1.1442510928304774e-12,5.5098937994068446e-11,ENSG00000177283,FZD8,frizzled class receptor 8 [Source:HGNC Symbol;Acc:HGNC:4046]
Q9H479,60.90437586957751,0.595873971876429,0.14183602476792678,4.201146872604493,2.6556622780863024e-05,0.00023417823223076894,ENSG00000167363,FN3K,fructosamine 3 kinase [Source:HGNC Symbol;Acc:HGNC:24822]
Q9H4A3,62.60306496987898,0.8807530021410325,0.2152593257098014,4.091590453685646,4.284247755606763e-05,0.00035400824279562215,ENSG00000060237,WNK1,WNK lysine deficient protein kinase 1 [Source:HGNC Symbol;Acc:HGNC:14540]
Q9H4A9,129.89894190735282,1.4075276580649927,0.19690627787826095,7.148211185705359,8.791598774254296e-13,4.347307609134624e-11,ENSG00000167261,DPEP2,dipeptidase 2 [Source:HGNC Symbol;Acc:HGNC:23028]
Q9H4B0,75.61760871644596,0.6654453481410103,0.18085682924229943,3.6794040398081562,0.00023377963460398588,0.0015271848523567254,ENSG00000128694,OSGEPL1,O-sialoglycoprotein endopeptidase like 1 [Source:HGNC Symbol;Acc:HGNC:23075]
Q9H4D5,21.026181977773742,1.847295743322991,0.26223078401754296,7.044541891768927,1.86072662544984e-12,8.712625264898252e-11,ENSG00000147206,NXF3,nuclear RNA export factor 3 [Source:HGNC Symbol;Acc:HGNC:8073]
Q9H4M9,10.892420192911619,1.2300921599723376,0.30536588503302015,4.0282566595129765,5.6191980786511974e-05,0.0004499847292177687,ENSG00000110047,EHD1,EH domain containing 1 [Source:HGNC Symbol;Acc:HGNC:3242]
Q9H4X1,4134.863922059002,1.125032346307913,0.19242637996507753,5.846559845443693,5.018430751324485e-09,1.1398194829012378e-07,ENSG00000102760,RGCC,regulator of cell cycle [Source:HGNC Symbol;Acc:HGNC:20369]
Q9H4Y5,124.89776150962079,0.6680010547603941,0.13552755514883325,4.928894747837889,8.269610760717415e-07,1.1175122286572418e-05,ENSG00000065621,GSTO2,glutathione S-transferase omega 2 [Source:HGNC Symbol;Acc:HGNC:23064]
Q9H5L6,37.72364312674474,0.5844872947450583,0.1630105907773422,3.5855786544778274,0.00033633161245974973,0.0020818878504424675,ENSG00000168152,THAP9,THAP domain containing 9 [Source:HGNC Symbol;Acc:HGNC:23192]
Q9H668,67.94737045483342,0.5583970532699799,0.11459502943056171,4.872785984215291,1.1003540371536091e-06,1.4367796290932916e-05,ENSG00000107960,STN1,STN1 subunit of CST complex [Source:HGNC Symbol;Acc:HGNC:26200]
Q9H6H4,58.799200748733725,0.5417401869425611,0.20402059730362834,2.6553210514148744,0.007923295957427513,0.028978502329205034,ENSG00000168476,REEP4,receptor accessory protein 4 [Source:HGNC Symbol;Acc:HGNC:26176]
Q9H6I2,330.1662661828135,1.1376095148971341,0.20798698896285903,5.469618655329835,4.510049050242082e-08,8.193131940200897e-07,ENSG00000164736,SOX17,SRY-box transcription factor 17 [Source:HGNC Symbol;Acc:HGNC:18122]
Q9H6R3,327.16271810518856,0.5543501526093475,0.12730506910032027,4.354501800493921,1.3336988458131598e-05,0.00012951736832040258,ENSG00000111058,ACSS3,acyl-CoA synthetase short chain family member 3 [Source:HGNC Symbol;Acc:HGNC:24723]
Q9H6X4,12.958018842887014,0.9732520835047022,0.2250478139015165,4.324645801405599,1.5277713250557557e-05,0.0001452930953116845,ENSG00000172663,TMEM134,transmembrane protein 134 [Source:HGNC Symbol;Acc:HGNC:26142]
Q9H741,2542.9529642592825,0.6631050070120352,0.1402814961624195,4.726959899574244,2.2790625117121044e-06,2.7647109259240237e-05,ENSG00000111412,SPRING1,SREBF pathway regulator in golgi 1 [Source:HGNC Symbol;Acc:HGNC:26128]
Q9H756,16.213102571876018,1.6880692904492318,0.25711273484892544,6.565483002781288,5.186446951110713e-11,1.8213678512706315e-09,ENSG00000184434,LRRC19,leucine rich repeat containing 19 [Source:HGNC Symbol;Acc:HGNC:23379]
Q9H7D3,36.07222728351293,0.6772174709452149,0.21260480948819585,3.1853346712874577,0.0014458669257885423,0.007154397393165921,ENSG00000141002,TCF25,transcription factor 25 [Source:HGNC Symbol;Acc:HGNC:29181]
Q9H7E2,251.55649777762133,0.9226755840386613,0.2540419194427017,3.6319816275312298,0.0002812531499755818,0.001792399762479634,ENSG00000083544,TDRD3,tudor domain containing 3 [Source:HGNC Symbol;Acc:HGNC:20612]
Q9H7M9,1264.0505585066649,0.518961942291998,0.11270178434835067,4.604735810463614,4.129898110515749e-06,4.618700452804986e-05,ENSG00000107738,VSIR,V-set immunoregulatory receptor [Source:HGNC Symbol;Acc:HGNC:30085]
Q9H7X2,1244.0292100429865,1.0118070383273892,0.11921550594080355,8.48721003482384,2.1165702337177387e-17,2.4961946488989845e-15,ENSG00000162817,C1orf115,chromosome 1 open reading frame 115 [Source:HGNC Symbol;Acc:HGNC:25873]
Q9H819,323.5993964867803,0.620223268965379,0.09194712068718765,6.745434379347606,1.525698792562684e-11,6.032557309255488e-10,ENSG00000170464,DNAJC18,DnaJ heat shock protein family (Hsp40) member C18 [Source:HGNC Symbol;Acc:HGNC:28429]
Q9H8M9,272.75562011462597,1.1549685049427214,0.19203024029056184,6.014513668238571,1.8042754415875526e-09,4.460929438203126e-08,ENSG00000115363,EVA1A,"eva-1 homolog A, regulator of programmed cell death [Source:HGNC Symbol;Acc:HGNC:25816]"
Q9H8W3,395.8018310530073,0.5678149985075919,0.07798192065122517,7.281367190828108,3.304538732200126e-13,1.7775194439010142e-11,ENSG00000165669,FAM204A,family with sequence similarity 204 member A [Source:HGNC Symbol;Acc:HGNC:25794]
Q9H972,16.860704548650094,0.7709533123236293,0.24249595223510936,3.179241984114274,0.0014766076338150421,0.00727711838126412,ENSG00000100802,C14orf93,chromosome 14 open reading frame 93 [Source:HGNC Symbol;Acc:HGNC:20162]
Q9H987,29.681200940236913,1.6810232394289206,0.2850354620059038,5.897593329612097,3.6884165303316523e-09,8.589687239697388e-08,ENSG00000166317,SYNPO2L,synaptopodin 2 like [Source:HGNC Symbol;Acc:HGNC:23532]
Q9H9E1,39.181787276096806,1.2057960982881846,0.3150908615345936,3.826820277857538,0.00012980921875483414,0.0009196313878635118,ENSG00000164331,ANKRA2,ankyrin repeat family A member 2 [Source:HGNC Symbol;Acc:HGNC:13208]
Q9H9H4,787.1498287286091,0.5817046283413662,0.16911669833345933,3.4396640549023614,0.0005824366664351989,0.003325150981507087,ENSG00000139722,VPS37B,VPS37B subunit of ESCRT-I [Source:HGNC Symbol;Acc:HGNC:25754]
Q9H9J4,164.88205937871098,0.5888280371257476,0.1773285060601921,3.3205492461876194,0.0008984050754317587,0.004800926952646476,ENSG00000106346,USP42,ubiquitin specific peptidase 42 [Source:HGNC Symbol;Acc:HGNC:20068]
Q9HA64,228.92409182214337,0.5459647049859304,0.14367534497293202,3.799988822638904,0.00014470261438126328,0.0010153584020249381,ENSG00000141560,FN3KRP,fructosamine 3 kinase related protein [Source:HGNC Symbol;Acc:HGNC:25700]
Q9HAZ2,205.00516835158484,0.8113434362016452,0.10425771549316616,7.782094901694127,7.133332315029903e-15,5.124381461748192e-13,ENSG00000142611,PRDM16,PR/SET domain 16 [Source:HGNC Symbol;Acc:HGNC:14000]
Q9HB63,1956.0073132980551,0.6207088732015641,0.1070683733277787,5.797313005786764,6.7385850894057256e-09,1.4743328924777168e-07,ENSG00000074527,NTN4,netrin 4 [Source:HGNC Symbol;Acc:HGNC:13658]
Q9HB89,133.48837106833287,2.187747267595863,0.2290466880862252,9.551534169192092,1.2778966838779696e-21,2.846740754166135e-19,ENSG00000171596,NMUR1,neuromedin U receptor 1 [Source:HGNC Symbol;Acc:HGNC:4518]
Q9HBH7,37.66789756709304,1.661774150825645,0.23786162355309604,6.986306264973003,2.8221765432359495e-12,1.2728073923215875e-10,ENSG00000133169,BEX1,brain expressed X-linked 1 [Source:HGNC Symbol;Acc:HGNC:1036]
Q9HBI0,47.544968206874906,0.7051180977559338,0.18301831130742355,3.8527188493806905,0.00011681349125364018,0.0008413470725368323,ENSG00000138964,PARVG,parvin gamma [Source:HGNC Symbol;Acc:HGNC:14654]
Q9HBL0,32.5604065751222,0.6768080863073879,0.20654474613218468,3.2768109525005475,0.0010498663782515629,0.0054685293117524725,ENSG00000079308,TNS1,tensin 1 [Source:HGNC Symbol;Acc:HGNC:11973]
Q9HCJ3,673.6364820967506,0.5172065499169473,0.11892700499506491,4.348941184034776,1.3679639074862248e-05,0.00013232050884079476,ENSG00000162437,RAVER2,"ribonucleoprotein, PTB binding 2 [Source:HGNC Symbol;Acc:HGNC:25577]"
Q9HCM4,1430.2243365703919,1.7141442463064693,0.11887209000941834,14.420073258328815,3.8693161909404965e-47,4.266694963750085e-43,ENSG00000115109,EPB41L5,erythrocyte membrane protein band 4.1 like 5 [Source:HGNC Symbol;Acc:HGNC:19819]
Q9HCY8,758.599728624066,0.7162165031266453,0.1889529396757257,3.7904491158263562,0.00015037513737714648,0.0010506089104075215,ENSG00000189334,S100A14,S100 calcium binding protein A14 [Source:HGNC Symbol;Acc:HGNC:18901]
Q9HD67,10.295291563745115,1.044670660658408,0.3305633406089476,3.160273788176169,0.0015762094802150024,0.007692348722430109,ENSG00000145555,MYO10,myosin X [Source:HGNC Symbol;Acc:HGNC:7593]
Q9HD89,278.2667488105587,0.9415226810870972,0.37888658874992814,2.4849723084511677,0.012956151251730094,0.043249173940608975,ENSG00000104918,RETN,resistin [Source:HGNC Symbol;Acc:HGNC:20389]
Q9HDC5,237.18779037876322,1.4199189524960631,0.14636312268687804,9.701343661092604,2.9755389130382443e-22,7.132884259581026e-20,ENSG00000104369,JPH1,junctophilin 1 [Source:HGNC Symbol;Acc:HGNC:14201]
Q9NP31,79.64188739498815,0.6916243709365842,0.24415168942981094,2.8327650427150264,0.00461472917812022,0.018588719140504716,ENSG00000027869,SH2D2A,SH2 domain containing 2A [Source:HGNC Symbol;Acc:HGNC:10821]
Q9NP98,106.37797776548618,0.8848172033548645,0.1864026929214055,4.746804831451321,2.0665518124847556e-06,2.5333926443879267e-05,ENSG00000177791,MYOZ1,myozenin 1 [Source:HGNC Symbol;Acc:HGNC:13752]
Q9NP99,937.225298731982,1.1536754883115075,0.25273375389273106,4.564785947828588,5.000042481550388e-06,5.456256154780419e-05,ENSG00000124731,TREM1,triggering receptor expressed on myeloid cells 1 [Source:HGNC Symbol;Acc:HGNC:17760]
Q9NPB9,147.4815090877,1.3861898487260211,0.18141625802941852,7.640935072650635,2.1564979538677097e-14,1.4633663346030299e-12,ENSG00000129048,ACKR4,atypical chemokine receptor 4 [Source:HGNC Symbol;Acc:HGNC:1611]
Q9NPC3,118.35459438104236,0.787213786456484,0.1571522024992073,5.009244375435685,5.46441523509004e-07,7.745000873693814e-06,ENSG00000100814,CCNB1IP1,cyclin B1 interacting protein 1 [Source:HGNC Symbol;Acc:HGNC:19437]
Q9NPD7,35.46744027984113,0.7273145364577018,0.2118412705039018,3.4332995394507217,0.0005962829477746156,0.0033962872237141973,ENSG00000124785,NRN1,neuritin 1 [Source:HGNC Symbol;Acc:HGNC:17972]
Q9NPG4,1098.3392284373554,1.4545212991347922,0.20071772699760992,7.246601089459888,4.273602442094142e-13,2.2656256792775052e-11,ENSG00000113555,PCDH12,protocadherin 12 [Source:HGNC Symbol;Acc:HGNC:8657]
Q9NQ29,36.11800129978227,0.8804592178225891,0.2485300408069231,3.5426671760239894,0.00039610226992811476,0.0023946380101410756,ENSG00000007392,LUC7L,LUC7 like [Source:HGNC Symbol;Acc:HGNC:6723]
Q9NQ79,10.763102303922961,1.6787766938143678,0.38193270324349965,4.395477736149948,1.1052939287291941e-05,0.00010980248785672814,ENSG00000095713,CRTAC1,cartilage acidic protein 1 [Source:HGNC Symbol;Acc:HGNC:14882]
Q9NQS3,409.7404730500086,0.5102492642008216,0.13273022894389988,3.8442581487332848,0.00012091766828846643,0.0008649751075036779,ENSG00000177707,NECTIN3,nectin cell adhesion molecule 3 [Source:HGNC Symbol;Acc:HGNC:17664]
Q9NQX1,332.28536835606127,0.5759946024695649,0.11838932799345021,4.865257808553752,1.1430770812187156e-06,1.4881595011332677e-05,ENSG00000138738,PRDM5,PR/SET domain 5 [Source:HGNC Symbol;Acc:HGNC:9349]
Q9NQX4,157.33610632523644,0.8350927760937217,0.21555326957100487,3.8741828307950383,0.00010698307495106014,0.0007815186270191057,ENSG00000128833,MYO5C,myosin VC [Source:HGNC Symbol;Acc:HGNC:7604]
Q9NQX6,1226.7414535295356,0.9049218132663415,0.2262462968725192,3.999719888349063,6.341750049455489e-05,0.0004991468793386558,ENSG00000130844,ZNF331,zinc finger protein 331 [Source:HGNC Symbol;Acc:HGNC:15489]
Q9NR00,8818.538006436804,0.6427655984569793,0.20455667501782088,3.1422372230140225,0.001676621351154057,0.008083998093211975,ENSG00000176907,TCIM,transcriptional and immune response regulator [Source:HGNC Symbol;Acc:HGNC:1357]
Q9NR46,21.898223633530627,0.6504120334959257,0.20269014099472224,3.2088982241758934,0.001332446487034425,0.006678585187513003,ENSG00000148341,SH3GLB2,"SH3 domain containing GRB2 like, endophilin B2 [Source:HGNC Symbol;Acc:HGNC:10834]"
Q9NR61,480.9240613352282,1.0080601556490347,0.20219089251156055,4.985685275568964,6.174257992574562e-07,8.64004351321316e-06,ENSG00000128917,DLL4,delta like canonical Notch ligand 4 [Source:HGNC Symbol;Acc:HGNC:2910]
Q9NR81,572.2044875663913,0.806110809099811,0.15283516711212863,5.2743803951115655,1.332053572929552e-07,2.184171709842999e-06,ENSG00000163947,ARHGEF3,Rho guanine nucleotide exchange factor 3 [Source:HGNC Symbol;Acc:HGNC:683]
Q9NRG0,109.32619009093999,0.527291508056017,0.1526518777976462,3.4542091172634604,0.0005519092399869532,0.003172450854328794,ENSG00000104472,CHRAC1,chromatin accessibility complex subunit 1 [Source:HGNC Symbol;Acc:HGNC:13544]
Q9NRH3,22.71453959509078,0.8829708686765196,0.2212997798740217,3.9899310753005013,6.609249824946673e-05,0.0005172476779253865,ENSG00000037042,TUBG2,tubulin gamma 2 [Source:HGNC Symbol;Acc:HGNC:12419]
Q9NRR4,19.624213857150323,1.0524241453293033,0.20381033780398253,5.163742706424867,2.42060366022785e-07,3.7227331326823577e-06,ENSG00000113360,DROSHA,drosha ribonuclease III [Source:HGNC Symbol;Acc:HGNC:17904]
Q9NRV9,45.33685528949574,1.0703797381176443,0.24554600058126014,4.359182131184484,1.305494295172189e-05,0.0001271703674281248,ENSG00000013583,HEBP1,heme binding protein 1 [Source:HGNC Symbol;Acc:HGNC:17176]
Q9NS39,47.366811158046154,1.294087082272835,0.2734599248493377,4.732273231574281,2.220192781092409e-06,2.702214767892494e-05,ENSG00000185736,ADARB2,adenosine deaminase RNA specific B2 (inactive) [Source:HGNC Symbol;Acc:HGNC:227]
Q9NS62,429.5188954002646,0.9760682473511303,0.18157408164951191,5.375592366950319,7.633130824704129e-08,1.317222748106611e-06,ENSG00000136114,THSD1,thrombospondin type 1 domain containing 1 [Source:HGNC Symbol;Acc:HGNC:17754]
Q9NS73,727.7555676124616,0.78644315951729,0.17103739697717874,4.598077224141946,4.264079521947604e-06,4.756702568388086e-05,ENSG00000151332,MBIP,MAP3K12 binding inhibitory protein 1 [Source:HGNC Symbol;Acc:HGNC:20427]
Q9NS98,1404.1095980673854,0.8427112214532414,0.3026704630666399,2.7842532532409647,0.005365112506170542,0.021084958253659938,ENSG00000010319,SEMA3G,semaphorin 3G [Source:HGNC Symbol;Acc:HGNC:30400]
Q9NSA3,739.3418800163505,0.6865827802447022,0.10156245356948142,6.760202772917393,1.3779874594561013e-11,5.535543794325111e-10,ENSG00000178585,CTNNBIP1,catenin beta interacting protein 1 [Source:HGNC Symbol;Acc:HGNC:16913]
Q9NSD5,13.371959970102406,1.0356424762057066,0.2792543028545305,3.7085998876987576,0.0002084084454314457,0.0013864976939804235,ENSG00000010379,SLC6A13,solute carrier family 6 member 13 [Source:HGNC Symbol;Acc:HGNC:11046]
Q9NST1,22.715819305481936,1.1255057103068933,0.31189212381485437,3.6086378089336324,0.0003078089926007682,0.0019345738167048567,ENSG00000100344,PNPLA3,patatin like phospholipase domain containing 3 [Source:HGNC Symbol;Acc:HGNC:18590]
Q9NT22,14.817960204349747,1.5686799120560577,0.27704203700993624,5.662245083766102,1.494052279664776e-08,3.006371256909395e-07,ENSG00000183798,EMILIN3,elastin microfibril interfacer 3 [Source:HGNC Symbol;Acc:HGNC:16123]
Q9NUG4,263.844283778984,1.7746369980013683,0.15536659458138186,11.422255876708451,3.2372038264402875e-30,4.199605481665535e-27,ENSG00000101331,CCM2L,CCM2 like scaffold protein [Source:HGNC Symbol;Acc:HGNC:16153]
Q9NUK0,82.345325712644,0.7148560107140693,0.13115436575975367,5.450493443912728,5.023025460798386e-08,9.057874367330139e-07,ENSG00000076770,MBNL3,muscleblind like splicing regulator 3 [Source:HGNC Symbol;Acc:HGNC:20564]
Q9NUN5,29.48572401387446,0.7860508471558981,0.1363111374700598,5.766592970648133,8.089009516210111e-09,1.74213882686033e-07,ENSG00000168216,LMBRD1,LMBR1 domain containing 1 [Source:HGNC Symbol;Acc:HGNC:23038]
Q9NUN7,790.2766909871756,0.5939228055212793,0.12808885956385133,4.636802978366853,3.5383939073562094e-06,4.0453986123812254e-05,ENSG00000078124,ACER3,alkaline ceramidase 3 [Source:HGNC Symbol;Acc:HGNC:16066]
Q9NUP9,128.34253628855114,0.7793167152060657,0.19659935990472663,3.963983990506011,7.370919788995152e-05,0.000568385542050696,ENSG00000148943,LIN7C,"lin-7 homolog C, crumbs cell polarity complex component [Source:HGNC Symbol;Acc:HGNC:17789]"
Q9NUR3,189.6549190563342,1.9028641538079203,0.20433840869839895,9.312317571272295,1.25072916472078e-20,2.5075982726138258e-18,ENSG00000125895,TMEM74B,transmembrane protein 74B [Source:HGNC Symbol;Acc:HGNC:15893]
Q9NUU6,1173.2437603497563,1.236756442672193,0.18136888947343616,6.819010946490534,9.166941700218335e-12,3.7930156145706406e-10,ENSG00000145569,OTULINL,OTU deubiquitinase with linear linkage specificity like [Source:HGNC Symbol;Acc:HGNC:25629]
Q9NUV9,393.25968280073874,0.813149506851886,0.16512532353083686,4.924438538344677,8.460291396169539e-07,1.1397878219372207e-05,ENSG00000133574,GIMAP4,"GTPase, IMAP family member 4 [Source:HGNC Symbol;Acc:HGNC:21872]"
Q9NUZ1,10.233346075416913,1.134762173542698,0.2357399591464305,4.813618266718361,1.4822181544706631e-06,1.8819135969312612e-05,ENSG00000153093,ACOXL,acyl-CoA oxidase like [Source:HGNC Symbol;Acc:HGNC:25621]
Q9NV29,2638.4917756291957,1.6478821429125143,0.35803688831798663,4.6025484989942305,4.17352334853553e-06,4.662760077436808e-05,ENSG00000166292,TMEM100,transmembrane protein 100 [Source:HGNC Symbol;Acc:HGNC:25607]
Q9NV64,15.598676990866243,0.5155248879254265,0.19510663151191945,2.6422725046838402,0.008235176795740805,0.029891143688819573,ENSG00000176142,TMEM39A,transmembrane protein 39A [Source:HGNC Symbol;Acc:HGNC:25600]
Q9NV79,961.0885006354456,0.6874288664464154,0.17191917620051836,3.998558401912251,6.37294569751746e-05,0.0005010657554832445,ENSG00000203880,PCMTD2,protein-L-isoaspartate (D-aspartate) O-methyltransferase domain containing 2 [Source:HGNC Symbol;Acc:HGNC:15882]
Q9NVH0,117.49474613089872,0.5025028109285272,0.10388853529635325,4.836941915631824,1.3185193692350426e-06,1.692585923696719e-05,ENSG00000081177,EXD2,exonuclease 3'-5' domain containing 2 [Source:HGNC Symbol;Acc:HGNC:20217]
Q9NVN3,17.519579397487526,0.6121509425230209,0.22299490167207942,2.7451342516485284,0.006048614800938829,0.02319933057737477,ENSG00000111785,RIC8B,RIC8 guanine nucleotide exchange factor B [Source:HGNC Symbol;Acc:HGNC:25555]
Q9NWB6,462.6864224973004,1.4671315879203581,0.16765157015717636,8.751075737285944,2.1132847850345318e-18,2.9312190345378344e-16,ENSG00000134884,ARGLU1,arginine and glutamate rich 1 [Source:HGNC Symbol;Acc:HGNC:25482]
Q9NWH9,247.2564085284694,1.0116118361439193,0.20520953672535408,4.929653135457483,8.237574339834615e-07,1.1145488619062123e-05,ENSG00000137776,SLTM,SAFB like transcription modulator [Source:HGNC Symbol;Acc:HGNC:20709]
Q9NWZ8,240.4094438413348,0.5049424293071707,0.11261451359447741,4.483813082259168,7.332089434597504e-06,7.641866748138627e-05,ENSG00000046647,GEMIN8,gem nuclear organelle associated protein 8 [Source:HGNC Symbol;Acc:HGNC:26044]
Q9NX55,20.92119930463973,0.6799490292878994,0.19311331168166956,3.5209847698574817,0.0004299473103012244,0.0025620259339052156,ENSG00000242028,HYPK,huntingtin interacting protein K [Source:HGNC Symbol;Acc:HGNC:18418]
Q9NXK6,481.7863633089523,0.9442152345387975,0.143663808566141,6.572394564523137,4.951244692598373e-11,1.7499158726052007e-09,ENSG00000137819,PAQR5,progestin and adipoQ receptor family member 5 [Source:HGNC Symbol;Acc:HGNC:29645]
Q9NXZ2,51.34197063734462,1.333777162492062,0.3306736764810946,4.033514783171189,5.494872212330089e-05,0.0004411500246477167,ENSG00000080007,DDX43,DEAD-box helicase 43 [Source:HGNC Symbol;Acc:HGNC:18677]
Q9NY91,54.92321619492839,1.7783513134423925,0.21117585793946986,8.421186639393827,3.726899948245408e-17,4.280888096802303e-15,ENSG00000100191,SLC5A4,solute carrier family 5 member 4 [Source:HGNC Symbol;Acc:HGNC:11039]
Q9NYJ8,54.734712405477715,0.5759856362499363,0.1720932479885797,3.3469391912933117,0.0008170913201964875,0.0044302753889499035,ENSG00000055208,TAB2,TGF-beta activated kinase 1 (MAP3K7) binding protein 2 [Source:HGNC Symbol;Acc:HGNC:17075]
Q9NYK1,270.1992578935708,0.6995704280589833,0.20442470767160711,3.4221422450694683,0.0006212980044741439,0.003518774060265221,ENSG00000196664,TLR7,toll like receptor 7 [Source:HGNC Symbol;Acc:HGNC:15631]
Q9NYQ6,15.183203498645343,1.0370165689595972,0.31042467663874845,3.340638315833402,0.0008358603420878771,0.004510414481136786,ENSG00000075275,CELSR1,cadherin EGF LAG seven-pass G-type receptor 1 [Source:HGNC Symbol;Acc:HGNC:1850]
Q9NYZ2,954.1831532145538,0.628551517874744,0.18053134798146842,3.4816752043488033,0.00049828768582576,0.002908744474113635,ENSG00000147454,SLC25A37,solute carrier family 25 member 37 [Source:HGNC Symbol;Acc:HGNC:29786]
Q9NZ43,22.183626594805666,0.6827181740004025,0.2035897429253276,3.353401621273273,0.0007982478537530627,0.004338235132249888,ENSG00000053501,USE1,unconventional SNARE in the ER 1 [Source:HGNC Symbol;Acc:HGNC:30882]
Q9NZA1,4472.479610001612,1.7770196362921886,0.20906510715120777,8.499838449880338,1.8985472895167917e-17,2.2511054797313613e-15,ENSG00000112782,CLIC5,chloride intracellular channel 5 [Source:HGNC Symbol;Acc:HGNC:13517]
Q9NZD1,68.48094579429893,1.474638856397813,0.2583513933283393,5.707880408152828,1.143917468432321e-08,2.3777526718950434e-07,ENSG00000111291,GPRC5D,G protein-coupled receptor class C group 5 member D [Source:HGNC Symbol;Acc:HGNC:13310]
Q9NZL3,463.0048959345583,0.6996057870148172,0.2060290359685324,3.3956659736138874,0.0006846185218103249,0.003812771939395178,ENSG00000267680,ZNF224,zinc finger protein 224 [Source:HGNC Symbol;Acc:HGNC:13017]
Q9NZQ7,667.8637036894521,0.8086980721939719,0.2543356866861344,3.179648450954326,0.0014745381998650254,0.007273421037759622,ENSG00000120217,CD274,CD274 molecule [Source:HGNC Symbol;Acc:HGNC:17635]
Q9NZU0,2716.835130776263,0.5846753643386962,0.1619920144639911,3.6092851013261673,0.0003070420124999736,0.0019303034617087849,ENSG00000125848,FLRT3,fibronectin leucine rich transmembrane protein 3 [Source:HGNC Symbol;Acc:HGNC:3762]
Q9NZU5,661.8618574905914,1.1470323042595156,0.20584883228337897,5.572207000331532,2.515322980757154e-08,4.85327497966914e-07,ENSG00000071282,LMCD1,LIM and cysteine rich domains 1 [Source:HGNC Symbol;Acc:HGNC:6633]
Q9P000,48.796511258202806,0.6810493131343784,0.1857645192481485,3.6661969459550954,0.000246184354822343,0.001597185384969913,ENSG00000110442,COMMD9,COMM domain containing 9 [Source:HGNC Symbol;Acc:HGNC:25014]
Q9P1Z2,247.4249549747519,0.8037661140427801,0.16594947851903347,4.843438624910127,1.276111518488421e-06,1.6448488269283247e-05,ENSG00000012822,CALCOCO1,calcium binding and coiled-coil domain 1 [Source:HGNC Symbol;Acc:HGNC:29306]
Q9P217,202.15903842707937,0.5358572686655343,0.12127383181336536,4.418572915962556,9.935476088343278e-06,9.968925825856354e-05,ENSG00000162415,ZSWIM5,zinc finger SWIM-type containing 5 [Source:HGNC Symbol;Acc:HGNC:29299]
Q9P242,94.4743240623893,1.1495607251763962,0.3153869284220779,3.644921908868573,0.00026747300607560644,0.0017172779260528164,ENSG00000144460,NYAP2,neuronal tyrosine-phosphorylated phosphoinositide-3-kinase adaptor 2 [Source:HGNC Symbol;Acc:HGNC:29291]
Q9P266,3150.812859987641,0.9210411943768704,0.24062333196530575,3.8277301991216324,0.0001293304084027297,0.000917439788582669,ENSG00000165757,JCAD,junctional cadherin 5 associated [Source:HGNC Symbol;Acc:HGNC:29283]
Q9P2K3,712.3793405372795,0.7015185335296392,0.17624584941790666,3.9803407333935468,6.881655823009401e-05,0.0005366620845850401,ENSG00000117625,RCOR3,REST corepressor 3 [Source:HGNC Symbol;Acc:HGNC:25594]
Q9P2M7,449.91747399989237,0.7513651608384688,0.1605123110784376,4.681043813962027,2.8541792540791375e-06,3.35176087696812e-05,ENSG00000143375,CGN,cingulin [Source:HGNC Symbol;Acc:HGNC:17429]
Q9P2P5,481.5017569625463,1.2814233512981708,0.3128779141756044,4.095601809014123,4.210731304547731e-05,0.0003492420766848276,ENSG00000138411,HECW2,"HECT, C2 and WW domain containing E3 ubiquitin protein ligase 2 [Source:HGNC Symbol;Acc:HGNC:29853]"
Q9P2P6,393.43724841178056,1.1244379906554414,0.19638006769828648,5.7258254558858805,1.0293200915634582e-08,2.1660902003187506e-07,ENSG00000159433,STARD9,StAR related lipid transfer domain containing 9 [Source:HGNC Symbol;Acc:HGNC:19162]
Q9P2W6,135.26129383719288,1.7960611160103297,0.2554674954052311,7.030487824532657,2.058126845658052e-12,9.515708480952343e-11,ENSG00000110665,C11orf21,chromosome 11 open reading frame 21 [Source:HGNC Symbol;Acc:HGNC:13231]
Q9UBK5,51.42010194084829,0.7666745469358708,0.2032004927182244,3.772995511379044,0.0001612991909549641,0.0011165387185564277,ENSG00000126264,HCST,hematopoietic cell signal transducer [Source:HGNC Symbol;Acc:HGNC:16977]
Q9UBN1,283.90788108797267,1.0357223892858196,0.24291594534534194,4.263706887637132,2.0106316159311625e-05,0.0001848373057846847,ENSG00000075461,CACNG4,calcium voltage-gated channel auxiliary subunit gamma 4 [Source:HGNC Symbol;Acc:HGNC:1408]
Q9UBT7,406.3173656548199,0.5490793456665624,0.16360561686821126,3.356115493937232,0.0007904555135543868,0.0043029755367918945,ENSG00000119326,CTNNAL1,catenin alpha like 1 [Source:HGNC Symbol;Acc:HGNC:2512]
Q9UBU8,20.660929993665604,0.7295602450893989,0.19537437754129924,3.7341654226649075,0.00018833867906784668,0.001272945518897423,ENSG00000185787,MORF4L1,mortality factor 4 like 1 [Source:HGNC Symbol;Acc:HGNC:16989]
Q9UEF7,254.59255860087475,1.2289462509029638,0.2315840868272032,5.306695584053424,1.1163037352988342e-07,1.8622513296732594e-06,ENSG00000133116,KL,klotho [Source:HGNC Symbol;Acc:HGNC:6344]
Q9UEW3,2571.1422199605026,0.763497402689884,0.28806238031832554,2.650458563336786,0.008038258684869515,0.029311467763907452,ENSG00000019169,MARCO,macrophage receptor with collagenous structure [Source:HGNC Symbol;Acc:HGNC:6895]
Q9UF47,29.615753884426006,0.7751423614879831,0.3120308556712617,2.4841849688885573,0.012984834202460204,0.0433102742742071,ENSG00000147570,DNAJC5B,DnaJ heat shock protein family (Hsp40) member C5 beta [Source:HGNC Symbol;Acc:HGNC:24138]
Q9UFH2,10.462718440031697,1.4156791026165136,0.29778090004858887,4.7540963922988935,1.9933592284728428e-06,2.4518429684740698e-05,ENSG00000187775,DNAH17,dynein axonemal heavy chain 17 [Source:HGNC Symbol;Acc:HGNC:2946]
Q9UGI9,11.80664522066101,2.321740769487827,0.46908202975930446,4.949541065726093,7.438868141427163e-07,1.0177220719046814e-05,ENSG00000115592,PRKAG3,protein kinase AMP-activated non-catalytic subunit gamma 3 [Source:HGNC Symbol;Acc:HGNC:9387]
Q9UGP4,1006.3542022104377,1.108027220115422,0.13742760228688797,8.062624987099403,7.467333296891071e-16,6.833384586291936e-14,ENSG00000144791,LIMD1,LIM domain containing 1 [Source:HGNC Symbol;Acc:HGNC:6612]
Q9UHC1,120.91075413064557,0.5839823450922268,0.19150675650477145,3.0494085731000133,0.002292924120234013,0.010471764039685427,ENSG00000119684,MLH3,mutL homolog 3 [Source:HGNC Symbol;Acc:HGNC:7128]
Q9UHF1,1351.4531655287353,1.6903298947643488,0.2146933627213043,7.873228465653984,3.4560469597548906e-15,2.731595243827957e-13,ENSG00000172889,EGFL7,EGF like domain multiple 7 [Source:HGNC Symbol;Acc:HGNC:20594]
Q9UHF4,436.5019175712775,1.0839068884820555,0.2451757979322948,4.420937537975816,9.827358050411683e-06,9.873920475798599e-05,ENSG00000016402,IL20RA,interleukin 20 receptor subunit alpha [Source:HGNC Symbol;Acc:HGNC:6003]
Q9UHG0,304.3778224992161,0.5611169853779525,0.17568942016740582,3.193800655971724,0.001404130397910904,0.006983917860966865,ENSG00000146038,DCDC2,doublecortin domain containing 2 [Source:HGNC Symbol;Acc:HGNC:18141]
Q9UHG3,2295.871053804226,0.8592357926734292,0.10974395297810155,7.829459112383916,4.899733028242964e-15,3.7390557856356515e-13,ENSG00000116005,PCYOX1,prenylcysteine oxidase 1 [Source:HGNC Symbol;Acc:HGNC:20588]
Q9UHP3,315.0606754211854,0.6212236767827368,0.09503326010988457,6.536907984261841,6.280366029443115e-11,2.1641748814584135e-09,ENSG00000155313,USP25,ubiquitin specific peptidase 25 [Source:HGNC Symbol;Acc:HGNC:12624]
Q9UHP7,284.4395124680604,0.7405058282257315,0.21939370484229462,3.3752373558668176,0.0007375205186230615,0.004066319379428249,ENSG00000069493,CLEC2D,C-type lectin domain family 2 member D [Source:HGNC Symbol;Acc:HGNC:14351]
Q9UHV2,1054.3419887989912,0.7361941731156153,0.28848173686520645,2.5519611089266396,0.01071184750376931,0.03696433810798441,ENSG00000197019,SERTAD1,SERTA domain containing 1 [Source:HGNC Symbol;Acc:HGNC:17932]
Q9UI08,304.86042344154504,0.5464486693685242,0.16895879381335785,3.234212656443112,0.001219785942364153,0.006198545915039344,ENSG00000196405,EVL,Enah/Vasp-like [Source:HGNC Symbol;Acc:HGNC:20234]
Q9UI36,16.47023346637859,1.2923885240057214,0.25417019248460937,5.084736771736043,3.681362664761385e-07,5.43796196976876e-06,ENSG00000276644,DACH1,dachshund family transcription factor 1 [Source:HGNC Symbol;Acc:HGNC:2663]
Q9UIA9,172.634933663452,0.6465534007382122,0.1995072817666628,3.2407508889545196,0.0011921531396635195,0.006077611036093217,ENSG00000130227,XPO7,exportin 7 [Source:HGNC Symbol;Acc:HGNC:14108]
Q9UIK4,70.92730434259262,1.5969936950793313,0.17868750477423131,8.937355172635638,3.985956055333397e-19,6.190582735515685e-17,ENSG00000035664,DAPK2,death associated protein kinase 2 [Source:HGNC Symbol;Acc:HGNC:2675]
Q9UJF2,66.92036194131887,0.9446014105755729,0.1205947248725342,7.832858456901779,4.769011050915271e-15,3.6519364485029644e-13,ENSG00000075391,RASAL2,RAS protein activator like 2 [Source:HGNC Symbol;Acc:HGNC:9874]
Q9UJM3,3220.5664055460547,0.7169396257346563,0.20695328822801196,3.464258199873413,0.0005316959023883057,0.0030728567692011773,ENSG00000116285,ERRFI1,ERBB receptor feedback inhibitor 1 [Source:HGNC Symbol;Acc:HGNC:18185]
Q9UJT0,114.01491621245634,1.006003293329737,0.22869184366495127,4.398946972519048,1.0877739903929305e-05,0.00010825707393558524,ENSG00000074935,TUBE1,tubulin epsilon 1 [Source:HGNC Symbol;Acc:HGNC:20775]
Q9UJT1,97.20683027308091,0.7135609147887148,0.17940840494792612,3.9772992519265093,6.970242394535433e-05,0.0005421054319292413,ENSG00000108423,TUBD1,tubulin delta 1 [Source:HGNC Symbol;Acc:HGNC:16811]
Q9UJV8,20.557054305426163,0.7459730207955931,0.2721768513135174,2.7407658557131125,0.006129617096449378,0.023448842228117016,ENSG00000172733,PURG,purine rich element binding protein G [Source:HGNC Symbol;Acc:HGNC:17930]
Q9UJX3,11.47194029091886,0.6025120231175443,0.24279469607038628,2.481569955477428,0.013080503208276882,0.043563488033122676,ENSG00000196510,ANAPC7,anaphase promoting complex subunit 7 [Source:HGNC Symbol;Acc:HGNC:17380]
Q9UJY4,1046.498262850865,0.7639037002435407,0.10672164493050315,7.1579078521605695,8.19175856223863e-13,4.0873539215296545e-11,ENSG00000103365,GGA2,"golgi associated, gamma adaptin ear containing, ARF binding protein 2 [Source:HGNC Symbol;Acc:HGNC:16064]"
Q9UK58,46.82830259037947,0.5822273833434464,0.16448958192041413,3.539600359767152,0.0004007333690957153,0.002420644678728268,ENSG00000163660,CCNL1,cyclin L1 [Source:HGNC Symbol;Acc:HGNC:20569]
Q9UK97,185.52037454829113,0.8501130238304442,0.15587882736604403,5.453678592501582,4.9338345177098855e-08,8.911612322160018e-07,ENSG00000112146,FBXO9,F-box protein 9 [Source:HGNC Symbol;Acc:HGNC:13588]
Q9UKA9,51.39734430034146,0.6414925029365096,0.15894586979300868,4.03591803783206,5.438920252633552e-05,0.00043777353011525673,ENSG00000117569,PTBP2,polypyrimidine tract binding protein 2 [Source:HGNC Symbol;Acc:HGNC:17662]
Q9UKB5,80.34604999171431,1.0754553837133998,0.3580041858798124,3.004030193307424,0.002664288832102989,0.011848805384795184,ENSG00000196581,AJAP1,adherens junctions associated protein 1 [Source:HGNC Symbol;Acc:HGNC:30801]
Q9UKE5,571.133686477657,0.514977458973012,0.09708225564769134,5.304547731583926,1.1295268633380619e-07,1.882886276950689e-06,ENSG00000154310,TNIK,TRAF2 and NCK interacting kinase [Source:HGNC Symbol;Acc:HGNC:30765]
Q9UKF5,11.335203039703462,3.9324211442599997,0.42047027174330254,9.352435614427328,8.565219813773751e-21,1.733003282320792e-18,ENSG00000168594,ADAM29,ADAM metallopeptidase domain 29 [Source:HGNC Symbol;Acc:HGNC:207]
Q9UKP4,97.93964793246003,0.506572408605574,0.17049557838543508,2.9711762228834955,0.0029666150043213316,0.012924876986428814,ENSG00000136378,ADAMTS7,ADAM metallopeptidase with thrombospondin type 1 motif 7 [Source:HGNC Symbol;Acc:HGNC:223]
Q9UKU6,235.0857004726124,0.6465411314038927,0.19344347750530863,3.342274134759337,0.0008309495082194138,0.004489407264642566,ENSG00000072657,TRHDE,thyrotropin releasing hormone degrading enzyme [Source:HGNC Symbol;Acc:HGNC:30748]
Q9UKX2,21.510221166552682,1.3024566501293284,0.4188599044374114,3.109528117470956,0.0018738644832149197,0.00885308639949054,ENSG00000125414,MYH2,myosin heavy chain 2 [Source:HGNC Symbol;Acc:HGNC:7572]
Q9UL17,115.2878347635445,1.401431269311974,0.19837605566824473,7.064518268553867,1.6117414001480635e-12,7.627756403189998e-11,ENSG00000073861,TBX21,T-box transcription factor 21 [Source:HGNC Symbol;Acc:HGNC:11599]
Q9ULA0,230.297841603161,0.5240351326456729,0.09778751298453908,5.3589166617677115,8.372246124446195e-08,1.4335521430786987e-06,ENSG00000123992,DNPEP,aspartyl aminopeptidase [Source:HGNC Symbol;Acc:HGNC:2981]
Q9ULC0,1135.0197771153903,1.502773858218256,0.19453205119824782,7.7250707477852965,1.11791236891637e-14,7.802037779772665e-13,ENSG00000164035,EMCN,endomucin [Source:HGNC Symbol;Acc:HGNC:16041]
Q9ULI3,2707.3782350963334,0.7378728412158417,0.13538416366004313,5.45021530781606,5.0308876362554954e-08,9.064640190357736e-07,ENSG00000173706,HEG1,heart development protein with EGF like domains 1 [Source:HGNC Symbol;Acc:HGNC:29227]
Q9ULJ8,797.0207634078695,0.73900495116812,0.10913439358357754,6.771512874190057,1.274426179440338e-11,5.185644826822364e-10,ENSG00000158528,PPP1R9A,protein phosphatase 1 regulatory subunit 9A [Source:HGNC Symbol;Acc:HGNC:14946]
Q9ULK4,11.05373488297996,0.6431359683746743,0.2317115312019932,2.775588962009941,0.005510182219925225,0.021580813119913143,ENSG00000112282,MED23,mediator complex subunit 23 [Source:HGNC Symbol;Acc:HGNC:2372]
Q9ULL8,3076.7817600733842,0.8469518252902142,0.14652252998055862,5.780352177938725,7.454441197523668e-09,1.6165215945937756e-07,ENSG00000158352,SHROOM4,shroom family member 4 [Source:HGNC Symbol;Acc:HGNC:29215]
Q9ULR0,91.1196208514122,0.688142032027739,0.09926768150330599,6.932186000584907,4.143866041664471e-12,1.8061031953136014e-10,ENSG00000240682,ISY1,ISY1 splicing factor homolog [Source:HGNC Symbol;Acc:HGNC:29201]
Q9ULV1,3036.9837536334776,0.7464676995571004,0.19313895287885985,3.86492568397271,0.00011112302874402367,0.0008077479485565913,ENSG00000174804,FZD4,frizzled class receptor 4 [Source:HGNC Symbol;Acc:HGNC:4042]
Q9UM63,684.3942470434854,0.7887097593916826,0.11692601702741928,6.745374378114063,1.52632945432328e-11,6.032557309255488e-10,ENSG00000118495,PLAGL1,PLAG1 like zinc finger 1 [Source:HGNC Symbol;Acc:HGNC:9046]
Q9UMR2,171.42150886287052,0.6244916077230344,0.08271061357664243,7.55032009458326,4.341897823563613e-14,2.7836108895602304e-12,ENSG00000157349,DDX19B,DEAD-box helicase 19B [Source:HGNC Symbol;Acc:HGNC:2742]
Q9UMX6,46.897850086390584,0.845297399870768,0.23525270661365616,3.593146332037565,0.0003267089888296261,0.0020315269406986376,ENSG00000112599,GUCA1B,guanylate cyclase activator 1B [Source:HGNC Symbol;Acc:HGNC:4679]
Q9UN79,637.3719172771068,0.6660020369328064,0.11891907281040101,5.600464426716887,2.1377827649570746e-08,4.1945428023454917e-07,ENSG00000143842,SOX13,SRY-box transcription factor 13 [Source:HGNC Symbol;Acc:HGNC:11192]
Q9UNA4,269.79381779335495,0.5810743202356746,0.15456175335132438,3.759496173124227,0.0001702558817524394,0.0011679076877661892,ENSG00000101751,POLI,DNA polymerase iota [Source:HGNC Symbol;Acc:HGNC:9182]
Q9UNE2,84.05192862195616,0.517559967499456,0.1418254179846908,3.649275107761879,0.0002629813528874385,0.001692381312103755,ENSG00000181031,RPH3AL,rabphilin 3A like (without C2 domains) [Source:HGNC Symbol;Acc:HGNC:10296]
Q9UNQ0,345.08282665624046,0.6318979688315565,0.1977782719697212,3.194981746671832,0.001398396845982582,0.0069632522107247385,ENSG00000118777,ABCG2,ATP binding cassette subfamily G member 2 (Junior blood group) [Source:HGNC Symbol;Acc:HGNC:74]
Q9UP95,38.365186660419575,0.7501812536888518,0.16400865671642004,4.574034497373857,4.784210142881867e-06,5.251914907472209e-05,ENSG00000124067,SLC12A4,solute carrier family 12 member 4 [Source:HGNC Symbol;Acc:HGNC:10913]
Q9UPI3,321.5196278654698,0.723443388641717,0.2093803310993701,3.455164030179974,0.000549958127822156,0.003163478495302511,ENSG00000119686,FLVCR2,FLVCR choline and putative heme transporter 2 [Source:HGNC Symbol;Acc:HGNC:20105]
Q9UPP2,106.85203938340067,0.9054611617603521,0.24338105640464383,3.7203436254912874,0.00019895189760262724,0.0013340483884853576,ENSG00000120645,IQSEC3,IQ motif and Sec7 domain ArfGEF 3 [Source:HGNC Symbol;Acc:HGNC:29193]
Q9UPQ0,10.89996216522582,2.3024692780150517,0.32884130941276435,7.001764109645279,2.527593987026024e-12,1.1446315767940848e-10,ENSG00000064042,LIMCH1,LIM and calponin homology domains 1 [Source:HGNC Symbol;Acc:HGNC:29191]
Q9UPY6,262.9299838695362,0.5660586838189822,0.12270084370439457,4.6133234844147095,3.962808179517918e-06,4.472659753893969e-05,ENSG00000132970,WASF3,WASP family member 3 [Source:HGNC Symbol;Acc:HGNC:12734]
Q9UPZ3,385.27025345369486,0.886363625576284,0.14557817613090615,6.088574875256386,1.139201734711437e-09,2.9767719262234636e-08,ENSG00000110756,HPS5,HPS5 biogenesis of lysosomal organelles complex 2 subunit 2 [Source:HGNC Symbol;Acc:HGNC:17022]
Q9UQ16,199.58159495610846,1.0249026328453807,0.12446898211461668,8.234201127326678,1.807597844756146e-16,1.8370858464632278e-14,ENSG00000197959,DNM3,dynamin 3 [Source:HGNC Symbol;Acc:HGNC:29125]
Q9UQ52,14.870920744503032,2.739696273703527,0.3408482514610889,8.037876861505008,9.140841882788251e-16,8.261972413238201e-14,ENSG00000134115,CNTN6,contactin 6 [Source:HGNC Symbol;Acc:HGNC:2176]
Q9UQ88,13.881565178494785,0.8678070224347919,0.22245310355627235,3.901078513005637,9.576508302580023e-05,0.0007115913548015493,ENSG00000008128,CDK11A,cyclin dependent kinase 11A [Source:HGNC Symbol;Acc:HGNC:1730]
Q9UQD0,17.22662435901255,0.5629455896726385,0.20743873470842134,2.713792052694124,0.006651790632396698,0.02506422238761275,ENSG00000196876,SCN8A,sodium voltage-gated channel alpha subunit 8 [Source:HGNC Symbol;Acc:HGNC:10596]
Q9UQL6,66.45249437968106,0.7001399295082049,0.14200395383227668,4.93042560163608,8.205066095236204e-07,1.1108319684735374e-05,ENSG00000108840,HDAC5,histone deacetylase 5 [Source:HGNC Symbol;Acc:HGNC:14068]
Q9UQV4,5607.812163197431,0.8547495389785581,0.2314955790893907,3.6922931415830686,0.0002222410886209196,0.0014652630697894653,ENSG00000078081,LAMP3,lysosomal associated membrane protein 3 [Source:HGNC Symbol;Acc:HGNC:14582]
Q9Y210,559.4777469213744,0.9181735876752688,0.1784027299549152,5.146634179349743,2.652017877704654e-07,4.047584932518923e-06,ENSG00000137672,TRPC6,transient receptor potential cation channel subfamily C member 6 [Source:HGNC Symbol;Acc:HGNC:12338]
Q9Y234,59.57193391611896,0.7114848272705497,0.19868955974964117,3.5808868275064696,0.0003424299634211617,0.002111252561724993,ENSG00000144182,LIPT1,lipoyltransferase 1 [Source:HGNC Symbol;Acc:HGNC:29569]
Q9Y236,812.9746016550057,0.5122154928169562,0.11406245330754605,4.490658213670645,7.100341025472407e-06,7.424889567366925e-05,ENSG00000164823,OSGIN2,oxidative stress induced growth inhibitor family member 2 [Source:HGNC Symbol;Acc:HGNC:1355]
Q9Y261,502.6669778073065,0.8425831147337219,0.15344522238939037,5.491100352382039,3.994373027910542e-08,7.347114491871484e-07,ENSG00000125798,FOXA2,forkhead box A2 [Source:HGNC Symbol;Acc:HGNC:5022]
Q9Y264,90.11345242250454,2.193776450668227,0.2639524134949868,8.311257402879907,9.469327129659898e-17,1.0338442599877198e-14,ENSG00000101280,ANGPT4,angiopoietin 4 [Source:HGNC Symbol;Acc:HGNC:487]
Q9Y277,25.059800057371437,0.6482931462286375,0.2555049377231174,2.537301830664315,0.011171059401498004,0.03818452325490344,ENSG00000078668,VDAC3,voltage dependent anion channel 3 [Source:HGNC Symbol;Acc:HGNC:12674]
Q9Y281,832.4968378007245,0.5497350058785084,0.10827120733147072,5.077388711437407,3.826575023129468e-07,5.629261587402211e-06,ENSG00000165410,CFL2,cofilin 2 [Source:HGNC Symbol;Acc:HGNC:1875]
Q9Y287,113.54732807565219,1.2870382538364047,0.140563577890615,9.156271298372637,5.372148560549432e-20,1.0126270457637366e-17,ENSG00000136156,ITM2B,integral membrane protein 2B [Source:HGNC Symbol;Acc:HGNC:6174]
Q9Y2D2,124.2296417278707,0.794841357031932,0.13627322280854515,5.832703891861657,5.453630049063645e-09,1.2335831497646116e-07,ENSG00000117620,SLC35A3,solute carrier family 35 member A3 [Source:HGNC Symbol;Acc:HGNC:11023]
Q9Y2G0,171.66176672761458,1.7740683930406858,0.16900603707311943,10.497071132868147,8.910189280945845e-26,4.678697961951897e-23,ENSG00000084710,EFR3B,EFR3 homolog B [Source:HGNC Symbol;Acc:HGNC:29155]
Q9Y2I2,119.40744440693128,1.5305050886157108,0.24069271553834523,6.358751178624194,2.034005728781602e-10,6.256340633549436e-09,ENSG00000162631,NTNG1,netrin G1 [Source:HGNC Symbol;Acc:HGNC:23319]
Q9Y2J4,218.82257548222668,1.3255210490821747,0.21164368691596971,6.2629841144680825,3.776791077003917e-10,1.0945249725656292e-08,ENSG00000114019,AMOTL2,angiomotin like 2 [Source:HGNC Symbol;Acc:HGNC:17812]
Q9Y2K7,333.42869088515755,0.7556304415230537,0.22310937016373686,3.3868162550434664,0.0007070872773701088,0.003915165155691785,ENSG00000173120,KDM2A,lysine demethylase 2A [Source:HGNC Symbol;Acc:HGNC:13606]
Q9Y2L5,12.151207085805376,0.7489272016136437,0.18573754789816857,4.0321798693296325,5.52618646086906e-05,0.0004433412739469125,ENSG00000153339,TRAPPC8,trafficking protein particle complex subunit 8 [Source:HGNC Symbol;Acc:HGNC:29169]
Q9Y2L6,380.21731553993214,0.771891838068402,0.15461647524570668,4.992300056263477,5.966446665500377e-07,8.381147437002887e-06,ENSG00000114541,FRMD4B,FERM domain containing 4B [Source:HGNC Symbol;Acc:HGNC:24886]
Q9Y2N7,592.4847169601925,2.282856572824655,0.2496006480332962,9.146036241541035,5.906088176462084e-20,1.08544057203079e-17,ENSG00000124440,HIF3A,hypoxia inducible factor 3 subunit alpha [Source:HGNC Symbol;Acc:HGNC:15825]
Q9Y2P4,33.170689871428856,1.4740452892129738,0.3414448204697053,4.317082002255058,1.5810543287987046e-05,0.00014990787690166222,ENSG00000113396,SLC27A6,solute carrier family 27 member 6 [Source:HGNC Symbol;Acc:HGNC:11000]
Q9Y2U9,38.058032606794384,0.533324116879411,0.15815971593371722,3.372060412038932,0.0007460808129225266,0.004098988703068811,ENSG00000165516,KLHDC2,kelch domain containing 2 [Source:HGNC Symbol;Acc:HGNC:20231]
Q9Y2V2,544.7872752427941,0.5668600995768001,0.09587429077380509,5.912534997668826,3.36882236397125e-09,7.895431287462482e-08,ENSG00000153048,CARHSP1,calcium regulated heat stable protein 1 [Source:HGNC Symbol;Acc:HGNC:17150]
Q9Y2Z2,41.75062954419045,0.5077013202101226,0.18012967853022546,2.818532317121363,0.004824375426048199,0.01930975964538421,ENSG00000135297,MTO1,mitochondrial tRNA translation optimization 1 [Source:HGNC Symbol;Acc:HGNC:19261]
Q9Y342,602.8377714464266,1.8126568193508346,0.19532723872145624,9.280102617616732,1.6931541689051633e-20,3.3044975257552632e-18,ENSG00000102934,PLLP,plasmolipin [Source:HGNC Symbol;Acc:HGNC:18553]
Q9Y343,273.09580213299057,0.6062126852189755,0.11725034311815273,5.170242313134191,2.3379064885266744e-07,3.618258926173142e-06,ENSG00000064652,SNX24,sorting nexin 24 [Source:HGNC Symbol;Acc:HGNC:21533]
Q9Y383,85.4214558341223,0.9678885509635454,0.19169322552344953,5.04915365851124,4.437716920853253e-07,6.421877229166511e-06,ENSG00000146963,LUC7L2,"LUC7 like 2, pre-mRNA splicing factor [Source:HGNC Symbol;Acc:HGNC:21608]"
Q9Y3M9,41.2207744389184,0.5690625430298546,0.16619453267408024,3.4240749913586406,0.0006168959505731067,0.0034987832994401854,ENSG00000130684,ZNF337,zinc finger protein 337 [Source:HGNC Symbol;Acc:HGNC:15809]
Q9Y3R0,14.80139067445401,0.7720984175380796,0.29169301705871176,2.6469554373414166,0.008122005515510912,0.029543577377383747,ENSG00000155974,GRIP1,glutamate receptor interacting protein 1 [Source:HGNC Symbol;Acc:HGNC:18708]
Q9Y575,50.530024493871615,0.830427259672048,0.21488955165993015,3.8644375832019358,0.0001113454568393279,0.0008085763394442463,ENSG00000115239,ASB3,ankyrin repeat and SOCS box containing 3 [Source:HGNC Symbol;Acc:HGNC:16013]
Q9Y5G5,10.931484488286477,0.6043743353683797,0.19690694711050927,3.0693398289761165,0.0021453240794401295,0.009906402271351051,ENSG00000253767,PCDHGA8,"protocadherin gamma subfamily A, 8 [Source:HGNC Symbol;Acc:HGNC:8706]"
Q9Y5R4,235.84013083976535,0.6421100427309069,0.12380786453059855,5.186342928741916,2.1446374145172343e-07,3.3544562794158217e-06,ENSG00000114735,HEMK1,HemK methyltransferase family member 1 [Source:HGNC Symbol;Acc:HGNC:24923]
Q9Y5W3,997.9252179608508,1.973211817298684,0.20257694506540314,9.740554714464775,2.024462065437394e-22,5.1318949874892286e-20,ENSG00000127528,KLF2,KLF transcription factor 2 [Source:HGNC Symbol;Acc:HGNC:6347]
Q9Y5W5,1775.6716370100667,1.3074511224606573,0.2255227206370805,5.797425282770759,6.734076683584427e-09,1.4743328924777168e-07,ENSG00000156076,WIF1,WNT inhibitory factor 1 [Source:HGNC Symbol;Acc:HGNC:18081]
Q9Y608,40.102536578104285,0.6068717635835454,0.14013309366676696,4.330681266672607,1.4864871962836176e-05,0.0001419176996832853,ENSG00000093167,LRRFIP2,LRR binding FLII interacting protein 2 [Source:HGNC Symbol;Acc:HGNC:6703]
Q9Y653,10.119810678210388,1.6617290605217472,0.35868404561286016,4.632849107304058,3.606674217339572e-06,4.112802129741826e-05,ENSG00000205336,ADGRG1,adhesion G protein-coupled receptor G1 [Source:HGNC Symbol;Acc:HGNC:4512]
Q9Y672,27.17139387943276,0.5738585954028094,0.13608757912768898,4.216833006224369,2.4775730981998177e-05,0.00022059102586878795,ENSG00000088035,ALG6,"ALG6 alpha-1,3-glucosyltransferase [Source:HGNC Symbol;Acc:HGNC:23157]"
Q9Y6I7,299.1157853889594,0.7486965450654522,0.18286012933435303,4.0943673604019395,4.2332266887495265e-05,0.00035044887910541314,ENSG00000109046,WSB1,WD repeat and SOCS box containing 1 [Source:HGNC Symbol;Acc:HGNC:19221]
Q9Y6I8,1018.2931489426238,0.6322647985502886,0.13780593118849063,4.588081173991548,4.4733870586337345e-06,4.957591868899919e-05,ENSG00000101417,PXMP4,peroxisomal membrane protein 4 [Source:HGNC Symbol;Acc:HGNC:15920]
Q9Y6M1,38.47704577397964,1.9314847391099554,0.3486349001264822,5.540135937076944,3.0223694395056585e-08,5.71658109938746e-07,ENSG00000073792,IGF2BP2,insulin like growth factor 2 mRNA binding protein 2 [Source:HGNC Symbol;Acc:HGNC:28867]
Q9Y6W8,164.68442901145,0.7541664452189407,0.2314720789822758,3.258131384721734,0.001121484703187602,0.005774742854097449,ENSG00000163600,ICOS,inducible T cell costimulator [Source:HGNC Symbol;Acc:HGNC:5351]
Q9Y6X3,283.31432143891925,0.6173797686015273,0.15944200665989128,3.8721274370214847,0.00010788951398279592,0.0007869549591035867,ENSG00000129933,MAU2,MAU2 sister chromatid cohesion factor [Source:HGNC Symbol;Acc:HGNC:29140]
Q9Y6Y1,176.365467609483,1.4701110462347113,0.19511174127210945,7.5347133732174765,4.89408629635367e-14,3.1104950772272e-12,ENSG00000171735,CAMTA1,calmodulin binding transcription activator 1 [Source:HGNC Symbol;Acc:HGNC:18806]
Q9Y6Z7,70.39693398667045,2.374620131583874,0.39331575462752066,6.037439649049135,1.5657869294905347e-09,3.9330142304082295e-08,ENSG00000184374,COLEC10,collectin subfamily member 10 [Source:HGNC Symbol;Acc:HGNC:2220]
R4GMY7,55.6113805551933,2.2343778999912294,0.30353225684346724,7.361253539334722,1.821911457423754e-13,1.0146574566167543e-11,ENSG00000076944,STXBP2,syntaxin binding protein 2 [Source:HGNC Symbol;Acc:HGNC:11445]
S4R369,11.621537141334667,1.0651359795852677,0.27216669160582824,3.913542738462191,9.095179374678999e-05,0.0006813352103572372,ENSG00000116221,MRPL37,mitochondrial ribosomal protein L37 [Source:HGNC Symbol;Acc:HGNC:14034]
S4R3D6,34.36401764305524,0.7184161545888411,0.2929138407146203,2.4526534930412476,0.014180686493974125,0.04645099148955948,ENSG00000149089,APIP,APAF1 interacting protein [Source:HGNC Symbol;Acc:HGNC:17581]
S4R3M9,36.86807942917567,0.5249375038456746,0.1872757764842888,2.803018701618964,0.00506267335620094,0.02009217171093315,ENSG00000204219,TCEA3,transcription elongation factor A3 [Source:HGNC Symbol;Acc:HGNC:11615]
S4R3Y0,28.498771241338034,0.891222631797019,0.22589623619316623,3.94527437382766,7.970865569181511e-05,0.0006080576591585232,ENSG00000151332,MBIP,MAP3K12 binding inhibitory protein 1 [Source:HGNC Symbol;Acc:HGNC:20427]
S4R3Z4,15.668900164840652,1.3585403944950964,0.3532470071669739,3.845865264055691,0.00012012776400930246,0.0008610002299191279,ENSG00000120833,SOCS2,suppressor of cytokine signaling 2 [Source:HGNC Symbol;Acc:HGNC:19382]
U3KPR8,223.0100544293002,0.6515132899558251,0.17042776652838726,3.8228118764163117,0.00013193844054760866,0.0009338159075214895,ENSG00000143995,MEIS1,Meis homeobox 1 [Source:HGNC Symbol;Acc:HGNC:7000]
U3KPT4,17.076678049254173,1.532460455998741,0.2514759275983256,6.0938654074535945,1.1021633785561732e-09,2.8937037084140294e-08,ENSG00000071073,MGAT4A,"alpha-1,3-mannosyl-glycoprotein 4-beta-N-acetylglucosaminyltransferase A [Source:HGNC Symbol;Acc:HGNC:7047]"
U3KPZ2,11.883053689009937,0.6885051665577526,0.19234353530068912,3.5795596950082986,0.0003441736229666164,0.002120817289998815,ENSG00000131378,RFTN1,"raftlin, lipid raft linker 1 [Source:HGNC Symbol;Acc:HGNC:30278]"
U3KQ14,18.25926079709309,0.6829927538183816,0.22131945474976408,3.0860041408949375,0.0020286599695843047,0.009461329359405048,ENSG00000139597,N4BP2L1,NEDD4 binding protein 2 like 1 [Source:HGNC Symbol;Acc:HGNC:25037]
U3KQE6,43.600008895235774,1.4414978638779707,0.20768460329384056,6.940802741349494,3.8987809779113735e-12,1.7123223275983258e-10,ENSG00000136153,LMO7,LIM domain 7 [Source:HGNC Symbol;Acc:HGNC:6646]
U3KQT2,229.52344781188424,0.864512787653652,0.22585554836887406,3.8277243747038874,0.00012933346797422318,0.000917439788582669,ENSG00000168878,SFTPB,surfactant protein B [Source:HGNC Symbol;Acc:HGNC:10801]
U5YV54,4800.9203144988505,0.598138235865336,0.24264839296657323,2.465040994307077,0.013699757659304349,0.045222938993907814,ENSG00000228253,MT-ATP8,mitochondrially encoded ATP synthase membrane subunit 8 [Source:HGNC Symbol;Acc:HGNC:7415]
U5Z754,47727.909676137315,0.5619306900346771,0.1809254414134443,3.1058688354976756,0.001897208501904841,0.00894039237201055,ENSG00000198888,MT-ND1,mitochondrially encoded NADH:ubiquinone oxidoreductase core subunit 1 [Source:HGNC Symbol;Acc:HGNC:7455]
V9GY19,16.22925783113389,1.91828108164191,0.35591846403212035,5.389664418951842,7.058937194709032e-08,1.2252657733970354e-06,ENSG00000145391,SETD7,"SET domain containing 7, histone lysine methyltransferase [Source:HGNC Symbol;Acc:HGNC:30412]"
V9GY70,13.322601741838286,0.6483914500800494,0.18502052749125267,3.504429799610769,0.0004575861922421733,0.002701179305061266,ENSG00000148719,DNAJB12,DnaJ heat shock protein family (Hsp40) member B12 [Source:HGNC Symbol;Acc:HGNC:14891]
V9GY94,15.50420889878496,1.5929772265270168,0.279245233688943,5.704581616248702,1.1662920112471995e-08,2.412889682555885e-07,ENSG00000116584,ARHGEF2,Rho/Rac guanine nucleotide exchange factor 2 [Source:HGNC Symbol;Acc:HGNC:682]
V9GYG0,23.692452119616526,0.7788022434220724,0.18390602359461583,4.2347837672722815,2.287717327537538e-05,0.0002058478904182491,ENSG00000151729,SLC25A4,solute carrier family 25 member 4 [Source:HGNC Symbol;Acc:HGNC:10990]
V9GYI0,24.45245909421488,0.587404227369522,0.20410233732904381,2.8779887337720083,0.004002194320625749,0.016479535763084443,ENSG00000160783,PMF1,polyamine modulated factor 1 [Source:HGNC Symbol;Acc:HGNC:9112]
V9GYM8,36.728486168727834,1.4831964459064797,0.21479945456456204,6.90502892064224,5.019320106716692e-12,2.1705114830103908e-10,ENSG00000116584,ARHGEF2,Rho/Rac guanine nucleotide exchange factor 2 [Source:HGNC Symbol;Acc:HGNC:682]
V9GYT2,106.9035281779274,2.0642640559118663,0.19969518842668652,10.337074579389345,4.7893496826767425e-25,2.0890940028723807e-22,ENSG00000154065,ANKRD29,ankyrin repeat domain 29 [Source:HGNC Symbol;Acc:HGNC:27110]
V9GZ06,49.664836598071055,0.6525850386261463,0.13889977477196994,4.698244037454251,2.6240778111283667e-06,3.121435385470604e-05,ENSG00000106052,TAX1BP1,Tax1 binding protein 1 [Source:HGNC Symbol;Acc:HGNC:11575]
V9GZ26,15.402392060489847,1.3349943069417083,0.29528966431405584,4.520965236093983,6.1558297835853e-06,6.548995178349746e-05,ENSG00000125898,FAM110A,family with sequence similarity 110 member A [Source:HGNC Symbol;Acc:HGNC:16188]
V9GZ71,29.28093738314403,0.6811363770577006,0.22200380150223642,3.06812934034753,0.0021540336507199984,0.009940376257162344,ENSG00000162836,ACP6,"acid phosphatase 6, lysophosphatidic [Source:HGNC Symbol;Acc:HGNC:29609]"
V9HW04,387.89888452350795,0.6493691397321424,0.19697636398066498,3.2966855850577277,0.0009783295543978505,0.005155574669698971,ENSG00000213639,PPP1CB,protein phosphatase 1 catalytic subunit beta [Source:HGNC Symbol;Acc:HGNC:9282]
V9HW21,264.90171231970515,1.8385590145428663,0.2309316488329298,7.961485676971861,1.6998574418285469e-15,1.4146662649844063e-13,ENSG00000104267,CA2,carbonic anhydrase 2 [Source:HGNC Symbol;Acc:HGNC:1373]
V9HWF8,19.017087387605653,1.5961726984013778,0.346572792110386,4.6055914795901955,4.112951256528602e-06,4.60441761479603e-05,ENSG00000130988,RGN,regucalcin [Source:HGNC Symbol;Acc:HGNC:9989]
V9HWN9,325.94886075451825,1.110081753051875,0.22578095368615592,4.916631517975296,8.804605433293629e-07,1.1782570887491365e-05,ENSG00000169442,CD52,CD52 molecule [Source:HGNC Symbol;Acc:HGNC:1804]
X5D999,30.522158232486955,1.733567300196362,0.2998860511302808,5.780753368362709,7.436684541578092e-09,1.614258276377591e-07,ENSG00000138650,PCDH10,protocadherin 10 [Source:HGNC Symbol;Acc:HGNC:13404]
X5DQM5,746.5756457276985,1.3466150586441334,0.13028089294748404,10.336243697584658,4.831041722430916e-25,2.0890940028723807e-22,ENSG00000169252,ADRB2,adrenoceptor beta 2 [Source:HGNC Symbol;Acc:HGNC:286]
X5DR95,1854.3458596116195,1.2968077792858048,0.1740431031955921,7.451072495693402,9.258446651773196e-14,5.54852669723386e-12,ENSG00000112902,SEMA5A,semaphorin 5A [Source:HGNC Symbol;Acc:HGNC:10736]
X5DRB1,17.67216569993165,1.1949399576708695,0.3226250408652168,3.703804126506349,0.00021239027703497928,0.0014104351610145839,ENSG00000154767,XPC,"XPC complex subunit, DNA damage recognition and repair factor [Source:HGNC Symbol;Acc:HGNC:12816]"
X6RJP6,11.556576581191793,1.6709459355101062,0.2692021258315245,6.207030982199001,5.399495668037727e-10,1.504779416591141e-08,ENSG00000158710,TAGLN2,transgelin 2 [Source:HGNC Symbol;Acc:HGNC:11554]
