Gene_set,Term,Overlap,P-value,Adjusted P-value,Old P-value,Old Adjusted P-value,Odds Ratio,Combined Score,Genes
GO_Biological_Process_2023,Extracellular Structure Organization (GO:0043062),12/109,1.788167271722089e-13,7.527126600196299e-11,0,0,28.826197695573075,846.1185171750257,COL17A1;COL1A1;ADAMTS14;COL3A1;COL1A2;MMP7;MMP13;COL14A1;MMP1;COL7A1;COL10A1;MMP10
GO_Biological_Process_2023,External Encapsulating Structure Organization (GO:0045229),12/110,1.9992368128011422e-13,7.527126600196299e-11,0,0,28.53061224489796,834.2590875778131,COL17A1;COL1A1;ADAMTS14;COL3A1;COL1A2;MMP7;MMP13;COL14A1;MMP1;COL7A1;COL10A1;MMP10
GO_Biological_Process_2023,Extracellular Matrix Organization (GO:0030198),13/176,2.976569300459639e-12,7.471188944153694e-10,0,0,18.74233128834356,497.4261527286423,COL17A1;MMP7;COL14A1;MMP1;MMP10;COL1A1;GREM1;ADAMTS14;COL3A1;COL1A2;MMP13;COL7A1;COL10A1
GO_Biological_Process_2023,Collagen Fibril Organization (GO:0030199),5/42,1.7844830616933582e-06,0.0003359289363637747,0,0,29.180376028202115,386.242597767376,COL1A1;GREM1;COL3A1;COL1A2;COL14A1
GO_Biological_Process_2023,Extracellular Matrix Disassembly (GO:0022617),4/44,6.081597722642568e-05,0.009107031822738,0,0,21.358064516129037,207.3367862956132,MMP7;MMP13;MMP1;MMP10
GO_Biological_Process_2023,Cellular Component Disassembly (GO:0022411),4/46,7.256599061942692e-05,0.009107031822738,0,0,20.338965693804404,193.8509707323149,MMP7;MMP13;MMP1;MMP10
GO_Biological_Process_2023,Supramolecular Fiber Organization (GO:0097435),8/316,0.00015182832761375097,0.016332390099022,0,0,5.7186633591127976,50.28283500357002,COL1A1;GREM1;ADAMTS14;COL3A1;COL1A2;COL14A1;EMP2;KRT6A
GO_Biological_Process_2023,Plasma Membrane Raft Assembly (GO:0044854),2/5,0.0002305997141023247,0.0217051980898813,0,0,139.64912280701753,1169.5372707339718,CAV2;EMP2
GO_Biological_Process_2023,Regulation Of Hydrolase Activity (GO:0051336),4/71,0.000393865508008428,0.0329534141700384,0,0,12.733750601829565,99.82625130480756,CAV1;PLXNA4;SERPINA5;PROM2
GO_Biological_Process_2023,Regulation Of Pinocytosis (GO:0048548),2/8,0.0006395776070722573,0.0437819943750372,0,0,69.8140350877193,513.4614645697001,CAV1;PROM2
GO_Biological_Process_2023,Skin Morphogenesis (GO:0043589),2/8,0.0006395776070722573,0.0437819943750372,0,0,69.8140350877193,513.4614645697001,COL1A1;COL1A2
GO_Biological_Process_2023,Negative Regulation Of Endothelial Cell Proliferation (GO:0001937),3/37,0.000762381698693361,0.0478394515930084,0,0,18.65050062578223,133.8931229050745,NGFR;CAV2;CAV1
GO_Biological_Process_2023,Negative Regulation Of Sprouting Angiogenesis (GO:1903671),2/10,0.0010214106211725,0.054778582243351,0,0,52.35526315789474,360.5482183829489,SEMA6A;KLF2
GO_Biological_Process_2023,Receptor-Mediated Endocytosis Of Virus By Host Cell (GO:0019065),2/10,0.0010214106211725,0.054778582243351,0,0,52.35526315789474,360.5482183829489,CAV2;CAV1
GO_Biological_Process_2023,Regulation Of Endothelial Cell Proliferation (GO:0001936),4/93,0.0010912068175966,0.054778582243351,0,0,9.575450042285851,65.30907954652449,CAV2;CAV1;TIE1;FUT2
GO_Biological_Process_2023,Response To Amyloid-Beta (GO:1904645),3/43,0.0011856797041959,0.0558010510787212,0,0,15.84813829787234,106.77586629425129,NGFR;MMP13;ADRB2
GO_Biological_Process_2023,Regulation Of Intrinsic Apoptotic Signaling Pathway (GO:2001242),3/48,0.0016328984325665,0.0723277952777989,0,0,14.083687943262412,90.38064018796555,CAV1;DAPK2;RTKN2
GO_Biological_Process_2023,Negative Regulation Of Transmembrane Receptor Protein Serine/Threonine Kinase Signaling Pathway (GO:0090101),4/111,0.0020947188269615,0.0876290709278935,0,0,7.957391216963119,49.08386228068952,GREM1;CILP;CAV1;CAPN5
GO_Biological_Process_2023,Vasodilation (GO:0042311),2/15,0.0023459367198198,0.0929731763170723,0,0,32.21052631578947,195.03700777322305,ADRB2;KLF2
GO_Biological_Process_2023,Cellular Response To Peptide (GO:1901653),3/56,0.0025448213103544,0.0958125223348468,0,0,11.95303091128061,71.40375911874678,NGFR;CAV1;ADRB2
GO_Biological_Process_2023,Regulation Of Canonical Wnt Signaling Pathway (GO:0060828),5/207,0.0033766134159853,0.1210757096303303,0,0,5.30052733534223,30.16467570765882,COL1A1;GREM1;CDH3;CAV1;TPBG
GO_Biological_Process_2023,Regulation Of Insulin-Like Growth Factor Receptor Signaling Pathway (GO:0043567),2/19,0.0037726178568504,0.1235122280960156,0,0,24.626625386996903,137.4162280084347,CDH3;CILP
GO_Biological_Process_2023,Neuron Apoptotic Process (GO:0051402),2/19,0.0037726178568504,0.1235122280960156,0,0,24.626625386996903,137.4162280084347,NGFR;TNFRSF21
GO_Biological_Process_2023,Skin Development (GO:0043588),3/68,0.0044121911590111,0.1349015884366096,0,0,9.740425531914894,52.82606653617872,COL1A1;COL3A1;COL1A2
GO_Biological_Process_2023,Blood Vessel Endothelial Cell Migration (GO:0043534),2/22,0.0050483976369332,0.1349015884366096,0,0,20.929473684210528,110.6893806738124,GREM1;EMP2
GO_Biological_Process_2023,Oligosaccharide Biosynthetic Process (GO:0009312),2/22,0.0050483976369332,0.1349015884366096,0,0,20.929473684210528,110.6893806738124,FUT2;FUT3
GO_Biological_Process_2023,Protein Localization To Cell Periphery (GO:1990778),4/142,0.0050673881540127,0.1349015884366096,0,0,6.160199470157394,32.55622145265283,RAB40A;CAV1;EMP2;EFR3B
GO_Biological_Process_2023,Apoptotic Process (GO:0006915),5/228,0.0050794352442618,0.1349015884366096,0,0,4.7962565802300645,25.3364901190577,NGFR;SEMA6A;DAPK2;EMP2;TNFRSF21
GO_Biological_Process_2023,Regulation Of Cell Migration (GO:0030334),7/434,0.0051954131004803,0.1349015884366096,0,0,3.547540983606557,18.659991567566937,COL1A1;NGFR;MMP7;CAV1;PLXNA4;SCAI;FUT3
GO_Biological_Process_2023,Proteolysis (GO:0006508),6/330,0.005424077326235,0.1361443408884996,0,0,3.984330484330485,20.785883475154552,GGT5;PCSK1;ADAMTS14;MMP7;MMP1;CAPN5
GO_Biological_Process_2023,Negative Regulation Of Transforming Growth Factor Beta Receptor Signaling Pathway (GO:0030512),3/77,0.0062414139495764,0.1508986156232417,0,0,8.551897642323175,43.41412338591267,CILP;CAV1;CAPN5
GO_Biological_Process_2023,Carbohydrate Biosynthetic Process (GO:0016051),2/25,0.0064947453371533,0.1508986156232417,0,0,18.19679633867277,91.652929385015,FUT2;FUT3
GO_Biological_Process_2023,Wound Healing (GO:0042060),3/80,0.0069374283215473,0.1508986156232417,0,0,8.217463387676153,40.8475653112228,COL3A1;DST;KRT6A
GO_Biological_Process_2023,L-amino Acid Transport (GO:0015807),2/26,0.0070138798762462,0.1508986156232417,0,0,17.437719298245614,86.48872061332686,SLC1A1;SFXN1
GO_Biological_Process_2023,Protein Localization To Cell Surface (GO:0034394),2/26,0.0070138798762462,0.1508986156232417,0,0,17.437719298245614,86.48872061332686,EMP2;GPIHBP1
GO_Biological_Process_2023,Protein Localization (GO:0008104),6/351,0.0072651730255768,0.15196320245165,0,0,3.737792642140468,18.4073697466028,NGFR;CAV1;EMP2;TNS4;GPIHBP1;NECTIN1
GO_Biological_Process_2023,Cell-Substrate Junction Assembly (GO:0007044),2/28,0.0081065569634429,0.1594106673052331,0,0,16.094736842105263,77.4974783570643,COL17A1;DST
GO_Biological_Process_2023,Positive Regulation Of Canonical Wnt Signaling Pathway (GO:0090263),3/85,0.0081963162285276,0.1594106673052331,0,0,7.714452516865594,37.060773498205016,COL1A1;CDH3;CAV1
GO_Biological_Process_2023,Negative Regulation Of Angiogenesis (GO:0016525),3/86,0.0084631329581964,0.1594106673052331,0,0,7.621122789028454,36.36827115041379,SEMA6A;ISM1;KLF2
GO_Biological_Process_2023,Regulation Of Muscle Contraction (GO:0006937),2/29,0.0086797308891295,0.1594106673052331,0,0,15.497855750487329,73.56467544436724,CAV1;TNNC1
GO_Biological_Process_2023,Regulation Of Neuron Migration (GO:2001222),2/29,0.0086797308891295,0.1594106673052331,0,0,15.497855750487329,73.56467544436724,COL3A1;SEMA6A
GO_Biological_Process_2023,Negative Regulation Of Endocytosis (GO:0045806),2/33,0.0111470903545366,0.1952036985340946,0,0,13.495415959252972,60.68317390225423,CAV1;PROM2
GO_Biological_Process_2023,Regulation Of Sprouting Angiogenesis (GO:1903670),2/33,0.0111470903545366,0.1952036985340946,0,0,13.495415959252972,60.68317390225423,SEMA6A;KLF2
GO_Biological_Process_2023,Cellular Response To Amyloid-Beta (GO:1904646),2/34,0.0118067009357296,0.1975020701477655,0,0,13.073026315789471,58.032314670661705,NGFR;ADRB2
GO_Biological_Process_2023,Semaphorin-Plexin Signaling Pathway (GO:0071526),2/34,0.0118067009357296,0.1975020701477655,0,0,13.073026315789471,58.032314670661705,SEMA6A;PLXNA4
GO_Biological_Process_2023,Positive Regulation Of Cold-Induced Thermogenesis (GO:0120162),3/98,0.0120651995043787,0.1975020701477655,0,0,6.654423292273236,29.395449378417208,CAV1;DIO2;ADRB2
GO_Biological_Process_2023,Positive Regulation Of Signaling Receptor Activity (GO:2000273),2/36,0.0131760117301551,0.1976181115754265,0,0,12.302786377708978,53.263159193779046,GREM1;ADRB2
GO_Biological_Process_2023,Protein Localization To Membrane (GO:0072657),4/192,0.0142696689672861,0.1976181115754265,0,0,4.510409517272935,19.16752218792337,RAB40A;CAV1;EMP2;EFR3B
GO_Biological_Process_2023,Regulation Of Nitric Oxide Biosynthetic Process (GO:0045428),2/39,0.0153526028986247,0.1976181115754265,0,0,11.303556187766716,47.208966130417714,CAV1;KLF2
GO_Biological_Process_2023,Odontogenesis (GO:0042476),2/39,0.0153526028986247,0.1976181115754265,0,0,11.303556187766716,47.208966130417714,COL1A1;COL1A2
GO_Biological_Process_2023,Positive Regulation Of Metabolic Process (GO:0009893),3/108,0.0156443674490152,0.1976181115754265,0,0,6.017629179331307,25.01916186269934,CAV1;DIO2;ADRB2
GO_Biological_Process_2023,Cell-Matrix Adhesion (GO:0007160),3/109,0.0160316567202627,0.1976181115754265,0,0,5.960558008831795,24.63611855665516,COL17A1;COL3A1;EMP2
GO_Biological_Process_2023,Positive Regulation Of Wnt Signaling Pathway (GO:0030177),3/109,0.0160316567202627,0.1976181115754265,0,0,5.960558008831795,24.63611855665516,COL1A1;CDH3;CAV1
GO_Biological_Process_2023,Regulation Of Cytosolic Calcium Ion Concentration (GO:0051480),2/40,0.0161101489862026,0.1976181115754265,0,0,11.005540166204986,45.43423567203037,CAV2;CAV1
GO_Biological_Process_2023,Organic Substance Transport (GO:0071702),4/201,0.0166111918248427,0.1976181115754265,0,0,4.302385240980295,17.629791950190256,CAV1;SLCO1A2;NMUR1;ABCA12
GO_Biological_Process_2023,Regulation Of Transforming Growth Factor Beta Receptor Signaling Pathway (GO:0017015),3/111,0.0168223660253713,0.1976181115754265,0,0,5.849586288416075,23.895828875806668,CILP;CAV1;CAPN5
GO_Biological_Process_2023,Regulation Of MAPK Cascade (GO:0043408),4/204,0.0174420911349791,0.1976181115754265,0,0,4.237204301075269,17.155884985194504,GREM1;CAV2;CAV1;ADRB2
GO_Biological_Process_2023,Skeletal Muscle Tissue Development (GO:0007519),2/42,0.0176722531744932,0.1976181115754265,0,0,10.454210526315787,42.19067930712156,CAV2;CAV1
GO_Biological_Process_2023,Negative Regulation Of Canonical Wnt Signaling Pathway (GO:0090090),3/114,0.0180488521745689,0.1976181115754265,0,0,5.690626797009776,22.846006822945427,GREM1;CAV1;TPBG
GO_Biological_Process_2023,Negative Regulation Of BMP Signaling Pathway (GO:0030514),2/43,0.0184764784006566,0.1976181115754265,0,0,10.198716302952503,40.70569573080091,GREM1;CAPN5
GO_Biological_Process_2023,Triglyceride Metabolic Process (GO:0006641),2/45,0.0201304520340632,0.1976181115754265,0,0,9.723378212974296,37.97486347862741,CAV1;GPIHBP1
GO_Biological_Process_2023,Receptor-Mediated Endocytosis (GO:0006898),3/122,0.0215575120166049,0.1976181115754265,0,0,5.305918111925621,20.35897194845088,CAV2;CAV1;ADRB2
GO_Biological_Process_2023,Positive Regulation Of Epithelial To Mesenchymal Transition (GO:0010718),2/47,0.0218440398325387,0.1976181115754265,0,0,9.29029239766082,35.524472498509496,COL1A1;EMP2
GO_Biological_Process_2023,Oligosaccharide Metabolic Process (GO:0009311),2/48,0.0227227872298746,0.1976181115754265,0,0,9.087871853546911,34.392024239111464,FUT2;FUT3
GO_Biological_Process_2023,Response To Cytokine (GO:0034097),3/125,0.0229627349744519,0.1976181115754265,0,0,5.174659923264737,19.528559022187885,COL3A1;AFF3;TIMP4
GO_Biological_Process_2023,Positive Regulation Of Gap Junction Assembly (GO:1903598),1/5,0.0240181254075563,0.1976181115754265,0,0,51.8203125,193.23517335892032,CAV1
GO_Biological_Process_2023,Negative Regulation Of Insulin-Like Growth Factor Receptor Signaling Pathway (GO:0043569),1/5,0.0240181254075563,0.1976181115754265,0,0,51.8203125,193.23517335892032,CILP
GO_Biological_Process_2023,Positive Regulation Of Lipoprotein Particle Clearance (GO:0010986),1/5,0.0240181254075563,0.1976181115754265,0,0,51.8203125,193.23517335892032,GPIHBP1
GO_Biological_Process_2023,Negative Regulation Of Monocyte Chemotaxis (GO:0090027),1/5,0.0240181254075563,0.1976181115754265,0,0,51.8203125,193.23517335892032,GREM1
GO_Biological_Process_2023,Negative Regulation Of Nervous System Process (GO:0031645),1/5,0.0240181254075563,0.1976181115754265,0,0,51.8203125,193.23517335892032,TNFRSF21
GO_Biological_Process_2023,Negative Regulation Of Neuron Migration (GO:2001223),1/5,0.0240181254075563,0.1976181115754265,0,0,51.8203125,193.23517335892032,COL3A1
GO_Biological_Process_2023,Aromatic Compound Biosynthetic Process (GO:0019438),1/5,0.0240181254075563,0.1976181115754265,0,0,51.8203125,193.23517335892032,PSAT1
GO_Biological_Process_2023,Protein Import (GO:0017038),1/5,0.0240181254075563,0.1976181115754265,0,0,51.8203125,193.23517335892032,GPIHBP1
GO_Biological_Process_2023,Plasma Membrane Raft Organization (GO:0044857),1/5,0.0240181254075563,0.1976181115754265,0,0,51.8203125,193.23517335892032,EMP2
GO_Biological_Process_2023,Renal System Process Involved In Regulation Of Blood Volume (GO:0001977),1/5,0.0240181254075563,0.1976181115754265,0,0,51.8203125,193.23517335892032,EMP2
GO_Biological_Process_2023,Response To Heparin (GO:0071503),1/5,0.0240181254075563,0.1976181115754265,0,0,51.8203125,193.23517335892032,GPIHBP1
GO_Biological_Process_2023,Rho Protein Signal Transduction (GO:0007266),2/52,0.0263804448916347,0.1976181115754265,0,0,8.359157894736843,30.386644588966693,NGFR;COL1A2
GO_Biological_Process_2023,Blood Vessel Morphogenesis (GO:0048514),2/53,0.0273297475250389,0.1976181115754265,0,0,8.19484004127967,29.499617326511416,CAV1;SLC1A1
GO_Biological_Process_2023,Negative Regulation Of Protein Modification By Small Protein Conjugation Or Removal (GO:1903321),2/54,0.0282926979453842,0.1976181115754265,0,0,8.036842105263158,28.652559934038813,CAV1;N4BP1
GO_Biological_Process_2023,Negative Regulation Of Protein Ubiquitination (GO:0031397),2/54,0.0282926979453842,0.1976181115754265,0,0,8.036842105263158,28.652559934038813,CAV1;N4BP1
GO_Biological_Process_2023,Positive Regulation Of Lipoprotein Lipase Activity (GO:0051006),1/6,0.0287528043275101,0.1976181115754265,0,0,41.454166666666666,147.12166553326742,GPIHBP1
GO_Biological_Process_2023,Regulation Of Entry Of Bacterium Into Host Cell (GO:2000535),1/6,0.0287528043275101,0.1976181115754265,0,0,41.454166666666666,147.12166553326742,KRT6A
GO_Biological_Process_2023,Regulation Of Extracellular Matrix Assembly (GO:1901201),1/6,0.0287528043275101,0.1976181115754265,0,0,41.454166666666666,147.12166553326742,TIE1
GO_Biological_Process_2023,Negative Regulation Of Membrane Protein Ectodomain Proteolysis (GO:0051045),1/6,0.0287528043275101,0.1976181115754265,0,0,41.454166666666666,147.12166553326742,TIMP4
GO_Biological_Process_2023,Regulation Of Glial Cell Differentiation (GO:0045685),1/6,0.0287528043275101,0.1976181115754265,0,0,41.454166666666666,147.12166553326742,TNFRSF21
GO_Biological_Process_2023,Angiotensin-Activated Signaling Pathway (GO:0038166),1/6,0.0287528043275101,0.1976181115754265,0,0,41.454166666666666,147.12166553326742,CAV1
GO_Biological_Process_2023,Bleb Assembly (GO:0032060),1/6,0.0287528043275101,0.1976181115754265,0,0,41.454166666666666,147.12166553326742,EMP2
GO_Biological_Process_2023,Protein Localization To Basolateral Plasma Membrane (GO:1903361),1/6,0.0287528043275101,0.1976181115754265,0,0,41.454166666666666,147.12166553326742,CAV1
GO_Biological_Process_2023,Cellular Response To Laminar Fluid Shear Stress (GO:0071499),1/6,0.0287528043275101,0.1976181115754265,0,0,41.454166666666666,147.12166553326742,KLF2
GO_Biological_Process_2023,Regulation Of Transforming Growth Factor Beta2 Production (GO:0032909),1/6,0.0287528043275101,0.1976181115754265,0,0,41.454166666666666,147.12166553326742,CDH3
GO_Biological_Process_2023,Positive Regulation Of ER-associated Ubiquitin-Dependent Protein Catabolic Process (GO:1903071),1/6,0.0287528043275101,0.1976181115754265,0,0,41.454166666666666,147.12166553326742,CAV1
GO_Biological_Process_2023,Negative Regulation Of Blood Vessel Endothelial Cell Proliferation Involved In Sprouting Angiogenesis (GO:1903588),1/6,0.0287528043275101,0.1976181115754265,0,0,41.454166666666666,147.12166553326742,NGFR
GO_Biological_Process_2023,Regulation Of Cell Adhesion Molecule Production (GO:0060353),1/6,0.0287528043275101,0.1976181115754265,0,0,41.454166666666666,147.12166553326742,CAV1
GO_Biological_Process_2023,Protein Localization To Plasma Membrane (GO:0072659),3/137,0.0290716409922685,0.1976181115754265,0,0,4.708399491902191,16.6582802828451,RAB40A;EMP2;EFR3B
GO_Biological_Process_2023,Negative Regulation Of Wnt Signaling Pathway (GO:0030178),3/140,0.0307205092405754,0.1976181115754265,0,0,4.6045969871098,16.037004553076397,GREM1;CAV1;TPBG
GO_Biological_Process_2023,Heart Morphogenesis (GO:0003007),2/59,0.033306894189603,0.1976181115754265,0,0,7.330009233610341,24.936624494912863,CCM2L;EMP2
GO_Biological_Process_2023,Sulfur Amino Acid Transport (GO:0000101),1/7,0.0334647516210734,0.1976181115754265,0,0,34.54340277777778,117.3530097985263,SLC1A1
GO_Biological_Process_2023,Negative Regulation Of Leukocyte Proliferation (GO:0070664),1/7,0.0334647516210734,0.1976181115754265,0,0,34.54340277777778,117.3530097985263,GREM1
GO_Biological_Process_2023,Negative Regulation Of Lipid Kinase Activity (GO:0090219),1/7,0.0334647516210734,0.1976181115754265,0,0,34.54340277777778,117.3530097985263,PPP2R5A
GO_Biological_Process_2023,Positive Regulation Of Melanin Biosynthetic Process (GO:0048023),1/7,0.0334647516210734,0.1976181115754265,0,0,34.54340277777778,117.3530097985263,CDH3
GO_Biological_Process_2023,Tooth Mineralization (GO:0034505),1/7,0.0334647516210734,0.1976181115754265,0,0,34.54340277777778,117.3530097985263,COL1A1
GO_Biological_Process_2023,Glutathione Catabolic Process (GO:0006751),1/7,0.0334647516210734,0.1976181115754265,0,0,34.54340277777778,117.3530097985263,GGT5
GO_Biological_Process_2023,Negative Regulation Of Nitric Oxide Biosynthetic Process (GO:0045019),1/7,0.0334647516210734,0.1976181115754265,0,0,34.54340277777778,117.3530097985263,CAV1
GO_Biological_Process_2023,Negative Regulation Of Nitric Oxide Metabolic Process (GO:1904406),1/7,0.0334647516210734,0.1976181115754265,0,0,34.54340277777778,117.3530097985263,CAV1
GO_Biological_Process_2023,Negative Regulation Of Osteoblast Proliferation (GO:0033689),1/7,0.0334647516210734,0.1976181115754265,0,0,34.54340277777778,117.3530097985263,GREM1
GO_Biological_Process_2023,Positive Regulation Of Secondary Metabolite Biosynthetic Process (GO:1900378),1/7,0.0334647516210734,0.1976181115754265,0,0,34.54340277777778,117.3530097985263,CDH3
GO_Biological_Process_2023,Positive Regulation Of Triglyceride Lipase Activity (GO:0061365),1/7,0.0334647516210734,0.1976181115754265,0,0,34.54340277777778,117.3530097985263,GPIHBP1
GO_Biological_Process_2023,Lymphatic Endothelial Cell Differentiation (GO:0060836),1/7,0.0334647516210734,0.1976181115754265,0,0,34.54340277777778,117.3530097985263,TIE1
GO_Biological_Process_2023,Lymphocyte Apoptotic Process (GO:0070227),1/7,0.0334647516210734,0.1976181115754265,0,0,34.54340277777778,117.3530097985263,TNFRSF21
GO_Biological_Process_2023,Positive Regulation Of Cardiac Epithelial To Mesenchymal Transition (GO:0062043),1/7,0.0334647516210734,0.1976181115754265,0,0,34.54340277777778,117.3530097985263,EMP2
GO_Biological_Process_2023,Negative Regulation Of SMAD Protein Signal Transduction (GO:0060392),1/7,0.0334647516210734,0.1976181115754265,0,0,34.54340277777778,117.3530097985263,CILP
GO_Biological_Process_2023,Regulation Of Cardiac Muscle Cell Action Potential Involved In Regulation Of Contraction (GO:0098909),1/7,0.0334647516210734,0.1976181115754265,0,0,34.54340277777778,117.3530097985263,CAV1
GO_Biological_Process_2023,Regulation Of Cold-Induced Thermogenesis (GO:0120161),3/146,0.034163287155476,0.1976181115754265,0,0,4.410058027079304,14.891018191855805,CAV1;DIO2;ADRB2
GO_Biological_Process_2023,Negative Regulation Of Peptidase Activity (GO:0010466),2/60,0.0343485833311685,0.1976181115754265,0,0,7.203266787658802,24.283613400666805,TIMP4;SERPINA5
GO_Biological_Process_2023,Homophilic Cell Adhesion Via Plasma Membrane Adhesion Molecules (GO:0007156),2/60,0.0343485833311685,0.1976181115754265,0,0,7.203266787658802,24.283613400666805,FAT2;NECTIN1
GO_Biological_Process_2023,Protein Glycosylation (GO:0006486),3/147,0.0347558054772033,0.1976181115754265,0,0,4.379210992907802,14.711559319671853,GALNT13;FUT2;FUT3
GO_Biological_Process_2023,Skeletal System Development (GO:0001501),3/149,0.0359568192873789,0.1976181115754265,0,0,4.318784610900612,14.361844087394603,COL1A1;COL1A2;COL10A1
GO_Biological_Process_2023,Fucose Catabolic Process (GO:0019317),1/8,0.0381540749486222,0.1976181115754265,0,0,29.607142857142858,96.7005617556944,FUT2
GO_Biological_Process_2023,L-fucose Catabolic Process (GO:0042355),1/8,0.0381540749486222,0.1976181115754265,0,0,29.607142857142858,96.7005617556944,FUT2
GO_Biological_Process_2023,L-fucose Metabolic Process (GO:0042354),1/8,0.0381540749486222,0.1976181115754265,0,0,29.607142857142858,96.7005617556944,FUT2
GO_Biological_Process_2023,Regulation Of Gap Junction Assembly (GO:1903596),1/8,0.0381540749486222,0.1976181115754265,0,0,29.607142857142858,96.7005617556944,CAV1
GO_Biological_Process_2023,Translational Readthrough (GO:0006451),1/8,0.0381540749486222,0.1976181115754265,0,0,29.607142857142858,96.7005617556944,DIO2
GO_Biological_Process_2023,T Cell Mediated Cytotoxicity (GO:0001913),1/8,0.0381540749486222,0.1976181115754265,0,0,29.607142857142858,96.7005617556944,EMP2
GO_Biological_Process_2023,Negative Regulation Of Systemic Arterial Blood Pressure (GO:0003085),1/8,0.0381540749486222,0.1976181115754265,0,0,29.607142857142858,96.7005617556944,ADRB2
GO_Biological_Process_2023,Anoikis (GO:0043276),1/8,0.0381540749486222,0.1976181115754265,0,0,29.607142857142858,96.7005617556944,DAPK2
GO_Biological_Process_2023,Regulation Of ER-associated Ubiquitin-Dependent Protein Catabolic Process (GO:1903069),1/8,0.0381540749486222,0.1976181115754265,0,0,29.607142857142858,96.7005617556944,CAV1
GO_Biological_Process_2023,Selenocysteine Incorporation (GO:0001514),1/8,0.0381540749486222,0.1976181115754265,0,0,29.607142857142858,96.7005617556944,DIO2
GO_Biological_Process_2023,Semaphorin-Plexin Signaling Pathway Involved In Axon Guidance (GO:1902287),1/8,0.0381540749486222,0.1976181115754265,0,0,29.607142857142858,96.7005617556944,PLXNA4
GO_Biological_Process_2023,Canonical Wnt Signaling Pathway (GO:0060070),2/65,0.0397432960265228,0.1976181115754265,0,0,6.629908103592314,21.383536124858704,CDH3;CAV1
GO_Biological_Process_2023,Positive Regulation Of Signal Transduction (GO:0009967),4/266,0.0405804646732989,0.1976181115754265,0,0,3.224328983009111,10.332260639873317,CDH3;CAV2;EMP2;KLF2
GO_Biological_Process_2023,Negative Regulation Of Endopeptidase Activity (GO:0010951),2/66,0.0408584986100223,0.1976181115754265,0,0,6.525986842105263,20.867759404628664,TIMP4;SERPINA5
GO_Biological_Process_2023,Regulation Of Hair Cycle (GO:0042634),1/9,0.0428208815706443,0.1976181115754265,0,0,25.904947916666668,81.61948121913939,CDH3
GO_Biological_Process_2023,Granulocyte Migration (GO:0097530),1/9,0.0428208815706443,0.1976181115754265,0,0,25.904947916666668,81.61948121913939,EMP2
GO_Biological_Process_2023,Negative Regulation Of Protein Autophosphorylation (GO:0031953),1/9,0.0428208815706443,0.1976181115754265,0,0,25.904947916666668,81.61948121913939,CAV1
GO_Biological_Process_2023,Actin-Mediated Cell Contraction (GO:0070252),1/9,0.0428208815706443,0.1976181115754265,0,0,25.904947916666668,81.61948121913939,EMP2
GO_Biological_Process_2023,Positive Regulation Of Protein Kinase A Signaling (GO:0010739),1/9,0.0428208815706443,0.1976181115754265,0,0,25.904947916666668,81.61948121913939,ADRB2
GO_Biological_Process_2023,Amine Metabolic Process (GO:0009308),1/9,0.0428208815706443,0.1976181115754265,0,0,25.904947916666668,81.61948121913939,SULT1A1
GO_Biological_Process_2023,Negative Regulation Of Transforming Growth Factor Beta Production (GO:0071635),1/9,0.0428208815706443,0.1976181115754265,0,0,25.904947916666668,81.61948121913939,CDH3
GO_Biological_Process_2023,Negative Regulation Of Vascular Endothelial Growth Factor Signaling Pathway (GO:1900747),1/9,0.0428208815706443,0.1976181115754265,0,0,25.904947916666668,81.61948121913939,SEMA6A
GO_Biological_Process_2023,Aspartate Transmembrane Transport (GO:0015810),1/9,0.0428208815706443,0.1976181115754265,0,0,25.904947916666668,81.61948121913939,SLC1A1
GO_Biological_Process_2023,Leukotriene D4 Biosynthetic Process (GO:1901750),1/9,0.0428208815706443,0.1976181115754265,0,0,25.904947916666668,81.61948121913939,GGT5
GO_Biological_Process_2023,Biomineral Tissue Development (GO:0031214),1/9,0.0428208815706443,0.1976181115754265,0,0,25.904947916666668,81.61948121913939,COL1A1
GO_Biological_Process_2023,Primary Alcohol Catabolic Process (GO:0034310),1/9,0.0428208815706443,0.1976181115754265,0,0,25.904947916666668,81.61948121913939,SULT1A1
GO_Biological_Process_2023,Regulation Of Postsynaptic Neurotransmitter Receptor Activity (GO:0098962),1/9,0.0428208815706443,0.1976181115754265,0,0,25.904947916666668,81.61948121913939,NPTX2
GO_Biological_Process_2023,Calcium Ion Transport Into Cytosol (GO:0060402),1/9,0.0428208815706443,0.1976181115754265,0,0,25.904947916666668,81.61948121913939,JPH1
GO_Biological_Process_2023,Protein O-linked Glycosylation Via Serine (GO:0018242),1/9,0.0428208815706443,0.1976181115754265,0,0,25.904947916666668,81.61948121913939,GALNT13
GO_Biological_Process_2023,Protein O-linked Glycosylation Via Threonine (GO:0018243),1/9,0.0428208815706443,0.1976181115754265,0,0,25.904947916666668,81.61948121913939,GALNT13
GO_Biological_Process_2023,Ornithine Metabolic Process (GO:0006591),1/9,0.0428208815706443,0.1976181115754265,0,0,25.904947916666668,81.61948121913939,ALDH18A1
GO_Biological_Process_2023,Response To Laminar Fluid Shear Stress (GO:0034616),1/9,0.0428208815706443,0.1976181115754265,0,0,25.904947916666668,81.61948121913939,KLF2
GO_Biological_Process_2023,Sequestering Of Extracellular Ligand From Receptor (GO:0035581),1/9,0.0428208815706443,0.1976181115754265,0,0,25.904947916666668,81.61948121913939,GREM1
GO_Biological_Process_2023,Positive Regulation Of Cell Migration (GO:0030335),4/272,0.0434429644458978,0.1976181115754265,0,0,3.151179585941261,9.883064587528043,COL1A1;SEMA6A;MMP7;CAV1
GO_Biological_Process_2023,Regulation Of Endopeptidase Activity (GO:0052548),2/69,0.0442741196517162,0.1976181115754265,0,0,6.232835820895523,19.42996178051616,TIMP4;SERPINA5
GO_Biological_Process_2023,Negative Regulation Of Cell Migration (GO:0030336),3/163,0.0449543364654625,0.1976181115754265,0,0,3.938098404255319,12.216406760060694,NGFR;COL3A1;SCAI
GO_Biological_Process_2023,Negative Regulation Of Epithelial Cell Proliferation (GO:0050680),2/70,0.0454355422123544,0.1976181115754265,0,0,6.140866873065016,18.984248062246778,CAV2;CAV1
GO_Biological_Process_2023,Synapse Assembly (GO:0007416),2/71,0.0466081806685386,0.1976181115754265,0,0,6.051563691838291,18.55396842136137,GPM6A;LGI2
GO_Biological_Process_2023,Negative Regulation Of Protein Binding (GO:0032091),2/71,0.0466081806685386,0.1976181115754265,0,0,6.051563691838291,18.55396842136137,CAV1;ADRB2
GO_Biological_Process_2023,Negative Regulation Of Cellular Response To Growth Factor Stimulus (GO:0090288),2/71,0.0466081806685386,0.1976181115754265,0,0,6.051563691838291,18.55396842136137,GREM1;CAPN5
GO_Biological_Process_2023,Thyroid Hormone Generation (GO:0006590),1/10,0.0474652783026245,0.1976181115754265,0,0,23.02546296296296,70.17601174086535,DIO2
GO_Biological_Process_2023,L-serine Metabolic Process (GO:0006563),1/10,0.0474652783026245,0.1976181115754265,0,0,23.02546296296296,70.17601174086535,PSAT1
GO_Biological_Process_2023,Regulation Of Glycoprotein Biosynthetic Process (GO:0010559),1/10,0.0474652783026245,0.1976181115754265,0,0,23.02546296296296,70.17601174086535,NECAB1
GO_Biological_Process_2023,Negative Regulation Of Pathway-Restricted SMAD Protein Phosphorylation (GO:0060394),1/10,0.0474652783026245,0.1976181115754265,0,0,23.02546296296296,70.17601174086535,GREM1
GO_Biological_Process_2023,"Heparan Sulfate Proteoglycan Biosynthetic Process, Enzymatic Modification (GO:0015015)",1/10,0.0474652783026245,0.1976181115754265,0,0,23.02546296296296,70.17601174086535,HS6ST2
GO_Biological_Process_2023,Acidic Amino Acid Transport (GO:0015800),1/10,0.0474652783026245,0.1976181115754265,0,0,23.02546296296296,70.17601174086535,SLC1A1
GO_Biological_Process_2023,Regulation Of Melanin Biosynthetic Process (GO:0048021),1/10,0.0474652783026245,0.1976181115754265,0,0,23.02546296296296,70.17601174086535,CDH3
GO_Biological_Process_2023,Cellular Response To UV-A (GO:0071492),1/10,0.0474652783026245,0.1976181115754265,0,0,23.02546296296296,70.17601174086535,MMP1
GO_Biological_Process_2023,Cellular Response To Increased Oxygen Levels (GO:0036295),1/10,0.0474652783026245,0.1976181115754265,0,0,23.02546296296296,70.17601174086535,CAV1
GO_Biological_Process_2023,Negative Regulation Of B Cell Proliferation (GO:0030889),1/10,0.0474652783026245,0.1976181115754265,0,0,23.02546296296296,70.17601174086535,TNFRSF21
GO_Biological_Process_2023,Regulation Of Amyloid Precursor Protein Biosynthetic Process (GO:0042984),1/10,0.0474652783026245,0.1976181115754265,0,0,23.02546296296296,70.17601174086535,NECAB1
GO_Biological_Process_2023,Serine Family Amino Acid Biosynthetic Process (GO:0009070),1/10,0.0474652783026245,0.1976181115754265,0,0,23.02546296296296,70.17601174086535,PSAT1
GO_Biological_Process_2023,Transforming Growth Factor Beta Receptor Signaling Pathway (GO:0007179),2/72,0.0477919014258775,0.1976181115754265,0,0,5.964812030075188,18.138391415080964,COL3A1;COL1A2
GO_Biological_Process_2023,Cholesterol Homeostasis (GO:0042632),2/72,0.0477919014258775,0.1976181115754265,0,0,5.964812030075188,18.138391415080964,CAV1;GPIHBP1
GO_Biological_Process_2023,Negative Regulation Of Cell Adhesion (GO:0007162),2/72,0.0477919014258775,0.1976181115754265,0,0,5.964812030075188,18.138391415080964,SEMA6A;PLXNA4
GO_Biological_Process_2023,Sterol Homeostasis (GO:0055092),2/73,0.0489865718967377,0.1976181115754265,0,0,5.880504077094144,17.736829682647873,CAV1;GPIHBP1
GO_Biological_Process_2023,Regulation Of Rho Protein Signal Transduction (GO:0035023),2/73,0.0489865718967377,0.1976181115754265,0,0,5.880504077094144,17.736829682647873,COL3A1;SCAI
GO_Biological_Process_2023,Cell-Cell Adhesion Via Plasma-Membrane Adhesion Molecules (GO:0098742),3/172,0.0512742794679949,0.1976181115754265,0,0,3.726677577741408,11.07034180761897,CDH3;FAT2;NECTIN1
GO_Biological_Process_2023,Regulation Of BMP Signaling Pathway (GO:0030510),2/75,0.0514082366028715,0.1976181115754265,0,0,5.718817591925018,16.973203984060188,GREM1;CAPN5
GO_Biological_Process_2023,Positive Regulation Of Keratinocyte Proliferation (GO:0010838),1/11,0.0520873715006026,0.1976181115754265,0,0,20.721875,61.22967487540231,CDH3
GO_Biological_Process_2023,Negative Regulation Of Leukocyte Chemotaxis (GO:0002689),1/11,0.0520873715006026,0.1976181115754265,0,0,20.721875,61.22967487540231,GREM1
GO_Biological_Process_2023,Regulation Of Fatty Acid Metabolic Process (GO:0019217),1/11,0.0520873715006026,0.1976181115754265,0,0,20.721875,61.22967487540231,CAV1
GO_Biological_Process_2023,Glutamine Family Amino Acid Biosynthetic Process (GO:0009084),1/11,0.0520873715006026,0.1976181115754265,0,0,20.721875,61.22967487540231,ALDH18A1
GO_Biological_Process_2023,Negative Regulation Of Potassium Ion Transmembrane Transport (GO:1901380),1/11,0.0520873715006026,0.1976181115754265,0,0,20.721875,61.22967487540231,CAV1
GO_Biological_Process_2023,Regulation Of Lipid Kinase Activity (GO:0043550),1/11,0.0520873715006026,0.1976181115754265,0,0,20.721875,61.22967487540231,PPP2R5A
GO_Biological_Process_2023,Negative Regulation Of Voltage-Gated Potassium Channel Activity (GO:1903817),1/11,0.0520873715006026,0.1976181115754265,0,0,20.721875,61.22967487540231,CAV1
GO_Biological_Process_2023,Regulation Of Muscle System Process (GO:0090257),1/11,0.0520873715006026,0.1976181115754265,0,0,20.721875,61.22967487540231,TNNC1
GO_Biological_Process_2023,Leukotriene D4 Metabolic Process (GO:1901748),1/11,0.0520873715006026,0.1976181115754265,0,0,20.721875,61.22967487540231,GGT5
GO_Biological_Process_2023,Phospholipid Efflux (GO:0033700),1/11,0.0520873715006026,0.1976181115754265,0,0,20.721875,61.22967487540231,ABCA12
GO_Biological_Process_2023,Cellular Response To Fluid Shear Stress (GO:0071498),1/11,0.0520873715006026,0.1976181115754265,0,0,20.721875,61.22967487540231,KLF2
GO_Biological_Process_2023,Regulation Of Stress-Activated Protein Kinase Signaling Cascade (GO:0070302),1/11,0.0520873715006026,0.1976181115754265,0,0,20.721875,61.22967487540231,GREM1
GO_Biological_Process_2023,Regulation Of Ventricular Cardiac Muscle Cell Action Potential (GO:0098911),1/11,0.0520873715006026,0.1976181115754265,0,0,20.721875,61.22967487540231,CAV1
GO_Biological_Process_2023,Desensitization Of G Protein-Coupled Receptor Signaling Pathway (GO:0002029),1/11,0.0520873715006026,0.1976181115754265,0,0,20.721875,61.22967487540231,ADRB2
GO_Biological_Process_2023,Detection Of Light Stimulus Involved In Sensory Perception (GO:0050962),1/11,0.0520873715006026,0.1976181115754265,0,0,20.721875,61.22967487540231,RGS9BP
GO_Biological_Process_2023,Detection Of Light Stimulus Involved In Visual Perception (GO:0050908),1/11,0.0520873715006026,0.1976181115754265,0,0,20.721875,61.22967487540231,RGS9BP
GO_Biological_Process_2023,Digestive System Development (GO:0055123),1/11,0.0520873715006026,0.1976181115754265,0,0,20.721875,61.22967487540231,CLMP
GO_Biological_Process_2023,Negative Regulation Of Bone Remodeling (GO:0046851),1/11,0.0520873715006026,0.1976181115754265,0,0,20.721875,61.22967487540231,GREM1
GO_Biological_Process_2023,Positive Regulation Of Circadian Rhythm (GO:0042753),1/11,0.0520873715006026,0.1976181115754265,0,0,20.721875,61.22967487540231,BMAL2
GO_Biological_Process_2023,Regulation Of Cell Communication By Electrical Coupling Involved In Cardiac Conduction (GO:1901844),1/11,0.0520873715006026,0.1976181115754265,0,0,20.721875,61.22967487540231,CAV1
GO_Biological_Process_2023,Skeletal Muscle Fiber Development (GO:0048741),1/11,0.0520873715006026,0.1976181115754265,0,0,20.721875,61.22967487540231,CAV2
GO_Biological_Process_2023,Negative Regulation Of Cellular Response To Vascular Endothelial Growth Factor Stimulus (GO:1902548),1/11,0.0520873715006026,0.1976181115754265,0,0,20.721875,61.22967487540231,SEMA6A
GO_Biological_Process_2023,Regulation Of Immune Response (GO:0050776),2/77,0.0538721339827061,0.1976181115754265,0,0,5.565754385964913,16.258358506196522,COL3A1;N4BP1
GO_Biological_Process_2023,Chloride Transport (GO:0006821),2/77,0.0538721339827061,0.1976181115754265,0,0,5.565754385964913,16.258358506196522,SLC1A1;NMUR1
GO_Biological_Process_2023,Negative Regulation Of Blood Vessel Morphogenesis (GO:2000181),2/77,0.0538721339827061,0.1976181115754265,0,0,5.565754385964913,16.258358506196522,SEMA6A;ISM1
GO_Biological_Process_2023,Cellular Response To UV (GO:0034644),2/79,0.0563772389523419,0.1976181115754265,0,0,5.420642515379358,15.58808620991152,MMP1;N4BP1
GO_Biological_Process_2023,C4-dicarboxylate Transport (GO:0015740),1/12,0.0566872670654609,0.1976181115754265,0,0,18.83712121212121,54.06641192516822,SLC1A1
GO_Biological_Process_2023,DNA Conformation Change (GO:0071103),1/12,0.0566872670654609,0.1976181115754265,0,0,18.83712121212121,54.06641192516822,HMGB3
GO_Biological_Process_2023,Positive Regulation Of Integrin-Mediated Signaling Pathway (GO:2001046),1/12,0.0566872670654609,0.1976181115754265,0,0,18.83712121212121,54.06641192516822,EMP2
GO_Biological_Process_2023,Negative Regulation Of Mononuclear Cell Migration (GO:0071676),1/12,0.0566872670654609,0.1976181115754265,0,0,18.83712121212121,54.06641192516822,GREM1
GO_Biological_Process_2023,Triglyceride Catabolic Process (GO:0019433),1/12,0.0566872670654609,0.1976181115754265,0,0,18.83712121212121,54.06641192516822,GPIHBP1
GO_Biological_Process_2023,Positive Regulation Of Neuron Migration (GO:2001224),1/12,0.0566872670654609,0.1976181115754265,0,0,18.83712121212121,54.06641192516822,SEMA6A
GO_Biological_Process_2023,Negative Regulation Of Potassium Ion Transport (GO:0043267),1/12,0.0566872670654609,0.1976181115754265,0,0,18.83712121212121,54.06641192516822,CAV1
GO_Biological_Process_2023,Regulation Of Interleukin-5 Production (GO:0032674),1/12,0.0566872670654609,0.1976181115754265,0,0,18.83712121212121,54.06641192516822,TNFRSF21
GO_Biological_Process_2023,Positive Regulation Of Vasoconstriction (GO:0045907),1/12,0.0566872670654609,0.1976181115754265,0,0,18.83712121212121,54.06641192516822,CAV1
GO_Biological_Process_2023,Regulation Of Retinoic Acid Receptor Signaling Pathway (GO:0048385),1/12,0.0566872670654609,0.1976181115754265,0,0,18.83712121212121,54.06641192516822,KLF2
GO_Biological_Process_2023,Regulation Of Transcription From RNA Polymerase II Promoter In Response To Stress (GO:0043618),1/12,0.0566872670654609,0.1976181115754265,0,0,18.83712121212121,54.06641192516822,KLF2
GO_Biological_Process_2023,Positive Regulation Of ERAD Pathway (GO:1904294),1/12,0.0566872670654609,0.1976181115754265,0,0,18.83712121212121,54.06641192516822,CAV1
GO_Biological_Process_2023,Semaphorin-Plexin Signaling Pathway Involved In Neuron Projection Guidance (GO:1902285),1/12,0.0566872670654609,0.1976181115754265,0,0,18.83712121212121,54.06641192516822,PLXNA4
GO_Biological_Process_2023,Regulation Of Cell Communication By Electrical Coupling (GO:0010649),1/12,0.0566872670654609,0.1976181115754265,0,0,18.83712121212121,54.06641192516822,CAV1
GO_Biological_Process_2023,Activation Of Protein Kinase Activity (GO:0032147),2/81,0.0589225419426296,0.1987759985947196,0,0,5.282878081279147,14.958635941061782,EMP2;ADRB2
GO_Biological_Process_2023,Heparan Sulfate Proteoglycan Metabolic Process (GO:0030201),1/13,0.0612650704056327,0.1987759985947196,0,0,17.266493055555557,48.2174659702364,HS6ST2
GO_Biological_Process_2023,Inhibitory Synapse Assembly (GO:1904862),1/13,0.0612650704056327,0.1987759985947196,0,0,17.266493055555557,48.2174659702364,LGI2
GO_Biological_Process_2023,Cardiocyte Differentiation (GO:0035051),1/13,0.0612650704056327,0.1987759985947196,0,0,17.266493055555557,48.2174659702364,GREM1
GO_Biological_Process_2023,Membrane Depolarization (GO:0051899),1/13,0.0612650704056327,0.1987759985947196,0,0,17.266493055555557,48.2174659702364,CAV1
GO_Biological_Process_2023,Membrane Protein Intracellular Domain Proteolysis (GO:0031293),1/13,0.0612650704056327,0.1987759985947196,0,0,17.266493055555557,48.2174659702364,MMP7
GO_Biological_Process_2023,Purine Ribonucleoside Bisphosphate Metabolic Process (GO:0034035),1/13,0.0612650704056327,0.1987759985947196,0,0,17.266493055555557,48.2174659702364,SULT1A1
GO_Biological_Process_2023,Regulation Of Vasculogenesis (GO:2001212),1/13,0.0612650704056327,0.1987759985947196,0,0,17.266493055555557,48.2174659702364,EMP2
GO_Biological_Process_2023,Response To UV-A (GO:0070141),1/13,0.0612650704056327,0.1987759985947196,0,0,17.266493055555557,48.2174659702364,MMP1
GO_Biological_Process_2023,Response To Progesterone (GO:0032570),1/13,0.0612650704056327,0.1987759985947196,0,0,17.266493055555557,48.2174659702364,CAV1
GO_Biological_Process_2023,Negative Regulation Of Bone Mineralization (GO:0030502),1/13,0.0612650704056327,0.1987759985947196,0,0,17.266493055555557,48.2174659702364,GREM1
GO_Biological_Process_2023,Regulation Of cAMP-dependent Protein Kinase Activity (GO:2000479),1/13,0.0612650704056327,0.1987759985947196,0,0,17.266493055555557,48.2174659702364,ADRB2
GO_Biological_Process_2023,Negative Regulation Of Cartilage Development (GO:0061037),1/13,0.0612650704056327,0.1987759985947196,0,0,17.266493055555557,48.2174659702364,GREM1
GO_Biological_Process_2023,Regulation Of Cell Projection Organization (GO:0031344),1/13,0.0612650704056327,0.1987759985947196,0,0,17.266493055555557,48.2174659702364,PROM2
GO_Biological_Process_2023,Endothelial Cell Differentiation (GO:0045446),1/13,0.0612650704056327,0.1987759985947196,0,0,17.266493055555557,48.2174659702364,TIE1
GO_Biological_Process_2023,Sodium-Independent Organic Anion Transport (GO:0043252),1/13,0.0612650704056327,0.1987759985947196,0,0,17.266493055555557,48.2174659702364,SLCO1A2
GO_Biological_Process_2023,Regulation Of Epithelial To Mesenchymal Transition (GO:0010717),2/83,0.0615070487019517,0.1987759985947196,0,0,5.151916829109812,14.366653289501572,GREM1;COL1A1
GO_Biological_Process_2023,Epidermis Development (GO:0008544),2/85,0.0641297801213414,0.2014761280940633,0,0,5.027266962587191,13.809130331295664,COL17A1;COL7A1
GO_Biological_Process_2023,Regulation Of Kinase Activity (GO:0043549),2/85,0.0641297801213414,0.2014761280940633,0,0,5.027266962587191,13.809130331295664,TIE1;EMP2
GO_Biological_Process_2023,Integrin-Mediated Signaling Pathway (GO:0007229),2/85,0.0641297801213414,0.2014761280940633,0,0,5.027266962587191,13.809130331295664,COL3A1;DST
GO_Biological_Process_2023,Ethanol Metabolic Process (GO:0006067),1/14,0.0658208864689768,0.2014761280940633,0,0,15.9375,43.36303795043664,SULT1A1
GO_Biological_Process_2023,L-glutamate Transmembrane Transport (GO:0015813),1/14,0.0658208864689768,0.2014761280940633,0,0,15.9375,43.36303795043664,SLC1A1
GO_Biological_Process_2023,Negative Regulation Of Receptor Signaling Pathway Via STAT (GO:1904893),1/14,0.0658208864689768,0.2014761280940633,0,0,15.9375,43.36303795043664,CAV1
GO_Biological_Process_2023,Bone Morphogenesis (GO:0060349),1/14,0.0658208864689768,0.2014761280940633,0,0,15.9375,43.36303795043664,MMP13
GO_Biological_Process_2023,"Maturation Of LSU-rRNA From Tricistronic rRNA Transcript (SSU-rRNA, 5.8S rRNA, LSU-rRNA) (GO:0000463)",1/14,0.0658208864689768,0.2014761280940633,0,0,15.9375,43.36303795043664,URB1
GO_Biological_Process_2023,Membrane Raft Organization (GO:0031579),1/14,0.0658208864689768,0.2014761280940633,0,0,15.9375,43.36303795043664,EMP2
GO_Biological_Process_2023,Myotube Cell Development (GO:0014904),1/14,0.0658208864689768,0.2014761280940633,0,0,15.9375,43.36303795043664,CAV2
GO_Biological_Process_2023,Regulation Of Bone Remodeling (GO:0046850),1/14,0.0658208864689768,0.2014761280940633,0,0,15.9375,43.36303795043664,GREM1
GO_Biological_Process_2023,Negative Regulation Of Chondrocyte Differentiation (GO:0032331),1/14,0.0658208864689768,0.2014761280940633,0,0,15.9375,43.36303795043664,GREM1
GO_Biological_Process_2023,Smooth Muscle Contraction (GO:0006939),1/14,0.0658208864689768,0.2014761280940633,0,0,15.9375,43.36303795043664,NMUR1
GO_Biological_Process_2023,Positive Regulation Of Cellular Process (GO:0048522),6/594,0.0689471636358116,0.2077536440280859,0,0,2.165844359721911,5.79236623639855,GREM1;CDH3;CAV1;RTKN2;EMP2;KRT6A
GO_Biological_Process_2023,3'-Phosphoadenosine 5'-Phosphosulfate Metabolic Process (GO:0050427),1/15,0.070354819690786,0.2077536440280859,0,0,14.798363095238097,39.27787433724205,SULT1A1
GO_Biological_Process_2023,Regulation Of Clathrin-Dependent Endocytosis (GO:2000369),1/15,0.070354819690786,0.2077536440280859,0,0,14.798363095238097,39.27787433724205,PROM2
GO_Biological_Process_2023,L-glutamate Import (GO:0051938),1/15,0.070354819690786,0.2077536440280859,0,0,14.798363095238097,39.27787433724205,SLC1A1
GO_Biological_Process_2023,Regulation Of Interleukin-13 Production (GO:0032656),1/15,0.070354819690786,0.2077536440280859,0,0,14.798363095238097,39.27787433724205,TNFRSF21
GO_Biological_Process_2023,Regulation Of Lipoprotein Lipase Activity (GO:0051004),1/15,0.070354819690786,0.2077536440280859,0,0,14.798363095238097,39.27787433724205,GPIHBP1
GO_Biological_Process_2023,Adenylate Cyclase-Activating Adrenergic Receptor Signaling Pathway (GO:0071880),1/15,0.070354819690786,0.2077536440280859,0,0,14.798363095238097,39.27787433724205,ADRB2
GO_Biological_Process_2023,Retrograde Axonal Transport (GO:0008090),1/15,0.070354819690786,0.2077536440280859,0,0,14.798363095238097,39.27787433724205,DST
GO_Biological_Process_2023,Negative Regulation Of Cation Transmembrane Transport (GO:1904063),1/15,0.070354819690786,0.2077536440280859,0,0,14.798363095238097,39.27787433724205,CAV1
GO_Biological_Process_2023,Regulation Of Epithelial Cell Proliferation (GO:0050678),2/91,0.0722177537900098,0.2124217523588961,0,0,4.686930810171496,12.31757928250425,TIE1;FUT2
GO_Biological_Process_2023,Sulfation (GO:0051923),1/16,0.0748669740700115,0.2130674258772308,0,0,13.811111111111112,35.79898585826624,SULT1A1
GO_Biological_Process_2023,Negative Regulation Of Interleukin-10 Production (GO:0032693),1/16,0.0748669740700115,0.2130674258772308,0,0,13.811111111111112,35.79898585826624,TNFRSF21
GO_Biological_Process_2023,Negative Regulation Of Receptor Signaling Pathway Via JAK-STAT (GO:0046426),1/16,0.0748669740700115,0.2130674258772308,0,0,13.811111111111112,35.79898585826624,CAV1
GO_Biological_Process_2023,Regulation Of Osteoblast Proliferation (GO:0033688),1/16,0.0748669740700115,0.2130674258772308,0,0,13.811111111111112,35.79898585826624,GREM1
GO_Biological_Process_2023,Regulation Of Protein Kinase A Signaling (GO:0010738),1/16,0.0748669740700115,0.2130674258772308,0,0,13.811111111111112,35.79898585826624,ADRB2
GO_Biological_Process_2023,Maturation Of 5.8S rRNA (GO:0000460),1/16,0.0748669740700115,0.2130674258772308,0,0,13.811111111111112,35.79898585826624,URB1
GO_Biological_Process_2023,Negative Regulation Of Anoikis (GO:2000811),1/16,0.0748669740700115,0.2130674258772308,0,0,13.811111111111112,35.79898585826624,CAV1
GO_Biological_Process_2023,Regulation Of Blood Vessel Endothelial Cell Proliferation Involved In Sprouting Angiogenesis (GO:1903587),1/16,0.0748669740700115,0.2130674258772308,0,0,13.811111111111112,35.79898585826624,NGFR
GO_Biological_Process_2023,Protein O-linked Glycosylation (GO:0006493),2/93,0.0749838882569271,0.2130674258772308,0,0,4.583458646616541,11.873367175727138,GALNT13;FUT3
GO_Biological_Process_2023,Vesicle Organization (GO:0016050),2/94,0.0763795925242254,0.2157262171717238,0,0,4.533409610983981,11.660109641099526,CAV2;CAV1
GO_Biological_Process_2023,T Cell Receptor Signaling Pathway (GO:0050852),2/95,0.0777835718667187,0.2157262171717238,0,0,4.484436898698359,11.452467191164525,BTNL9;TNFRSF21
GO_Biological_Process_2023,Cell Junction Assembly (GO:0034329),2/95,0.0777835718667187,0.2157262171717238,0,0,4.484436898698359,11.452467191164525,GPM6A;CDH3
GO_Biological_Process_2023,Regulation Of Angiogenesis (GO:0045765),3/205,0.077844754239419,0.2157262171717238,0,0,3.112650094796713,7.946716356685205,SEMA6A;EMP2;ISM1
GO_Biological_Process_2023,Cellular Response To Transforming Growth Factor Beta Stimulus (GO:0071560),2/96,0.0791957151834087,0.2157262171717238,0,0,4.436506159014558,11.250239090274126,COL3A1;COL1A2
GO_Biological_Process_2023,Transepithelial Transport (GO:0070633),1/17,0.0793574530631706,0.2157262171717238,0,0,12.947265625,32.80568984423409,SLC1A1
GO_Biological_Process_2023,Positive Regulation Of Transcription From RNA Polymerase II Promoter In Response To Stress (GO:0036003),1/17,0.0793574530631706,0.2157262171717238,0,0,12.947265625,32.80568984423409,KLF2
GO_Biological_Process_2023,Cell Migration Involved In Sprouting Angiogenesis (GO:0002042),1/17,0.0793574530631706,0.2157262171717238,0,0,12.947265625,32.80568984423409,GREM1
GO_Biological_Process_2023,Membrane Lipid Metabolic Process (GO:0006643),1/17,0.0793574530631706,0.2157262171717238,0,0,12.947265625,32.80568984423409,FUT2
GO_Biological_Process_2023,Positive Regulation By Host Of Viral Process (GO:0044794),1/17,0.0793574530631706,0.2157262171717238,0,0,12.947265625,32.80568984423409,CAV2
GO_Biological_Process_2023,Negative Regulation Of Rho Protein Signal Transduction (GO:0035024),1/17,0.0793574530631706,0.2157262171717238,0,0,12.947265625,32.80568984423409,SCAI
GO_Biological_Process_2023,Detection Of Visible Light (GO:0009584),1/17,0.0793574530631706,0.2157262171717238,0,0,12.947265625,32.80568984423409,RGS9BP
GO_Biological_Process_2023,Regulation Of Epithelial Cell Differentiation (GO:0030856),1/18,0.083826359716664,0.2230432822143039,0,0,12.185049019607844,30.20683114705019,CAV1
GO_Biological_Process_2023,Positive Regulation Of Neutrophil Chemotaxis (GO:0090023),1/18,0.083826359716664,0.2230432822143039,0,0,12.185049019607844,30.20683114705019,DAPK2
GO_Biological_Process_2023,Adrenergic Receptor Signaling Pathway (GO:0071875),1/18,0.083826359716664,0.2230432822143039,0,0,12.185049019607844,30.20683114705019,ADRB2
GO_Biological_Process_2023,Regulation Of Nervous System Process (GO:0031644),1/18,0.083826359716664,0.2230432822143039,0,0,12.185049019607844,30.20683114705019,NPTX2
GO_Biological_Process_2023,Regulation Of Oligodendrocyte Differentiation (GO:0048713),1/18,0.083826359716664,0.2230432822143039,0,0,12.185049019607844,30.20683114705019,TNFRSF21
GO_Biological_Process_2023,Myoblast Fusion (GO:0007520),1/18,0.083826359716664,0.2230432822143039,0,0,12.185049019607844,30.20683114705019,PTGFRN
GO_Biological_Process_2023,Regulation Of GTPase Activity (GO:0043087),3/214,0.0859607629322104,0.2268606443627968,0,0,2.978521730362005,7.308888235669232,CAV2;PLXNA4;PROM2
GO_Biological_Process_2023,Visual Perception (GO:0007601),2/101,0.086375062477848,0.2268606443627968,0,0,4.211376927166401,10.313899083811242,COL1A1;RGS9BP
GO_Biological_Process_2023,Regulation Of Integrin-Mediated Signaling Pathway (GO:2001044),1/19,0.0882737965448864,0.2268606443627968,0,0,11.507523148148149,27.93234868581689,EMP2
GO_Biological_Process_2023,Inositol Phosphate-Mediated Signaling (GO:0048016),1/19,0.0882737965448864,0.2268606443627968,0,0,11.507523148148149,27.93234868581689,NMUR1
GO_Biological_Process_2023,Regulation Of Nuclear Division (GO:0051783),1/19,0.0882737965448864,0.2268606443627968,0,0,11.507523148148149,27.93234868581689,CAV2
GO_Biological_Process_2023,Leukotriene Biosynthetic Process (GO:0019370),1/19,0.0882737965448864,0.2268606443627968,0,0,11.507523148148149,27.93234868581689,GGT5
GO_Biological_Process_2023,Mesoderm Development (GO:0007498),1/19,0.0882737965448864,0.2268606443627968,0,0,11.507523148148149,27.93234868581689,TIE1
GO_Biological_Process_2023,Regulation Of Vascular Endothelial Growth Factor Signaling Pathway (GO:1900746),1/19,0.0882737965448864,0.2268606443627968,0,0,11.507523148148149,27.93234868581689,SEMA6A
GO_Biological_Process_2023,Negative Regulation Of Axon Extension Involved In Axon Guidance (GO:0048843),1/19,0.0882737965448864,0.2268606443627968,0,0,11.507523148148149,27.93234868581689,SEMA6A
GO_Biological_Process_2023,Skeletal Muscle Contraction (GO:0003009),1/19,0.0882737965448864,0.2268606443627968,0,0,11.507523148148149,27.93234868581689,TNNC1
GO_Biological_Process_2023,Negative Regulation Of MAPK Cascade (GO:0043409),2/105,0.0922544728259519,0.2281143751402819,0,0,4.047010730710271,9.644854230784016,SEMA6A;CAV1
GO_Biological_Process_2023,Positive Regulation Of Cell Motility (GO:2000147),3/221,0.0925127077554761,0.2281143751402819,0,0,2.881856334179192,6.859997511821996,COL1A1;MMP7;CAV1
GO_Biological_Process_2023,Striated Muscle Cell Differentiation (GO:0051146),1/20,0.0926998655948555,0.2281143751402819,0,0,10.901315789473683,25.92756145195716,GREM1
GO_Biological_Process_2023,Glutamate Metabolic Process (GO:0006536),1/20,0.0926998655948555,0.2281143751402819,0,0,10.901315789473683,25.92756145195716,ALDH18A1
GO_Biological_Process_2023,T Cell Mediated Immunity (GO:0002456),1/20,0.0926998655948555,0.2281143751402819,0,0,10.901315789473683,25.92756145195716,EMP2
GO_Biological_Process_2023,Negative Regulation Of Protein Localization To Cell Periphery (GO:1904376),1/20,0.0926998655948555,0.2281143751402819,0,0,10.901315789473683,25.92756145195716,PPP2R5A
GO_Biological_Process_2023,Negative Regulation Of Protein Localization To Plasma Membrane (GO:1903077),1/20,0.0926998655948555,0.2281143751402819,0,0,10.901315789473683,25.92756145195716,PPP2R5A
GO_Biological_Process_2023,Activation Of Adenylate Cyclase Activity (GO:0007190),1/20,0.0926998655948555,0.2281143751402819,0,0,10.901315789473683,25.92756145195716,ADRB2
GO_Biological_Process_2023,Ameboidal-Type Cell Migration (GO:0001667),1/20,0.0926998655948555,0.2281143751402819,0,0,10.901315789473683,25.92756145195716,FAT2
GO_Biological_Process_2023,Maturation Of LSU-rRNA (GO:0000470),1/20,0.0926998655948555,0.2281143751402819,0,0,10.901315789473683,25.92756145195716,URB1
GO_Biological_Process_2023,Regulation Of Smooth Muscle Contraction (GO:0006940),1/20,0.0926998655948555,0.2281143751402819,0,0,10.901315789473683,25.92756145195716,CAV1
GO_Biological_Process_2023,Negative Regulation Of B Cell Activation (GO:0050869),1/20,0.0926998655948555,0.2281143751402819,0,0,10.901315789473683,25.92756145195716,TNFRSF21
GO_Biological_Process_2023,Response To Ketone (GO:1901654),1/20,0.0926998655948555,0.2281143751402819,0,0,10.901315789473683,25.92756145195716,CAV1
GO_Biological_Process_2023,Lipid Transport (GO:0006869),2/108,0.0967389407862835,0.2328656540039343,0,0,3.931876861966237,9.183839154828071,SLCO1A2;ABCA12
GO_Biological_Process_2023,Response To Tumor Necrosis Factor (GO:0034612),2/108,0.0967389407862835,0.2328656540039343,0,0,3.931876861966237,9.183839154828071,AFF3;TNFRSF21
GO_Biological_Process_2023,Positive Regulation Of Granulocyte Chemotaxis (GO:0071624),1/21,0.0971046684691041,0.2328656540039343,0,0,10.355729166666666,24.149206518519108,DAPK2
GO_Biological_Process_2023,Regulation Of Membrane Protein Ectodomain Proteolysis (GO:0051043),1/21,0.0971046684691041,0.2328656540039343,0,0,10.355729166666666,24.149206518519108,TIMP4
GO_Biological_Process_2023,"Maturation Of 5.8S rRNA From Tricistronic rRNA Transcript (SSU-rRNA, 5.8S rRNA, LSU-rRNA) (GO:0000466)",1/21,0.0971046684691041,0.2328656540039343,0,0,10.355729166666666,24.149206518519108,URB1
GO_Biological_Process_2023,Regulation Of Transferase Activity (GO:0051338),1/21,0.0971046684691041,0.2328656540039343,0,0,10.355729166666666,24.149206518519108,EMP2
GO_Biological_Process_2023,Regulation Of Anoikis (GO:2000209),1/21,0.0971046684691041,0.2328656540039343,0,0,10.355729166666666,24.149206518519108,CAV1
GO_Biological_Process_2023,Negative Regulation Of Biomineral Tissue Development (GO:0070168),1/21,0.0971046684691041,0.2328656540039343,0,0,10.355729166666666,24.149206518519108,GREM1
GO_Biological_Process_2023,Cytoskeleton Organization (GO:0007010),2/111,0.1012845776547498,0.2373313496560477,0,0,3.8230806373732498,8.754170800663301,SEMA6A;DST
GO_Biological_Process_2023,Positive Regulation Of Protein Autophosphorylation (GO:0031954),1/22,0.1014883062274201,0.2373313496560477,0,0,9.862103174603174,22.56263499711162,GREM1
GO_Biological_Process_2023,Positive Regulation Of Receptor Internalization (GO:0002092),1/22,0.1014883062274201,0.2373313496560477,0,0,9.862103174603174,22.56263499711162,GREM1
GO_Biological_Process_2023,Oxoacid Metabolic Process (GO:0043436),1/22,0.1014883062274201,0.2373313496560477,0,0,9.862103174603174,22.56263499711162,SULT1A1
GO_Biological_Process_2023,Mammary Gland Development (GO:0030879),1/22,0.1014883062274201,0.2373313496560477,0,0,9.862103174603174,22.56263499711162,CAV1
GO_Biological_Process_2023,Membrane Protein Ectodomain Proteolysis (GO:0006509),1/22,0.1014883062274201,0.2373313496560477,0,0,9.862103174603174,22.56263499711162,MMP7
GO_Biological_Process_2023,Modulation By Host Of Viral Process (GO:0044788),1/22,0.1014883062274201,0.2373313496560477,0,0,9.862103174603174,22.56263499711162,CAV2
GO_Biological_Process_2023,Positive Regulation Of Cholesterol Efflux (GO:0010875),1/22,0.1014883062274201,0.2373313496560477,0,0,9.862103174603174,22.56263499711162,CAV1
GO_Biological_Process_2023,Negative Regulation Of Intracellular Signal Transduction (GO:1902532),3/231,0.1022203637176886,0.2383032008650759,0,0,2.7540593505039195,6.280974864198998,CILP;CAV1;RTKN2
GO_Biological_Process_2023,Calcium Ion Transport (GO:0006816),2/112,0.1028129203844349,0.238944842745307,0,0,3.788133971291866,8.61741477973654,CAV1;NMUR1
GO_Biological_Process_2023,Regulation Of Protein Ubiquitination (GO:0031396),2/113,0.1043476657249081,0.2400774466425024,0,0,3.7538169748696064,8.483727773995065,CAV1;N4BP1
GO_Biological_Process_2023,Positive Regulation Of Cellular Component Organization (GO:0051130),2/113,0.1043476657249081,0.2400774466425024,0,0,3.7538169748696064,8.483727773995065,MMP1;PROM2
GO_Biological_Process_2023,Regulation Of Extracellular Matrix Organization (GO:1903053),1/23,0.1058508795289652,0.2400774466425024,0,0,9.413352272727272,21.139790857950924,TIE1
GO_Biological_Process_2023,Positive Regulation Of Neutrophil Migration (GO:1902624),1/23,0.1058508795289652,0.2400774466425024,0,0,9.413352272727272,21.139790857950924,DAPK2
GO_Biological_Process_2023,Heparan Sulfate Proteoglycan Biosynthetic Process (GO:0015012),1/23,0.1058508795289652,0.2400774466425024,0,0,9.413352272727272,21.139790857950924,HS6ST2
GO_Biological_Process_2023,Bile Acid And Bile Salt Transport (GO:0015721),1/23,0.1058508795289652,0.2400774466425024,0,0,9.413352272727272,21.139790857950924,SLCO1A2
GO_Biological_Process_2023,Protein Localization To Cell Junction (GO:1902414),1/23,0.1058508795289652,0.2400774466425024,0,0,9.413352272727272,21.139790857950924,NECTIN1
GO_Biological_Process_2023,Regulation Of Axon Extension Involved In Axon Guidance (GO:0048841),1/23,0.1058508795289652,0.2400774466425024,0,0,9.413352272727272,21.139790857950924,SEMA6A
GO_Biological_Process_2023,Negative Regulation Of Ossification (GO:0030279),1/24,0.1101924885374388,0.2447638462203287,0,0,9.003623188405797,19.85772995832064,GREM1
GO_Biological_Process_2023,Acylglycerol Catabolic Process (GO:0046464),1/24,0.1101924885374388,0.2447638462203287,0,0,9.003623188405797,19.85772995832064,GPIHBP1
GO_Biological_Process_2023,Acylglycerol Homeostasis (GO:0055090),1/24,0.1101924885374388,0.2447638462203287,0,0,9.003623188405797,19.85772995832064,GPIHBP1
GO_Biological_Process_2023,Regulation Of Ruffle Assembly (GO:1900027),1/24,0.1101924885374388,0.2447638462203287,0,0,9.003623188405797,19.85772995832064,CAV1
GO_Biological_Process_2023,Regulation Of Ryanodine-Sensitive Calcium-Release Channel Activity (GO:0060314),1/24,0.1101924885374388,0.2447638462203287,0,0,9.003623188405797,19.85772995832064,JPH1
GO_Biological_Process_2023,Dicarboxylic Acid Transport (GO:0006835),1/24,0.1101924885374388,0.2447638462203287,0,0,9.003623188405797,19.85772995832064,SLC1A1
GO_Biological_Process_2023,Early Endosome To Late Endosome Transport (GO:0045022),1/24,0.1101924885374388,0.2447638462203287,0,0,9.003623188405797,19.85772995832064,EMP2
GO_Biological_Process_2023,Positive Regulation Of Cell Projection Organization (GO:0031346),2/118,0.1121140836977381,0.2470729638438523,0,0,3.5911070780399275,7.858198125381751,PLXNA4;PROM2
GO_Biological_Process_2023,Regulation Of Chondrocyte Differentiation (GO:0032330),1/25,0.1145132329103644,0.2470729638438523,0,0,8.628038194444445,18.6975186528054,GREM1
GO_Biological_Process_2023,Sterol Transport (GO:0015918),1/25,0.1145132329103644,0.2470729638438523,0,0,8.628038194444445,18.6975186528054,CAV1
GO_Biological_Process_2023,Ventricular Cardiac Muscle Tissue Development (GO:0003229),1/25,0.1145132329103644,0.2470729638438523,0,0,8.628038194444445,18.6975186528054,TNNC1
GO_Biological_Process_2023,Negative Regulation Of Protein Localization To Membrane (GO:1905476),1/25,0.1145132329103644,0.2470729638438523,0,0,8.628038194444445,18.6975186528054,PPP2R5A
GO_Biological_Process_2023,Vesicle-Mediated Transport Between Endosomal Compartments (GO:0098927),1/25,0.1145132329103644,0.2470729638438523,0,0,8.628038194444445,18.6975186528054,EMP2
GO_Biological_Process_2023,Regulation Of Keratinocyte Proliferation (GO:0010837),1/25,0.1145132329103644,0.2470729638438523,0,0,8.628038194444445,18.6975186528054,CDH3
GO_Biological_Process_2023,Regulation Of Monocyte Chemotaxis (GO:0090025),1/25,0.1145132329103644,0.2470729638438523,0,0,8.628038194444445,18.6975186528054,GREM1
GO_Biological_Process_2023,Regulation Of Myelination (GO:0031641),1/25,0.1145132329103644,0.2470729638438523,0,0,8.628038194444445,18.6975186528054,TNFRSF21
GO_Biological_Process_2023,Regulation Of Neutrophil Chemotaxis (GO:0090022),1/25,0.1145132329103644,0.2470729638438523,0,0,8.628038194444445,18.6975186528054,DAPK2
GO_Biological_Process_2023,Negative Regulation Of Lipid Metabolic Process (GO:0045833),1/26,0.1188132118767595,0.25040536868587,0,0,8.2825,17.64340359069681,PPP2R5A
GO_Biological_Process_2023,Positive Regulation Of Monooxygenase Activity (GO:0032770),1/26,0.1188132118767595,0.25040536868587,0,0,8.2825,17.64340359069681,CDH3
GO_Biological_Process_2023,Organelle Membrane Fusion (GO:0090174),1/26,0.1188132118767595,0.25040536868587,0,0,8.2825,17.64340359069681,CAV2
GO_Biological_Process_2023,Cell-Cell Adhesion Mediated By Cadherin (GO:0044331),1/26,0.1188132118767595,0.25040536868587,0,0,8.2825,17.64340359069681,CDH3
GO_Biological_Process_2023,Regulation Of Vasoconstriction (GO:0019229),1/26,0.1188132118767595,0.25040536868587,0,0,8.2825,17.64340359069681,CAV1
GO_Biological_Process_2023,Positive Regulation Of Adenylate Cyclase Activity (GO:0045762),1/26,0.1188132118767595,0.25040536868587,0,0,8.2825,17.64340359069681,ADRB2
GO_Biological_Process_2023,Negative Regulation Of Catalytic Activity (GO:0043086),1/26,0.1188132118767595,0.25040536868587,0,0,8.2825,17.64340359069681,SERPINA5
GO_Biological_Process_2023,Regulation Of Cardiac Muscle Cell Contraction (GO:0086004),1/26,0.1188132118767595,0.25040536868587,0,0,8.2825,17.64340359069681,CAV1
GO_Biological_Process_2023,Positive Regulation Of Multicellular Organismal Process (GO:0051240),4/387,0.11905062681214,0.25040536868587,0,0,2.1920884920969144,4.665216848005248,COL1A1;CAV1;DIO2;ADRB2
GO_Biological_Process_2023,Regulation Of Cell Motility (GO:2000145),2/123,0.1200264270106035,0.2511888095471052,0,0,3.441844280121792,7.296859027411271,PLXNA4;FUT3
GO_Biological_Process_2023,Positive Regulation Of Nitric Oxide Biosynthetic Process (GO:0045429),1/27,0.1230925242003742,0.2511888095471052,0,0,7.963541666666667,16.68217820842729,KLF2
GO_Biological_Process_2023,Activation Of Phospholipase C Activity (GO:0007202),1/27,0.1230925242003742,0.2511888095471052,0,0,7.963541666666667,16.68217820842729,NMUR1
GO_Biological_Process_2023,Amino Acid Import Across Plasma Membrane (GO:0089718),1/27,0.1230925242003742,0.2511888095471052,0,0,7.963541666666667,16.68217820842729,SLC1A1
GO_Biological_Process_2023,Regulation Of Peptidase Activity (GO:0052547),1/27,0.1230925242003742,0.2511888095471052,0,0,7.963541666666667,16.68217820842729,CAV1
GO_Biological_Process_2023,Cardiac Muscle Cell Differentiation (GO:0055007),1/27,0.1230925242003742,0.2511888095471052,0,0,7.963541666666667,16.68217820842729,GREM1
GO_Biological_Process_2023,Peptide Cross-Linking (GO:0018149),1/27,0.1230925242003742,0.2511888095471052,0,0,7.963541666666667,16.68217820842729,COL3A1
GO_Biological_Process_2023,Cellular Response To Acid Chemical (GO:0071229),1/27,0.1230925242003742,0.2511888095471052,0,0,7.963541666666667,16.68217820842729,KLF2
GO_Biological_Process_2023,Regulation Of SMAD Protein Signal Transduction (GO:0060390),1/27,0.1230925242003742,0.2511888095471052,0,0,7.963541666666667,16.68217820842729,CILP
GO_Biological_Process_2023,Dorsal/Ventral Pattern Formation (GO:0009953),1/27,0.1230925242003742,0.2511888095471052,0,0,7.963541666666667,16.68217820842729,GREM1
GO_Biological_Process_2023,Positive Regulation Of Filopodium Assembly (GO:0051491),1/27,0.1230925242003742,0.2511888095471052,0,0,7.963541666666667,16.68217820842729,GPM6A
GO_Biological_Process_2023,Regulation Of Response To External Stimulus (GO:0032101),2/127,0.1264537565516486,0.256405093403645,0,0,3.331031578947369,6.888168913048758,CAV1;N4BP1
GO_Biological_Process_2023,Fatty Acid Derivative Biosynthetic Process (GO:1901570),1/28,0.1273512681712659,0.256405093403645,0,0,7.66820987654321,15.802693838803137,GGT5
GO_Biological_Process_2023,Positive Regulation Of Nitric Oxide Metabolic Process (GO:1904407),1/28,0.1273512681712659,0.256405093403645,0,0,7.66820987654321,15.802693838803137,KLF2
GO_Biological_Process_2023,Limb Development (GO:0060173),1/28,0.1273512681712659,0.256405093403645,0,0,7.66820987654321,15.802693838803137,GREM1
GO_Biological_Process_2023,Regulation Of Cardiac Muscle Cell Action Potential (GO:0098901),1/28,0.1273512681712659,0.256405093403645,0,0,7.66820987654321,15.802693838803137,CAV1
GO_Biological_Process_2023,Transmembrane Receptor Protein Serine/Threonine Kinase Signaling Pathway (GO:0007178),2/130,0.1313274255014719,0.2600706688513922,0,0,3.252467105263158,6.602708715043774,COL3A1;COL1A2
GO_Biological_Process_2023,JNK Cascade (GO:0007254),1/29,0.1315895416100669,0.2600706688513922,0,0,7.393973214285714,14.995478504149393,MAP4K2
GO_Biological_Process_2023,Maintenance Of Blood-Brain Barrier (GO:0035633),1/29,0.1315895416100669,0.2600706688513922,0,0,7.393973214285714,14.995478504149393,SLC1A1
GO_Biological_Process_2023,Morphogenesis Of An Epithelium (GO:0002009),1/29,0.1315895416100669,0.2600706688513922,0,0,7.393973214285714,14.995478504149393,KRT6A
GO_Biological_Process_2023,Response To Steroid Hormone (GO:0048545),1/29,0.1315895416100669,0.2600706688513922,0,0,7.393973214285714,14.995478504149393,CAV1
GO_Biological_Process_2023,Regulation Of Blood Coagulation (GO:0030193),1/29,0.1315895416100669,0.2600706688513922,0,0,7.393973214285714,14.995478504149393,CAV1
GO_Biological_Process_2023,Positive Regulation Of Dephosphorylation (GO:0035306),1/29,0.1315895416100669,0.2600706688513922,0,0,7.393973214285714,14.995478504149393,PPP2R5A
GO_Biological_Process_2023,DNA Geometric Change (GO:0032392),1/30,0.135807441882233,0.2648839563172165,0,0,7.1386494252873565,14.2524368267114,HMGB3
GO_Biological_Process_2023,Negative Regulation Of Peptidyl-Tyrosine Phosphorylation (GO:0050732),1/30,0.135807441882233,0.2648839563172165,0,0,7.1386494252873565,14.2524368267114,CAV1
GO_Biological_Process_2023,Regulation Of Vasculature Development (GO:1901342),1/30,0.135807441882233,0.2648839563172165,0,0,7.1386494252873565,14.2524368267114,EMP2
GO_Biological_Process_2023,Positive Regulation Of JUN Kinase Activity (GO:0043507),1/30,0.135807441882233,0.2648839563172165,0,0,7.1386494252873565,14.2524368267114,MAP4K2
GO_Biological_Process_2023,Negative Regulation Of Axon Extension (GO:0030517),1/30,0.135807441882233,0.2648839563172165,0,0,7.1386494252873565,14.2524368267114,SEMA6A
GO_Biological_Process_2023,Negative Regulation Of Cell Motility (GO:2000146),2/133,0.1362441230483967,0.2648839563172165,0,0,3.1775010044194456,6.333734930935417,NGFR;SCAI
GO_Biological_Process_2023,Antigen Receptor-Mediated Signaling Pathway (GO:0050851),2/134,0.137892196706886,0.2648839563172165,0,0,3.153269537480064,6.247519588828227,BTNL9;TNFRSF21
GO_Biological_Process_2023,Triglyceride Homeostasis (GO:0070328),1/31,0.1400050658887811,0.2648839563172165,0,0,6.900347222222222,13.566611703053766,GPIHBP1
GO_Biological_Process_2023,Glutamine Family Amino Acid Metabolic Process (GO:0009064),1/31,0.1400050658887811,0.2648839563172165,0,0,6.900347222222222,13.566611703053766,ALDH18A1
GO_Biological_Process_2023,Cardiac Muscle Tissue Morphogenesis (GO:0055008),1/31,0.1400050658887811,0.2648839563172165,0,0,6.900347222222222,13.566611703053766,TNNC1
GO_Biological_Process_2023,Regulation Of Response To Biotic Stimulus (GO:0002831),1/31,0.1400050658887811,0.2648839563172165,0,0,6.900347222222222,13.566611703053766,N4BP1
GO_Biological_Process_2023,Positive Regulation Of Rho Protein Signal Transduction (GO:0035025),1/31,0.1400050658887811,0.2648839563172165,0,0,6.900347222222222,13.566611703053766,COL3A1
GO_Biological_Process_2023,Negative Chemotaxis (GO:0050919),1/31,0.1400050658887811,0.2648839563172165,0,0,6.900347222222222,13.566611703053766,SEMA6A
GO_Biological_Process_2023,Positive Regulation Of Cholesterol Transport (GO:0032376),1/31,0.1400050658887811,0.2648839563172165,0,0,6.900347222222222,13.566611703053766,CAV1
GO_Biological_Process_2023,Endodermal Cell Differentiation (GO:0035987),1/31,0.1400050658887811,0.2648839563172165,0,0,6.900347222222222,13.566611703053766,COL7A1
GO_Biological_Process_2023,Negative Regulation Of Chemotaxis (GO:0050922),1/31,0.1400050658887811,0.2648839563172165,0,0,6.900347222222222,13.566611703053766,SEMA6A
GO_Biological_Process_2023,Positive Regulation Of Extrinsic Apoptotic Signaling Pathway (GO:2001238),1/31,0.1400050658887811,0.2648839563172165,0,0,6.900347222222222,13.566611703053766,CAV1
GO_Biological_Process_2023,Regulation Of Cholesterol Efflux (GO:0010874),1/32,0.1441825101101792,0.2685094291280672,0,0,6.67741935483871,12.931993470125525,CAV1
GO_Biological_Process_2023,Negative Regulation Of Osteoblast Differentiation (GO:0045668),1/32,0.1441825101101792,0.2685094291280672,0,0,6.67741935483871,12.931993470125525,GREM1
GO_Biological_Process_2023,Negative Regulation Of Proteasomal Ubiquitin-Dependent Protein Catabolic Process (GO:0032435),1/32,0.1441825101101792,0.2685094291280672,0,0,6.67741935483871,12.931993470125525,N4BP1
GO_Biological_Process_2023,Amide Transport (GO:0042886),1/32,0.1441825101101792,0.2685094291280672,0,0,6.67741935483871,12.931993470125525,SLC1A1
GO_Biological_Process_2023,Mesenchymal Cell Migration (GO:0090497),1/32,0.1441825101101792,0.2685094291280672,0,0,6.67741935483871,12.931993470125525,SEMA6A
GO_Biological_Process_2023,Regulation Of Calcium Ion Transmembrane Transporter Activity (GO:1901019),1/32,0.1441825101101792,0.2685094291280672,0,0,6.67741935483871,12.931993470125525,JPH1
GO_Biological_Process_2023,Organelle Organization (GO:0006996),4/418,0.1454971614655081,0.2685094291280672,0,0,2.02472598826035,3.902859185639235,SEMA6A;DST;CAV2;CAV1
GO_Biological_Process_2023,Intracellular Calcium Ion Homeostasis (GO:0006874),2/139,0.1461977288430672,0.2685094291280672,0,0,3.037418363426815,5.840333651201423,CAV2;CAV1
GO_Biological_Process_2023,Positive Regulation Of Ion Transmembrane Transporter Activity (GO:0032414),1/33,0.1483398705408711,0.2685094291280672,0,0,6.468424479166667,12.34336593719902,ADRB2
GO_Biological_Process_2023,Glycolipid Metabolic Process (GO:0006664),1/33,0.1483398705408711,0.2685094291280672,0,0,6.468424479166667,12.34336593719902,FUT2
GO_Biological_Process_2023,Positive Regulation Of Nitrogen Compound Metabolic Process (GO:0051173),1/33,0.1483398705408711,0.2685094291280672,0,0,6.468424479166667,12.34336593719902,KLF2
GO_Biological_Process_2023,Vasculogenesis (GO:0001570),1/33,0.1483398705408711,0.2685094291280672,0,0,6.468424479166667,12.34336593719902,CAV1
GO_Biological_Process_2023,Ventricular Cardiac Muscle Tissue Morphogenesis (GO:0055010),1/33,0.1483398705408711,0.2685094291280672,0,0,6.468424479166667,12.34336593719902,TNNC1
GO_Biological_Process_2023,Positive Regulation Of Protein Dephosphorylation (GO:0035307),1/33,0.1483398705408711,0.2685094291280672,0,0,6.468424479166667,12.34336593719902,PPP2R5A
GO_Biological_Process_2023,Positive Regulation Of Telomerase Activity (GO:0051973),1/33,0.1483398705408711,0.2685094291280672,0,0,6.468424479166667,12.34336593719902,GREM1
GO_Biological_Process_2023,Regulation Of Potassium Ion Transmembrane Transport (GO:1901379),1/33,0.1483398705408711,0.2685094291280672,0,0,6.468424479166667,12.34336593719902,CAV1
GO_Biological_Process_2023,Cardiac Muscle Contraction (GO:0060048),1/33,0.1483398705408711,0.2685094291280672,0,0,6.468424479166667,12.34336593719902,TNNC1
GO_Biological_Process_2023,Signal Transduction By P53 Class Mediator (GO:0072331),1/33,0.1483398705408711,0.2685094291280672,0,0,6.468424479166667,12.34336593719902,GREM1
GO_Biological_Process_2023,Membrane Protein Proteolysis (GO:0033619),1/34,0.1524772427346566,0.2727205790479725,0,0,6.272095959595959,11.796181266076252,MMP7
GO_Biological_Process_2023,Cellular Response To Vascular Endothelial Growth Factor Stimulus (GO:0035924),1/34,0.1524772427346566,0.2727205790479725,0,0,6.272095959595959,11.796181266076252,SEMA6A
GO_Biological_Process_2023,Response To Estrogen (GO:0043627),1/34,0.1524772427346566,0.2727205790479725,0,0,6.272095959595959,11.796181266076252,CAV1
GO_Biological_Process_2023,Negative Regulation Of Ras Protein Signal Transduction (GO:0046580),1/34,0.1524772427346566,0.2727205790479725,0,0,6.272095959595959,11.796181266076252,SCAI
GO_Biological_Process_2023,Embryonic Skeletal System Development (GO:0048706),1/34,0.1524772427346566,0.2727205790479725,0,0,6.272095959595959,11.796181266076252,COL1A1
GO_Biological_Process_2023,Positive Regulation Of Transferase Activity (GO:0051347),2/143,0.1529156198425307,0.2728565444109612,0,0,2.950653228816723,5.540940269516882,GREM1;TIE1
GO_Biological_Process_2023,Ras Protein Signal Transduction (GO:0007265),2/144,0.1546046538166159,0.2745691139714901,0,0,2.929725722757598,5.469458196250635,NGFR;COL1A2
GO_Biological_Process_2023,Regulation Of Cell Adhesion (GO:0030155),2/144,0.1546046538166159,0.2745691139714901,0,0,2.929725722757598,5.469458196250635,FUT2;PLXNA4
GO_Biological_Process_2023,Positive Regulation Of Protein Kinase Activity (GO:0045860),2/145,0.1562973616005646,0.2748620640645038,0,0,2.909090909090909,5.399257955059939,EMP2;ADRB2
GO_Biological_Process_2023,Adherens Junction Organization (GO:0034332),1/35,0.1565947217578647,0.2748620640645038,0,0,6.087316176470588,11.28645762392911,CDH3
GO_Biological_Process_2023,Neutral Amino Acid Transport (GO:0015804),1/35,0.1565947217578647,0.2748620640645038,0,0,6.087316176470588,11.28645762392911,SLC1A1
GO_Biological_Process_2023,Endoderm Formation (GO:0001706),1/35,0.1565947217578647,0.2748620640645038,0,0,6.087316176470588,11.28645762392911,COL7A1
GO_Biological_Process_2023,Skeletal Muscle Organ Development (GO:0060538),1/35,0.1565947217578647,0.2748620640645038,0,0,6.087316176470588,11.28645762392911,CAV1
GO_Biological_Process_2023,Transmembrane Receptor Protein Tyrosine Kinase Signaling Pathway (GO:0007169),3/284,0.159620229359727,0.2781640895342369,0,0,2.228590898765806,4.089370367748881,CAV2;TIE1;ADRB2
GO_Biological_Process_2023,Positive Regulation Of Phospholipase C Activity (GO:0010863),1/36,0.1606924023205751,0.2781640895342369,0,0,5.913095238095238,10.810694930482056,NMUR1
GO_Biological_Process_2023,Neural Crest Cell Migration (GO:0001755),1/36,0.1606924023205751,0.2781640895342369,0,0,5.913095238095238,10.810694930482056,SEMA6A
GO_Biological_Process_2023,Blood Vessel Diameter Maintenance (GO:0097746),1/36,0.1606924023205751,0.2781640895342369,0,0,5.913095238095238,10.810694930482056,KLF2
GO_Biological_Process_2023,Regulation Of Receptor Internalization (GO:0002090),1/36,0.1606924023205751,0.2781640895342369,0,0,5.913095238095238,10.810694930482056,GREM1
GO_Biological_Process_2023,Negative Regulation Of T Cell Proliferation (GO:0042130),1/36,0.1606924023205751,0.2781640895342369,0,0,5.913095238095238,10.810694930482056,TNFRSF21
GO_Biological_Process_2023,Negative Regulation Of Protein Phosphorylation (GO:0001933),2/149,0.1631034558565522,0.2810455429290248,0,0,2.829359112065879,5.130676576918209,GREM1;CAV1
GO_Biological_Process_2023,Axon Guidance (GO:0007411),2/149,0.1631034558565522,0.2810455429290248,0,0,2.829359112065879,5.130676576918209,SEMA6A;PLXNA4
GO_Biological_Process_2023,Aortic Valve Morphogenesis (GO:0003180),1/37,0.1647703785734911,0.2819820342405428,0,0,5.7485532407407405,10.365805111339196,TIE1
GO_Biological_Process_2023,Muscle Tissue Development (GO:0060537),1/37,0.1647703785734911,0.2819820342405428,0,0,5.7485532407407405,10.365805111339196,CAV1
GO_Biological_Process_2023,Regulation Of Cellular Component Biogenesis (GO:0044087),1/37,0.1647703785734911,0.2819820342405428,0,0,5.7485532407407405,10.365805111339196,TIE1
GO_Biological_Process_2023,Positive Regulation Of NF-kappaB Transcription Factor Activity (GO:0051092),2/152,0.1682430259293796,0.285040458493571,0,0,2.7723508771929826,4.941287836628281,CAV1;RTKN2
GO_Biological_Process_2023,Lymphocyte Proliferation (GO:0046651),1/38,0.1688287443401496,0.285040458493571,0,0,5.592905405405405,9.949054015174289,EMP2
GO_Biological_Process_2023,Calcium-Dependent Cell-Cell Adhesion Via Plasma Membrane Cell Adhesion Molecules (GO:0016339),1/38,0.1688287443401496,0.285040458493571,0,0,5.592905405405405,9.949054015174289,CDH3
GO_Biological_Process_2023,Membrane Assembly (GO:0071709),1/38,0.1688287443401496,0.285040458493571,0,0,5.592905405405405,9.949054015174289,EMP2
GO_Biological_Process_2023,Positive Regulation Of Axonogenesis (GO:0050772),1/38,0.1688287443401496,0.285040458493571,0,0,5.592905405405405,9.949054015174289,PLXNA4
GO_Biological_Process_2023,Response To Peptide (GO:1901652),1/38,0.1688287443401496,0.285040458493571,0,0,5.592905405405405,9.949054015174289,MMP13
GO_Biological_Process_2023,Positive Regulation Of Intrinsic Apoptotic Signaling Pathway (GO:2001244),1/39,0.1728675928997474,0.2854589856436619,0,0,5.4454495614035086,9.558012820508768,CAV1
GO_Biological_Process_2023,Negative Regulation Of Lymphocyte Proliferation (GO:0050672),1/39,0.1728675928997474,0.2854589856436619,0,0,5.4454495614035086,9.558012820508768,TNFRSF21
GO_Biological_Process_2023,Negative Regulation Of Proteasomal Protein Catabolic Process (GO:1901799),1/39,0.1728675928997474,0.2854589856436619,0,0,5.4454495614035086,9.558012820508768,N4BP1
GO_Biological_Process_2023,Positive Regulation Of Pattern Recognition Receptor Signaling Pathway (GO:0062208),1/39,0.1728675928997474,0.2854589856436619,0,0,5.4454495614035086,9.558012820508768,CAV1
GO_Biological_Process_2023,Negative Regulation Of Ubiquitin-Dependent Protein Catabolic Process (GO:2000059),1/39,0.1728675928997474,0.2854589856436619,0,0,5.4454495614035086,9.558012820508768,N4BP1
GO_Biological_Process_2023,Axonal Transport (GO:0098930),1/39,0.1728675928997474,0.2854589856436619,0,0,5.4454495614035086,9.558012820508768,DST
GO_Biological_Process_2023,Regulation Of Protein Tyrosine Kinase Activity (GO:0061097),1/39,0.1728675928997474,0.2854589856436619,0,0,5.4454495614035086,9.558012820508768,CAV1
GO_Biological_Process_2023,Regulation Of Receptor-Mediated Endocytosis (GO:0048259),1/39,0.1728675928997474,0.2854589856436619,0,0,5.4454495614035086,9.558012820508768,PROM2
GO_Biological_Process_2023,Retina Homeostasis (GO:0001895),1/39,0.1728675928997474,0.2854589856436619,0,0,5.4454495614035086,9.558012820508768,CDH3
GO_Biological_Process_2023,Digestive Tract Development (GO:0048565),1/39,0.1728675928997474,0.2854589856436619,0,0,5.4454495614035086,9.558012820508768,CLMP
GO_Biological_Process_2023,L-alpha-amino Acid Transmembrane Transport (GO:1902475),1/40,0.1768870171431343,0.2889282514290242,0,0,5.305555555555555,9.190517156845226,SLC1A1
GO_Biological_Process_2023,Aortic Valve Development (GO:0003176),1/40,0.1768870171431343,0.2889282514290242,0,0,5.305555555555555,9.190517156845226,TIE1
GO_Biological_Process_2023,Regulation Of Protein Dephosphorylation (GO:0035304),1/40,0.1768870171431343,0.2889282514290242,0,0,5.305555555555555,9.190517156845226,PPP2R5A
GO_Biological_Process_2023,Positive Regulation Of Catalytic Activity (GO:0043085),1/40,0.1768870171431343,0.2889282514290242,0,0,5.305555555555555,9.190517156845226,CAV1
GO_Biological_Process_2023,Endothelial Cell Migration (GO:0043542),1/40,0.1768870171431343,0.2889282514290242,0,0,5.305555555555555,9.190517156845226,EMP2
GO_Biological_Process_2023,Peptide Biosynthetic Process (GO:0043043),2/158,0.1786039413723773,0.2910427211032158,0,0,2.6649122807017545,4.590536702198579,GGT5;PCSK1
GO_Biological_Process_2023,Stem Cell Differentiation (GO:0048863),1/41,0.1808871095302855,0.2910427211032158,0,0,5.17265625,8.84463257213228,GPM6A
GO_Biological_Process_2023,O-glycan Processing (GO:0016266),1/41,0.1808871095302855,0.2910427211032158,0,0,5.17265625,8.84463257213228,GALNT13
GO_Biological_Process_2023,Regulation Of Heart Rate By Cardiac Conduction (GO:0086091),1/41,0.1808871095302855,0.2910427211032158,0,0,5.17265625,8.84463257213228,CAV1
GO_Biological_Process_2023,Heart Contraction (GO:0060047),1/41,0.1808871095302855,0.2910427211032158,0,0,5.17265625,8.84463257213228,TNNC1
GO_Biological_Process_2023,Negative Regulation Of Proteolysis (GO:0045861),1/41,0.1808871095302855,0.2910427211032158,0,0,5.17265625,8.84463257213228,TIMP4
GO_Biological_Process_2023,Acylglycerol Metabolic Process (GO:0006639),1/41,0.1808871095302855,0.2910427211032158,0,0,5.17265625,8.84463257213228,CAV1
GO_Biological_Process_2023,Stress-Activated MAPK Cascade (GO:0051403),1/42,0.1848679620598933,0.2918355879058694,0,0,5.046239837398374,8.51862522697593,MAP4K2
GO_Biological_Process_2023,DNA Recombination (GO:0006310),1/42,0.1848679620598933,0.2918355879058694,0,0,5.046239837398374,8.51862522697593,HMGB3
GO_Biological_Process_2023,Amino Acid Transmembrane Transport (GO:0003333),1/42,0.1848679620598933,0.2918355879058694,0,0,5.046239837398374,8.51862522697593,SFXN1
GO_Biological_Process_2023,Regulation Of Neurotransmitter Receptor Activity (GO:0099601),1/42,0.1848679620598933,0.2918355879058694,0,0,5.046239837398374,8.51862522697593,NPTX2
GO_Biological_Process_2023,Branching Morphogenesis Of An Epithelial Tube (GO:0048754),1/42,0.1848679620598933,0.2918355879058694,0,0,5.046239837398374,8.51862522697593,TIE1
GO_Biological_Process_2023,Organic Hydroxy Compound Biosynthetic Process (GO:1901617),1/42,0.1848679620598933,0.2918355879058694,0,0,5.046239837398374,8.51862522697593,PSAT1
GO_Biological_Process_2023,Cardiac Ventricle Morphogenesis (GO:0003208),1/42,0.1848679620598933,0.2918355879058694,0,0,5.046239837398374,8.51862522697593,TNNC1
GO_Biological_Process_2023,Positive Regulation Of Calcium Ion Transmembrane Transport (GO:1904427),1/42,0.1848679620598933,0.2918355879058694,0,0,5.046239837398374,8.51862522697593,CAV1
GO_Biological_Process_2023,Regulation Of Axonogenesis (GO:0050770),1/42,0.1848679620598933,0.2918355879058694,0,0,5.046239837398374,8.51862522697593,PLXNA4
GO_Biological_Process_2023,Positive Regulation Of miRNA Transcription (GO:1902895),1/43,0.1888296663266832,0.2931726572041081,0,0,4.925843253968254,8.210936918629546,NGFR
GO_Biological_Process_2023,Regulation Of Filopodium Assembly (GO:0051489),1/43,0.1888296663266832,0.2931726572041081,0,0,4.925843253968254,8.210936918629546,GPM6A
GO_Biological_Process_2023,Positive Regulation Of Receptor-Mediated Endocytosis (GO:0048260),1/43,0.1888296663266832,0.2931726572041081,0,0,4.925843253968254,8.210936918629546,GREM1
GO_Biological_Process_2023,Intracellular Glucose Homeostasis (GO:0001678),1/43,0.1888296663266832,0.2931726572041081,0,0,4.925843253968254,8.210936918629546,NGFR
GO_Biological_Process_2023,Regulation Of JUN Kinase Activity (GO:0043506),1/43,0.1888296663266832,0.2931726572041081,0,0,4.925843253968254,8.210936918629546,MAP4K2
GO_Biological_Process_2023,Positive Regulation Of Cell-Matrix Adhesion (GO:0001954),1/43,0.1888296663266832,0.2931726572041081,0,0,4.925843253968254,8.210936918629546,EMP2
GO_Biological_Process_2023,Skeletal System Morphogenesis (GO:0048705),1/43,0.1888296663266832,0.2931726572041081,0,0,4.925843253968254,8.210936918629546,MMP13
GO_Biological_Process_2023,Regulation Of Cell-Cell Adhesion (GO:0022407),1/43,0.1888296663266832,0.2931726572041081,0,0,4.925843253968254,8.210936918629546,FUT3
GO_Biological_Process_2023,Negative Regulation Of Immune System Process (GO:0002683),1/44,0.1927723134746481,0.2962399021355307,0,0,4.811046511627907,7.920163715413833,COL3A1
GO_Biological_Process_2023,Neural Crest Cell Development (GO:0014032),1/44,0.1927723134746481,0.2962399021355307,0,0,4.811046511627907,7.920163715413833,SEMA6A
GO_Biological_Process_2023,Bone Development (GO:0060348),1/44,0.1927723134746481,0.2962399021355307,0,0,4.811046511627907,7.920163715413833,MMP13
GO_Biological_Process_2023,Phosphatidylinositol Phosphate Biosynthetic Process (GO:0046854),1/44,0.1927723134746481,0.2962399021355307,0,0,4.811046511627907,7.920163715413833,EFR3B
GO_Biological_Process_2023,Regulation Of B Cell Proliferation (GO:0030888),1/44,0.1927723134746481,0.2962399021355307,0,0,4.811046511627907,7.920163715413833,TNFRSF21
GO_Biological_Process_2023,Regulation Of Cytokine Production (GO:0001817),2/167,0.1943225853276153,0.2975557742506652,0,0,2.518405103668261,4.125741122433644,BTNL9;N4BP1
GO_Biological_Process_2023,Protein Transport (GO:0015031),3/313,0.1944189122593988,0.2975557742506652,0,0,2.017124227865477,3.303525247571934,NGFR;ABCA12;GPIHBP1
GO_Biological_Process_2023,Epidermal Growth Factor Receptor Signaling Pathway (GO:0007173),1/45,0.1966959942368384,0.2980122407652704,0,0,4.701467803030303,7.6450376060783265,FAM83A
GO_Biological_Process_2023,Organic Hydroxy Compound Transport (GO:0015850),1/45,0.1966959942368384,0.2980122407652704,0,0,4.701467803030303,7.6450376060783265,SLCO1A2
GO_Biological_Process_2023,Regulation Of Telomerase Activity (GO:0051972),1/45,0.1966959942368384,0.2980122407652704,0,0,4.701467803030303,7.6450376060783265,GREM1
GO_Biological_Process_2023,Natural Killer Cell Activation (GO:0030101),1/45,0.1966959942368384,0.2980122407652704,0,0,4.701467803030303,7.6450376060783265,EMP2
GO_Biological_Process_2023,Regulation Of Apoptotic Signaling Pathway (GO:2001233),1/45,0.1966959942368384,0.2980122407652704,0,0,4.701467803030303,7.6450376060783265,DAPK2
GO_Biological_Process_2023,Epithelial Cell Migration (GO:0010631),1/46,0.2006007988742528,0.301449096004398,0,0,4.596759259259259,7.384410686337352,FAT2
GO_Biological_Process_2023,Regulation Of Interleukin-10 Production (GO:0032653),1/46,0.2006007988742528,0.301449096004398,0,0,4.596759259259259,7.384410686337352,TNFRSF21
GO_Biological_Process_2023,Cardiac Conduction (GO:0061337),1/46,0.2006007988742528,0.301449096004398,0,0,4.596759259259259,7.384410686337352,CAV1
GO_Biological_Process_2023,Positive Regulation Of Cell-Cell Adhesion (GO:0022409),1/46,0.2006007988742528,0.301449096004398,0,0,4.596759259259259,7.384410686337352,FUT3
GO_Biological_Process_2023,Heart Development (GO:0007507),2/171,0.2013663948077187,0.301449096004398,0,0,2.4582995951417006,3.9397426411885927,COL3A1;CCM2L
GO_Biological_Process_2023,Metal Ion Transport (GO:0030001),2/171,0.2013663948077187,0.301449096004398,0,0,2.4582995951417006,3.9397426411885927,CAV1;NMUR1
GO_Biological_Process_2023,Negative Regulation Of Hydrolase Activity (GO:0051346),1/47,0.2044868172486698,0.303705272955125,0,0,4.496603260869565,7.137241479896378,SERPINA5
GO_Biological_Process_2023,Insulin Receptor Signaling Pathway (GO:0008286),1/47,0.2044868172486698,0.303705272955125,0,0,4.496603260869565,7.137241479896378,CAV2
GO_Biological_Process_2023,Regulation Of Wound Healing (GO:0061041),1/47,0.2044868172486698,0.303705272955125,0,0,4.496603260869565,7.137241479896378,CAV1
GO_Biological_Process_2023,Response To Organonitrogen Compound (GO:0010243),1/47,0.2044868172486698,0.303705272955125,0,0,4.496603260869565,7.137241479896378,GPIHBP1
GO_Biological_Process_2023,Positive Regulation Of Cellular Biosynthetic Process (GO:0031328),2/174,0.2066691562820496,0.3063422729928807,0,0,2.415055079559364,3.8076628846441904,CDH3;KLF2
GO_Biological_Process_2023,Positive Regulation Of Cell Population Proliferation (GO:0008284),4/483,0.2073369485431653,0.3064270831142631,0,0,1.7441354075470852,2.7442401584931964,GREM1;RTKN2;EMP2;KRT6A
GO_Biological_Process_2023,Chloride Transmembrane Transport (GO:1902476),1/48,0.2083541388506012,0.3064270831142631,0,0,4.400709219858156,6.902583070971099,SLC1A1
GO_Biological_Process_2023,Myelination (GO:0042552),1/48,0.2083541388506012,0.3064270831142631,0,0,4.400709219858156,6.902583070971099,TNFRSF21
GO_Biological_Process_2023,Negative Regulation Of ERK1 And ERK2 Cascade (GO:0070373),1/48,0.2083541388506012,0.3064270831142631,0,0,4.400709219858156,6.902583070971099,SEMA6A
GO_Biological_Process_2023,Positive Regulation Of miRNA Metabolic Process (GO:2000630),1/49,0.212202852644482,0.3102694136724175,0,0,4.308810763888889,6.679572779011756,NGFR
GO_Biological_Process_2023,Heterophilic Cell-Cell Adhesion Via Plasma Membrane Cell Adhesion Molecules (GO:0007157),1/49,0.212202852644482,0.3102694136724175,0,0,4.308810763888889,6.679572779011756,NECTIN1
GO_Biological_Process_2023,Negative Regulation Of T Cell Activation (GO:0050868),1/49,0.212202852644482,0.3102694136724175,0,0,4.308810763888889,6.679572779011756,TNFRSF21
GO_Biological_Process_2023,Negative Regulation Of Cytokine Production (GO:0001818),2/178,0.2137630474108049,0.3119449122099536,0,0,2.359688995215311,3.640733787442632,N4BP1;TNFRSF21
GO_Biological_Process_2023,Regulation Of Epithelial Cell Migration (GO:0010632),1/50,0.2160330472811356,0.3128324703897983,0,0,4.220663265306122,6.46742313757927,EMP2
GO_Biological_Process_2023,Positive Regulation Of Transport (GO:0051050),1/50,0.2160330472811356,0.3128324703897983,0,0,4.220663265306122,6.46742313757927,CDH3
GO_Biological_Process_2023,Plasma Membrane Bounded Cell Projection Morphogenesis (GO:0120039),1/50,0.2160330472811356,0.3128324703897983,0,0,4.220663265306122,6.46742313757927,GPM6A
GO_Biological_Process_2023,Dicarboxylic Acid Metabolic Process (GO:0043648),1/50,0.2160330472811356,0.3128324703897983,0,0,4.220663265306122,6.46742313757927,ALDH18A1
GO_Biological_Process_2023,Amide Biosynthetic Process (GO:0043604),1/51,0.2198448109217136,0.3147208034677764,0,0,4.136041666666666,6.265414004399163,PCSK1
GO_Biological_Process_2023,Regulation Of Release Of Sequestered Calcium Ion Into Cytosol (GO:0051279),1/51,0.2198448109217136,0.3147208034677764,0,0,4.136041666666666,6.265414004399163,JPH1
GO_Biological_Process_2023,Regulation Of Stress-Activated MAPK Cascade (GO:0032872),1/51,0.2198448109217136,0.3147208034677764,0,0,4.136041666666666,6.265414004399163,GREM1
GO_Biological_Process_2023,Receptor Internalization (GO:0031623),1/51,0.2198448109217136,0.3147208034677764,0,0,4.136041666666666,6.265414004399163,CAV1
GO_Biological_Process_2023,Positive Regulation Of Ras Protein Signal Transduction (GO:0046579),1/51,0.2198448109217136,0.3147208034677764,0,0,4.136041666666666,6.265414004399163,COL3A1
GO_Biological_Process_2023,Cholesterol Transport (GO:0030301),1/51,0.2198448109217136,0.3147208034677764,0,0,4.136041666666666,6.265414004399163,CAV1
GO_Biological_Process_2023,Negative Regulation Of Gene Expression (GO:0010629),3/336,0.2232427331394908,0.3159466945178135,0,0,1.8755990032585776,2.8124524716610324,CILP;UPK3B;N4BP1
GO_Biological_Process_2023,Sprouting Angiogenesis (GO:0002040),1/52,0.2236382313120778,0.3159466945178135,0,0,4.054738562091504,6.072885630165238,GREM1
GO_Biological_Process_2023,Negative Regulation Of Response To Stimulus (GO:0048585),1/52,0.2236382313120778,0.3159466945178135,0,0,4.054738562091504,6.072885630165238,COL3A1
GO_Biological_Process_2023,Neurotransmitter Transport (GO:0006836),1/52,0.2236382313120778,0.3159466945178135,0,0,4.054738562091504,6.072885630165238,SLC1A1
GO_Biological_Process_2023,Regulation Of Protein Localization To Nucleus (GO:1900180),1/52,0.2236382313120778,0.3159466945178135,0,0,4.054738562091504,6.072885630165238,NGFR
GO_Biological_Process_2023,Cardiac Muscle Tissue Development (GO:0048738),1/52,0.2236382313120778,0.3159466945178135,0,0,4.054738562091504,6.072885630165238,GREM1
GO_Biological_Process_2023,Regulation Of Proteolysis (GO:0030162),1/52,0.2236382313120778,0.3159466945178135,0,0,4.054738562091504,6.072885630165238,CAV1
GO_Biological_Process_2023,Negative Regulation Of Viral Genome Replication (GO:0045071),1/53,0.2274133958593331,0.3194818788844735,0,0,3.9765625,5.889232557967067,N4BP1
GO_Biological_Process_2023,Regulation Of Receptor Signaling Pathway Via JAK-STAT (GO:0046425),1/53,0.2274133958593331,0.3194818788844735,0,0,3.9765625,5.889232557967067,CAV1
GO_Biological_Process_2023,Positive Regulation Of NIK/NF-kappaB Signaling (GO:1901224),1/53,0.2274133958593331,0.3194818788844735,0,0,3.9765625,5.889232557967067,RTKN2
GO_Biological_Process_2023,Negative Regulation Of Macromolecule Metabolic Process (GO:0010605),2/186,0.2280181116547754,0.319734893996361,0,0,2.256178489702517,3.3353768342427834,CILP;UPK3B
GO_Biological_Process_2023,ERBB Signaling Pathway (GO:0038127),1/54,0.2311703914934778,0.3211647689937063,0,0,3.901336477987421,5.713898243899374,FAM83A
GO_Biological_Process_2023,Negative Regulation Of Protein Catabolic Process (GO:0042177),1/54,0.2311703914934778,0.3211647689937063,0,0,3.901336477987421,5.713898243899374,TIMP4
GO_Biological_Process_2023,Regulation Of Lipid Metabolic Process (GO:0019216),1/54,0.2311703914934778,0.3211647689937063,0,0,3.901336477987421,5.713898243899374,CAV1
GO_Biological_Process_2023,Monoatomic Anion Transmembrane Transport (GO:0098656),1/54,0.2311703914934778,0.3211647689937063,0,0,3.901336477987421,5.713898243899374,SLC1A1
GO_Biological_Process_2023,Endoplasmic Reticulum Organization (GO:0007029),1/54,0.2311703914934778,0.3211647689937063,0,0,3.901336477987421,5.713898243899374,CAV2
GO_Biological_Process_2023,Endocytosis (GO:0006897),2/189,0.2333824524117058,0.3236408594217578,0,0,2.2196453701097663,3.22975435891768,CAV1;ADRB2
GO_Biological_Process_2023,Neuron Migration (GO:0001764),1/55,0.2349093047258254,0.3239683268471549,0,0,3.828896604938272,5.546370295347336,GPM6A
GO_Biological_Process_2023,Ceramide Metabolic Process (GO:0006672),1/55,0.2349093047258254,0.3239683268471549,0,0,3.828896604938272,5.546370295347336,FUT3
GO_Biological_Process_2023,Response To Peptide Hormone (GO:0043434),1/55,0.2349093047258254,0.3239683268471549,0,0,3.828896604938272,5.546370295347336,CAV1
GO_Biological_Process_2023,Regulation Of Mitotic Nuclear Division (GO:0007088),1/56,0.2386302217266078,0.3273015609474239,0,0,3.759090909090909,5.3861762490209815,CAV2
GO_Biological_Process_2023,Peptide Metabolic Process (GO:0006518),1/56,0.2386302217266078,0.3273015609474239,0,0,3.759090909090909,5.3861762490209815,PCSK1
GO_Biological_Process_2023,Regulation Of Cation Channel Activity (GO:2001257),1/56,0.2386302217266078,0.3273015609474239,0,0,3.759090909090909,5.3861762490209815,JPH1
GO_Biological_Process_2023,Regulation Of Cell Differentiation (GO:0045595),2/193,0.240547159798044,0.3293309296871404,0,0,2.172719757508956,3.0957761030006834,GREM1;EMP2
GO_Biological_Process_2023,Striated Muscle Contraction (GO:0006941),1/57,0.2423332281570551,0.3305741318881567,0,0,3.691778273809524,5.232879823184958,TNNC1
GO_Biological_Process_2023,Monoatomic Anion Transport (GO:0006820),1/57,0.2423332281570551,0.3305741318881567,0,0,3.691778273809524,5.232879823184958,NMUR1
GO_Biological_Process_2023,Inorganic Anion Transport (GO:0015698),1/58,0.2460184093638313,0.3337871391909278,0,0,3.626827485380117,5.086077574643452,NMUR1
GO_Biological_Process_2023,Response To Organic Cyclic Compound (GO:0014070),1/58,0.2460184093638313,0.3337871391909278,0,0,3.626827485380117,5.086077574643452,SLC1A1
GO_Biological_Process_2023,Regulation Of Bone Mineralization (GO:0030500),1/58,0.2460184093638313,0.3337871391909278,0,0,3.626827485380117,5.086077574643452,GREM1
GO_Biological_Process_2023,Positive Regulation Of Protein Binding (GO:0032092),1/59,0.2496858502762538,0.3363389002826818,0,0,3.5641163793103448,4.945395920018925,CAV1
GO_Biological_Process_2023,Regulation Of miRNA Transcription (GO:1902893),1/59,0.2496858502762538,0.3363389002826818,0,0,3.5641163793103448,4.945395920018925,NGFR
GO_Biological_Process_2023,Phospholipid Transport (GO:0015914),1/59,0.2496858502762538,0.3363389002826818,0,0,3.5641163793103448,4.945395920018925,ABCA12
GO_Biological_Process_2023,Chordate Embryonic Development (GO:0043009),1/59,0.2496858502762538,0.3363389002826818,0,0,3.5641163793103448,4.945395920018925,COL1A1
GO_Biological_Process_2023,Positive Regulation Of Intracellular Signal Transduction (GO:1902533),4/525,0.2507739776352468,0.3372014377845373,0,0,1.600066043382247,2.213216524286671,CAV2;CAV1;RTKN2;ADRB2
GO_Biological_Process_2023,Anterograde Trans-Synaptic Signaling (GO:0098916),2/199,0.2513140928838505,0.3373253332291256,0,0,2.1059043547956184,2.9083629073379407,SLC1A1;NPTX2
GO_Biological_Process_2023,Regulation Of Extrinsic Apoptotic Signaling Pathway (GO:2001236),1/60,0.2533356353700229,0.3394336893836783,0,0,3.503531073446328,4.810488471236988,CAV1
GO_Biological_Process_2023,Negative Regulation Of Intrinsic Apoptotic Signaling Pathway (GO:2001243),1/61,0.2569678488009016,0.3418671204011995,0,0,3.444965277777778,4.681033646074912,RTKN2
GO_Biological_Process_2023,Negative Regulation Of Viral Process (GO:0048525),1/61,0.2569678488009016,0.3418671204011995,0,0,3.444965277777778,4.681033646074912,N4BP1
GO_Biological_Process_2023,Regulation Of Pathway-Restricted SMAD Protein Phosphorylation (GO:0060393),1/61,0.2569678488009016,0.3418671204011995,0,0,3.444965277777778,4.681033646074912,GREM1
GO_Biological_Process_2023,Positive Regulation Of Cell Junction Assembly (GO:1901890),1/61,0.2569678488009016,0.3418671204011995,0,0,3.444965277777778,4.681033646074912,CAV1
GO_Biological_Process_2023,Negative Regulation Of Kinase Activity (GO:0033673),1/62,0.2605825742864853,0.3454554197847244,0,0,3.388319672131148,4.55673252686843,PPP2R5A
GO_Biological_Process_2023,Positive Regulation Of Apoptotic Signaling Pathway (GO:2001235),1/62,0.2605825742864853,0.3454554197847244,0,0,3.388319672131148,4.55673252686843,CAV1
GO_Biological_Process_2023,Protein Modification Process (GO:0036211),5/711,0.2626568760728288,0.3475933702686118,0,0,1.4777835940386748,1.9756588653401828,MAP4K2;COL3A1;DAPK2;PPP2R5A;FUT2
GO_Biological_Process_2023,Inorganic Anion Transmembrane Transport (GO:0098661),1/63,0.2641798951446222,0.3483843450856402,0,0,3.333501344086021,4.437306932962104,SLC1A1
GO_Biological_Process_2023,Regulation Of Cellular Catabolic Process (GO:0031329),1/63,0.2641798951446222,0.3483843450856402,0,0,3.333501344086021,4.437306932962104,DAPK2
GO_Biological_Process_2023,Negative Regulation Of Cell Differentiation (GO:0045596),2/207,0.2656913732808078,0.3497650420986857,0,0,2.0229011553273426,2.681193436154113,GREM1;CAV1
GO_Biological_Process_2023,Protein N-linked Glycosylation (GO:0006487),1/64,0.2677598943261675,0.3512599310585437,0,0,3.2804232804232805,4.322497684537074,FUT3
GO_Biological_Process_2023,Response To Metal Ion (GO:0010038),1/64,0.2677598943261675,0.3512599310585437,0,0,3.2804232804232805,4.322497684537074,CAV1
GO_Biological_Process_2023,Antimicrobial Humoral Immune Response Mediated By Antimicrobial Peptide (GO:0061844),1/65,0.2713226543232256,0.3534705167913303,0,0,3.22900390625,4.2120630375837225,KRT6A
GO_Biological_Process_2023,Cellular Response To Light Stimulus (GO:0071482),1/65,0.2713226543232256,0.3534705167913303,0,0,3.22900390625,4.2120630375837225,N4BP1
GO_Biological_Process_2023,Positive Regulation Of DNA Biosynthetic Process (GO:2000573),1/65,0.2713226543232256,0.3534705167913303,0,0,3.22900390625,4.2120630375837225,GREM1
GO_Biological_Process_2023,Regulation Of Cell-Matrix Adhesion (GO:0001952),1/65,0.2713226543232256,0.3534705167913303,0,0,3.22900390625,4.2120630375837225,EMP2
GO_Biological_Process_2023,Negative Regulation Of Immune Response (GO:0050777),1/66,0.2748682573302712,0.3568548237408522,0,0,3.1791666666666667,4.105777266468508,COL3A1
GO_Biological_Process_2023,Peptidyl-Threonine Modification (GO:0018210),1/66,0.2748682573302712,0.3568548237408522,0,0,3.1791666666666667,4.105777266468508,GALNT13
GO_Biological_Process_2023,Activation Of Cysteine-Type Endopeptidase Activity Involved In Apoptotic Process (GO:0006919),1/67,0.278396785071784,0.3595759505301086,0,0,3.130839646464646,4.003429384755102,NGFR
GO_Biological_Process_2023,Regulation Of Viral Genome Replication (GO:0045069),1/67,0.278396785071784,0.3595759505301086,0,0,3.130839646464646,4.003429384755102,N4BP1
GO_Biological_Process_2023,Negative Regulation Of Cellular Catabolic Process (GO:0031330),1/67,0.278396785071784,0.3595759505301086,0,0,3.130839646464646,4.003429384755102,TIMP4
GO_Biological_Process_2023,Intermediate Filament Organization (GO:0045109),1/68,0.2819083189659991,0.3622473791491422,0,0,3.083955223880597,3.9048219816902474,KRT6A
GO_Biological_Process_2023,Neuropeptide Signaling Pathway (GO:0007218),1/68,0.2819083189659991,0.3622473791491422,0,0,3.083955223880597,3.9048219816902474,NMUR1
GO_Biological_Process_2023,Cell-Cell Junction Organization (GO:0045216),1/68,0.2819083189659991,0.3622473791491422,0,0,3.083955223880597,3.9048219816902474,CDH3
GO_Biological_Process_2023,Sulfur Compound Biosynthetic Process (GO:0044272),1/70,0.2888807288061606,0.3705744272419743,0,0,2.9942632850241546,3.718100621077919,GGT5
GO_Biological_Process_2023,Cell-Cell Junction Assembly (GO:0007043),1/71,0.2923417655585105,0.3737408310111348,0,0,2.951339285714285,3.629650702926035,CDH3
GO_Biological_Process_2023,Positive Regulation Of Cell-Substrate Adhesion (GO:0010811),1/71,0.2923417655585105,0.3737408310111348,0,0,2.951339285714285,3.629650702926035,EMP2
GO_Biological_Process_2023,Positive Regulation Of Protein Localization To Nucleus (GO:1900182),1/72,0.2957861301616106,0.376864561779514,0,0,2.90962441314554,3.5442676720915807,NGFR
GO_Biological_Process_2023,Second-Messenger-Mediated Signaling (GO:0019932),1/72,0.2957861301616106,0.376864561779514,0,0,2.90962441314554,3.5442676720915807,NMUR1
GO_Biological_Process_2023,Positive Regulation Of Protein Modification Process (GO:0031401),2/225,0.2980221092347765,0.3790720409692343,0,0,1.8579183384470144,2.249172908218392,PPP2R5A;PROM2
GO_Biological_Process_2023,Monocarboxylic Acid Transport (GO:0015718),1/73,0.2992139021231464,0.3799461522744169,0,0,2.869068287037037,3.461807953218781,SLCO1A2
GO_Biological_Process_2023,Gland Development (GO:0048732),1/74,0.3026251604494351,0.3836308852162032,0,0,2.829623287671233,3.382136474591229,CAV1
GO_Biological_Process_2023,Positive Regulation Of Neurogenesis (GO:0050769),1/75,0.3060199839222356,0.3866326306936971,0,0,2.791244369369369,3.305126057345754,PLXNA4
GO_Biological_Process_2023,Regulation Of Plasma Membrane Bounded Cell Projection Assembly (GO:0120032),1/75,0.3060199839222356,0.3866326306936971,0,0,2.791244369369369,3.305126057345754,CAV1
GO_Biological_Process_2023,Positive Regulation Of Phosphorylation (GO:0042327),2/231,0.3087632496274554,0.3894451038014639,0,0,1.808687658009653,2.125534426831767,TIE1;PROM2
GO_Biological_Process_2023,Actomyosin Structure Organization (GO:0031032),1/77,0.3127606394605779,0.3912105672986963,0,0,2.717516447368421,3.1586158666218664,EPB41L5
GO_Biological_Process_2023,Neutrophil Migration (GO:1990266),1/77,0.3127606394605779,0.3912105672986963,0,0,2.717516447368421,3.1586158666218664,EMP2
GO_Biological_Process_2023,Monoatomic Cation Homeostasis (GO:0055080),1/77,0.3127606394605779,0.3912105672986963,0,0,2.717516447368421,3.1586158666218664,CAV1
GO_Biological_Process_2023,Positive Regulation Of JNK Cascade (GO:0046330),1/77,0.3127606394605779,0.3912105672986963,0,0,2.717516447368421,3.1586158666218664,MAP4K2
GO_Biological_Process_2023,Regulation Of T Cell Proliferation (GO:0042129),1/77,0.3127606394605779,0.3912105672986963,0,0,2.717516447368421,3.1586158666218664,TNFRSF21
GO_Biological_Process_2023,Regulation Of Cell Population Proliferation (GO:0042127),5/766,0.3144291248864323,0.3926453251069379,0,0,1.3670513626235503,1.5816737598663533,GREM1;RTKN2;EMP2;KRT6A;FUT3
GO_Biological_Process_2023,Regulation Of Innate Immune Response (GO:0045088),1/78,0.3161066270945313,0.3940865731824207,0,0,2.6820887445887447,3.0888964184307746,N4BP1
GO_Biological_Process_2023,Vesicle Fusion (GO:0006906),1/79,0.3194364910949237,0.3969235607169596,0,0,2.6475694444444446,3.021397779998639,CAV2
GO_Biological_Process_2023,Positive Regulation Of Protein Modification By Small Protein Conjugation Or Removal (GO:1903322),1/79,0.3194364910949237,0.3969235607169596,0,0,2.6475694444444446,3.021397779998639,CAV1
GO_Biological_Process_2023,Glycoprotein Biosynthetic Process (GO:0009101),1/80,0.3227503083951877,0.3997220102328558,0,0,2.613924050632912,2.9560247424777546,FUT2
GO_Biological_Process_2023,Regulation Of Protein Localization To Plasma Membrane (GO:1903076),1/80,0.3227503083951877,0.3997220102328558,0,0,2.613924050632912,2.9560247424777546,PPP2R5A
GO_Biological_Process_2023,Regulation Of Phosphorylation (GO:0042325),1/82,0.3293301084803748,0.4058683660977451,0,0,2.549125514403292,2.831300101651328,EMP2
GO_Biological_Process_2023,Cellular Response To Organic Substance (GO:0071310),1/82,0.3293301084803748,0.4058683660977451,0,0,2.549125514403292,2.831300101651328,SLC1A1
GO_Biological_Process_2023,Negative Regulation Of Apoptotic Signaling Pathway (GO:2001234),1/82,0.3293301084803748,0.4058683660977451,0,0,2.549125514403292,2.831300101651328,RTKN2
GO_Biological_Process_2023,Vascular Transport (GO:0010232),1/83,0.3325962432882966,0.40656651168196,0,0,2.517911585365854,2.771782557180124,SLC1A1
GO_Biological_Process_2023,Positive Regulation Of Proteasomal Ubiquitin-Dependent Protein Catabolic Process (GO:0032436),1/83,0.3325962432882966,0.40656651168196,0,0,2.517911585365854,2.771782557180124,CAV1
GO_Biological_Process_2023,Calcium Ion Transmembrane Import Into Cytosol (GO:0097553),1/83,0.3325962432882966,0.40656651168196,0,0,2.517911585365854,2.771782557180124,JPH1
GO_Biological_Process_2023,Phospholipase C-activating G Protein-Coupled Receptor Signaling Pathway (GO:0007200),1/83,0.3325962432882966,0.40656651168196,0,0,2.517911585365854,2.771782557180124,NMUR1
GO_Biological_Process_2023,Regulation Of NIK/NF-kappaB Signaling (GO:1901222),1/83,0.3325962432882966,0.40656651168196,0,0,2.517911585365854,2.771782557180124,RTKN2
GO_Biological_Process_2023,Positive Regulation Of DNA-binding Transcription Factor Activity (GO:0051091),2/246,0.3354661447092182,0.4085501071979452,0,0,1.6962036238136324,1.85265167190398,CAV1;RTKN2
GO_Biological_Process_2023,Positive Regulation Of Protein Ubiquitination (GO:0031398),1/84,0.3358466352663056,0.4085501071979452,0,0,2.487449799196787,2.714058132247676,CAV1
GO_Biological_Process_2023,Purine Ribonucleotide Metabolic Process (GO:0009150),1/84,0.3358466352663056,0.4085501071979452,0,0,2.487449799196787,2.714058132247676,SULT1A1
GO_Biological_Process_2023,Transport Across Blood-Brain Barrier (GO:0150104),1/85,0.3390813596324979,0.4091799099411393,0,0,2.457713293650793,2.658054287965015,SLC1A1
GO_Biological_Process_2023,Positive Regulation Of Protein Localization (GO:1903829),1/85,0.3390813596324979,0.4091799099411393,0,0,2.457713293650793,2.658054287965015,NGFR
GO_Biological_Process_2023,Regulation Of Osteoblast Differentiation (GO:0045667),1/85,0.3390813596324979,0.4091799099411393,0,0,2.457713293650793,2.658054287965015,GREM1
GO_Biological_Process_2023,Calcium-Mediated Signaling (GO:0019722),1/85,0.3390813596324979,0.4091799099411393,0,0,2.457713293650793,2.658054287965015,NMUR1
GO_Biological_Process_2023,Defense Response To Gram-positive Bacterium (GO:0050830),1/85,0.3390813596324979,0.4091799099411393,0,0,2.457713293650793,2.658054287965015,KRT6A
GO_Biological_Process_2023,Negative Regulation Of Binding (GO:0051100),1/86,0.3423004909893973,0.412403631544026,0,0,2.4286764705882358,2.6037021954467265,CAV1
GO_Biological_Process_2023,Glucose Homeostasis (GO:0042593),1/87,0.3455041038207423,0.4149355505215613,0,0,2.40031492248062,2.550936503129148,NGFR
GO_Biological_Process_2023,Regulation Of Insulin Secretion (GO:0050796),1/87,0.3455041038207423,0.4149355505215613,0,0,2.40031492248062,2.550936503129148,ABCA12
GO_Biological_Process_2023,Regulation Of Endothelial Cell Migration (GO:0010594),1/88,0.3486922721236938,0.4161097954186076,0,0,2.3726053639846745,2.499695126971941,EMP2
GO_Biological_Process_2023,Negative Regulation Of Protein Kinase Activity (GO:0006469),1/88,0.3486922721236938,0.4161097954186076,0,0,2.3726053639846745,2.499695126971941,CAV1
GO_Biological_Process_2023,Positive Regulation Of Plasma Membrane Bounded Cell Projection Assembly (GO:0120034),1/88,0.3486922721236938,0.4161097954186076,0,0,2.3726053639846745,2.499695126971941,GPM6A
GO_Biological_Process_2023,Positive Regulation Of Cell Adhesion (GO:0045785),1/88,0.3486922721236938,0.4161097954186076,0,0,2.3726053639846745,2.499695126971941,FUT3
GO_Biological_Process_2023,Positive Regulation Of Peptidyl-Serine Phosphorylation (GO:0033138),1/89,0.3518650695508217,0.41659496442102,0,0,2.3455255681818183,2.44991905212596,CAV1
GO_Biological_Process_2023,Organic Anion Transport (GO:0015711),1/89,0.3518650695508217,0.41659496442102,0,0,2.3455255681818183,2.44991905212596,SLCO1A2
GO_Biological_Process_2023,Cellular Response To Chemical Stress (GO:0062197),1/89,0.3518650695508217,0.41659496442102,0,0,2.3455255681818183,2.44991905212596,CAV1
GO_Biological_Process_2023,Cellular Response To Peptide Hormone Stimulus (GO:0071375),1/89,0.3518650695508217,0.41659496442102,0,0,2.3455255681818183,2.44991905212596,CAV1
GO_Biological_Process_2023,Sensory Perception Of Mechanical Stimulus (GO:0050954),1/89,0.3518650695508217,0.41659496442102,0,0,2.3455255681818183,2.44991905212596,COL1A1
GO_Biological_Process_2023,Positive Regulation Of MAP Kinase Activity (GO:0043406),1/91,0.3581648448967738,0.4227243388828694,0,0,2.2931712962962965,2.354541004248828,MAP4K2
GO_Biological_Process_2023,Positive Regulation Of Binding (GO:0051099),1/91,0.3581648448967738,0.4227243388828694,0,0,2.2931712962962965,2.354541004248828,CAV1
GO_Biological_Process_2023,Sensory Perception Of Sound (GO:0007605),1/92,0.3612919684702058,0.4257478126104303,0,0,2.267857142857143,2.308834760127263,COL1A1
GO_Biological_Process_2023,Regulation Of Peptidyl-Serine Phosphorylation (GO:0033135),1/93,0.3644040124557009,0.4280752283605971,0,0,2.243093297101449,2.264384968655501,CAV1
GO_Biological_Process_2023,Positive Regulation Of Cellular Component Biogenesis (GO:0044089),1/93,0.3644040124557009,0.4280752283605971,0,0,2.243093297101449,2.264384968655501,MMP1
GO_Biological_Process_2023,Sphingolipid Metabolic Process (GO:0006665),1/94,0.3675010488711142,0.429702313353958,0,0,2.218862007168459,2.2211454519551257,FUT3
GO_Biological_Process_2023,Cellular Response To Hormone Stimulus (GO:0032870),1/94,0.3675010488711142,0.429702313353958,0,0,2.218862007168459,2.2211454519551257,CAV1
GO_Biological_Process_2023,Muscle Contraction (GO:0006936),1/94,0.3675010488711142,0.429702313353958,0,0,2.218862007168459,2.2211454519551257,NMUR1
GO_Biological_Process_2023,Negative Regulation Of Signal Transduction (GO:0009968),2/267,0.3723312484034592,0.4346750853454337,0,0,1.560119165839126,1.5413530668748845,SEMA6A;CILP
GO_Biological_Process_2023,Regulation Of Protein Metabolic Process (GO:0051246),1/96,0.3736503849555481,0.4355398450023649,0,0,2.171929824561404,2.138123125116582,KLF2
GO_Biological_Process_2023,Regulation Of Defense Response (GO:0031347),1/97,0.3767028269367857,0.4377426368570982,0,0,2.149197048611111,2.0982581982793,N4BP1
GO_Biological_Process_2023,Monocarboxylic Acid Metabolic Process (GO:0032787),1/97,0.3767028269367857,0.4377426368570982,0,0,2.149197048611111,2.0982581982793,GGT5
GO_Biological_Process_2023,Positive Regulation Of Protein-Containing Complex Assembly (GO:0031334),1/98,0.3797405457787955,0.4399148168791277,0,0,2.126932989690722,2.0594390968586938,MMP1
GO_Biological_Process_2023,Phosphatidylinositol Biosynthetic Process (GO:0006661),1/98,0.3797405457787955,0.4399148168791277,0,0,2.126932989690722,2.0594390968586938,EFR3B
GO_Biological_Process_2023,Chemical Synaptic Transmission (GO:0007268),2/273,0.3827229393486915,0.4420567479809945,0,0,1.5251116721693532,1.464784274850066,SLC1A1;NPTX2
GO_Biological_Process_2023,Cellular Response To Insulin Stimulus (GO:0032869),1/99,0.3827636117976207,0.4420567479809945,0,0,2.105123299319728,2.02162922942782,CAV2
GO_Biological_Process_2023,Antimicrobial Humoral Response (GO:0019730),1/100,0.3857720948428521,0.4441687880988802,0,0,2.083754208754209,1.9847936202473104,KRT6A
GO_Biological_Process_2023,Response To UV (GO:0009411),1/100,0.3857720948428521,0.4441687880988802,0,0,2.083754208754209,1.9847936202473104,N4BP1
GO_Biological_Process_2023,Hemopoiesis (GO:0030097),1/101,0.3887660646223936,0.4469325903216219,0,0,2.0628125,1.9488988213610896,RTKN2
GO_Biological_Process_2023,Calcium Ion Homeostasis (GO:0055074),1/102,0.3917455904459541,0.4489869552599748,0,0,2.042285478547855,1.9139128332863,CAV1
GO_Biological_Process_2023,Sensory Perception Of Light Stimulus (GO:0050953),1/102,0.3917455904459541,0.4489869552599748,0,0,2.042285478547855,1.9139128332863,COL1A1
GO_Biological_Process_2023,Positive Regulation Of Kinase Activity (GO:0033674),1/104,0.3976615854944189,0.4543841788729855,0,0,2.0024271844660197,1.8465460838770265,TIE1
GO_Biological_Process_2023,Positive Regulation Of Vasculature Development (GO:1904018),1/104,0.3976615854944189,0.4543841788729855,0,0,2.0024271844660197,1.8465460838770265,EMP2
GO_Biological_Process_2023,Positive Regulation Of Stress-Activated MAPK Cascade (GO:0032874),1/105,0.4005981917472087,0.4570461187661336,0,0,1.9830729166666667,1.8141079048619675,MAP4K2
GO_Biological_Process_2023,Response To Calcium Ion (GO:0051592),1/106,0.4035206278823546,0.4596838620202921,0,0,1.9640873015873013,1.7824635728667912,CAV1
GO_Biological_Process_2023,Monoatomic Ion Transport (GO:0006811),1/107,0.4064289615370894,0.4622975952227014,0,0,1.9454599056603772,1.7515872808523996,SLC1A1
GO_Biological_Process_2023,Negative Regulation Of Developmental Process (GO:0051093),1/109,0.4122035906606402,0.4667508327330256,0,0,1.9092399691358024,1.6920408200728192,GREM1
GO_Biological_Process_2023,Regulation Of Proteasomal Ubiquitin-Dependent Protein Catabolic Process (GO:0032434),1/109,0.4122035906606402,0.4667508327330256,0,0,1.9092399691358024,1.6920408200728192,N4BP1
GO_Biological_Process_2023,Positive Regulation Of Cysteine-Type Endopeptidase Activity Involved In Apoptotic Process (GO:0043280),1/109,0.4122035906606402,0.4667508327330256,0,0,1.9092399691358024,1.6920408200728192,NGFR
GO_Biological_Process_2023,Adenylate Cyclase-Activating G Protein-Coupled Receptor Signaling Pathway (GO:0007189),1/110,0.4150700198194394,0.4685872937391871,0,0,1.8916284403669723,1.6633241162204953,ADRB2
GO_Biological_Process_2023,Regulation Of JNK Cascade (GO:0046328),1/110,0.4150700198194394,0.4685872937391871,0,0,1.8916284403669723,1.6633241162204953,MAP4K2
GO_Biological_Process_2023,Regulation Of Protein Serine/Threonine Kinase Activity (GO:0071900),1/112,0.4207614393368468,0.4743014428452779,0,0,1.8573573573573572,1.6078943131155696,ADRB2
GO_Biological_Process_2023,Positive Regulation Of Protein Serine/Threonine Kinase Activity (GO:0071902),1/117,0.4347513240429481,0.4878803979200297,0,0,1.7768498563218391,1.480082312716934,ADRB2
GO_Biological_Process_2023,Protein Maturation (GO:0051604),1/117,0.4347513240429481,0.4878803979200297,0,0,1.7768498563218391,1.480082312716934,PCSK1
GO_Biological_Process_2023,Protein Processing (GO:0016485),1/117,0.4347513240429481,0.4878803979200297,0,0,1.7768498563218391,1.480082312716934,PCSK1
GO_Biological_Process_2023,Regulation Of Protein Binding (GO:0043393),1/118,0.4375089064595597,0.4902443550060244,0,0,1.7615740740740742,1.456219681020466,CAV1
GO_Biological_Process_2023,Regulation Of Protein-Containing Complex Assembly (GO:0043254),1/119,0.4402531738901399,0.4911268739841116,0,0,1.7465572033898304,1.4328848254345783,MMP1
GO_Biological_Process_2023,Cellular Response To Tumor Necrosis Factor (GO:0071356),1/119,0.4402531738901399,0.4911268739841116,0,0,1.7465572033898304,1.4328848254345783,TNFRSF21
GO_Biological_Process_2023,Positive Regulation Of Angiogenesis (GO:0045766),1/119,0.4402531738901399,0.4911268739841116,0,0,1.7465572033898304,1.4328848254345783,EMP2
GO_Biological_Process_2023,Cellular Response To Cytokine Stimulus (GO:0071345),2/308,0.4417742353556312,0.4920946734064946,0,0,1.3482628138974888,1.1014718094894564,IL13RA2;TNFRSF21
GO_Biological_Process_2023,Positive Regulation Of MAPK Cascade (GO:0043410),2/310,0.4450584904609829,0.4950207434521715,0,0,1.3393711551606289,1.0842873376613218,CAV2;ADRB2
GO_Biological_Process_2023,Fatty Acid Metabolic Process (GO:0006631),1/122,0.4484067212608483,0.4972757895573177,0,0,1.702995867768595,1.3658956669115456,GGT5
GO_Biological_Process_2023,Protein Localization To Nucleus (GO:0034504),1/122,0.4484067212608483,0.4972757895573177,0,0,1.702995867768595,1.3658956669115456,COL1A1
GO_Biological_Process_2023,Organonitrogen Compound Biosynthetic Process (GO:1901566),1/123,0.4510983621478823,0.4980602150987615,0,0,1.6889515027322404,1.34452339539731,PCSK1
GO_Biological_Process_2023,Modulation Of Chemical Synaptic Transmission (GO:0050804),1/123,0.4510983621478823,0.4980602150987615,0,0,1.6889515027322404,1.34452339539731,NPTX2
GO_Biological_Process_2023,Positive Regulation Of Epithelial Cell Proliferation (GO:0050679),1/123,0.4510983621478823,0.4980602150987615,0,0,1.6889515027322404,1.34452339539731,CDH3
GO_Biological_Process_2023,Neuron Projection Guidance (GO:0097485),1/124,0.4537770031272727,0.4988234793501261,0,0,1.6751355013550135,1.323607284762619,SEMA6A
GO_Biological_Process_2023,Protein Dephosphorylation (GO:0006470),1/124,0.4537770031272727,0.4988234793501261,0,0,1.6751355013550135,1.323607284762619,PPP2R5A
GO_Biological_Process_2023,Enzyme-Linked Receptor Protein Signaling Pathway (GO:0007167),1/124,0.4537770031272727,0.4988234793501261,0,0,1.6751355013550135,1.323607284762619,TIE1
GO_Biological_Process_2023,Regulation Of Mitotic Cell Cycle (GO:0007346),1/125,0.456442706479908,0.5010223877250303,0,0,1.6615423387096775,1.3031345182548977,CAV2
GO_Biological_Process_2023,Cytosolic Transport (GO:0016482),1/127,0.4617355471375379,0.5053588183060553,0,0,1.635003306878307,1.263469995984744,EMP2
GO_Biological_Process_2023,Regulation Of Anatomical Structure Morphogenesis (GO:0022603),1/127,0.4617355471375379,0.5053588183060553,0,0,1.635003306878307,1.263469995984744,EMP2
GO_Biological_Process_2023,Regulation Of Gene Expression (GO:0010468),6/1127,0.4677219389002243,0.5109728638721516,0,0,1.104704394624109,0.8394442195551397,BTNL9;CDH3;CILP;BMAL2;AFF3;UPK3B
GO_Biological_Process_2023,Intracellular Protein Transport (GO:0006886),2/325,0.4693478502044825,0.5109728638721516,0,0,1.2761935799250448,0.965326990340651,NGFR;GPIHBP1
GO_Biological_Process_2023,Positive Regulation Of Peptidyl-Tyrosine Phosphorylation (GO:0050731),1/130,0.4695793118187634,0.5109728638721516,0,0,1.5967377260981912,1.2070028943628597,GREM1
GO_Biological_Process_2023,Regulation Of Cell Cycle Process (GO:0010564),1/130,0.4695793118187634,0.5109728638721516,0,0,1.5967377260981912,1.2070028943628597,CAV2
GO_Biological_Process_2023,Synapse Organization (GO:0050808),1/131,0.4721686774616486,0.5130490824366831,0,0,1.584375,1.1889450868592453,GPM6A
GO_Biological_Process_2023,Plasma Membrane Bounded Cell Projection Organization (GO:0120036),1/132,0.4747455321765884,0.5143645837826922,0,0,1.5722010178117047,1.1712525603570572,GPM6A
GO_Biological_Process_2023,Circulatory System Development (GO:0072359),1/132,0.4747455321765884,0.5143645837826922,0,0,1.5722010178117047,1.1712525603570572,COL3A1
GO_Biological_Process_2023,Protein Localization To Organelle (GO:0033365),1/137,0.4874442258326618,0.5266076069612544,0,0,1.514016544117647,1.087941105369789,COL1A1
GO_Biological_Process_2023,Negative Regulation Of Cellular Biosynthetic Process (GO:0031327),1/137,0.4874442258326618,0.5266076069612544,0,0,1.514016544117647,1.087941105369789,CAV1
GO_Biological_Process_2023,Actin Filament Organization (GO:0007015),1/144,0.5047134318214794,0.5444831148446618,0,0,1.4393939393939394,0.9842064377092156,EMP2
GO_Biological_Process_2023,Neuron Projection Morphogenesis (GO:0048812),1/146,0.5095408429959366,0.548144138223731,0,0,1.419396551724138,0.9570214064786052,GPM6A
GO_Biological_Process_2023,Positive Regulation Of Nucleic Acid-Templated Transcription (GO:1903508),3/557,0.5095629438998828,0.548144138223731,0,0,1.1146593440356405,0.7515054402673013,COL1A1;BMAL2;KLF2
GO_Biological_Process_2023,Dephosphorylation (GO:0016311),1/147,0.5119370564623147,0.549912415857522,0,0,1.4096033105022832,0.9438049684362376,PPP2R5A
GO_Biological_Process_2023,Neuron Development (GO:0048666),1/150,0.5190563965732178,0.5567656219652891,0,0,1.381012304250559,0.9055887893277538,GPM6A
GO_Biological_Process_2023,Cellular Response To Organic Cyclic Compound (GO:0071407),1/152,0.5237454241167807,0.5609961655191121,0,0,1.3625827814569536,0.881249793324169,SLC1A1
GO_Biological_Process_2023,Epithelium Development (GO:0060429),1/154,0.5283892019196194,0.5651662912577746,0,0,1.3446350762527233,0.8577724880127446,KRT6A
GO_Biological_Process_2023,Positive Regulation Of Macromolecule Metabolic Process (GO:0010604),2/364,0.5294665076887026,0.5655152911909123,0,0,1.1364350101773772,0.7226423953976892,CDH3;KLF2
GO_Biological_Process_2023,Cellular Response To Growth Factor Stimulus (GO:0071363),1/155,0.5306942574187079,0.566023761807772,0,0,1.3358360389610389,0.8463445838597365,SEMA6A
GO_Biological_Process_2023,Regulation Of Macromolecule Metabolic Process (GO:0060255),1/162,0.5465203980407167,0.5804370376934551,0,0,1.2773033126293996,0.7717257739967065,AFF3
GO_Biological_Process_2023,Protein Autophosphorylation (GO:0046777),1/162,0.5465203980407167,0.5804370376934551,0,0,1.2773033126293996,0.7717257739967065,DAPK2
GO_Biological_Process_2023,Mitochondrion Organization (GO:0007005),1/162,0.5465203980407167,0.5804370376934551,0,0,1.2773033126293996,0.7717257739967065,CAV2
GO_Biological_Process_2023,Positive Regulation Of Protein Phosphorylation (GO:0001934),2/377,0.5484735544740938,0.5811526154819852,0,0,1.0963087719298246,0.6584608247356406,CAV1;PROM2
GO_Biological_Process_2023,Adenylate Cyclase-Modulating G Protein-Coupled Receptor Signaling Pathway (GO:0007188),1/163,0.5487377285626712,0.5811526154819852,0,0,1.2693544238683128,0.7617836076376143,ADRB2
GO_Biological_Process_2023,Peptidyl-Serine Modification (GO:0018209),1/166,0.5553255416347704,0.587303557374975,0,0,1.2460858585858583,0.7329486685984987,GALNT13
GO_Biological_Process_2023,Generation Of Neurons (GO:0048699),1/172,0.5682169403551638,0.6000944685658322,0,0,1.2019980506822612,0.6794317972586588,GPM6A
GO_Biological_Process_2023,Positive Regulation Of Hydrolase Activity (GO:0051345),1/176,0.5766050015533897,0.6081002327306757,0,0,1.1742857142857144,0.6465591538715998,CAV2
GO_Biological_Process_2023,Vesicle-Mediated Transport (GO:0016192),2/411,0.595639776907257,0.6272961566589713,0,0,1.0034229828850856,0.519892708942788,CAV2;ADRB2
GO_Biological_Process_2023,Axonogenesis (GO:0007409),1/188,0.6008135825429668,0.6318612118084553,0,0,1.0982620320855614,0.5595321849889476,SEMA6A
GO_Biological_Process_2023,Intracellular Monoatomic Cation Homeostasis (GO:0030003),1/190,0.6047129508465628,0.6350751073744237,0,0,1.0865299823633157,0.5465260967884904,CAV1
GO_Biological_Process_2023,Neuron Projection Development (GO:0031175),1/192,0.6085746177205418,0.6382405113420166,0,0,1.075043630017452,0.5339050977584107,GPM6A
GO_Biological_Process_2023,Regulation Of Programmed Cell Death (GO:0043067),1/195,0.6142972159995096,0.643346041234535,0,0,1.0582581615120277,0.5156642301869114,DAPK2
GO_Biological_Process_2023,Positive Regulation Of Protein Metabolic Process (GO:0051247),1/196,0.6161862867275881,0.6435343604797141,0,0,1.0527777777777778,0.5097612615511777,KLF2
GO_Biological_Process_2023,Endomembrane System Organization (GO:0010256),1/196,0.6161862867275881,0.6435343604797141,0,0,1.0527777777777778,0.5097612615511777,CAV2
GO_Biological_Process_2023,Phosphorylation (GO:0016310),2/429,0.6191014348830661,0.6456833524472975,0,0,0.9602366572168124,0.460420178594951,MAP4K2;DAPK2
GO_Biological_Process_2023,Nervous System Development (GO:0007399),2/433,0.6241730316961165,0.6500723276171172,0,0,0.9511295640493344,0.4482936667077138,GPM6A;SEMA6A
GO_Biological_Process_2023,Defense Response To Bacterium (GO:0042742),1/204,0.630972853879322,0.6562466284131623,0,0,1.0108784893267653,0.4655019002333899,KRT6A
GO_Biological_Process_2023,Protein Stabilization (GO:0050821),1/208,0.6381532825913775,0.6627992024707686,0,0,0.9911433172302736,0.4451985534921942,GPIHBP1
GO_Biological_Process_2023,Negative Regulation Of Multicellular Organismal Process (GO:0051241),1/231,0.676836403777808,0.7020080055711975,0,0,0.8909873188405797,0.3477752347053207,N4BP1
GO_Biological_Process_2023,Positive Regulation Of GTPase Activity (GO:0043547),1/234,0.6815702927489391,0.7055778008569227,0,0,0.8793812589413448,0.3371159842903626,CAV2
GO_Biological_Process_2023,Negative Regulation Of Apoptotic Process (GO:0043066),2/482,0.682152243059548,0.7055778008569227,0,0,0.8518859649122807,0.3258484395295011,GREM1;CAV1
GO_Biological_Process_2023,Inflammatory Response (GO:0006954),1/236,0.6846880238880315,0.7072291933987487,0,0,0.8718085106382979,0.3302340754507191,GGT5
GO_Biological_Process_2023,Regulation Of Autophagy (GO:0010506),1/241,0.6923507983170238,0.7141645905927657,0,0,0.8534288194444445,0.3137737885438822,DAPK2
GO_Biological_Process_2023,Regulation Of ERK1 And ERK2 Cascade (GO:0070372),1/244,0.6968596916919855,0.7178322131929755,0,0,0.842764060356653,0.3043820999619219,SEMA6A
GO_Biological_Process_2023,Positive Regulation Of Programmed Cell Death (GO:0043068),1/245,0.6983480737234278,0.718382649608936,0,0,0.8392674180327869,0.301328582658565,DAPK2
GO_Biological_Process_2023,Protein Phosphorylation (GO:0006468),2/500,0.7015629289067601,0.7207051643475995,0,0,0.8203339674487423,0.290763008331508,MAP4K2;DAPK2
GO_Biological_Process_2023,Cytokine-Mediated Signaling Pathway (GO:0019221),1/257,0.7156543264587055,0.7341794384515059,0,0,0.7994384765625,0.2674585481344821,IL13RA2
GO_Biological_Process_2023,Regulation Of Protein Phosphorylation (GO:0001932),1/265,0.726642103401208,0.7444374202191969,0,0,0.7748974116161617,0.247441183053043,PROM2
GO_Biological_Process_2023,Positive Regulation Of DNA-templated Transcription (GO:0045893),5/1243,0.7280174846231644,0.7448331058712538,0,0,0.8193878626115052,0.2600984643601033,COL1A1;GREM1;NGFR;BMAL2;KLF2
GO_Biological_Process_2023,Positive Regulation Of Apoptotic Process (GO:0043065),1/270,0.733294962258884,0.7492145272468651,0,0,0.7603004956629492,0.2358507288719757,DAPK2
GO_Biological_Process_2023,Negative Regulation Of Cellular Process (GO:0048523),2/537,0.738411146206399,0.7534195028366103,0,0,0.7621446138711264,0.231123784438493,PLXNA4;TNFRSF21
GO_Biological_Process_2023,Plasma Membrane Bounded Cell Projection Assembly (GO:0120031),1/275,0.7397875348784753,0.7538024543484328,0,0,0.7462363138686131,0.2249098409510017,EMP2
GO_Biological_Process_2023,Positive Regulation Of Cell Differentiation (GO:0045597),1/283,0.749851762156108,0.763024833653445,0,0,0.7247709810874704,0.2086468833675997,COL1A1
GO_Biological_Process_2023,DNA Metabolic Process (GO:0006259),1/288,0.7559452548352563,0.7681872832536409,0,0,0.7119628339140535,0.1991974610381657,HMGB3
GO_Biological_Process_2023,Regulation Of Intracellular Signal Transduction (GO:1902531),1/297,0.7665456064030914,0.7779094900559674,0,0,0.6899985923423423,0.1834437729547006,DAPK2
GO_Biological_Process_2023,Protein-Containing Complex Assembly (GO:0065003),1/328,0.7996876916742555,0.8104506484935591,0,0,0.623598369011213,0.13939544588892,ADRB2
GO_Biological_Process_2023,Positive Regulation Of Transcription By RNA Polymerase II (GO:0045944),3/938,0.8391972193470475,0.8493487986133426,0,0,0.6474456707247696,0.1135033997071219,GREM1;BMAL2;KLF2
GO_Biological_Process_2023,Negative Regulation Of Cell Population Proliferation (GO:0008285),1/379,0.8443730022271584,0.8534400948685239,0,0,0.5380566578483245,0.0910181679964536,GREM1
GO_Biological_Process_2023,Negative Regulation Of Programmed Cell Death (GO:0043069),1/381,0.8459079619986972,0.8538454361729476,0,0,0.5351699561403509,0.0895578649952316,GREM1
GO_Biological_Process_2023,Regulation Of Apoptotic Process (GO:0042981),2/705,0.8607871125025198,0.8677010652133835,0,0,0.5749794115445085,0.086194048827128,GREM1;DAPK2
GO_Biological_Process_2023,Negative Regulation Of Transcription By RNA Polymerase II (GO:0000122),2/763,0.8891784833938207,0.8951221898336189,0,0,0.5295525278373332,0.0621998074259682,CAV1;KLF2
GO_Biological_Process_2023,Regulation Of Nucleic Acid-Templated Transcription (GO:1903506),1/452,0.8916879789996102,0.8964499975790474,0,0,0.4492793791574279,0.0515049418580274,BMAL2
GO_Biological_Process_2023,Positive Regulation Of Gene Expression (GO:0010628),1/480,0.9057796394264856,0.9094027579841916,0,0,0.4224077940153096,0.0418011484002295,CDH3
GO_Biological_Process_2023,Negative Regulation Of DNA-templated Transcription (GO:0045892),2/1025,0.9623911457224028,0.9649541048321828,0,0,0.3885373257189896,0.014894312066029,CAV1;KLF2
GO_Biological_Process_2023,Regulation Of Transcription By RNA Polymerase II (GO:0006357),5/2028,0.9737893072775242,0.975084239866989,0,0,0.4803455909217907,0.0127581305414356,GREM1;CAV1;HMGB3;BMAL2;KLF2
GO_Biological_Process_2023,Regulation Of DNA-templated Transcription (GO:0006355),4/1922,0.9867921115186656,0.9867921115186656,0,0,0.403309899424804,0.0053623633976586,COL1A1;HMGB3;BMAL2;KLF2
