Name,Term,ES,NES,NOM p-val,FDR q-val,FWER p-val,Tag %,Gene %,Lead_genes
prerank,External Encapsulating Structure Organization (GO:0045229),-0.668016979866427,-2.302763519002462,0.0,0.0,0.0,42/84,15.34%,MMP1;MMP10;MMP13;COL17A1;MMP7;COL10A1;MMP8;COL3A1;MMP3;ADAMTS18;ADAMTS14;IBSP;COL1A2;MMP12;COL14A1;COL7A1;COL22A1;MMP16;COL23A1;ADAMTS2;COL1A1;SMOC1;ADAMTS19;CCDC80;HPSE2;COL9A3;ADAMTS16;COL19A1;ADAMTS9;COL16A1;VIT;MMP27;COL8A1;ADAMTS15;ADAMTS3;COL24A1;HRNR;ADAMTS12;ADAMTS5;SPINK5;TGFBI;SMOC2
prerank,Negative Regulation Of Endopeptidase Activity (GO:0010951),-0.7131902478063806,-2.2938724390304572,0.0,0.0,0.0,12/44,5.14%,SERPINB4;CST1;SERPINB5;CST2;SERPINB2;SERPINA5;TIMP4;SERPINA11;SERPINB7;SERPINB13;LTF;SERPIND1
prerank,Extracellular Matrix Organization (GO:0030198),-0.6182253231713801,-2.293261426962463,0.0,0.0,0.0,64/133,18.44%,MMP1;GREM1;PRSS2;MMP10;MMP13;COL17A1;MMP7;COL10A1;MMP8;COL3A1;MMP3;ADAMTS18;ADAMTS14;IBSP;COL1A2;CYP1B1;MMP12;COL14A1;COL7A1;COL22A1;MMP16;COL18A1;SH3PXD2B;TLL2;COL23A1;ADAMTS2;COL1A1;SMOC1;LUM;ADAMTS19;CCDC80;HPSE2;COL9A3;ADAMTS16;P3H4;COL19A1;HMCN1;ADAMTS9;LOX;COL16A1;CAPG;VIT;MMP27;COL8A1;ADAMTS15;NID1;NID2;ADAMTS3;COL24A1;ADAMTS12;ADAMTS5;LOXL2;SPINK5;TGFBI;SMOC2;COL27A1;MMP14;LAMC1;PXDN;FLRT2;ADAMTS4;LOXL4;THSD4;COL5A2
prerank,Extracellular Structure Organization (GO:0043062),-0.6600803008285026,-2.2632457644890125,0.0,0.0,0.0,41/84,15.34%,MMP1;MMP10;MMP13;COL17A1;MMP7;COL10A1;MMP8;COL3A1;MMP3;ADAMTS18;ADAMTS14;IBSP;COL1A2;MMP12;COL14A1;COL7A1;COL22A1;MMP16;COL23A1;ADAMTS2;COL1A1;SMOC1;ADAMTS19;CCDC80;HPSE2;COL9A3;ADAMTS16;COL19A1;ADAMTS9;COL16A1;VIT;MMP27;COL8A1;ADAMTS15;ADAMTS3;COL24A1;ADAMTS12;ADAMTS5;SPINK5;TGFBI;SMOC2
prerank,Cellular Component Disassembly (GO:0022411),-0.7250423000691012,-2.1774813169411367,0.0,0.0,0.0,9/31,4.17%,MMP1;PRSS2;MMP10;MMP13;MMP7;MMP8;MMP3;MMP12;SH3PXD2B
prerank,Regulation Of Endopeptidase Activity (GO:0052548),-0.651080148273887,-2.1380165311677914,0.0,0.0,0.0,9/45,5.14%,SERPINB4;SERPINB5;SERPINB2;SERPINA5;TIMP4;SERPINA11;SERPINB7;SERPINB13;SERPIND1
prerank,Extracellular Matrix Disassembly (GO:0022617),-0.7355276049353235,-2.1344762459055735,0.0,0.0,0.0,9/29,4.17%,MMP1;PRSS2;MMP10;MMP13;MMP7;MMP8;MMP3;MMP12;SH3PXD2B
prerank,Intermediate Filament Organization (GO:0045109),-0.6860999396792234,-2.13091042003274,0.0,0.0,0.0,13/35,8.55%,KRT14;KRT6A;KRT75;KRT6B;KRT16;KRT5;DES;KRT17;INA;KRT32;PKP1;KRT24;KRT80
prerank,Collagen Fibril Organization (GO:0030199),-0.6632797361724777,-2.0681289170899713,0.0,0.00152005092088242,0.02,18/35,18.44%,GREM1;COL3A1;COL1A2;CYP1B1;COL14A1;COL18A1;TLL2;ADAMTS2;COL1A1;LUM;P3H4;LOX;ADAMTS3;LOXL2;COL27A1;PXDN;LOXL4;COL5A2
prerank,Negative Regulation Of Peptidase Activity (GO:0010466),-0.6454990633890342,-2.05016342895591,0.0,0.001368045828794178,0.02,9/42,5.14%,SERPINB4;SERPINB5;SERPINB2;SERPINA5;TIMP4;SERPINA11;SERPINB7;SERPINB13;SERPIND1
prerank,Epidermis Development (GO:0008544),-0.6080135503338158,-2.024967427980474,0.0,0.002487356052353051,0.04,23/62,12.55%,KRT14;SPRR1B;SPRR1A;COL17A1;KRT5;SPRR3;CALML5;GJB5;COL7A1;TGM5;GRHL3;KRT32;FGF7;OVOL1;SPRR2F;WNT10A;ASIC2;ZNF750;S100A7;GLI1;EDA2R;PLOD1;UGCG
prerank,Cilium Movement (GO:0003341),-0.6262166808180372,-2.010200354440776,0.0,0.003990133667316353,0.06,30/44,21.20%,CFAP206;HYDIN;CFAP53;RSPH4A;DNAH7;RSPH9;DNAAF6;TEKT5;DNAH9;SPAG17;CLXN;CFAP73;CFAP61;DNAH11;CFAP251;CFAP54;SPA17;NME5;TEKT2;DNAAF2;ROPN1L;PIERCE1;DNAH5;CFAP100;DNAAF1;SPAG6;DNAAF4;CFAP70;SPEF2;DNAI3
prerank,Positive Regulation Of Nitrogen Compound Metabolic Process (GO:0051173),0.6315088344711153,1.9830108075876915,0.0,0.3972577175802697,0.21,9/26,6.79%,NR1H2;KLF2;GATA3;WNT7A;PDGFB;IFNG;NFKBIA;KLF4;HPN
prerank,Cellular Response To Cadmium Ion (GO:0071276),0.6747266390848085,1.976752636535235,0.0,0.21281663441800164,0.23,8/16,12.90%,FOS;MT1E;MT1H;JUN;SLC11A1;HSF1;MAPK9;DAXX
prerank,Sterol Transport (GO:0015918),0.639177099517452,1.9566452012521838,0.02127659574468085,0.21281663441800164,0.32,11/20,18.41%,CAV1;CD36;LCAT;STARD3;LDLR;GRAMD1C;ARV1;OSBPL5;MSR1;NPC1;OSBPL2
prerank,Epidermal Cell Differentiation (GO:0009913),-0.5886240995492881,-1.948899408643142,0.0,0.012101943870102345,0.15,14/42,12.55%,SPRR1B;KRT16;SPRR1A;SPRR3;IVL;WNT5A;OVOL1;SPRR2F;S100A7;WNT16;GLI1;ST14;EREG;UGCG
prerank,Regulation Of Protein Ubiquitination (GO:0031396),0.4697408052844678,1.9210837608106743,0.0,0.2873024564643022,0.52,29/92,18.22%,CAV1;FAM107A;HSPA1B;PRKCG;ISG15;UBB;LRRK2;CAMLG;GTPBP4;ARRB1;HSPA1A;PINX1;SPHK1;PRKN;BCL10;MALT1;NDFIP1;GSK3A;PRICKLE1;CENPS;HDAC8;DAXX;FANCI;PHF23;COMMD1;WFS1;N4BP1;USP4;HSP90AA1
prerank,Vitamin D Metabolic Process (GO:0042359),-0.8976946763920697,-1.9192234584785972,0.0,0.02540656539189188,0.36,3/7,0.84%,CYP24A1;UGT1A4;CYP1A1
prerank,Keratinocyte Differentiation (GO:0030216),-0.6240354334877722,-1.8855856420324288,0.0,0.04240942069261952,0.54,12/32,12.55%,SPRR1B;KRT16;SPRR1A;SPRR3;IVL;WNT5A;SPRR2F;S100A7;WNT16;ST14;EREG;UGCG
prerank,Skin Development (GO:0043588),-0.5888182264913618,-1.8812044912431916,0.0,0.04446148943581079,0.58,16/48,12.55%,SPRR1B;KRT16;SPRR1A;SPRR3;COL3A1;IVL;COL1A2;WNT5A;COL1A1;SPRR2F;WNT10A;S100A7;WNT16;ST14;EREG;UGCG
prerank,Response To Cadmium Ion (GO:0046686),0.711831019401268,1.878776692612377,0.0,0.43130837908715,0.76,7/13,12.90%,FOS;MT1E;MT1H;JUN;HSF1;MAPK9;DAXX
prerank,Endocrine System Development (GO:0035270),-0.7334079647468713,-1.8717818234330852,0.017543859649122806,0.05029580252919773,0.63,8/17,9.17%,FOXE1;STRA6;SIX3;SOX2;SIX1;TG;WNT4;MDK
prerank,Heparan Sulfate Proteoglycan Biosynthetic Process (GO:0015012),-0.7023080154515157,-1.8698703887140482,0.0,0.04940165492867865,0.64,9/17,15.92%,HS6ST2;NDST4;HS3ST2;HS3ST3A1;HS6ST1;EXTL1;HS3ST1;UGDH;XYLT1
prerank,Negative Regulation Of Potassium Ion Transport (GO:0043267),0.777963251678039,1.8673888895226738,0.022727272727272728,0.4256332688360033,0.82,5/10,6.27%,CAV1;CAV3;VIP;NEDD4L;NOS1
prerank,Gamma-Delta T Cell Activation (GO:0046629),0.7563625038921995,1.8656818864455142,0.0,0.3709089914142314,0.83,6/9,13.93%,TRGC1;JAML;TRGC2;SOX13;ITK;CXADR
prerank,Establishment Of Skin Barrier (GO:0061436),-0.7383494250174694,-1.862601024047645,0.0,0.05544185727218511,0.69,8/16,13.41%,KRT16;TP63;FA2H;CLDN1;ALOXE3;UGCG;HRNR;SFN
prerank,Negative Regulation Of Proteolysis Involved In Protein Catabolic Process (GO:1903051),0.6280015733505961,1.8602768537998928,0.0,0.347600502882736,0.87,8/21,12.87%,PRKCG;OPHN1;PSMF1;LAMP3;QRICH2;EFNA1;SGTA;RPL11
prerank,Peptidyl-Tyrosine Dephosphorylation (GO:0035335),0.6046762122227723,1.859024192802263,0.0,0.31528390284148394,0.87,14/22,25.23%,PTPRB;PTPN5;PTPN11;PTPN12;DUSP6;DUSP1;PTPN1;PTPRO;TNS2;PTPRS;PTPN22;DUSP3;UBASH3B;PTPN9
prerank,Antimicrobial Humoral Response (GO:0019730),-0.5911124749853326,-1.8553664893567097,0.0,0.060878039381340926,0.73,22/58,10.54%,KRT6A;PRSS2;BPIFA1;CXCL13;IGKV3-20;PGLYRP3;IGHA2;PGLYRP4;IL36RN;CXCL6;CCL13;LTF;PF4V1;HLA-A;JCHAIN;IGHM;SPRR2A;H2BC11;WFDC5;S100A12;WFDC2;S100A7
prerank,"Heparan Sulfate Proteoglycan Biosynthetic Process, Enzymatic Modification (GO:0015015)",-0.8641005468397314,-1.8434316760560798,0.0,0.07068236782103253,0.81,5/7,9.68%,HS6ST2;HS3ST2;HS3ST3A1;HS6ST1;HS3ST1
prerank,Establishment Of Golgi Localization (GO:0051683),0.8189220424491628,1.8380334256207589,0.02040816326530612,0.3731384990128962,0.89,2/6,4.39%,CDC42;YWHAZ
prerank,Regulation Of Endothelial Cell Differentiation (GO:0045601),0.8206172360797566,1.825761883295423,0.0,0.39467812201156666,0.92,3/7,7.14%,NOTCH4;TMEM100;ATOH8
prerank,Regulation Of T-helper 2 Cell Cytokine Production (GO:2000551),0.9101558990176736,1.823841256050978,0.0,0.36888216632453613,0.92,4/5,4.96%,TBX21;XCL1;PRKCZ;RSAD2
prerank,Response To Vitamin (GO:0033273),-0.898915381616224,-1.8201021921971687,0.0,0.0951413690025042,0.93,3/5,7.96%,CYP24A1;SPP1;KYNU
prerank,Cardiac Muscle Tissue Morphogenesis (GO:0055008),0.6120164522452758,1.8167259108090914,0.0,0.36451669690057714,0.92,13/22,19.77%,HAND1;TCAP;TNNC1;TGFBR3;ANKRD1;TNNT2;FGFR2;ENG;ZFPM1;TTN;MYLK2;S1PR1;SMAD7
prerank,Innate Immune Response Activating Cell Surface Receptor Signaling Pathway (GO:0002220),0.620374576777567,1.8107879964069027,0.0,0.3628016910554504,0.96,5/22,4.68%,KLRC3;COLEC10;KLRD1;CLEC6A;KLRC4
prerank,Regulation Of Type II Interferon-Mediated Signaling Pathway (GO:0060334),0.7319089852612918,1.808322089014218,0.022222222222222223,0.3528026872796205,0.96,4/9,9.51%,NR1H2;PPARG;TXK;NLRC5
prerank,Icosanoid Biosynthetic Process (GO:0046456),0.7121797048501535,1.8065582745046298,0.023255813953488372,0.3396198790920609,0.97,8/12,17.98%,LTC4S;CYP4A22;CYP4A11;NLRC4;LTA4H;MGST3;NAIP;MGST2
prerank,Regulation Of Stress-Activated Protein Kinase Signaling Cascade (GO:0070302),-0.8293352091065288,-1.8065565223087243,0.0,0.1118228764405676,0.94,1/8,0.05%,GREM1
prerank,Sensory Organ Development (GO:0007423),-0.548989124315089,-1.804790530332162,0.0,0.10887364720820333,0.94,14/50,8.39%,ADAMTS18;OLIG2;BHLHA15;STRA6;SIX3;BHLHE22;SOX2;CHRDL1;SIX4;SH3PXD2B;SMOC1;FOXC1;WNT10A;BMPR1B
prerank,Skin Epidermis Development (GO:0098773),-0.7000496895608517,-1.8036319810841406,0.0,0.10698118381170471,0.95,8/17,13.41%,KRT16;TP63;FA2H;CLDN1;ALOXE3;UGCG;HRNR;SFN
prerank,Oxoacid Metabolic Process (GO:0043436),0.5884804542930098,1.7962592628839735,0.0,0.3613709909921361,0.97,9/19,15.64%,SULT1A1;SULT1A2;AMH;SULT1C4;TPST2;SULT2B1;ENPP1;MTARC1;LIPT1
prerank,Actomyosin Structure Organization (GO:0031032),0.4945194303996108,1.7949531638830716,0.0,0.3483887126398397,0.97,24/60,15.57%,TNNT1;TCAP;MYH10;EPB41L5;SYNPO2L;ANKRD1;MYH7B;CAPN3;TNNT2;ARRB1;PHACTR1;ITGB1;EPB41L2;CSRP2;FRMD3;LMOD2;MYOZ1;ZYX;TMOD3;KCTD13;TNFAIP1;TTN;OBSCN;EPB41L3
prerank,Negative Regulation Of Axon Extension (GO:0030517),0.5935149149304408,1.7906414142115272,0.0,0.34498696526707634,0.98,8/23,7.93%,SEMA6A;MAG;SEMA4A;TRIM46;SEMA5A;SEMA6D;SEMA3G;SEMA3E
prerank,Regulation Of Sprouting Angiogenesis (GO:1903670),0.5417311374796717,1.7888740388133706,0.0,0.3383784487246226,0.98,9/28,9.53%,SEMA6A;KLF2;FGF1;EPN2;FUT1;KLF4;CEMIP2;CREB3L1;S100A1
prerank,Positive Regulation Of T-helper 1 Type Immune Response (GO:0002827),0.7861731252562387,1.7835172829750494,0.0,0.3459114819746566,0.99,4/8,7.82%,TBX21;XCL1;SLC11A1;IL1B
prerank,Glomerular Filtration (GO:0003094),-0.7702112511046959,-1.7830060377247798,0.0,0.13601532567049807,0.98,7/10,17.75%,IGKV3-20;IGHA2;SULF1;JCHAIN;TMEM63C;TBC1D8B;SULF2
prerank,Regulation Of Endothelial Cell Migration (GO:0010594),0.45488947990966533,1.7756310265563076,0.0,0.3643678740793058,1.0,22/75,12.07%,TEK;ANGPT4;EMC10;EMP2;FGF1;ANXA3;GATA3;SLIT2;ACVRL1;FUT1;APOH;FLT4;FOXP1;PRKD2;PTPRM;ATOH8;SCARB1;STC1;DLL4;EDN1;RIN2;PRKD1
prerank,Membrane Raft Organization (GO:0031579),0.7048843943774038,1.774710510740575,0.0,0.35469439069666936,1.0,9/13,17.28%,MYADM;CAV3;EMP2;CLN3;S100A10;PPT1;YJEFN3;NAXE;NPC1
prerank,Positive Regulation Of Proteasomal Protein Catabolic Process (GO:1901800),0.45302204726293577,1.7658857187825936,0.0,0.37302026754933065,1.0,24/76,16.06%,HSPA1B;RNFT1;ATXN3;SIRT2;NUPR1;LRRK2;TRIB1;HSPA1A;ECSCR;PRKN;HECTD1;TMEM259;PSMC2;GSK3A;ARIH2;PRICKLE1;SH3RF1;CSNK1D;VCP;RBX1;COP1;RNF144B;PSMC6;TRIB2
prerank,Calcium Ion Import (GO:0070509),-0.7541404407465873,-1.7646504148424569,0.0,0.16821896857765448,0.99,5/11,12.93%,CACNA1G;SLC24A2;TRPV4;TRPC4;SLC24A5
prerank,Regulation Of Erythrocyte Differentiation (GO:0045646),0.5503347392965676,1.7633900697497868,0.0,0.3671796332491921,1.0,14/30,24.63%,HSPA1B;TAL1;ZFP36;STAT1;HSPA1A;ARNT;ZFPM1;STAT3;INHBA;PRKDC;HOXA5;LDB1;ZFP36L1;ACVR1B
prerank,Negative Regulation Of Chemotaxis (GO:0050922),0.6092682050068432,1.7628825857844734,0.0,0.35360302334067967,1.0,8/24,7.93%,SEMA6A;SEMA4A;SLIT2;ROBO2;SEMA5A;SEMA6D;SEMA3G;SEMA3E
prerank,Positive Regulation Of Natural Killer Cell Mediated Immunity (GO:0002717),0.6759044593563349,1.7593964931004848,0.0,0.3546943906966694,1.0,5/13,4.68%,KLRC3;KLRD1;SH2D1B;CD226;KLRC4
prerank,Cellular Response To Arsenic-Containing Substance (GO:0071243),0.6471026388798156,1.757229765938182,0.044444444444444446,0.3506407405172789,1.0,8/12,18.87%,DHX36;DDX3X;HSF1;MKNK2;VCP;DAXX;GSTO2;HNRNPA1
prerank,Negative Regulation Of Inclusion Body Assembly (GO:0090084),0.8364620716807742,1.7570967315075523,0.016129032258064516,0.33903891414178194,1.0,3/7,5.66%,HSPA1B;DNAJB1;HSPA1A
prerank,Sensory Perception Of Smell (GO:0007608),0.5171756995858422,1.756657491619135,0.0,0.32915639456650914,1.0,13/34,6.75%,OR6N1;OR5AK2;OR2T8;OR2S2;OR6K3;OR2A12;BEST2;SLC24A4;OR2B11;OR2A1;OR4D1;NXNL2;OR2A14
prerank,Positive Regulation Of Tumor Necrosis Factor-Mediated Signaling Pathway (GO:1903265),0.8951043592489584,1.7533190682918143,0.0,0.3368452536164499,1.0,3/5,6.48%,HSPA1B;HSPA1A;PRKN
prerank,Negative Regulation Of Endothelial Cell Migration (GO:0010596),0.5576847773198796,1.7530006851662663,0.0,0.3267622074293067,1.0,10/31,8.75%,ANGPT4;PPARG;SLIT2;APOH;AGTR2;JUP;RGCC;PTPRM;STC1;DLL4
prerank,Positive Regulation Of NF-kappaB Transcription Factor Activity (GO:0051092),0.4178765484134332,1.751115022658072,0.0,0.3228793786826651,1.0,28/113,12.66%,RTKN2;CAV1;HSPA1B;CX3CR1;CX3CL1;CD36;ERC1;TRIM34;CAPN3;PRKCZ;HSPA1A;IL1RAP;PRKD2;SPHK1;IL1B;PPIA;BCL10;MALT1;TICAM2;NLRC4;TRIM58;TRAF5;CAMK2A;TRIM25;RBCK1;PRKD1;PRKCH;RELA
prerank,Regulation Of Synapse Organization (GO:0050807),0.5738309231849624,1.749808859455975,0.0,0.31964223914546913,1.0,11/20,17.22%,WNT3A;CDKL5;SLITRK2;YWHAZ;RAB17;CLN3;CHRNB2;CTTNBP2;PDLIM5;NEDD4;RAP2A
prerank,Regulation Of Lipoprotein Lipase Activity (GO:0051004),0.7202575198836301,1.747943790959799,0.0,0.319832999153911,1.0,4/12,4.69%,GPIHBP1;NR1H2;ANGPTL4;APOH
prerank,Regulation Of Branching Involved In Ureteric Bud Morphogenesis (GO:0090189),-0.7458678618619192,-1.7453115811592792,0.0,0.20374111093113295,1.0,6/11,14.57%,SIX2;GDNF;SIX1;SIX4;SOX9;VEGFA
prerank,mRNA Transcription (GO:0009299),0.5339989009350187,1.7441604700979916,0.0,0.32040726626265803,1.0,11/36,15.93%,NR1H2;DDX5;PPARG;HSF1;S100A10;CREB1;TBP;RARA;NCOA2;TAF6;TAF2
prerank,Positive Regulation Of ERAD Pathway (GO:1904294),0.7344119212773743,1.742010985311347,0.0,0.3178828647432853,1.0,6/10,16.17%,CAV1;RNFT1;NFE2L2;TMEM259;SGTA;BCAP31
prerank,Heparan Sulfate Proteoglycan Metabolic Process (GO:0030201),-0.7467690409056913,-1.7380559540201346,0.0,0.21723624281369622,1.0,6/10,9.68%,HS6ST2;SULF1;HS3ST2;HS3ST3A1;HS6ST1;HS3ST1
prerank,Leucine Metabolic Process (GO:0006551),0.8952761655997452,1.7379662977591828,0.0,0.32519875189136743,1.0,2/5,2.21%,MCCC1;IVD
prerank,Regulation Of Bone Remodeling (GO:0046850),-0.7255768437972736,-1.7362178729838331,0.019230769230769232,0.21569522567321542,1.0,7/14,13.17%,GREM1;LEP;SFRP1;ITGB3;MDK;SIGLEC15;SYT7
prerank,Sequestering Of Extracellular Ligand From Receptor (GO:0035581),-0.813511666859199,-1.7361117283008187,0.0,0.20895796772065914,1.0,4/8,10.86%,GREM1;FBN2;LTBP1;GREM2
prerank,Regulation Of Type I Interferon Production (GO:0032479),0.4946636079094244,1.7358900484831923,0.0,0.3219533700169768,1.0,15/49,14.43%,GBP7;RNF125;GPATCH3;XAF1;DDX3X;PTPN11;RNF216;IRF1;TICAM2;IRF8;PQBP1;RBX1;TANK;IRF3;TRIM56
prerank,Sulfation (GO:0051923),0.6755752926418065,1.7349905054128623,0.0,0.31745147967351905,1.0,4/9,12.02%,SULT1A1;SULT1A2;SULT1C4;SULT2B1
prerank,Negative Regulation Of Protein Modification By Small Protein Conjugation Or Removal (GO:1903321),0.5135317576875669,1.732398014301574,0.0,0.3187058866650073,1.0,10/44,6.06%,CAV1;HSPA1B;PRKCG;ISG15;CAPN3;CAMLG;GTPBP4;ARRB1;HSPA1A;PINX1
prerank,Cellular Response To Topologically Incorrect Protein (GO:0035967),0.575714698898159,1.7307819209313202,0.024390243902439025,0.3151713014476119,1.0,9/21,15.32%,DNAJC18;HSPA1A;HSF1;PRKN;HSPB8;TMBIM6;DAXX;OPTN;PTPN1
prerank,Antimicrobial Humoral Immune Response Mediated By Antimicrobial Peptide (GO:0061844),-0.5876767509377552,-1.7304870347910684,0.0,0.21568097519583215,1.0,12/39,10.54%,KRT6A;BPIFA1;CXCL13;PGLYRP3;PGLYRP4;CXCL6;CCL13;LTF;PF4V1;H2BC11;S100A12;S100A7
prerank,Negative Regulation Of Cytoskeleton Organization (GO:0051494),0.5648272377640996,1.7300647244008223,0.023809523809523808,0.3118011155426536,1.0,8/25,6.48%,MYADM;CAV3;SLIT2;KANK4;SHANK3;KANK3;PLEKHH2;PRKN
prerank,Regulation Of Humoral Immune Response (GO:0002920),-0.6991963079288225,-1.728143105187342,0.057692307692307696,0.21577813754162717,1.0,4/10,11.00%,CXCL13;SUSD4;ZP3;CCR7
prerank,Chondroitin Sulfate Proteoglycan Biosynthetic Process (GO:0050650),-0.615600551365557,-1.7246580114677994,0.017543859649122806,0.21989324865765242,1.0,12/18,21.86%,CHST9;CHPF;CHST15;CHST3;CHST13;UGDH;CHST11;XYLT1;CHSY3;CHST7;CHSY1;CSGALNACT2
prerank,Chondroitin Sulfate Metabolic Process (GO:0030204),-0.6779642973401396,-1.7236829334292918,0.01639344262295082,0.21673754630467765,1.0,10/14,21.86%,CHST9;CHST15;CHST3;CHST13;UGDH;CHST11;CHSY3;CHST7;CHSY1;CSGALNACT2
prerank,Regulation Of Insulin Secretion Involved In Cellular Response To Glucose Stimulus (GO:0061178),0.5720925953580936,1.7233121537108007,0.022727272727272728,0.3266412888870237,1.0,10/23,11.88%,ADCY8;NR1H4;RFX6;KLF7;ANO1;BRSK2;PLA2G6;CDK16;LRP5;FOXA2
prerank,Positive Regulation Of Lipoprotein Lipase Activity (GO:0051006),0.8724388569727572,1.723262552618118,0.0,0.3127479236229763,1.0,3/5,4.69%,GPIHBP1;NR1H2;APOH
prerank,Positive Regulation Of Triglyceride Lipase Activity (GO:0061365),0.8724388569727572,1.723262552618118,0.0,0.3127479236229763,1.0,3/5,4.69%,GPIHBP1;NR1H2;APOH
prerank,Regulation Of Glucose Transmembrane Transport (GO:0010827),0.6744593902506592,1.723180626960774,0.041666666666666664,0.3063955800486123,1.0,9/13,22.25%,FFAR4;PRKAG2;IL1B;CLIP3;INPP5K;OCLN;RSC1A1;BRAF;C2CD5
prerank,Positive Regulation Of Amide Metabolic Process (GO:0034250),0.4685227590935416,1.7216628861272536,0.0,0.3056283333169635,1.0,30/71,22.13%,NR1H4;IFNG;PIWIL2;PLA2G6;DDX3X;RPL26;SSB;PLD1;CIRBP;EIF3C;RPS6KB1;LARP6;EFNA1;EIF3D;LRRTM3;LARP4;GSK3A;TENT5B;VIM;RELA;GSAP;METTL3;LARP4B;PRKDC;BCL3;EIF4A3;ABCG1;PRKCD;ENPP7;AGO2
prerank,Regulation Of Natural Killer Cell Mediated Cytotoxicity (GO:0042269),0.5381021981666225,1.719586116626842,0.0,0.30547149566121323,1.0,8/20,8.58%,KLRC3;NCR1;KLRD1;CLEC12B;CD226;KLRC4;KLRC1;KLRB1
prerank,Eye Photoreceptor Cell Development (GO:0042462),-0.8015444471716765,-1.7181021785042332,0.0,0.2283876508625836,1.0,6/10,14.57%,THY1;USH1C;RPGRIP1L;DZANK1;RORB;VEGFA
prerank,Fucose Catabolic Process (GO:0019317),-0.8133611442276827,-1.7171821840514363,0.0,0.21327483689919496,1.0,3/7,4.96%,FUT6;FUT2;FUT9
prerank,L-fucose Catabolic Process (GO:0042355),-0.8133611442276827,-1.7171821840514363,0.0,0.21327483689919496,1.0,3/7,4.96%,FUT6;FUT2;FUT9
prerank,L-fucose Metabolic Process (GO:0042354),-0.8133611442276827,-1.7171821840514363,0.0,0.21327483689919496,1.0,3/7,4.96%,FUT6;FUT2;FUT9
prerank,Peptide Cross-Linking (GO:0018149),-0.6403836125665782,-1.7168110716336822,0.0,0.20931101180550923,1.0,5/18,3.76%,SPRR1B;SPRR1A;COL3A1;IVL;TGM5
prerank,Regulation Of Transmembrane Transport (GO:0034762),0.5465081885938922,1.7140597536834294,0.0,0.3172386630391011,1.0,10/27,14.16%,FFAR4;CTTNBP2NL;WWP2;KCNJ3;SNCA;NEDD4L;OCLN;KCNJ9;ACTB;NEDD4
prerank,Regulation Of Cysteine-Type Endopeptidase Activity (GO:2000116),-0.7088173117141916,-1.7136501245077707,0.0,0.21321494746328776,1.0,6/14,11.41%,CST1;CST2;SOX2;LTF;TTBK1;CST5
prerank,Cellular Response To Low-Density Lipoprotein Particle Stimulus (GO:0071404),0.6366624818357097,1.7134429574609642,0.0,0.31213106381306904,1.0,11/19,20.28%,CDH13;PPARG;ADTRP;CD36;LDLR;ITGB1;SREBF2;CD68;FCER1G;CD9;CD81
prerank,"Synaptic Transmission, GABAergic (GO:0051932)",-0.8219611068320924,-1.7100063323576393,0.0,0.21611866842974695,1.0,3/7,3.07%,GABBR2;GABRA3;GABRG1
prerank,Positive Regulation Of Monocyte Differentiation (GO:0045657),0.6889190042674169,1.7099788818725057,0.041666666666666664,0.3156780077200358,1.0,6/9,16.52%,IL34;FES;CSF1;CD74;CTNNBIP1;DCSTAMP
prerank,Sensory Perception Of Bitter Taste (GO:0050913),-0.6958054404933152,-1.7073556739788993,0.019230769230769232,0.2182510322215828,1.0,2/12,0.21%,CST1;CST2
prerank,Negative Regulation Of Sprouting Angiogenesis (GO:1903671),0.7216173688108994,1.7072645596075011,0.0,0.3196264924466591,1.0,4/9,8.21%,SEMA6A;KLF2;EPN2;CREB3L1
prerank,L-alanine Transport (GO:0015808),-0.9300232827741328,-1.7008578907042045,0.0,0.2283703775566645,1.0,2/5,3.62%,SLC36A1;SLC1A4
prerank,Receptor Internalization (GO:0031623),0.4932590765826438,1.6996875748924611,0.0,0.33971840531169895,1.0,16/41,20.28%,ENTREP1;CAV1;CAV3;CD36;DNM3;RAMP3;SNCA;ARRB1;ITGB1;SNX1;CALCRL;NEDD4;RAB5A;FCER1G;CD9;CD81
prerank,Negative Regulation Of Protein Localization To Cell Surface (GO:2000009),0.7407647928379731,1.6958062036213746,0.019230769230769232,0.3492772400023929,1.0,4/7,14.63%,CAV3;NEDD4L;GPM6B;COMMD1
prerank,Embryonic Organ Morphogenesis (GO:0048562),-0.5551779258082424,-1.6956129287069557,0.0,0.23682393347348105,1.0,12/36,11.42%,FOXE1;OSR2;SIX2;SOX11;SIX1;ALX1;HOXC9;FBN2;MESP1;ALDH1A3;PDGFRA;HOXC4
prerank,Alanine Transport (GO:0032328),-0.8165371889142468,-1.695579764677005,0.0,0.2321216889943165,1.0,5/9,13.75%,SLC36A1;SLC1A4;SLC7A5;SLC6A17;SLC6A6
prerank,Neuron Maturation (GO:0042551),0.7053844977124901,1.6932121794873993,0.0,0.35292091874318604,1.0,6/13,12.61%,SRRM4;RND1;CX3CL1;ANKS1A;ADGRB3;LGI4
prerank,Regulation Of Monoatomic Anion Transport (GO:0044070),0.8861675649547016,1.6903322075335059,0.0,0.35892583255059457,1.0,3/5,8.81%,CA2;STC1;PDZK1
prerank,Negative Regulation Of Immune System Process (GO:0002683),-0.5484300747918215,-1.689379720222994,0.0,0.2466848595538438,1.0,13/33,17.47%,FCRLB;BPIFB1;COL3A1;NFKBIL1;FOXP3;SMPDL3B;SOX9;NR1D1;FADD;HOXA7;SPINK5;LGR4;TLR6
prerank,Positive Regulation Of Protein Binding (GO:0032092),0.4726209563594993,1.689136527948306,0.0,0.3561620916236901,1.0,23/51,27.95%,CAV1;WNT3A;NMD3;TCF7L2;BDNF;MARK3;LRRK2;PRKN;CLDN5;ADD1;PPP2CA;RPL11;SUB1;B2M;PPP2CB;SPPL3;EPB41;BAMBI;PSEN1;RAPGEF2;CAPRIN2;FKBP1A;GSK3B
prerank,Antibacterial Humoral Response (GO:0019731),-0.5755692779194347,-1.6882828557186658,0.0,0.24510821099229022,1.0,13/29,10.20%,BPIFA1;IGKV3-20;IGHA2;FGB;LTF;HLA-A;RNASE2;JCHAIN;IGHM;SPRR2A;H2BC11;WFDC5;WFDC2
prerank,Neuroblast Proliferation (GO:0007405),0.8371301698780579,1.6862042994697162,0.0,0.36287039699069434,1.0,3/5,14.12%,EML1;SHH;PAFAH1B1
prerank,3'-Phosphoadenosine 5'-Phosphosulfate Metabolic Process (GO:0050427),0.6781957605560714,1.6855270058534437,0.022222222222222223,0.35966011216642274,1.0,7/12,13.24%,SULT1A1;SULT1A2;SULT1C4;PAPSS2;TPST2;SULT2B1;ENPP1
prerank,Desensitization Of G Protein-Coupled Receptor Signaling Pathway (GO:0002029),0.8322265594621513,1.6837870229887795,0.023809523809523808,0.3588809474393186,1.0,2/5,5.59%,ADRB2;ARRB1
prerank,Embryonic Heart Tube Development (GO:0035050),0.6946750070910263,1.6832192725003783,0.0,0.3551520608782135,1.0,5/11,6.85%,HAND1;NDRG4;TBX2;CITED2;SOX17
prerank,Positive Regulation Of Endothelial Cell Apoptotic Process (GO:2000353),0.7221501208777787,1.6831650161022538,0.0,0.3495147265785593,1.0,5/9,13.47%,GPER1;ECSCR;RGCC;FASLG;PLCG1
prerank,Positive Regulation Of T-helper 17 Type Immune Response (GO:2000318),0.7366980465179483,1.6815461570451717,0.0,0.35070407880133186,1.0,6/9,16.96%,CLEC6A;NFKBID;MALT1;NFKBIZ;TYK2;PRKCQ
prerank,Retina Homeostasis (GO:0001895),-0.5759536798372338,-1.6808533008325521,0.0,0.2639770063520194,1.0,10/27,16.79%,RPE65;CDH3;IGKC;IGHA2;LTF;JCHAIN;ZG16B;ATP1B2;POTEJ;PIGR
prerank,Endochondral Bone Morphogenesis (GO:0060350),-0.7649992275127259,-1.677624477959544,0.0,0.2674529595292618,1.0,5/9,10.50%,DLX5;TRPV4;FOXC1;BMPR1B;TMEM119
prerank,N-acylphosphatidylethanolamine Metabolic Process (GO:0070292),-0.8058546480732576,-1.6752037093771852,0.05357142857142857,0.27025611225688906,1.0,3/5,14.60%,PLAAT2;PLAAT4;PLAAT1
prerank,Protein Dephosphorylation (GO:0006470),0.4088682002570936,1.6739222468829946,0.0,0.3723745418637034,1.0,44/99,27.83%,PTPRB;PTPN5;CTTNBP2NL;PPP1R15A;PTPN11;PTPN12;DUSP6;ILKAP;PTPRM;PPP2R3B;SBF1;DUSP1;PPEF1;PPM1A;PPP2CA;MTM1;PTPN1;PDPR;PPP4R3A;PPP2R5A;PPM1D;PPP2CB;DUSP16;PPM1N;PTPRO;TNS2;PTPRS;PPP3CC;PTPN22;FBXW11;PGAM5;PTPRC;DUSP3;PPP1CB;PPP4R1;UBASH3B;PTPN9;PPP1R12A;CTDSP1;MTMR7;PPM1K;PPM1L;PP2D1;MTMR2
prerank,Muscle Tissue Morphogenesis (GO:0060415),0.638097159520624,1.6736915197336708,0.04,0.36780733483757655,1.0,6/12,14.74%,TCAP;TGFBR3;ANKRD1;ZFPM1;TTN;MYLK2
prerank,Positive Regulation Of Calcium Ion Transmembrane Transport (GO:1904427),0.5553657690760143,1.6730360910264246,0.0,0.3659175564918476,1.0,9/27,7.94%,CAV1;TRPC3;CX3CL1;CAPN3;XCL1;GPER1;RAMP3;SNCA;CXCL11
prerank,Cardiolipin Acyl-Chain Remodeling (GO:0035965),0.8486763649209116,1.67273552560583,0.0,0.3613709909921361,1.0,2/5,6.15%,PLA2G6;TAFAZZIN
prerank,Proteoglycan Biosynthetic Process (GO:0030166),-0.5538988236230877,-1.67197568126145,0.016666666666666666,0.2757138516492882,1.0,13/27,22.35%,IGF1;CHST9;CHST8;FOXL1;BMPR1B;EXTL1;CHST13;UGDH;CHST11;XYLT1;CANT1;CSGALNACT2;EXT1
prerank,mRNA Transcription By RNA Polymerase II (GO:0042789),0.5168957760773738,1.67140741777993,0.025,0.3606573688591061,1.0,9/31,15.93%,NR1H2;PPARG;S100A10;CREB1;TBP;RARA;NCOA2;TAF6;TAF2
prerank,Positive Regulation Of Ion Transmembrane Transporter Activity (GO:0032414),0.5481421805014467,1.6711489888980229,0.0,0.35753194582224274,1.0,11/25,11.46%,IFNG;COX17;SHANK3;ADRB2;AKAP9;PDZK1;NOL3;STAC;EDN1;TRPC6;ANK3
prerank,Regulation Of Cellular Ketone Metabolic Process (GO:0010565),0.6995417680315281,1.6688472099416607,0.0,0.3600897419917736,1.0,6/10,16.82%,NR1H4;FGFR4;CYP7A1;PRKAG2;NCOR2;SIRT1
prerank,Positive Regulation Of Protein Dephosphorylation (GO:0035307),0.5219391970646521,1.6677755453417913,0.0,0.3590295443607398,1.0,13/27,23.35%,CDH5;PPP1R15A;CAMTA1;PPIA;CALM3;ITGA1;PPP2R5A;PTBP1;CD300A;SPPL3;PRKCD;DYNLL1;GNA12
prerank,Regulation Of Mesenchymal Stem Cell Differentiation (GO:2000739),-0.7720590689522366,-1.667139229037603,0.0,0.2858699538470853,1.0,5/7,15.75%,SLC4A11;SOX9;LTBP2;PDGFRA;REST
prerank,Chondroitin Sulfate Biosynthetic Process (GO:0030206),-0.7143198844052816,-1.6662253327531713,0.017857142857142856,0.28399618038486546,1.0,10/12,21.86%,CHST9;CHST15;CHST3;CHST13;UGDH;CHST11;CHSY3;CHST7;CHSY1;CSGALNACT2
prerank,mRNA Metabolic Process (GO:0016071),0.4357338122310302,1.6646824724628428,0.0,0.3657725168718531,1.0,18/65,18.43%,SRSF7;SRRM4;HSPA1B;DDX5;ZFP36;SSB;HSPA1A;HSF1;CPSF6;U2AF1;PPARGC1A;METTL3;SF3A2;SRSF4;CNOT10;GEMIN2;LSM6;HNRNPA2B1
prerank,Fibrinolysis (GO:0042730),-0.7147489462518448,-1.6640531638780898,0.0,0.28529973920489493,1.0,5/9,21.03%,SERPINB2;FGB;PLAU;FGA;SERPINE1
prerank,Positive Regulation Of Microtubule Polymerization (GO:0031116),0.5416336176279115,1.664045595353236,0.029411764705882353,0.36447245227803704,1.0,10/24,19.60%,HSPA1B;CAV3;HSPA1A;CDK5RAP2;OCLN;FES;GIT1;CLASP1;SLAIN2;SLAIN1
prerank,Regulation Of RNA Metabolic Process (GO:0051252),0.4377741144013619,1.6637445601496652,0.0,0.36093701197293077,1.0,24/70,25.53%,NOVA2;SRRM4;OAS3;AHNAK;OASL;USP22;PQBP1;TAF6L;SGF29;ILDR2;CCNL2;MBNL3;CLK1;SUPT3H;PTBP1;PTBP2;HNRNPA1;CELF1;MITF;TRA2B;SNRNP70;HNRNPLL;KAT2A;KAT2B
prerank,Negative Regulation Of Transmembrane Transport (GO:0034763),0.6496017557059446,1.6635968028974042,0.023809523809523808,0.35693456579580624,1.0,6/10,18.49%,CTTNBP2NL;ARL6IP5;IL1B;INPP5K;AKT2;RSC1A1
prerank,Oligosaccharide Metabolic Process (GO:0009311),-0.5588174278025946,-1.663380764269409,0.017241379310344827,0.28277018693379663,1.0,12/34,10.86%,ST8SIA2;FUT6;FUT2;B4GALNT2;B3GALT4;FUT3;B3GALT5;FUT9;ST8SIA5;ST6GALNAC1;ST8SIA4;AMY1C
prerank,Kidney Mesenchyme Development (GO:0072074),-0.8735951161255926,-1.6631388903351803,0.0,0.2786493346017615,1.0,3/5,3.89%,SIX2;SIX1;SIX4
prerank,mRNA Transport (GO:0051028),0.4761660135132969,1.6624142365389927,0.0,0.35653695896002874,1.0,22/46,25.44%,NXF3;GLE1;ZFP36;THOC5;THOC1;NOL3;SRSF3;NXF1;SMG7;THOC2;NUP107;NUP214;FYTTD1;MAGOHB;HNRNPA2B1;DDX19B;EIF4A3;NUP85;DDX39A;SMG1;ZFP36L1;CHTOP
prerank,Axo-Dendritic Protein Transport (GO:0099640),-0.7865252508347997,-1.6612590418506725,0.05660377358490566,0.2696190320915193,1.0,3/5,16.89%,MAP1A;RAB27B;MAPK8IP3
prerank,Protein Localization To Presynapse (GO:1905383),-0.7865252508347997,-1.6612590418506725,0.05660377358490566,0.2696190320915193,1.0,3/5,16.89%,MAP1A;RAB27B;MAPK8IP3
prerank,Anterograde Axonal Protein Transport (GO:0099641),-0.7865252508347997,-1.6612590418506725,0.05660377358490566,0.2696190320915193,1.0,3/5,16.89%,MAP1A;RAB27B;MAPK8IP3
prerank,Positive Regulation Of DNA-binding Transcription Factor Activity (GO:0051091),0.38076335298194286,1.659008790468489,0.0,0.36451669690057714,1.0,49/184,17.11%,RTKN2;CAV1;ADCY8;HSPA1B;CX3CR1;ANXA3;PPARG;CX3CL1;CD36;BEX1;ERC1;TRIM34;CAPN3;DDIT3;PRKCZ;HSPA1A;IL1RAP;HSF1;PRKD2;SPHK1;JUP;RGCC;SHH;ADCY1;IL1B;PPIA;BCL10;MALT1;TICAM2;NLRC4;TRIM58;EDN1;TRAF5;ZIC2;CAMK2A;TRIM25;RBCK1;PRKD1;PPARGC1A;PRKCH;RELA;ESR1;FZD4;HDAC4;SMARCA4;STAT3;ZC4H2;PRKCQ;PIDD1
prerank,Embryonic Skeletal System Development (GO:0048706),-0.561895528268191,-1.6586899446063113,0.0,0.27439411008683223,1.0,9/30,11.42%,OSR2;WNT5A;SOX11;SIX1;SULF1;COL1A1;HOXC9;PDGFRA;HOXC4
prerank,B Cell Receptor Signaling Pathway (GO:0050853),-0.5539389240737704,-1.6586790414747659,0.0,0.2700787249103345,1.0,6/29,6.18%,IGKC;IGLC3;IGHA2;BLNK;IGLC7;IGHM
prerank,Positive Regulation Of T-helper 1 Cell Cytokine Production (GO:2000556),0.8661138199931263,1.652399714407304,0.0,0.3816511643896162,1.0,3/5,7.82%,TBX21;XCL1;IL1B
prerank,Regulation Of T-helper 1 Cell Cytokine Production (GO:2000554),0.8661138199931263,1.652399714407304,0.0,0.3816511643896162,1.0,3/5,7.82%,TBX21;XCL1;IL1B
prerank,Negative Regulation Of Autophagosome Assembly (GO:1902902),0.6641545372125011,1.650806585862436,0.0,0.38306994195240296,1.0,5/10,19.79%,NUPR1;LRRK2;MTM1;PHF23;FEZ2
prerank,Negative Regulation Of Axon Extension Involved In Axon Guidance (GO:0048843),0.650040885885679,1.6499843591631513,0.0,0.38289692029840455,1.0,6/15,7.93%,SEMA6A;SEMA4A;SEMA5A;SEMA6D;SEMA3G;SEMA3E
prerank,Regulation Of Calcium-Mediated Signaling (GO:0050848),0.5632692578515115,1.649201258186942,0.029411764705882353,0.3806768231717989,1.0,5/20,8.67%,CDH13;RGN;SLC24A4;LRRK2;SLC8A2
prerank,Negative Regulation Of Cellular Response To Insulin Stimulus (GO:1900077),0.5611565076732208,1.6485892089679575,0.0,0.37749617295574095,1.0,13/24,20.41%,TSC2;PRKCZ;RPS6KB1;IL1B;INPP5K;GSK3A;ENPP1;GRB7;PTPN1;PRKCQ;APLP2;TNS2;PRKCD
prerank,Positive Regulation Of Insulin Secretion (GO:0032024),0.5252337261048442,1.6459277625959055,0.0,0.38223536691546955,1.0,7/30,4.98%,ADCY8;RFX6;SLC30A8;ANO1;TCF7L2;PLA2G6;GPER1
prerank,Positive Regulation Of Protein Metabolic Process (GO:0051247),0.3800220050795665,1.6437893599080518,0.0,0.38669937292697354,1.0,70/157,28.50%,NR1H2;C4BPA;KLF2;WNT7A;ASB9;VGLL4;FGFR4;CAPN3;PIWIL2;NFKBIA;ASB11;RDX;DDX3X;RPL26;SSB;KLF4;VIP;PLD1;CIRBP;PRKN;APC;EIF3C;RPS6KB1;IL1B;LARP6;BCL10;EIF3D;LARP4;GSK3A;TENT5B;VIM;VCP;RBX1;BAD;TIPARP;CSF1;NEDD4;METTL3;LARP4B;VPS11;WFS1;NKD1;SNF8;INHBA;HSP90AA1;PRKDC;NDUFA13;BCL3;SLC25A37;EIF4A3;LDB1;IL17D;AGO2;AGTR1;FBXW11;ASPSCR1;CSNK2A3;PSEN1;SAMD4A;EIF4G1;BARD1;CSNK2A1;OAZ3;RNF41;ERBB2;CUL4A;GSK3B;OGT;FMR1;EIF4G3
prerank,Positive Regulation Of Fibroblast Apoptotic Process (GO:2000271),-0.7473966722275404,-1.6436033912145327,0.06521739130434782,0.3144333904911063,1.0,2/6,4.95%,TP63;SFRP1
prerank,Histone H3 Acetylation (GO:0043966),0.49205485147812195,1.6435897511195923,0.0,0.38274378619084276,1.0,13/30,27.86%,USP22;TAF6L;SGF29;MBIP;TAF6;TAF2;SUPT3H;LDB1;NAA60;YEATS2;KAT2A;KAT2B;ENY2
prerank,Purine Ribonucleoside Bisphosphate Metabolic Process (GO:0034035),0.6935923074893392,1.6425830242053139,0.02127659574468085,0.3822638183371832,1.0,6/10,13.24%,SULT1A1;SULT1A2;SULT1C4;TPST2;SULT2B1;ENPP1
prerank,Regulation Of Cellular Response To Stress (GO:0080135),0.4137470933404813,1.642125933215803,0.03333333333333333,0.3808381570221767,1.0,36/88,30.12%,ADCY8;NUPR1;DNAJB1;INO80;CLN3;HSF1;NFE2L2;PRKN;USP22;DYRK3;TAF6L;SGF29;MCRS1;BABAM2;TAF6;TAF2;UBE2V2;SIRT1;SUPT3H;BABAM1;RAD51;CREBBP;CDK9;DNAJC2;EIF4G1;BARD1;KAT2A;KAT2B;ETAA1;RUVBL1;WDR76;ENY2;GSK3B;AJUBA;RADX;YY1
prerank,"Regulation Of mRNA Splicing, Via Spliceosome (GO:0048024)",0.4577636951898672,1.641726468219251,0.0,0.3780253995069392,1.0,33/69,30.38%,NOVA2;SRSF7;SRRM4;KHDRBS2;DDX5;KHDRBS3;CIRBP;SRSF6;TIA1;THRAP3;SRSF3;RBM23;SRSF4;PTBP1;RBM5;QKI;HNRNPA1;HNRNPU;RBM39;CELF1;TRA2B;NUP98;RBM7;SRPK2;CELF6;CLNS1A;RBM4;RBM47;FMR1;SRSF10;PRMT5;RBM25;HNRNPK
prerank,Adrenal Gland Development (GO:0030325),-0.770821643222183,-1.6389886701471228,0.0196078431372549,0.32736909168723183,1.0,3/6,9.17%,STRA6;WNT4;MDK
prerank,Regulation Of RNA Splicing (GO:0043484),0.42968538774390164,1.6386835248887321,0.0,0.38509676704209816,1.0,30/79,25.53%,SRRM4;AHNAK;HSPA1A;TIA1;USP22;SRSF3;PQBP1;TAF6L;SGF29;ILDR2;CCNL2;TMBIM6;RBM23;MBNL3;CLK1;SUPT3H;PTBP1;PTBP2;QKI;RPS13;HNRNPA1;RBM39;CELF1;TRA2B;SNRNP70;ZPR1;SRPK2;HNRNPLL;KAT2A;KAT2B
prerank,Establishment Of Planar Polarity (GO:0001736),0.7808094655472563,1.6373706296807773,0.0,0.3858458110969855,1.0,3/6,13.75%,BRSK2;FUZ;NPHP1
prerank,Regulation Of Low-Density Lipoprotein Particle Clearance (GO:0010988),0.6995329955005529,1.635985440335817,0.03636363636363636,0.3873415303134811,1.0,3/8,6.29%,NR1H4;LDLR;PCSK9
prerank,Macrophage Activation (GO:0042116),0.5365284362295738,1.635046595515469,0.018518518518518517,0.3866923527510072,1.0,7/26,6.34%,MYO1C;CX3CL1;IFNG;SBNO2;SLC11A1;SNCA;FOXP1
prerank,Primary Alcohol Catabolic Process (GO:0034310),0.8180713536487734,1.6330999843903482,0.0,0.3890437422167679,1.0,3/5,7.29%,SULT1A1;SULT1A2;SULT1C4
prerank,Regulation Of Smooth Muscle Cell Proliferation (GO:0048660),0.4585245734787119,1.6320748106577583,0.027777777777777776,0.38883372580122383,1.0,12/41,6.62%,CDH13;NDRG4;PPARG;CX3CL1;PDGFB;TCF7L2;IFNG;TRIB1;STAT1;VIP;FOXP1;MFN2
prerank,Negative Regulation Of Stress Fiber Assembly (GO:0051497),0.5461289200691773,1.6305446262174659,0.0,0.3893593682616635,1.0,11/21,21.39%,ARHGAP28;TMEFF2;INPP5K;PHLDB2;CGNL1;ARHGEF18;MYOC;CLASP2;CLASP1;PPFIA1;DYNLL1
prerank,Positive Regulation Of Natural Killer Cell Mediated Cytotoxicity (GO:0045954),0.6369982900414005,1.627272533992145,0.02631578947368421,0.3984159033458099,1.0,4/11,4.68%,KLRC3;KLRD1;CD226;KLRC4
prerank,Regulation Of Insulin-Like Growth Factor Receptor Signaling Pathway (GO:0043567),-0.7266346566879733,-1.6267806650022787,0.03571428571428571,0.36832003082920173,1.0,5/13,7.42%,CDH3;CILP;IGFBP5;IGF1;IGFBP2
prerank,Response To Vitamin D (GO:0033280),-0.8502692224341815,-1.6245459136163702,0.03773584905660377,0.36895781443236925,1.0,3/5,4.95%,CYP24A1;SPP1;SFRP1
prerank,Regulation Of Endothelial Cell Apoptotic Process (GO:2000351),0.5248486561545392,1.623215422099104,0.02702702702702703,0.4104423171536409,1.0,10/28,8.76%,TEK;GATA3;CDH5;PAK4;GPER1;SEMA5A;ECSCR;NFE2L2;RGCC;FASLG
prerank,Positive Regulation Of Macrophage Derived Foam Cell Differentiation (GO:0010744),0.6001233054312546,1.6226213024217657,0.0,0.4086079380825631,1.0,6/12,13.78%,CD36;MAPK9;PF4;MSR1;PRKCH;CSF1
prerank,Positive Regulation Of NIK/NF-kappaB Signaling (GO:1901224),0.47894308870786345,1.6224202152698781,0.0,0.4052646800633232,1.0,17/40,21.31%,RTKN2;MYO1C;LRRC19;DDX3X;C1QTNF4;SPHK1;IL1B;ILK;RELA;LIMS1;TRIM56;TLR7;TCIM;NFAT5;PHB1;IFI35;NR3C2
prerank,Regulation Of RNA Polymerase II Regulatory Region Sequence-Specific DNA Binding (GO:1903025),0.7327937815309116,1.6215142043934667,0.0,0.4042125095547142,1.0,2/7,4.30%,HAND1;DDIT3
prerank,Negative Regulation Of Actin Filament Bundle Assembly (GO:0032232),0.531361414825228,1.6208023989638702,0.02564102564102564,0.40345626033030857,1.0,13/24,21.39%,ARHGAP28;SHANK3;PRKN;TMEFF2;INPP5K;PHLDB2;CGNL1;ARHGEF18;MYOC;CLASP2;CLASP1;PPFIA1;DYNLL1
prerank,Regulation Of Autophagy Of Mitochondrion (GO:1903146),0.5908531141591672,1.6207575960199012,0.023809523809523808,0.3998497150507454,1.0,8/14,29.64%,FKBP8;PRKN;GSK3A;FZD5;SREBF2;SREBF1;HTT;CAMKK2
prerank,Positive Regulation Of Erythrocyte Differentiation (GO:0045648),0.5868121614305227,1.6205008109273844,0.018518518518518517,0.3967172308896843,1.0,8/20,18.24%,HSPA1B;TAL1;STAT1;HSPA1A;ARNT;STAT3;INHBA;PRKDC
prerank,Regulation Of Immature T Cell Proliferation In Thymus (GO:0033084),0.8950789916364149,1.6204709789648168,0.0,0.3929746155039326,1.0,4/5,7.82%,IHH;IL1A;SHH;IL1B
prerank,Phospholipid Homeostasis (GO:0055091),-0.6647820668995881,-1.6203783279275716,0.043478260869565216,0.37784609047516815,1.0,5/10,15.68%,LIPG;HNF4A;ABCB11;TLCD1;FABP3
prerank,Sinoatrial Node Development (GO:0003163),-0.8331212857273551,-1.6202878644033312,0.0,0.3726918967413551,1.0,5/7,8.86%,GJB6;SHOX2;CACNA1G;HCN4;MESP1
prerank,Positive Regulation Of Mitophagy In Response To Mitochondrial Depolarization (GO:0098779),0.7821956107771753,1.619643400577407,0.021739130434782608,0.3914234920884367,1.0,4/6,13.16%,PRKN;MFN2;TOMM7;OPTN
prerank,mRNA Export From Nucleus (GO:0006406),0.44144319404335236,1.6171069927976764,0.0,0.39870276880162653,1.0,24/51,28.32%,NXF3;GLE1;THOC5;THOC1;SRSF3;NXF1;SMG7;DDX19A;THOC2;NUP107;NUP214;FYTTD1;MAGOHB;HNRNPA2B1;DDX19B;EIF4A3;PCID2;NUP85;DDX39A;SMG1;NUP93;CHTOP;ENY2;FMR1
prerank,"Phototransduction, Visible Light (GO:0007603)",0.8323535407555916,1.6168785678145192,0.0,0.39634657602618645,1.0,4/6,14.23%,GNAT1;RHO;GNA11;GNAQ
prerank,Epigenetic Regulation Of Gene Expression (GO:0040029),0.41370932445075914,1.6166664442227847,0.0,0.39351730400565027,1.0,20/63,20.91%,CTCFL;SIRT2;WBP2;ZFP57;KMT2A;EZHIP;SGF29;CREBZF;MPHOSPH8;SDR16C5;SMYD5;BRD7;HDAC4;SMARCA4;PHF19;PPM1D;EPC1;PHB1;VPS72;PRMT7
prerank,G Protein-Coupled Acetylcholine Receptor Signaling Pathway (GO:0007213),0.6734200135741234,1.6153516775567105,0.0392156862745098,0.3947013616112847,1.0,7/12,20.38%,CHRM1;CHRM2;CHRM4;GNA11;GNAQ;GNA15;CHRM5
prerank,Negative Regulation Of Notch Signaling Pathway (GO:0045746),0.49285805465484356,1.6153404196429355,0.029411764705882353,0.39117724231118395,1.0,12/24,17.84%,EGFL7;WWP2;ARRB1;DLL4;RITA1;METTL3;NEURL1;LFNG;ARRDC1;TSPAN15;CDK3;TCIM
prerank,Leukotriene Metabolic Process (GO:0006691),0.6198253752327102,1.6152922479060632,0.022727272727272728,0.38771549680400536,1.0,8/14,20.38%,LTC4S;CYP4A11;DPEP2;LTA4H;MGST3;PTGR1;MGST2;CYP4F3
prerank,Regulation Of Lymphocyte Proliferation (GO:0050670),-0.6858474244278396,-1.6145844046946847,0.017857142857142856,0.38840605487069485,1.0,6/13,17.51%,LEP;SOX11;CD209;TNFSF18;CD22;IKZF3
prerank,Proline Transport (GO:0015824),-0.7078417461195674,-1.6139560032312688,0.037037037037037035,0.38569120616075864,1.0,3/7,17.66%,SLC7A5;SLC6A17;SLC3A2
prerank,Regulation Of Receptor Recycling (GO:0001919),0.5997873236876202,1.6138932247218334,0.020833333333333332,0.38842147135589655,1.0,6/15,14.48%,RAMP3;SNCA;LDLR;PCSK9;OPTN;LAMTOR1
prerank,Positive Regulation Of Branching Involved In Ureteric Bud Morphogenesis (GO:0090190),-0.7381621877400224,-1.6126192462590208,0.05263157894736842,0.38603941098438527,1.0,5/8,14.57%,GDNF;SIX1;SIX4;SOX9;VEGFA
prerank,Regulation Of ER-associated Ubiquitin-Dependent Protein Catabolic Process (GO:1903069),0.6858817549742544,1.6119978623200881,0.041666666666666664,0.3908423755572343,1.0,3/8,12.56%,CAV1;NFE2L2;SGTA
prerank,Regulation Of Gluconeogenesis (GO:0006111),0.5579707637396821,1.6113636818968933,0.0,0.39077537181926164,1.0,9/16,28.09%,SIK1;FBP1;PPARGC1A;SIRT1;PGPEP1;SELENOS;C1QTNF3;KAT2A;OGT
prerank,Regulation Of Monocyte Differentiation (GO:0045655),0.603605005094204,1.6112943757281184,0.025,0.38743541137636195,1.0,7/13,16.52%,IL34;FOXP1;FES;CSF1;CD74;CTNNBIP1;DCSTAMP
prerank,Positive Regulation Of Triglyceride Metabolic Process (GO:0090208),0.6320712040495794,1.6110054328214503,0.05,0.3855948850726165,1.0,9/14,25.40%,NR1H2;LDLR;DAGLB;SCARB1;ABHD5;MFSD2A;SLC27A1;SREBF1;GPLD1
prerank,Regulation Of Cellular Extravasation (GO:0002691),-0.7505705870044644,-1.6098184165867628,0.0,0.3915081153097783,1.0,4/9,5.61%,THY1;OLFM4;FUT9;PLVAP
prerank,Positive Regulation Of Protein Modification By Small Protein Conjugation Or Removal (GO:1903322),0.40602954338764735,1.6093687414752529,0.0,0.389388867232041,1.0,28/64,27.95%,CAV1;FAM107A;UBB;LRRK2;SPHK1;BCL10;MALT1;NDFIP1;GSK3A;GNL3;PRICKLE1;CENPS;TANK;FANCI;PHF23;COMMD1;HDAC4;WFS1;SMAD7;PIAS3;ZC3H12A;PIAS1;DCUN1D4;SPRTN;SAE1;FKBP1A;TBC1D7;GSK3B
prerank,Establishment Of Spindle Localization (GO:0051293),0.6297610335430787,1.60934503744187,0.08163265306122448,0.3863804229322385,1.0,7/10,23.40%,KIF25;MAP4;DYNC1H1;CLASP2;CLASP1;LLGL2;KPNB1
prerank,Positive Regulation Of Pinocytosis (GO:0048549),0.751157875981584,1.6082523533144257,0.0,0.3878773700577131,1.0,5/6,18.38%,CDC42;CLN3;AXL;PPT1;APLP2
prerank,Regulation Of Triglyceride Biosynthetic Process (GO:0010866),0.6274519182908833,1.6081705372229294,0.0,0.38493063383802484,1.0,9/14,25.40%,NR1H2;SIK1;LDLR;SCARB1;MFSD2A;SIRT1;SLC27A1;SREBF1;GPLD1
prerank,Cellular Response To Fibroblast Growth Factor Stimulus (GO:0044344),0.4890178951054696,1.6057880950230718,0.02702702702702703,0.3877992004950252,1.0,18/42,20.86%,FGF1;NR4A1;TRIM71;FGFR4;CEP57;ZFP36;HYAL1;FGF9;PTPN11;KL;FGFR2;DLL4;SHOC2;FGF20;FGF17;HYAL2;FLRT3;FGFR1
prerank,Gamma-Aminobutyric Acid Signaling Pathway (GO:0007214),-0.7214635743772275,-1.6056838563325577,0.0196078431372549,0.40497904603071483,1.0,3/11,3.07%,GABBR2;GABRA3;GABRG1
prerank,Regulation Of Stress Fiber Assembly (GO:0051492),0.40262018804358213,1.6050513892596403,0.0,0.38661688585936965,1.0,23/64,19.16%,ARHGEF15;CDC42;SYNPO2L;ARHGAP28;RGCC;TMEFF2;FHOD1;SORBS3;S100A10;INPP5K;PHLDB2;CGNL1;PXN;ARHGEF18;LIMCH1;CARMIL1;ACTG1;MYOC;CLASP2;RHOC;CLASP1;RAPGEF3;PPFIA1
prerank,Peripheral Nervous System Axon Ensheathment (GO:0032292),0.7948186961467777,1.6050132609991379,0.019230769230769232,0.3808179140749638,1.0,3/5,13.36%,SIRT2;LGI4;MYOC
prerank,Schwann Cell Development (GO:0014044),0.7948186961467777,1.6050132609991379,0.019230769230769232,0.3808179140749638,1.0,3/5,13.36%,SIRT2;LGI4;MYOC
prerank,Regulation Of Potassium Ion Transmembrane Transport (GO:1901379),0.5323730931326497,1.6048388975490924,0.0,0.3783779216660218,1.0,9/25,9.99%,CAV1;CAV3;FHL1;WWP2;NEDD4L;FLNA;KCNAB3;GNB2;KCNIP2
prerank,Positive Regulation Of Cellular Biosynthetic Process (GO:0031328),0.37659206706360615,1.6039265582292268,0.0,0.3781928940803237,1.0,52/144,18.71%,NR1H4;NR1H2;KLF2;SIRT2;NMD3;CD36;PDGFB;MLXIPL;TCF7L2;FGFR4;IFNG;CD244;PIWIL2;DDX3X;RPL26;SNCA;SSB;LDLR;KLF4;EGR1;PLD1;ARNT;PRKD2;CIRBP;AGTR2;RGCC;EIF3C;RPS6KB1;IL1B;SCARB1;LARP6;EIF3D;INSR;EDN1;LARP4;OPN3;MFSD2A;GIPC1;PPARGC1A;TENT5B;VIM;AKT2;METTL3;ZEB2;LARP4B;DUOXA1;STARD4;SIRT1;HSP90AA1;PRKDC;BCL3;EIF4A3
prerank,Fatty Acid Beta-Oxidation Using acyl-CoA Dehydrogenase (GO:0033539),0.7504472295992833,1.6019216329662487,0.020833333333333332,0.3817501488707409,1.0,5/7,17.96%,IVD;ACAD11;ETFDH;ACADVL;ETFB
prerank,Cellular Response To Fluid Shear Stress (GO:0071498),0.7438586937607561,1.6015475849890977,0.0,0.37979583988443366,1.0,5/9,12.34%,KLF2;KLF4;NFE2L2;MTSS1;SREBF2
prerank,Regulation Of Bile Acid Metabolic Process (GO:1904251),0.809523186020399,1.6003819100364778,0.0,0.3804706548144731,1.0,4/5,16.82%,NR1H4;FGFR4;CYP7A1;SIRT1
prerank,Fat-Soluble Vitamin Metabolic Process (GO:0006775),-0.6868326673419364,-1.6001334490389567,0.0,0.42215306081777104,1.0,3/15,0.84%,CYP24A1;RPE65;CYP1A1
prerank,Negative Regulation Of Peptidyl-Threonine Phosphorylation (GO:0010801),0.6397825911796331,1.5994972874458324,0.02040816326530612,0.380275380086308,1.0,7/12,24.60%,SIRT2;INPP5K;CALM3;DMTN;SMAD7;SPRED2;EIF4G1
prerank,Negative Regulation Of Receptor Signaling Pathway Via STAT (GO:1904893),0.6886618269639461,1.5994643598008456,0.020833333333333332,0.3774161667022004,1.0,4/12,3.56%,GBP7;CAV1;PPARG;CLEC12B
prerank,DNA Methylation (GO:0006306),0.588397806855098,1.5987550989950838,0.023255813953488372,0.3767172065966417,1.0,6/15,17.33%,FOS;ZFP57;EHMT1;BAZ2A;MTRR;PPM1D
prerank,Intracellular Sterol Transport (GO:0032366),0.6416220237066041,1.598636864925487,0.061224489795918366,0.3745572765756829,1.0,7/14,19.28%,GRAMD1C;RELCH;ARV1;STARD4;NPC1;OSBPL2;ABCG1
prerank,Detection Of Chemical Stimulus Involved In Sensory Perception Of Bitter Taste (GO:0001580),-0.7082847417493032,-1.5984449021636729,0.020833333333333332,0.4242766130367011,1.0,2/11,0.21%,CST1;CST2
prerank,Limb Development (GO:0060173),-0.5608242990894693,-1.59844480269655,0.0,0.41869402602306033,1.0,8/24,19.68%,GREM1;SMOC1;KREMEN1;KREMEN2;PTCH1;GLI3;DKK1;MEGF8
prerank,SNARE Complex Assembly (GO:0035493),0.7037774977642779,1.5977695224285309,0.022222222222222223,0.3753501228607696,1.0,6/9,19.25%,STXBP6;SNCA;UVRAG;STXBP1;VAMP2;VAMP4
prerank,Regulation Of Inclusion Body Assembly (GO:0090083),0.7559484925765505,1.5969131029322188,0.038461538461538464,0.37654563637170513,1.0,3/8,5.66%,HSPA1B;DNAJB1;HSPA1A
prerank,Cellular Response To Misfolded Protein (GO:0071218),0.5834114641495952,1.5963623494468409,0.024390243902439025,0.37618167407510533,1.0,4/15,12.66%,DNAJC18;ATXN3;UGGT1;VCP
prerank,Phosphatidylglycerol Biosynthetic Process (GO:0006655),0.7946071555927491,1.596221142266063,0.0,0.3740877530656959,1.0,6/7,20.53%,PLA2G6;TAFAZZIN;PLSCR3;PGS1;GPAM;SLC27A1
prerank,Innate Immune Response In Mucosa (GO:0002227),-0.7131465656123108,-1.596166739208483,0.015873015873015872,0.4240053727814682,1.0,4/10,9.31%,BPIFB1;LTF;RNASE2;H2BC11
prerank,Cellular Response To Heat (GO:0034605),0.5046062237938175,1.5950934216523245,0.0,0.3751653241025914,1.0,12/29,18.22%,HSPA1B;FGF1;IL1A;ATXN3;DHX36;DNAJB1;HSPA1A;HSF1;VCP;DAXX;TCIM;HSP90AA1
prerank,Positive Regulation Of Macrophage Activation (GO:0043032),-0.6531829220460248,-1.594142155068982,0.03076923076923077,0.42733893100730963,1.0,6/14,20.35%,MMP8;WNT5A;TTBK1;TLR6;TREM2;KARS1
prerank,Negative Regulation Of Endothelial Cell Proliferation (GO:0001937),0.482315625877261,1.592889010159138,0.0,0.37944753115379865,1.0,11/29,10.82%,CAV1;COL4A3;PPARG;APOH;STAT1;RGCC;PTPRM;ATOH8;DLL4;CNMD;CAV2
prerank,Oligosaccharide Biosynthetic Process (GO:0009312),-0.6230484776079673,-1.5927254017442445,0.041666666666666664,0.4265185919392481,1.0,8/19,8.19%,FUT6;FUT2;B4GALNT2;B3GALT4;FUT3;B3GALT5;FUT9;ST6GALNAC1
prerank,Cellular Defense Response (GO:0006968),0.5103893930798332,1.5923534475894132,0.0,0.37857381587314937,1.0,9/33,12.66%,GNLY;KLRC3;NCR1;CD5L;CX3CR1;LSP1;ITGB1;ITK;RELA
prerank,Regulation Of Embryonic Development (GO:0045995),0.46095569694771654,1.5918724985013006,0.0,0.3770178138873688,1.0,20/50,26.16%,DHX36;PHLDB1;INO80;SOX17;PHLDB2;INSR;SGF29;EHMT1;FOXA2;MBIP;MCRS1;CLASP2;CLASP1;NPHP3;CFL1;YEATS2;NIPBL;KAT2A;KAT2B;RUVBL1
prerank,Ventricular Cardiac Muscle Tissue Morphogenesis (GO:0055010),0.502441993152182,1.591783258205833,0.05263157894736842,0.37469521328317607,1.0,7/25,8.75%,HAND1;TNNC1;TGFBR3;TNNT2;FGFR2;ENG;DLL4
prerank,Cellular Response To Vascular Endothelial Growth Factor Stimulus (GO:0035924),0.5468704785290193,1.591638284537892,0.0,0.3725024952778539,1.0,10/25,12.66%,SEMA6A;VEGFD;NR4A1;FLT4;PRKD2;SPHK1;DLL4;PRKD1;GAB1;RELA
prerank,Integrated Stress Response Signaling (GO:0140467),0.5740339841495364,1.5911457661870463,0.018867924528301886,0.371894639231823,1.0,8/23,11.29%,FOS;DDIT3;JUN;NFE2L2;QRICH1;NFE2;CREBZF;JUNB
prerank,Positive Regulation Of Cell Adhesion Mediated By Integrin (GO:0033630),-0.6862275051530636,-1.5898097589888027,0.01694915254237288,0.4342690477778519,1.0,4/10,13.89%,CXCL13;SFRP2;FOXC2;CCL21
prerank,Negative Regulation Of Natural Killer Cell Mediated Immunity (GO:0002716),0.7935935465847744,1.5897763746685691,0.0,0.37370794034762006,1.0,3/5,8.05%,KLRD1;CLEC12B;KLRC1
prerank,Protein Localization To Membrane Raft (GO:1903044),0.859439026105469,1.5871345066210083,0.0,0.3781809111617191,1.0,1/5,0.07%,MYADM
prerank,L-amino Acid Transport (GO:0015807),-0.5731886211829025,-1.5865049886182205,0.04081632653061224,0.44233481797678426,1.0,12/20,19.59%,SLC36A1;SLC1A4;SLC7A5;SLC6A17;SLC32A1;SLC7A1;SLC1A3;SLC7A11;SLC17A8;SLC3A2;SLC6A9;SFXN1
prerank,Neuron Remodeling (GO:0016322),0.7863805447508003,1.5861761918301633,0.0,0.3789754832141595,1.0,3/7,6.10%,RND1;CX3CL1;ANKS1A
prerank,Negative Regulation Of Leukocyte Proliferation (GO:0070664),-0.8454984646976231,-1.5857151267889191,0.03773584905660377,0.44011035321451725,1.0,2/5,10.36%,GREM1;ENPP3
prerank,Bone Development (GO:0060348),-0.5292379548466967,-1.5856493443029924,0.01694915254237288,0.43513746843573853,1.0,8/34,6.54%,MMP13;EPYC;OSR2;TFAP2A;SULF1;LTF;SH3PXD2B;LRRC17
prerank,Negative Regulation Of Insulin Receptor Signaling Pathway (GO:0046627),0.5515015980231479,1.5846718816799548,0.024390243902439025,0.3815565792187638,1.0,12/23,20.41%,TSC2;PRKCZ;RPS6KB1;IL1B;INPP5K;GSK3A;ENPP1;GRB7;PTPN1;PRKCQ;TNS2;PRKCD
prerank,Positive Regulation Of Interferon-Beta Production (GO:0032728),0.531401636438386,1.5844887864881911,0.0,0.3796874259086731,1.0,11/27,18.22%,OAS3;ISG15;DDX3X;PTPN11;IRF1;IRF3;TRIM56;TLR7;POLR3G;TLR8;HSP90AA1
prerank,Axoneme Assembly (GO:0035082),-0.56403397729179,-1.583807549188043,0.01694915254237288,0.437286077418139,1.0,17/31,21.76%,CFAP206;FOXJ1;HYDIN;RSPH4A;RSPH9;DNAAF6;LRRC43;SPAG17;SPACA9;LRGUK;DNAAF2;PIERCE1;DNAJB13;CFAP46;DNAAF1;HOATZ;SPAG1
prerank,Regulation Of Muscle Contraction (GO:0006937),0.5313033066072845,1.5833965871336664,0.07142857142857142,0.37980301993282833,1.0,6/23,7.64%,TNNT1;CAV1;TNNI1;CHRM2;TNNC1;DAPK3
prerank,"Alternative mRNA Splicing, Via Spliceosome (GO:0000380)",0.6495756357732216,1.583171271942001,0.07692307692307693,0.3779697611711436,1.0,6/12,15.26%,DDX5;SCNM1;RSRC1;SRSF6;PQBP1;RBM17
prerank,Regulation Of Organ Growth (GO:0046620),0.7608218564016256,1.5830759620926314,0.038461538461538464,0.3759760541384696,1.0,2/7,2.84%,SLC6A4;WWC2
prerank,miRNA-mediated Gene Silencing By Inhibition Of Translation (GO:0035278),0.6374099073227197,1.5829328246915877,0.0,0.3738250042852123,1.0,7/11,26.98%,TRIM71;ZFP36;AGO2;AGO4;EIF4G1;RBM4;AGO3
prerank,Regulation Of Response To Biotic Stimulus (GO:0002831),0.5133419609511863,1.582931837274109,0.02564102564102564,0.37142869015517893,1.0,12/29,22.28%,CX3CL1;CD36;DAPK1;NFE2L2;FOXP1;IRF1;ERAP1;ZMPSTE24;GATA6;N4BP1;SAMHD1;PTPN22
prerank,Negative Regulation Of Catabolic Process (GO:0009895),0.41804141503934267,1.581317383711753,0.041666666666666664,0.37321983021076294,1.0,18/56,20.01%,PRKCG;SIRT2;NUPR1;QRICH2;HMGCR;FBP1;FLNA;IL1B;ATRAID;TIGAR;SGTA;HCAR2;RPL11;GIT1;HDAC4;PHB1;NQO1;PHF20L1
prerank,Negative Regulation Of Phosphorylation (GO:0042326),0.4150886048861701,1.5807136682961727,0.0,0.3731923766418627,1.0,21/61,21.84%,MYADM;SLIT2;FKBP8;LRRK2;PRKN;SH3GL2;CDKN2B;PPIA;INHA;CORO1C;INPP5K;TARDBP;OCLN;WWTR1;SIRT1;INHBA;PRKDC;HNRNPU;NTRK3;DYNLL1;KLHL31
prerank,Positive Regulation Of Myeloid Cell Differentiation (GO:0045639),0.5203700553878673,1.5796371787037613,0.02564102564102564,0.37539605073229887,1.0,11/29,19.03%,HSPA1B;TAL1;STAT1;HSPA1A;ARNT;MTURN;FES;STAT3;INHBA;PRKDC;HOXA5
prerank,Regulation Of Ceramide Biosynthetic Process (GO:2000303),0.7098120593256739,1.5765885027319622,0.0,0.38306994195240296,1.0,5/8,20.41%,PLA2G6;ORMDL3;SPHK1;ORMDL1;PRKCD
prerank,Positive Regulation Of Macromolecule Biosynthetic Process (GO:0010557),0.3897615064300626,1.5764287630231708,0.0,0.38139560818265467,1.0,31/100,18.71%,NMD3;PDGFB;FGFR4;IFNG;PIWIL2;DDX3X;RPL26;SSB;KLF4;PLD1;PRKD2;CIRBP;RGCC;EIF3C;RPS6KB1;IL1B;LARP6;EIF3D;NLRC5;INSR;LARP4;TENT5B;VIM;AKT2;METTL3;LARP4B;SIRT1;PRKDC;BCL3;SLC25A37;EIF4A3
prerank,Response To Progesterone (GO:0032570),0.6161826761804118,1.575805049970656,0.047619047619047616,0.38175625902389676,1.0,2/9,5.41%,CAV1;WBP2
prerank,Positive Regulation Of Phosphate Metabolic Process (GO:0045937),0.5246388434505784,1.575776466161316,0.023809523809523808,0.37941419608509985,1.0,8/25,11.81%,AMH;DSCAM;IFNG;CD244;KCTD20;SNCA;BCL10;ILK
prerank,Myeloid Cell Activation Involved In Immune Response (GO:0002275),0.547179605170563,1.5749858024013266,0.03636363636363636,0.3796960196994347,1.0,7/14,20.43%,DNASE1L3;MYO1C;IFNG;SBNO2;DYSF;FCER1G;IFI35
prerank,Nucleic Acid-Templated Transcription (GO:0097659),0.47764432107614746,1.5747042408384198,0.023255813953488372,0.3777387777770833,1.0,12/35,21.33%,NR4A2;TCEANC;MMS19;MLF1;TCEA2;TCEA3;NKX2-8;PTMA;PDE10A;EPC1;SMAD4;NFKBIB
prerank,Camera-Type Eye Development (GO:0043010),-0.6654158342298934,-1.5742565072516914,0.06,0.4719758109339914,1.0,6/15,14.57%,CYP1B1;STRA6;TENM3;FBN2;TSKU;VEGFA
prerank,Positive Regulation Of Sterol Biosynthetic Process (GO:0106120),0.7674900734231576,1.570397460998424,0.06557377049180328,0.38697795200558777,1.0,4/5,22.55%,FGF1;SREBF2;SH2D2A;SREBF1
prerank,Positive Regulation Of Cholesterol Biosynthetic Process (GO:0045542),0.7674900734231576,1.570397460998424,0.06557377049180328,0.38697795200558777,1.0,4/5,22.55%,FGF1;SREBF2;SH2D2A;SREBF1
prerank,Regulation Of Insulin Receptor Signaling Pathway (GO:0046626),0.468505414189362,1.5694649635532207,0.05714285714285714,0.3885592599036609,1.0,15/37,20.41%,TSC2;PRKCZ;PTPN11;RPS6KB1;IL1B;INPP5K;GSK3A;GKAP1;ENPP1;GRB7;PTPN1;SIRT1;PRKCQ;TNS2;PRKCD
prerank,Embryonic Skeletal System Morphogenesis (GO:0048704),-0.5738668228915521,-1.5689236257307408,0.017543859649122806,0.49034898456489,1.0,8/26,11.42%,OSR2;TFAP2A;TWIST1;SOX11;SIX1;HOXC9;PDGFRA;HOXC4
prerank,Dorsal/Ventral Pattern Formation (GO:0009953),-0.6075261600757994,-1.5685209983889745,0.017241379310344827,0.4869142423978358,1.0,8/20,11.92%,GREM1;SIX3;TLL2;MDFI;SFRP1;BMPR1B;LMX1B;PTCH1
prerank,Positive Regulation Of Endothelial Cell Migration (GO:0010595),0.4070178754619469,1.568485066864606,0.0,0.3904576594391028,1.0,34/69,28.69%,TEK;ANGPT4;EMC10;FGF1;ANXA3;GATA3;PDGFB;FUT1;SEMA5A;FLT4;FOXP1;PRKD2;ATOH8;SCARB1;EDN1;RIN2;PRKD1;PLCG1;NOS3;ADAM17;SIRT1;MAP2K3;FGFR1;RHOB;TMSB4X;KDR;ZNF580;ZC3H12A;GPLD1;BCAS3;ITGB1BP1;BMPR2;GATA2;STAT5A
prerank,Cyclic-Nucleotide-Mediated Signaling (GO:0019935),-0.5350000537037213,-1.5678624433404937,0.04918032786885246,0.48363529242939635,1.0,10/32,12.76%,GAL;HTR2B;ADCY2;ADCYAP1;AHR;IRAG1;PDE3A;SOX9;APOE;PDE7B
prerank,Negative Regulation Of Cellular Component Organization (GO:0051129),0.4288798909186309,1.567243104077896,0.0,0.3922502673586697,1.0,16/61,12.07%,NR1H4;HSPA1B;SOST;CDC42;PON1;DNAJB1;PRKCZ;RDX;DDX3X;HSPA1A;HSF1;TMEFF2;LRSAM1;TMC8;CARMIL1;PRKD1
prerank,Negative Regulation Of Humoral Immune Response Mediated By Circulating Immunoglobulin (GO:0002924),-0.8326512443363449,-1.5663427952461817,0.02040816326530612,0.4845802781206344,1.0,3/5,8.21%,CR2;FOXJ1;SUSD4
prerank,Type II Interferon-Mediated Signaling Pathway (GO:0060333),0.7525321315589517,1.5651481310281103,0.03773584905660377,0.3972577175802697,1.0,4/7,14.28%,IFNG;STAT1;IRF1;TYK2
prerank,Macrophage Activation Involved In Immune Response (GO:0002281),0.6545371204943231,1.5642805419483459,0.01694915254237288,0.39783512705349683,1.0,5/9,20.43%,MYO1C;IFNG;SBNO2;DYSF;IFI35
prerank,Epithelial Cell Differentiation (GO:0030855),-0.46936465900036883,-1.5640162046812889,0.015151515151515152,0.4883923608795216,1.0,26/88,14.61%,KRT14;KRT16;SIX3;CCNO;KRT17;SIX1;GSTA2;GSTA1;DHRS9;KRT32;OVOL1;BASP1;E2F8;FSTL1;KRT24;E2F7;MESP1;GLI1;AKR1C1;KRT36;ZNF703;EHF;UPK3A;VEGFA;PLAAT1;SPINK5
prerank,Regulation Of Endothelial Cell Proliferation (GO:0001936),0.4151024077406429,1.563965517949243,0.045454545454545456,0.3965196252065657,1.0,20/78,7.14%,CDH13;CAV1;TEK;EMC10;VEGFD;NR4A1;EGFL7;PDGFB;FUT1;APOH;TIE1;SEMA5A;STAT1;VIP;ARNT;FLT4;PRKD2;RGCC;PTPRM;ATOH8
prerank,Establishment Of Protein Localization To Plasma Membrane (GO:0061951),0.4826040585141062,1.5630137070573602,0.0,0.39709463969948966,1.0,12/28,29.73%,SPTBN1;RDX;VAMP5;ANK3;GOLPH3L;OPTN;VAMP2;NECTIN3;GGA1;KIF13A;RILPL1;RAB31
prerank,Positive Regulation Of Cell Adhesion (GO:0045785),-0.45612724040662045,-1.5628099091374212,0.015384615384615385,0.4882119592317685,1.0,25/69,18.37%,PRSS2;SFRP2;IBSP;FBLN2;SAA1;FUT3;AGR2;RNASE10;CCDC80;MDK;LAMA2;CXCL12;VIT;NID1;CCR7;TNFRSF18;FOXC2;CCL21;VEGFA;MEGF10;SIRPG;LAMC1;TNFSF18;TGM2;RHOD
prerank,Regulation Of Intrinsic Apoptotic Signaling Pathway (GO:2001242),0.47912148282492695,1.5616457652550815,0.08571428571428572,0.39920346966637715,1.0,7/40,8.92%,RTKN2;CAV1;DAPK2;NUPR1;DDIT3;DDX3X;NOL3
prerank,Positive Regulation Of Bone Resorption (GO:0045780),-0.749085303521404,-1.5598349932741322,0.02,0.4958422626211072,1.0,3/9,2.96%,MC4R;SPP1;TNFSF11
prerank,Cellular Response To Unfolded Protein (GO:0034620),0.5406554838308358,1.5597944059052031,0.04081632653061224,0.40354548177898336,1.0,8/17,15.32%,HSPA1A;HSF1;PRKN;HSPB8;TMBIM6;DAXX;OPTN;PTPN1
prerank,Membrane Organization (GO:0061024),0.3871280473119275,1.559176322856425,0.0,0.4035099576874652,1.0,41/139,23.24%,MYADM;CAV3;TTPA;SPTBN1;STX11;FCHO2;TSG101;EXOC5;CLN3;LMNA;MFN2;VPS37B;S100A10;CORO1C;EXOC6;PIK3C2A;HACE1;EXOC7;ANK3;SNAP23;CHMP1A;PDCD6IP;SYNGR2;PPT1;TOR1AIP1;DCSTAMP;SNF8;AP3D1;VAMP2;TMEM43;NPC1;OPA1;SH3GLB2;OSBPL2;SYP;CERT1;REEP4;TMCC1;AP2M1;PIP5K1C;GCA
prerank,Transcription Initiation-Coupled Chromatin Remodeling (GO:0045815),0.5177284328084619,1.5581045927024422,0.020833333333333332,0.4049095516267596,1.0,13/25,34.69%,CTCFL;WBP2;KMT2A;SGF29;BRD7;SMARCA4;VPS72;KAT2B;GLYR1;KAT7;SPI1;USP21;ARID1B
prerank,Lung Epithelium Development (GO:0060428),-0.6719477815007316,-1.5580845124937095,0.08163265306122448,0.4978657104896662,1.0,2/9,4.20%,STRA6;FOXJ1
prerank,Regulation Of Blood Vessel Endothelial Cell Migration (GO:0043535),0.45673897376919154,1.5571122370721908,0.029411764705882353,0.40597646237951746,1.0,17/42,21.92%,ANGPT4;PPARG;PDGFB;PRKD2;AGTR2;JUP;RGCC;PRKD1;PLCG1;NOS3;ADAM17;SIRT1;ATP2B4;MAP2K3;FGFR1;TMSB4X;KDR
prerank,Regulation Of Macrophage Differentiation (GO:0045649),0.5860204331462844,1.557063204946993,0.043478260869565216,0.4038786795399409,1.0,7/12,21.97%,IL34;HSF1;INHA;PF4;CSF1;INHBA;RIPK1
prerank,Regulation Of Fibroblast Apoptotic Process (GO:2000269),-0.6740596922628869,-1.5561901322854037,0.125,0.4997005694856181,1.0,2/8,4.95%,TP63;SFRP1
prerank,Detection Of Bacterium (GO:0016045),-0.7069739812270206,-1.5557428289142985,0.0625,0.49667263826432845,1.0,4/11,4.33%,PGLYRP3;PGLYRP4;SSC5D;HLA-A
prerank,Regulation Of NIK/NF-kappaB Signaling (GO:1901222),0.4247502761896602,1.5553741312461435,0.025,0.40972101219259466,1.0,24/59,22.28%,RTKN2;MYO1C;LRRC19;NFKBIA;DDX3X;C1QTNF4;SPHK1;UACA;IL1B;PPM1A;ILK;RELA;LIMS1;TRIM56;TLR7;TCIM;NFAT5;BCL3;PHB1;IFI35;C1QTNF3;TMSB4X;NR3C2;PTPN22
prerank,Regulation Of I-kappaB Phosphorylation (GO:1903719),0.817100303259465,1.5553411795314283,0.05555555555555555,0.40754775265103016,1.0,2/5,2.42%,CX3CR1;CX3CL1
prerank,"Positive Regulation Of Nuclear-Transcribed mRNA Catabolic Process, Deadenylation-Dependent Decay (GO:1900153)",0.6004780670849665,1.5550495738575696,0.02040816326530612,0.4064836481798115,1.0,6/12,24.51%,NANOS3;DHX36;ZFP36;PABPC1;TOB1;ZFP36L1
prerank,"mRNA Splicing, Via Spliceosome (GO:0000398)",0.35792146745688463,1.5537481608887505,0.0,0.4093635913496995,1.0,67/169,32.36%,NOVA2;SRSF7;DDX5;SNRPF;SNRPN;RBM42;SCNM1;RSRC1;CDK13;RALY;SRSF6;SRPK3;HNRNPA3;SNRNP200;RBM6;SRSF3;SNIP1;PQBP1;U2AF1;PABPC1;METTL3;SF3A2;SRSF4;RBM17;ESS2;RBMXL3;ISY1;GEMIN4;GEMIN2;CENATAC;LSM6;RBM5;MAGOHB;HNRNPA2B1;EIF4A3;HNRNPA1;ZRSR2;BUD31;HNRNPU;PRMT7;TRA2B;DDX46;ZCCHC8;SNRNP70;IK;DDX39A;GCFC2;SRPK2;DHX38;CLNS1A;RBM4;HNRNPM;RNPC3;CWC15;SRSF10;PPIH;PRMT5;C9ORF78;PRPF38A;DDX1;HNRNPK;SNRNP35;HNRNPR;LSM8;PRPF40A;XAB2;HSPA8
prerank,Cell Morphogenesis Involved In Neuron Differentiation (GO:0048667),0.402159051381424,1.5536955367629985,0.0,0.40738088721745036,1.0,19/61,14.81%,CCK;KLF7;OPHN1;SLITRK2;WNT7A;TRIM46;BRSK2;NTNG1;DOCK7;PARD6B;SLITRK5;FGFR2;DCC;UNK;ANK3;MFSD2A;BTBD3;RB1;S100A6
prerank,Proteoglycan Metabolic Process (GO:0006029),-0.5716951715321168,-1.5533284675641934,0.03636363636363636,0.5019730658257804,1.0,12/21,21.86%,SULF1;IGF1;CHST9;CHST8;FOXL1;BMPR1B;CHST13;CHST11;XYLT1;SULF2;CANT1;CSGALNACT2
prerank,Atrial Cardiac Muscle Tissue Development (GO:0003228),-0.7064938316177255,-1.5532989146353997,0.038461538461538464,0.49700963924440034,1.0,4/10,5.88%,GJB6;SHOX2;CACNA1G;HCN4
prerank,Cellular Response To Zinc Ion (GO:0071294),0.7710401695444629,1.5525300171032261,0.043478260869565216,0.40900458557323466,1.0,4/6,12.96%,MT1M;MT1E;MT1H;HVCN1
prerank,Positive Regulation Of Long-Term Synaptic Potentiation (GO:1900273),0.7244400823144299,1.5525134604100672,0.0,0.40704500664976073,1.0,2/8,3.93%,ADCY8;SHANK3
prerank,Positive Regulation Of Muscle Cell Differentiation (GO:0051149),-0.6488392817339987,-1.552458165706121,0.03125,0.49598641119446063,1.0,6/12,16.52%,OLFM2;MESP1;LAMA2;NID1;MYOCD;LAMC1
prerank,Negative Regulation Of Protein Modification Process (GO:0031400),0.39101378378815466,1.5524152567412153,0.03571428571428571,0.405106274310579,1.0,18/66,18.24%,MYADM;SLIT2;PPP1R15A;FXYD1;FKBP8;LRRK2;PRKN;SH3GL2;PPIA;CORO1C;INPP5K;TARDBP;OCLN;WWTR1;SIRT1;TPPP;ATP2B4;PRKDC
prerank,Toll-Like Receptor 4 Signaling Pathway (GO:0034142),0.5872885554009043,1.551465273064792,0.0851063829787234,0.4067913022614289,1.0,5/15,19.20%,NR1H4;MYO1C;TICAM2;S100A14;SCIMP
prerank,Negative Regulation Of Mitotic Cell Cycle Phase Transition (GO:1901991),0.4870976435170255,1.5511756804381471,0.027777777777777776,0.4053223479371624,1.0,13/35,17.20%,FAM107A;CDC73;FHL1;KLF4;PINX1;APC;RGCC;CDK2AP2;WEE1;USP44;RB1;BRD7;INHBA
prerank,Peptidyl-Lysine Hydroxylation (GO:0017185),-0.8250987672637309,-1.5511466286366813,0.037037037037037035,0.49705665112855135,1.0,3/5,12.22%,P3H3;P3H4;PLOD1
prerank,Regulation Of Microtubule Polymerization Or Depolymerization (GO:0031110),-0.5618289264040159,-1.5510168339218657,0.07272727272727272,0.49270170524022316,1.0,6/21,8.80%,STMN2;MAP1B;MAP1A;STMND1;GAS2L2;SKA3
prerank,Positive Regulation Of Protein Ubiquitination (GO:0031398),0.39866194305265895,1.5508739676337961,0.0,0.40416590152472837,1.0,29/66,32.28%,CAV1;FAM107A;UBB;LRRK2;SPHK1;BCL10;MALT1;NDFIP1;GSK3A;PRICKLE1;CENPS;RBX1;FANCI;PHF23;COMMD1;WFS1;ARRDC4;SMAD7;PEF1;DCUN1D4;SPRTN;FKBP1A;TBC1D7;GSK3B;ARRDC3;CUL3;PTTG1IP;MTA1;UBE2N
prerank,Regulation Of Actin Filament Bundle Assembly (GO:0032231),0.5106121255723852,1.550823106470361,0.041666666666666664,0.40235644944653437,1.0,9/25,9.57%,CDC42;CX3CL1;SYNPO2L;SHANK3;RDX;PRKN;FHOD1;MTSS1;VIL1
prerank,Morphogenesis Of An Epithelium (GO:0002009),-0.5681669124819154,-1.5502346454099256,0.05263157894736842,0.49141289770943347,1.0,7/21,17.04%,KRT6A;KRT16;WNT10A;SOX9;TIMELESS;RIPK4;KLK14
prerank,Regulation Of Cell Adhesion Molecule Production (GO:0060353),0.8379448159076436,1.5497923070330188,0.04081632653061224,0.4038737787538863,1.0,3/5,7.82%,NOTCH4;CAV1;IL1B
prerank,Negative Regulation Of Transport (GO:0051051),0.4531132086064762,1.5495514825833518,0.0,0.4022307523364292,1.0,12/33,18.49%,NR1H2;CTTNBP2NL;WWP2;SNCA;ARL6IP5;PRKN;LRSAM1;NDFIP1;PRKD1;SFRP4;ITGAV;RSC1A1
prerank,Negative Regulation Of G1/S Transition Of Mitotic Cell Cycle (GO:2000134),0.4972681548124616,1.5494411592121353,0.02564102564102564,0.40082285094316955,1.0,10/27,17.20%,FAM107A;CDC73;FHL1;KLF4;APC;CDK2AP2;WEE1;RB1;BRD7;INHBA
prerank,Sensory Perception Of Chemical Stimulus (GO:0007606),0.5577775600243107,1.5481171127614932,0.02564102564102564,0.40290387318727794,1.0,7/20,6.73%,OR5AK2;OR2S2;CD36;BEST2;SLC24A4;OR4D1;NXNL2
prerank,Positive Regulation Of Release Of Cytochrome C From Mitochondria (GO:0090200),-0.5765001716603807,-1.5475373363356453,0.037037037037037035,0.49806256717913533,1.0,9/19,19.10%,HRK;BIK;MLLT11;PDCD5;PPIF;BMF;BCL2L11;BBC3;BAK1
prerank,Endodermal Cell Differentiation (GO:0035987),-0.5300981246118649,-1.5466709551334041,0.0,0.49734442775920384,1.0,11/28,16.67%,MMP8;MIXL1;COL7A1;HMGA2;ITGA7;COL6A1;COL8A1;ITGB2;FN1;MMP14;LEO1
prerank,Neuroepithelial Cell Differentiation (GO:0060563),-0.8344741978340178,-1.5466262949862026,0.02127659574468085,0.492693812668134,1.0,3/5,6.36%,SOX11;MAP1B;DSPP
prerank,Negative Regulation Of Leukocyte Mediated Cytotoxicity (GO:0001911),0.7074568326420403,1.5463241779316992,0.022727272727272728,0.40626011328323086,1.0,4/9,8.05%,CX3CR1;KLRD1;CLEC12B;KLRC1
prerank,Negative Regulation Of Proteasomal Protein Catabolic Process (GO:1901799),0.49109229386615133,1.545272303941727,0.0,0.4080060324498658,1.0,19/33,28.96%,PRKCG;OPHN1;PSMF1;LAMP3;CAMLG;GIPC1;RPL11;RYBP;WAC;N4BP1;USP25;PHF20L1;PSME3IP1;CCAR2;TLK2;EIF3H;DDRGK1;OGT;SDCBP
prerank,Intermediate Filament Bundle Assembly (GO:0045110),-0.8253170581628131,-1.5441247981537656,0.0,0.4970566511285514,1.0,2/6,4.92%,KRT14;PKP1
prerank,Multicellular Organismal-Level Water Homeostasis (GO:0050891),-0.5727870447447871,-1.5434907509973317,0.09433962264150944,0.4954003692289106,1.0,3/13,8.03%,BPIFA1;AQP2;TRPV4
prerank,Regulation Of Steroid Biosynthetic Process (GO:0050810),0.6557561059081327,1.5431317775557496,0.06521739130434782,0.41294269566132846,1.0,4/9,6.38%,NR1H4;FGFR4;EGR1;CYP7A1
prerank,miRNA Processing (GO:0035196),0.5558522775212871,1.542532066036934,0.0,0.41314802628348046,1.0,13/26,23.29%,DDX5;TRIM71;SRRT;DROSHA;SRSF3;SNIP1;METTL3;DGCR8;HNRNPA2B1;TUT4;AGO2;ZC3H7A;AGO4
prerank,Negative Regulation Of RIG-I Signaling Pathway (GO:0039536),0.7681132709004226,1.5418343885900403,0.020833333333333332,0.4137042435568516,1.0,2/5,4.10%,RNF125;GPATCH3
prerank,Electron Transport Chain (GO:0022900),0.6082770357308808,1.5417806743796423,0.022727272727272728,0.4119371487992012,1.0,5/12,17.96%,NDUFA5;ETFRF1;ETFDH;PPARGC1A;ETFB
prerank,Establishment Of Epithelial Cell Apical/Basal Polarity (GO:0045198),0.6690172763723136,1.5417184989246153,0.04081632653061224,0.4099777922811158,1.0,2/7,2.07%,OPHN1;CDC42
prerank,Maintenance Of Gastrointestinal Epithelium (GO:0030277),-0.6906909851052633,-1.541641658860512,0.04,0.4992088727595204,1.0,8/12,22.26%,MUC13;VSIG1;TFF1;INAVA;SOX9;SERPINA3;TFF3;STRAP
prerank,RNA Processing (GO:0006396),0.3707322516763793,1.540053385152962,0.0,0.41374057455970314,1.0,55/147,32.67%,SRSF7;SRRM4;SNRPF;RBMS2;SNRPN;SCNM1;ADARB2;RSRC1;FASTKD3;THOC1;CPSF6;TENT4A;RBM6;NOL3;TARDBP;PPP2CA;U2AF1;PPARGC1A;FASTKD5;METTL3;SF3A2;SRSF4;RBPMS;GEMIN2;LSM6;RBM5;MAGOHB;HNRNPA2B1;ZRSR2;HNRNPU;RBM39;NRDE2;TUT4;CELF1;CCAR2;LSM1;EXOSC9;ZCCHC8;SRPK2;FASTKD1;MPHOSPH10;DEDD2;RBM4;RNPC3;YJU2;ZCRB1;LUC7L3;HNRNPK;PRPF18;FBXO11;SNRNP35;HNRNPR;EXOSC3;DNTTIP2;YJU2B
prerank,Positive Regulation Of Keratinocyte Proliferation (GO:0010838),-0.7535712973008544,-1.5399140364884671,0.0,0.5018068102563089,1.0,4/8,14.66%,CDH3;FGF7;MDK;LRG1
prerank,Negative Regulation Of Osteoblast Proliferation (GO:0033689),-0.8437536358698294,-1.539381193180603,0.0392156862745098,0.49965049948895623,1.0,3/5,4.95%,GREM1;TNN;SFRP1
prerank,Cellular Response To Growth Hormone Stimulus (GO:0071378),0.7013080772238123,1.5385387306342377,0.0,0.416082473535293,1.0,4/7,16.55%,GHR;SOCS2;PXN;STAT3
prerank,Vasculogenesis (GO:0001570),0.5230844036346699,1.5380998893598772,0.025,0.415508982344273,1.0,6/25,7.93%,CAV1;EGFL7;TGFBR3;SOX17;SHH;ENG
prerank,Regulation Of Bone Resorption (GO:0045124),-0.600636948492181,-1.5376872631278113,0.03125,0.5026324742792427,1.0,7/21,13.03%,MC4R;SPP1;TNFSF11;ITGB3;TMEM119;SIGLEC15;TNFRSF11A
prerank,Glycogen Biosynthetic Process (GO:0005978),-0.7489850379353566,-1.537403799212465,0.030303030303030304,0.49500051082039337,1.0,3/7,16.15%,NR1D1;UGP2;PPP1R3C
prerank,Glucan Biosynthetic Process (GO:0009250),-0.7489850379353566,-1.537403799212465,0.030303030303030304,0.49500051082039337,1.0,3/7,16.15%,NR1D1;UGP2;PPP1R3C
prerank,Angiotensin-Activated Signaling Pathway (GO:0038166),0.7620088929245004,1.5370469274856626,0.022222222222222223,0.4163803716873945,1.0,3/6,10.66%,CAV1;CA2;CAMK2A
prerank,Porphyrin-Containing Compound Catabolic Process (GO:0006787),-0.749220603232568,-1.536548943899308,0.0,0.4932834273824671,1.0,2/8,4.39%,UGT1A4;SLCO1B3
prerank,Regulation Of miRNA-mediated Gene Silencing (GO:0060964),0.5604816413864606,1.535884196241097,0.07317073170731707,0.4181301182635737,1.0,3/13,4.23%,PPARG;TRIM71;ZFP36
prerank,Positive Regulation Of Epithelial Cell Apoptotic Process (GO:1904037),0.5864375838918399,1.5343877357864353,0.058823529411764705,0.42115291863772947,1.0,6/14,14.72%,GPER1;ECSCR;RGCC;FASLG;PLCG1;SFRP4
prerank,Response To Amyloid-Beta (GO:1904645),-0.5417177229829556,-1.534272203886782,0.0,0.49861670338945696,1.0,9/29,13.12%,MMP13;MMP3;NGFR;MMP12;IGF1;GRM5;PRNP;GRIN2A;LRP1
prerank,Regulation Of Complement-Dependent Cytotoxicity (GO:1903659),-0.746397309121452,-1.5342614094943898,0.11363636363636363,0.49439986647553075,1.0,2/5,8.51%,IL11;IL10
prerank,Cellular Response To Laminar Fluid Shear Stress (GO:0071499),0.835929581875568,1.533437387138156,0.0,0.4229308353830763,1.0,4/5,12.34%,KLF2;KLF4;NFE2L2;SREBF2
prerank,mRNA Processing (GO:0006397),0.3482936435882398,1.533141016769825,0.0,0.4220022741255539,1.0,68/175,34.37%,NOVA2;SRSF7;SRRM4;DDX5;SNRPF;SNRPN;RBM42;RSRC1;RALY;SRSF6;CPSF6;HNRNPA3;SNRNP200;RBM6;SRSF3;SNIP1;U2AF1;PPARGC1A;PABPC1;RPRD1A;METTL3;SF3A2;SRSF4;ESS2;RBMXL3;ISY1;GEMIN2;CENATAC;LSM6;RBM5;MAGOHB;HNRNPA2B1;EIF4A3;HNRNPA1;ZRSR2;BUD31;HNRNPU;CELF1;TRA2B;DDX46;ZCCHC8;SNRNP70;IK;DDX39A;GCFC2;DHX38;RBM4;HNRNPM;RNPC3;CWC15;SRSF10;PPIH;C9ORF78;PRPF38A;HNRNPK;PRPF18;FBXO11;SNRNP35;HNRNPR;LSM8;PRPF40A;XAB2;HSPA8;FRA10AC1;BCAS2;USP49;CMTR1;CWC22
prerank,Neuron Fate Commitment (GO:0048663),-0.6458798718118464,-1.5330569606921076,0.0392156862745098,0.494501393114999,1.0,5/11,10.68%,BHLHA15;FOXN4;BHLHE22;POU3F2;ISL1
prerank,Glycosaminoglycan Biosynthetic Process (GO:0006024),-0.44775256052007667,-1.5326981344389747,0.0,0.4912103014328497,1.0,21/52,22.57%,B3GNT3;CHST6;CHST9;HS3ST2;CHPF;HS3ST3A1;CHST15;HS3ST1;CHST3;CHST13;UGDH;CHST2;CHST11;XYLT1;CHSY3;ST3GAL1;CHST7;CHSY1;CSGALNACT2;EXT1;CHST5
prerank,Heme Catabolic Process (GO:0042167),-0.7745107649508447,-1.5311227764986126,0.018867924528301886,0.4943514757608793,1.0,2/7,4.39%,UGT1A4;SLCO1B3
prerank,Detection Of Chemical Stimulus Involved In Sensory Perception Of Taste (GO:0050912),-0.6598422129633972,-1.5291866655971347,0.02,0.4984745137522315,1.0,3/13,6.11%,CST1;CST2;TAS1R3
prerank,Regulation Of Lysosomal Lumen pH (GO:0035751),0.5681373275977801,1.529127778172823,0.02564102564102564,0.43339639134936436,1.0,7/19,16.02%,LRRK2;ATP6V0A1;CLN3;ATP6V0C;ATP6V1A;PPT1;CCDC115
prerank,Renal Filtration (GO:0097205),-0.6588278076011919,-1.528452273858199,0.03773584905660377,0.49694264730948523,1.0,7/12,17.75%,IGKV3-20;IGHA2;SULF1;JCHAIN;TMEM63C;TBC1D8B;SULF2
prerank,Antifungal Innate Immune Response (GO:0061760),0.7142613785037784,1.5275684965476917,0.034482758620689655,0.43715667345394194,1.0,2/8,2.27%,CX3CR1;CLEC6A
prerank,Fatty Acid Beta-Oxidation Using acyl-CoA Oxidase (GO:0033540),0.6350403712923437,1.526228248678454,0.06521739130434782,0.438693978175675,1.0,4/9,10.70%,SCP2;ACOXL;AMACR;ACOX1
prerank,Type B Pancreatic Cell Development (GO:0003323),-0.8442053890432004,-1.525430409011468,0.0,0.5052724635438993,1.0,2/5,5.48%,NKX6-1;CDH2
prerank,Positive Regulation Of Protein Catabolic Process (GO:0045732),0.3836341225544053,1.524884271229419,0.0,0.4414047961618645,1.0,27/75,18.30%,C4BPA;NUPR1;ASB9;VGLL4;IFNG;ASB11;RDX;RNF128;ECSCR;VIP;PCSK9;PRKN;APC;IL1B;PSMC2;GSK3A;VCP;RBX1;TIPARP;NEDD4;PSMC6;VPS11;NKD1;SNF8;TMTC3;HSP90AA1;NDUFA13
prerank,B Cell Proliferation (GO:0042100),-0.6401148066858824,-1.5247062146505583,0.05263157894736842,0.5045510005458528,1.0,4/14,8.51%,IFNE;CR2;CD180;IL10
prerank,RNA Transport (GO:0050658),0.48081982415949365,1.5239276043805898,0.025,0.44264546276015837,1.0,15/29,28.32%,ZFP36;NOL3;NPAP1;SIDT2;NUP214;HNRNPA2B1;HNRNPA1;ATXN2;NUP98;KPNB1;DDX39A;YBX1;ZFP36L1;RTRAF;FMR1
prerank,Microglial Cell Activation (GO:0001774),0.6538611178525731,1.521689325545683,0.0425531914893617,0.44910521100376444,1.0,4/11,5.36%,CX3CR1;CX3CL1;IFNG;SNCA
prerank,Carboxylic Acid Biosynthetic Process (GO:0046394),0.6147176241451673,1.5216269005579395,0.044444444444444446,0.4471752584361129,1.0,7/13,16.21%,RGN;CDO1;CYP4A22;CYP4A11;NLRC4;CARNS1;NAIP
prerank,Fibroblast Growth Factor Receptor Signaling Pathway (GO:0008543),0.48918807716006757,1.5208159064946345,0.025,0.4479190899135657,1.0,12/28,20.86%,FGF1;TRIM71;FGFR4;FGF9;PTPN11;KL;FGFR2;SHOC2;FGF20;FGF17;FLRT3;FGFR1
prerank,Negative Regulation Of Bone Remodeling (GO:0046851),-0.7552572828330233,-1.5205326745038494,0.034482758620689655,0.5167987758936705,1.0,3/7,10.50%,GREM1;SFRP1;TMEM119
prerank,Endochondral Ossification (GO:0001958),-0.7738926342394594,-1.520383360022237,0.05454545454545454,0.5133481646273638,1.0,3/6,10.50%,DLX5;FOXC1;TMEM119
prerank,Lipid Modification (GO:0030258),-0.5297367655333959,-1.5197116824488672,0.03333333333333333,0.5124152456331473,1.0,8/26,10.24%,CYP1A1;PLA2G7;PLPP4;PLPP2;PLPPR4;DGKA;PLPPR3;SGPP2
prerank,Anoikis (GO:0043276),0.70711436837054,1.5195045081331975,0.024390243902439025,0.4505263660739876,1.0,2/7,1.39%,TSC2;DAPK2
prerank,Amine Metabolic Process (GO:0009308),0.7055226578858049,1.519111666419008,0.04,0.4501569353058906,1.0,3/8,5.80%,SULT1A1;SULT1A2;INMT
prerank,Regulation Of Gap Junction Assembly (GO:1903596),0.6794481959846261,1.5187898863226017,0.02040816326530612,0.44940737934756375,1.0,2/7,7.82%,CAV1;IL1B
prerank,Adult Heart Development (GO:0007512),0.7572274624814492,1.5185551649903086,0.06,0.4481555673663389,1.0,2/5,7.05%,TCAP;SCUBE1
prerank,Positive Regulation Of Cellular Extravasation (GO:0002693),-0.7069931464137529,-1.518475157965216,0.04081632653061224,0.5142115115213672,1.0,6/10,20.40%,THY1;PLVAP;MDK;CCR2;XG;CD47
prerank,Regulation Of Excitatory Synapse Assembly (GO:1904889),0.7832176451091656,1.5180174719623745,0.018867924528301886,0.44811835967481,1.0,2/5,2.02%,SEMA4A;WNT7A
prerank,Carbohydrate Biosynthetic Process (GO:0016051),-0.5495613111648763,-1.5160632971891799,0.11538461538461539,0.5193188142217899,1.0,8/22,8.19%,FUT6;FUT2;B4GALNT2;B3GALT4;FUT3;B3GALT5;FUT9;ST6GALNAC1
prerank,Positive Regulation Of T Cell Cytokine Production (GO:0002726),0.5558387852187331,1.5152277066310815,0.046511627906976744,0.4571616591201517,1.0,7/17,12.05%,TBX21;XCL1;PRKCZ;RSAD2;IL1B;MALT1;FZD5
prerank,Negative Regulation Of Response To Endoplasmic Reticulum Stress (GO:1903573),0.5233806576610104,1.515194274994296,0.027777777777777776,0.45520159768876983,1.0,11/22,20.68%,NR1H2;LRRK2;HSPA1A;PRKN;CREB3L1;TMBIM6;PTPN1;WFS1;OPA1;USP25;SELENOS
prerank,Positive Regulation Of Morphogenesis Of An Epithelium (GO:1905332),-0.6212723500145659,-1.512618971336902,0.034482758620689655,0.5309727873007404,1.0,6/14,14.57%,GDNF;SIX1;SIX4;MDK;SOX9;VEGFA
prerank,Cellular Response To Lectin (GO:1990858),0.5912849369333625,1.5125998449048879,0.10256410256410256,0.46110270790567015,1.0,4/15,11.85%,KLRC3;KLRD1;KLRC4;FYN
prerank,Stimulatory C-type Lectin Receptor Signaling Pathway (GO:0002223),0.5912849369333625,1.5125998449048879,0.10256410256410256,0.46110270790567015,1.0,4/15,11.85%,KLRC3;KLRD1;KLRC4;FYN
prerank,Positive Regulation Of Unsaturated Fatty Acid Biosynthetic Process (GO:2001280),0.7184876737261703,1.5125597397518424,0.022727272727272728,0.45908915896285063,1.0,3/5,15.23%,ANXA1;IL1B;CD74
prerank,Protein Localization To Cell Periphery (GO:1990778),0.3612986523215996,1.512530590097843,0.0,0.4572164911032545,1.0,40/113,20.48%,MYADM;CAV1;RAB40A;CAV3;EMP2;SPTBN1;TMEM88;EFR3B;FCHO2;PACS1;ZDHHC22;RDX;RAMP3;HYCC2;FLNA;JUP;PDZK1;S100A10;P2RY1;INPP5K;EHD1;LIN7A;TNFRSF1A;ANK3;STXBP1;PRAM1;LIN7C;BSG;EPB41L3;RAB8B;TSPAN15;RAP2A;CLASP2;RAPGEF6;HYCC1;TTC7B;PIP5K1A;EHD2;CD81;GAK
prerank,Stress Granule Assembly (GO:0034063),0.5492623479645372,1.5122351399068155,0.044444444444444446,0.45621990200776796,1.0,9/20,19.64%,DDX3X;CIRBP;TIA1;UBAP2L;GRB7;G3BP2;DYNC1H1;EIF2S1;DAZAP2
prerank,Contractile Actin Filament Bundle Assembly (GO:0030038),0.5421910990364435,1.512014724926405,0.0,0.4532172274601391,1.0,12/14,39.72%,PHACTR1;ITGB1;ZYX;KCTD13;TNFAIP1;FHDC1;SORBS1;CUL3;SRC;RHOA;PDLIM1;PDCD10
prerank,Stress Fiber Assembly (GO:0043149),0.5421910990364435,1.512014724926405,0.0,0.4532172274601391,1.0,12/14,39.72%,PHACTR1;ITGB1;ZYX;KCTD13;TNFAIP1;FHDC1;SORBS1;CUL3;SRC;RHOA;PDLIM1;PDCD10
prerank,White Fat Cell Differentiation (GO:0050872),0.7416737246442353,1.5110697279770284,0.0,0.45443324073017727,1.0,2/6,2.34%,FFAR4;PPARG
prerank,"Regulation Of Alternative mRNA Splicing, Via Spliceosome (GO:0000381)",0.4593240242813255,1.5104134303170182,0.03225806451612903,0.4549144227913879,1.0,19/41,29.64%,NOVA2;SRRM4;KHDRBS2;DDX5;KHDRBS3;SRSF6;TIA1;THRAP3;PTBP1;RBM5;HNRNPA1;HNRNPU;TRA2B;RBM7;CELF6;RBM4;RBM47;FMR1;RBM25
prerank,Glycine Transport (GO:0015816),-0.7515340256406711,-1.509659720185523,0.06521739130434782,0.5392645766991004,1.0,3/6,8.32%,SLC36A1;SLC6A17;SLC32A1
prerank,Cellular Response To Angiotensin (GO:1904385),0.7389918483753904,1.5091896876871436,0.043478260869565216,0.45815694093208775,1.0,4/6,20.41%,CA2;CAMK2A;RELA;PRKCD
prerank,Embryonic Cranial Skeleton Morphogenesis (GO:0048701),-0.6171050905847547,-1.5085670470124664,0.057692307692307696,0.5392731422812127,1.0,4/12,10.85%,TFAP2A;TWIST1;SIX1;PDGFRA
prerank,Epithelial Tube Morphogenesis (GO:0060562),0.459089486958609,1.5071182912707435,0.06451612903225806,0.4637666573379068,1.0,12/27,24.49%,GATA3;SLIT2;ACVRL1;PRKD2;SOX17;SHH;MTSS1;RASIP1;RHOB;NKX3-1;CTNNB1;HES1
prerank,Positive Regulation Of Actin Filament Bundle Assembly (GO:0032233),0.4306436128944737,1.5069384887797528,0.0,0.46271224547689876,1.0,14/43,13.36%,ARHGEF15;CDC42;CX3CL1;SYNPO2L;RGCC;FHOD1;SORBS3;S100A10;MTSS1;VIL1;PXN;LIMCH1;CARMIL1;MYOC
prerank,Regulation Of T-helper 17 Type Immune Response (GO:2000316),0.6700430430096317,1.506916246890684,0.07142857142857142,0.46077621097699545,1.0,5/8,19.77%,CLEC6A;JUNB;TYK2;PRKCQ;SMAD7
prerank,Positive Regulation Of NLRP3 Inflammasome Complex Assembly (GO:1900227),0.5679933811422738,1.5064564147585717,0.023809523809523808,0.4606888977831907,1.0,6/16,14.91%,CD36;DDX3X;MARK4;PPP2CA;PRKD1;NEK7
prerank,Intraciliary Transport Involved In Cilium Assembly (GO:0035735),0.8132640922575785,1.5063014227124385,0.03773584905660377,0.45948377085269787,1.0,2/5,8.65%,IFT74;IFT81
prerank,Negative Regulation Of Protein Ubiquitination (GO:0031397),0.456933041187676,1.50613548112956,0.08823529411764706,0.45817134930487124,1.0,9/45,6.06%,CAV1;HSPA1B;PRKCG;ISG15;CAMLG;GTPBP4;ARRB1;HSPA1A;PINX1
prerank,Regulation Of Cardiac Muscle Hypertrophy In Response To Stress (GO:1903242),0.7905731434265534,1.505754631861964,0.043478260869565216,0.45792067592328856,1.0,3/5,6.17%,TRPC3;PPARG;LMNA
prerank,Polarized Epithelial Cell Differentiation (GO:0030859),0.5869413934238858,1.5054351727571706,0.06521739130434782,0.4576720572415549,1.0,2/10,2.07%,OPHN1;CDC42
prerank,Positive Regulation Of ER-associated Ubiquitin-Dependent Protein Catabolic Process (GO:1903071),0.7351675329945662,1.5051988777258827,0.0392156862745098,0.4562672823345401,1.0,3/6,12.56%,CAV1;NFE2L2;SGTA
prerank,Vitamin Transport (GO:0051180),0.5253033359371635,1.5043794188436983,0.041666666666666664,0.45769994871036884,1.0,15/24,30.24%,FOLR3;TTPA;SLC19A1;SLC19A3;SLC52A1;SLC2A3;ABCD4;TCN2;ABCG2;SLC27A1;LRP2;PDPN;CD320;SLC22A1;SLC2A14
prerank,Negative Regulation Of Signaling Receptor Activity (GO:2000272),0.5079210248335384,1.5043144243555433,0.023809523809523808,0.45607667402940155,1.0,5/20,5.11%,PPARG;CLEC12B;TSG101;GPRC5A;RAMP3
prerank,Positive Regulation Of Neuron Differentiation (GO:0045666),-0.5393401409357529,-1.5036668228777694,0.017857142857142856,0.5581313688542354,1.0,14/28,19.67%,SOX11;BEND6;BRINP3;TCF4;ECT2;ADRA2C;TRIM32;KCTD11;ARHGEF2;REST;BRINP2;SIN3A;PROX1;GPRC5B
prerank,Response To Laminar Fluid Shear Stress (GO:0034616),0.7126175811147277,1.5034997428333636,0.0425531914893617,0.45761297277139656,1.0,6/8,19.77%,KLF2;KLF4;SMAD6;NFE2L2;SREBF2;SMAD7
prerank,Heart Trabecula Morphogenesis (GO:0061384),0.5133029235632457,1.5027660645464513,0.06,0.4588520366715306,1.0,4/16,8.75%,TEK;TGFBR3;ENG;DLL4
prerank,Negative Regulation Of Receptor Signaling Pathway Via JAK-STAT (GO:0046426),0.5973420850219834,1.50252803218316,0.09523809523809523,0.45786789506251657,1.0,6/14,20.52%,GBP7;CAV1;PPP2CA;BCL3;SOCS3;SH2B3
prerank,Amino Acid Transmembrane Transport (GO:0003333),-0.5068708508377726,-1.5017874951121126,0.05263157894736842,0.5625052072560911,1.0,12/33,13.75%,SLC7A7;SLC36A1;SLC38A11;SLC7A5;SLC16A2;SLC7A1;LRRC8E;SLC22A4;SLC7A11;MFSD12;SLC38A4;SLC6A6
prerank,Negative Regulation Of Toll-Like Receptor 4 Signaling Pathway (GO:0034144),-0.7125386784573793,-1.501659984204256,0.05,0.5587387174443591,1.0,2/7,10.38%,BPIFB1;NR1D1
prerank,Regulation Of Behavior (GO:0050795),-0.6188624686631907,-1.5005725550997324,0.0,0.5591632092765457,1.0,5/13,11.47%,STRA6;HTR2B;AIM2;NR1D1;APOE
prerank,Retinoic Acid Receptor Signaling Pathway (GO:0048384),0.7107461350516289,1.500322966511251,0.05357142857142857,0.46243104546445457,1.0,3/7,15.02%,PPARG;THRA;RARA
prerank,Positive Regulation Of Vasculogenesis (GO:2001214),0.6648693779534005,1.4995661166691154,0.043478260869565216,0.4632421343892374,1.0,5/8,25.85%,TMEM100;RIN2;KDR;RAP1A;RAPGEF2
prerank,RNA Splicing (GO:0008380),0.4106854425536206,1.4988983649431837,0.0,0.4634299517339567,1.0,29/75,31.28%,SRSF7;SNRPF;SNRPN;SCNM1;RSRC1;NOL3;TARDBP;PPP2CA;U2AF1;PPARGC1A;SRSF4;GEMIN2;LSM6;MAGOHB;ZRSR2;NRDE2;CCAR2;LSM1;TRA2B;RNF113B;SRPK2;MPHOSPH10;RNPC3;YJU2;SRSF10;ZCRB1;LUC7L3;PRPF18;SNRNP35
prerank,Regulation Of Chondrocyte Differentiation (GO:0032330),-0.5259198600169566,-1.4986889019639,0.03508771929824561,0.5637362181912603,1.0,8/22,13.82%,GREM1;BMPR1B;MDK;SOX9;NKX3-2;GDF6;ADAMTS12;LOXL2
prerank,Cellular Hypotonic Response (GO:0071476),-0.7786430949194527,-1.4985488986896978,0.0392156862745098,0.5600940569651458,1.0,2/5,8.03%,SLC4A11;TRPV4
prerank,Positive Regulation Of Adaptive Immune Response Based On Somatic Recombination Of Immune Receptors Built From Immunoglobulin Superfamily Domains (GO:0002824),0.6171753614524252,1.4976097668210784,0.024390243902439025,0.4664091594200298,1.0,5/10,16.96%,CLEC6A;SLC11A1;IL1B;TYK2;PRKCQ
prerank,Response To Type I Interferon (GO:0034340),0.7402226767294837,1.4975551057776892,0.0,0.46485829557187025,1.0,4/6,15.00%,ISG15;MX1;TRIM56;IFIT1
prerank,Amino Acid Catabolic Process (GO:0009063),0.4836955146658044,1.4975419765131703,0.043478260869565216,0.4630978638533389,1.0,13/29,21.98%,MCCC1;IVD;HAL;SLC25A44;ALDH6A1;DDO;CARNS1;KMO;THNSL2;MTRR;ETFB;OTC;BCKDHA
prerank,Embryonic Hemopoiesis (GO:0035162),0.6355971636911745,1.4974913972503276,0.043478260869565216,0.4614615426978147,1.0,7/10,21.92%,TAL1;FLT3LG;THOC5;KMT2A;ZFPM1;SH2B3;KDR
prerank,Negative Regulation Of Endoplasmic Reticulum Stress-Induced Intrinsic Apoptotic Signaling Pathway (GO:1902236),0.5817574234141644,1.4970364259522333,0.075,0.461652621689696,1.0,8/13,20.68%,LRRK2;HSPA1A;PRKN;CREB3L1;TMBIM6;PTPN1;OPA1;SELENOS
prerank,Regulation Of Microtubule Depolymerization (GO:0031114),-0.5114652723385968,-1.4966278680135392,0.03508771929824561,0.5629957943606989,1.0,5/21,8.03%,STMN2;MAP1B;MAP1A;TPX2;TRPV4
prerank,Dendritic Cell Migration (GO:0036336),-0.5790696840602715,-1.493832851607232,0.08,0.57086173225444,1.0,7/15,20.73%,CCR7;GPR183;CCL21;EPS8;CLU;CCR2;CCR1
prerank,Glycoprotein Biosynthetic Process (GO:0009101),-0.44747266498494487,-1.4933924852649045,0.014084507042253521,0.5684279628921421,1.0,14/69,8.58%,ST8SIA2;FUT6;FUT2;ALG3;IGF1;CHST9;B3GALT5;FUT9;CHST8;ST8SIA5;ST6GALNAC1;FOXL1;BMPR1B;ST8SIA4
prerank,Cardiolipin Biosynthetic Process (GO:0032049),0.7944948273171916,1.4931782649023002,0.018518518518518517,0.47345538514151564,1.0,5/6,20.53%,PLA2G6;TAFAZZIN;PLSCR3;PGS1;SLC27A1
prerank,AMP Metabolic Process (GO:0046033),-0.6688469709679318,-1.4931264608137638,0.058823529411764705,0.5654915150879934,1.0,4/10,14.51%,NT5C1A;AK4;ADSS1;AMPD3
prerank,Lipid Oxidation (GO:0034440),-0.7855164741696485,-1.4925523746827754,0.05660377358490566,0.5639065501384228,1.0,2/6,2.67%,ADIPOQ;PLA2G7
prerank,Ubiquitin-Dependent Protein Catabolic Process (GO:0006511),0.3207629942034721,1.4921751559382652,0.0,0.4759998723149303,1.0,82/303,25.31%,CNOT4;TBL1X;ATXN3;SIRT2;PSMF1;RNF125;TRIM71;MVB12B;TBX21;DDIT3;RMND5B;WWP2;TSG101;RNF128;ARRB1;UBAP1L;NEDD4L;NFE2L2;PRKN;APC;RNF216;UBE4A;FBXO21;RNF133;VPS37B;HECTD1;NDFIP1;PSMC2;ZNRF1;COPS3;UBE2D4;GSK3A;HACE1;PSMD11;ARIH2;TRIM25;RBCK1;CHFR;USP44;PSMD3;CHMP1A;HERC3;VCP;KCTD13;RBX1;AREL1;COP1;UBE3C;SPOP;TNFAIP1;MAEA;NEDD4;RNF144B;RNF166;PSMC6;PSMD8;ANAPC11;ARRDC1;SIRT1;RFFL;WDR26;ELOC;PSMD12;PSMA7;MYLIP;UBE2A;UBR3;TBL1XR1;NAE1;CSNK1A1;KLHDC2;FBXW11;UBR4;RNF149;RNF5;CUL1;UBE2G2;CTNNB1;HERC4;SMURF2;PSMB7;CHMP4A
prerank,Tail-Anchored Membrane Protein Insertion Into ER Membrane (GO:0071816),0.5549016445918721,1.491547305818669,0.025,0.4770028012817278,1.0,11/15,33.66%,EMC10;CAMLG;SGTA;GET1;EMC2;EMC8;EMC1;EMC3;EMC4;MMGT1;UBL4A
prerank,Fluid Transport (GO:0042044),-0.6415106604146846,-1.4903141519720071,0.038461538461538464,0.5695695028050127,1.0,4/11,5.98%,SLC4A11;AQP2;AQP5;AQP7
prerank,Insulin Metabolic Process (GO:1901142),0.7123244427311822,1.4902919698420185,0.06666666666666667,0.47983923602491413,1.0,1/6,0.70%,SLC30A8
prerank,Regulation Of Interferon-Beta Production (GO:0032648),0.4611429243248871,1.4893575482522583,0.05714285714285714,0.48087388572929446,1.0,14/38,20.09%,OAS3;ISG15;DDX3X;PTPN11;RNF216;IRF1;RELB;IRF3;TRIM56;TLR7;POLR3G;TLR8;HSP90AA1;PTPRS
prerank,Negative Regulation Of Insulin-Like Growth Factor Receptor Signaling Pathway (GO:0043569),-0.8512112475114528,-1.489221647204377,0.03508771929824561,0.5700828736912242,1.0,2/5,3.02%,CILP;IGFBP5
prerank,Peptide Hormone Secretion (GO:0030072),0.5520774427835952,1.4889639458021424,0.05263157894736842,0.48055715781963904,1.0,6/14,10.31%,SLC30A8;FFAR4;ANXA1;VIP;CDK16;EDN1
prerank,Regulation Of Cholesterol Storage (GO:0010885),0.577546844028491,1.4889068755294343,0.044444444444444446,0.4790114284623549,1.0,6/12,12.34%,NR1H2;PPARG;SCARB1;EHD1;MSR1;SREBF2
prerank,Positive Regulation Of Protein Processing (GO:0010954),0.5125493843872715,1.4878127006550532,0.020833333333333332,0.48099759628609995,1.0,6/15,10.96%,ANGPTL8;CLEC3B;HPN;S100A10;NLRC4;KLKB1
prerank,Negative Regulation Of Actin Filament Polymerization (GO:0030837),0.5136956372181719,1.4876985850013267,0.022727272727272728,0.47956807131647056,1.0,6/21,9.57%,MYADM;TMSB15A;SLIT2;KANK4;KANK3;VIL1
prerank,Positive Regulation Of Tooth Mineralization (GO:0070172),-0.8111987727860422,-1.4870788513073119,0.022727272727272728,0.5755767815103839,1.0,3/7,4.15%,AMTN;TFAP2A;WNT6
prerank,Positive Regulation Of Adipose Tissue Development (GO:1904179),0.6494504219266778,1.4862395366649643,0.057692307692307696,0.4834961000347286,1.0,3/7,16.82%,PPARG;NCOA2;SIRT1
prerank,Proteasomal Protein Catabolic Process (GO:0010498),0.32351233258194084,1.4856521694460467,0.0,0.4835447098746565,1.0,58/183,28.10%,TBL1X;ATXN3;SIRT2;BRSK2;TRIM71;TBX21;DDIT3;RMND5B;WWP2;ARRB1;NEDD4L;NFE2L2;PRKN;APC;RNF216;HECTD1;PSMC2;ZNRF1;GSK3A;PSMD11;RBCK1;USP44;PSMD3;VCP;KCTD13;RBX1;COP1;SPOP;TNFAIP1;MAEA;CCDC47;PSMC6;UBXN6;PSMD8;SIRT1;RFFL;WDR26;PSMD12;PSMA7;UBE2A;TBL1XR1;CSNK1A1;KLHDC2;FBXW11;RNF5;CUL1;CTNNB1;SMURF2;PSMB7;SKP1;SIAH1;RNF41;PSMD4;PELI1;CUL4A;GSK3B;RNF34;DDI1
prerank,Supramolecular Fiber Organization (GO:0097435),-0.3775911286426375,-1.4855982010979145,0.0,0.577975775668492,1.0,42/232,12.20%,KRT14;KRT6A;GREM1;KRT75;KRT6B;KRT16;KRT5;COL3A1;ADAMTS14;COL1A2;CYP1B1;DES;COL14A1;STMN2;KRT17;EMILIN1;INA;COL18A1;TLL2;KRT32;ADAMTS2;XIRP1;COL1A1;STMND1;LUM;TNFAIP6;P3H4;LMOD1;KIF24;KRT24;TRPV4;LOX;KRT80;KIF2C;KIF18B;KIF14;LTBP2;FAT1;ADAMTS3;PGM5;MYO5C;POF1B
prerank,Negative Regulation Of Cell Cycle (GO:0045786),0.3868168807935482,1.4855251882830087,0.0,0.48206908744462884,1.0,25/63,21.02%,GATA3;NR4A1;NUPR1;INCA1;HPGD;IPO7;GPER1;BRINP1;APC;INHA;DUSP1;RPS6KA2;NLRP2B;TENT5B;TP53I13;TP53BP2;RB1;TAF6;SIRT1;ANGEL2;RRP8;PPP1R13B;SIPA1;GAS1;RHOB
prerank,Nucleotide-Excision Repair (GO:0006289),0.4273879271054689,1.4849639111491162,0.027777777777777776,0.4822273111006674,1.0,16/45,20.15%,NTHL1;MMS19;ERCC3;XPC;TENT4A;USP44;POLB;COMMD1;ERCC1;SIRT1;POLD3;RPA4;XPA;UVSSA;GTF2H2C;HUS1B
prerank,Positive Regulation Of Histone Methylation (GO:0031062),0.5363420062466162,1.4845300086200355,0.08333333333333333,0.48181060100957873,1.0,10/17,28.32%,BAZ2A;MCRS1;SIRT1;RRP8;KANSL3;SMAD4;CTNNB1;KAT8;OGT;PHF20
prerank,Negative Regulation Of Epithelial Cell Proliferation (GO:0050680),0.39528050996251635,1.484446940973358,0.0,0.4803055763836803,1.0,18/61,11.41%,CAV1;GATA3;NUPR1;TGFBR3;CDC73;APOH;STAT1;HPN;RGCC;PTPRM;ATOH8;CDKN2B;FGFR2;MTSS1;KRT4;CNMD;CAV2;GDF5
prerank,Heart Looping (GO:0001947),0.49401482345661996,1.4843768839956257,0.0425531914893617,0.47865619672992876,1.0,7/27,7.93%,HAND1;NDRG4;IHH;TBX2;SOX17;SHH;ENG
prerank,Positive Regulation Of Myeloid Cell Apoptotic Process (GO:0033034),0.6576084174836628,1.4842184891939176,0.09090909090909091,0.4776379155010567,1.0,3/6,16.82%,ANXA1;HCAR2;SIRT1
prerank,Regulation Of G1/S Transition Of Mitotic Cell Cycle (GO:2000045),0.382363779064873,1.4842060752692714,0.0,0.4759587483276031,1.0,25/85,18.38%,FAM107A;CDC73;ANXA1;FHL1;HYAL1;INO80;RDX;DDX3X;KLF4;CCNH;APC;RGCC;CDK2AP2;CDKN2B;WEE1;PPP2CA;BCL7B;SMARCC2;RB1;ADAM17;BRD7;UBE2E2;SMARCA4;INHBA;APLP2
prerank,Thyroid Hormone Generation (GO:0006590),-0.7090459715466713,-1.4838079546934142,0.061224489795918366,0.5810446701611437,1.0,6/9,13.38%,DIO2;SLC5A5;FOXE1;TG;DIO1;THPO
prerank,Peptide Antigen Assembly With MHC Protein Complex (GO:0002501),0.6562320438035376,1.4833934068612937,0.06666666666666667,0.4777234053469798,1.0,6/8,31.72%,HLA-DQA1;HLA-DRB5;HLA-DQA2;HLA-DOA;HLA-DRA;CALR
prerank,Branched-Chain Amino Acid Catabolic Process (GO:0009083),0.5782242897561238,1.482962959758727,0.061224489795918366,0.4772298197704396,1.0,4/14,7.31%,MCCC1;IVD;SLC25A44;ALDH6A1
prerank,Regulation Of Osteoblast Proliferation (GO:0033688),-0.6764067998582173,-1.482960695634535,0.05660377358490566,0.580674962500767,1.0,8/12,20.40%,GREM1;TNN;LTF;SFRP1;TMEM119;MN1;PLXNB1;CCNA2
prerank,Skeletal System Morphogenesis (GO:0048705),-0.48677801591846914,-1.482824407645068,0.04477611940298507,0.5772598784337596,1.0,11/38,11.42%,MMP13;OSR2;TFAP2A;SOX11;SIX1;LTF;HOXC9;FBN2;RFLNA;PDGFRA;HOXC4
prerank,Cellular Response To Metal Ion (GO:0071248),0.3693129625316237,1.4826909258116943,0.0,0.47643465898739723,1.0,28/87,15.11%,ADCY8;FOS;MT1M;MT1E;MT1H;CAPN3;LRRK2;JUN;SNCA;SYT15;HSF1;FBP1;PRKN;SYT13;ADCY1;CPNE2;ADD1;MAPK9;CPNE4;ANK3;TIGAR;DAXX;HVCN1;SYT17;CDKN2AIP;CPNE8;NEK7;ADGRV1
prerank,Negative Regulation Of Exocytosis (GO:0045920),0.5794570421803902,1.482224199026296,0.043478260869565216,0.47584786043320315,1.0,3/10,6.48%,STXBP6;SNCA;PRKN
prerank,Proteolysis (GO:0006508),-0.3783848784634932,-1.4820601264669042,0.0,0.5769664421572225,1.0,48/216,13.45%,MMP1;PRSS2;MMP7;PCSK1;MMP8;CPA4;MMP3;PAPPA;ADAMTS18;CPXM1;TMPRSS4;CAPN13;ADAMTS14;MMP12;ADAM28;KLK13;MMP16;CTSL;CTSA;TLL2;BACE2;TRABD2B;ADAMTS2;PAPPA2;HTRA1;HABP2;GGT5;CAPN5;ADAM23;ADAMTS19;CAPN6;ADAMTS16;CPXM2;CTSE;ADAMTS9;PLAU;CAPN1;ATG4A;WFDC2;ADAMTS15;ADAM19;ST14;ADAMTS3;PTCH1;CPD;PRSS22;ADAMTS12;ADAMTS5
prerank,Peptidyl-Tyrosine Dephosphorylation Involved In Inactivation Of Protein Kinase Activity (GO:1990264),0.7124340475700661,1.4820590373896343,0.05,0.47445739350556615,1.0,4/5,23.61%,PTPRB;PTPN1;PTPRO;DUSP3
prerank,Bone Morphogenesis (GO:0060349),-0.6166641482683877,-1.4799163971479854,0.10526315789473684,0.5827875230663199,1.0,5/12,8.39%,MMP13;OSR2;TFAP2A;LTF;BMPR1B
prerank,Regulation Of Helicase Activity (GO:0051095),0.7490861188770686,1.4798437676885303,0.08333333333333333,0.4801203645983427,1.0,3/5,16.82%,MSH2;IFIT1;SIRT1
prerank,Regulation Of Cysteine-Type Endopeptidase Activity Involved In Apoptotic Process (GO:0043281),0.38607564202719014,1.4791237659806735,0.0,0.48123130124343877,1.0,21/64,20.27%,LAMP3;GPER1;DDX3X;SNCA;ARL6IP5;KLF4;DAPK1;SOX7;UACA;BCL10;MALT1;SH3RF1;BAD;RPS6KA3;BCAP31;NAIP;RAF1;SIRT1;NDUFA13;DELE1;CARD16
prerank,Negative Regulation Of Smooth Muscle Cell Apoptotic Process (GO:0034392),-0.7647890453368377,-1.4789229199375908,0.03571428571428571,0.5836391542445096,1.0,2/5,12.61%,IGF1;LYPD3
prerank,Regulation Of Cytokine Production Involved In Immune Response (GO:0002718),-0.5945218909077065,-1.4777903189264268,0.038461538461538464,0.5853346083922984,1.0,7/17,17.39%,WNT5A;SLC7A5;INAVA;IL10;F2RL1;CCR2;FFAR3
prerank,Regulation Of Platelet-Derived Growth Factor Receptor Signaling Pathway (GO:0010640),0.7054943576157372,1.4776527289052535,0.06382978723404255,0.4850820469950225,1.0,2/8,5.36%,NDRG4;SNCA
prerank,Regulation Of RIG-I Signaling Pathway (GO:0039535),0.5817645332768242,1.477568903113529,0.041666666666666664,0.48392760308243127,1.0,3/13,6.46%,RNF125;GPATCH3;OASL
prerank,Negative Regulation Of Type I Interferon Production (GO:0032480),0.46541876116361997,1.477413848628494,0.0,0.4827316245971035,1.0,12/29,24.10%,GBP7;RNF125;GPATCH3;XAF1;PTPN11;RNF216;RELB;RBX1;ILRUN;PTPRS;BANF1;ATG12
prerank,Regulation Of T-helper 1 Type Immune Response (GO:0002825),0.7495228936212497,1.476403774158622,0.0,0.48544932636115584,1.0,2/5,5.35%,XCL1;SLC11A1
prerank,Cholesterol Transport (GO:0030301),0.4463922949315216,1.4762070490324213,0.023255813953488372,0.48435489574022966,1.0,16/36,19.28%,CAV1;CD36;LCAT;ABCA8;STARD3;LDLR;RELCH;SOAT2;SCARB1;OSBPL5;ABCA5;MSR1;STARD4;NPC1;OSBPL2;ABCG1
prerank,Definitive Hemopoiesis (GO:0060216),0.7917434388665057,1.4761998245958199,0.020833333333333332,0.4827280198920899,1.0,3/6,4.97%,TEK;TGFBR3;HIPK1
prerank,Hyaluronan Biosynthetic Process (GO:0030213),0.7826817060500402,1.4757737584089448,0.06382978723404255,0.48267791153287454,1.0,3/5,8.85%,HYAL1;IL1B;HAS3
prerank,Nose Development (GO:0043584),-0.8016681495796772,-1.4756643389684632,0.02702702702702703,0.5918362967835729,1.0,4/5,19.54%,STRA6;SIX4;GLI3;PROX1
prerank,Positive Regulation Of Cardiac Epithelial To Mesenchymal Transition (GO:0062043),0.6985612490370937,1.4752902159463503,0.0784313725490196,0.4827256580464224,1.0,2/6,7.93%,EMP2;ENG
prerank,DNA Alkylation (GO:0006305),0.624817379188217,1.475161280997991,0.044444444444444446,0.4816069589842996,1.0,7/10,28.24%,FOS;EHMT1;BAZ2A;MTRR;PPM1D;KMT2E;GATAD2A
prerank,Triglyceride Homeostasis (GO:0070328),0.5168252232569323,1.4751145458227912,0.03125,0.48015693899633766,1.0,7/21,7.91%,GPIHBP1;NR1H4;ANGPTL4;ANGPTL8;MLXIPL;PLA2G12B;SCARB1
prerank,Proton Motive Force-Driven ATP Synthesis (GO:0015986),0.44378392859537175,1.4750867801948844,0.0,0.4786685253496957,1.0,12/41,19.88%,ATP5PF;ATP5MG;NDUFA5;NDUFA12;ATP5MGL;ATP5MC2;NDUFA7;SDHD;NDUFA13;NDUFC1;NDUFA11;NDUFB5
prerank,Negative Regulation Of Monoatomic Ion Transport (GO:0043271),0.5408358089330702,1.4749334571752153,0.09302325581395349,0.4776230500350676,1.0,7/14,14.16%,CAV3;WNK4;VIP;NOS1;STC1;INPP5K;NEDD4
prerank,Diacylglycerol Metabolic Process (GO:0046339),0.5127206689990601,1.4748876857925626,0.022222222222222223,0.4761532536730694,1.0,10/17,27.16%,MOGAT1;DAGLB;DGKE;PGS1;GPAM;DGKD;DGAT1;LIPE;PLCE1;DGKH
prerank,Lytic Vacuole Organization (GO:0080171),0.47752950672446015,1.4748826386833187,0.05128205128205128,0.4745500440647426,1.0,10/24,24.12%,LRRK2;CLN3;NAGPA;HOOK2;LAMTOR1;CLVS2;ARSB;SPG11;GNPTAB;PI4KB
prerank,Oxidative Phosphorylation (GO:0006119),0.41970360807145607,1.4744335152375534,0.0425531914893617,0.4750048236215665,1.0,11/42,19.88%,ATP5PF;NIPSNAP2;ATP5MG;NDUFA5;NDUFA12;NDUFA7;SDHD;NDUFA13;NDUFC1;NDUFA11;NDUFB5
prerank,Negative Regulation Of Biomineral Tissue Development (GO:0070168),-0.5643203796794298,-1.473936981812242,0.07692307692307693,0.5949222672360136,1.0,7/14,22.83%,GREM1;SOX9;HEY2;ROCK2;CCR1;ECM1;TGFB1
prerank,"RNA Splicing, Via Transesterification Reactions With Bulged Adenosine As Nucleophile (GO:0000377)",0.35019790379123245,1.4726915543563408,0.0,0.4790628185248929,1.0,55/145,32.36%,NOVA2;SRSF7;DDX5;SNRPF;SNRPN;RBM42;RSRC1;RALY;SRSF6;HNRNPA3;SNRNP200;RBM6;SRSF3;SNIP1;U2AF1;PABPC1;METTL3;SF3A2;SRSF4;ESS2;RBMXL3;ISY1;CENATAC;LSM6;RBM5;MAGOHB;HNRNPA2B1;EIF4A3;HNRNPA1;ZRSR2;BUD31;HNRNPU;TRA2B;DDX46;ZCCHC8;SNRNP70;IK;DDX39A;GCFC2;DHX38;RBM4;HNRNPM;RNPC3;CWC15;SRSF10;PPIH;C9ORF78;PRPF38A;HNRNPK;SNRNP35;HNRNPR;LSM8;PRPF40A;XAB2;HSPA8
prerank,Odontogenesis (GO:0042476),-0.4975288073792703,-1.4723374435512053,0.09433962264150944,0.5994247255648814,1.0,9/27,9.48%,AMTN;OSR2;COL1A2;WNT6;AQP5;COL1A1;FOXC1;WNT10A;SSUH2
prerank,SA Node Cell Action Potential (GO:0086015),-0.7565799103473263,-1.4720777574491835,0.08695652173913043,0.5969853833023312,1.0,3/5,14.34%,CACNA1G;HCN4;KCNA5
prerank,Negative Regulation Of Rho Protein Signal Transduction (GO:0035024),0.5702292862738362,1.4719244733463304,0.0,0.48091830119925744,1.0,8/16,21.39%,SCAI;HEG1;ITGA3;KCTD13;MYOC;TNFAIP1;RASIP1;DYNLL1
prerank,Regulation Of Cellular Catabolic Process (GO:0031329),0.38108060967363333,1.471410895596511,0.06666666666666667,0.4814416620034261,1.0,9/52,9.60%,DAPK2;NUPR1;LAMP3;DDIT3;LRRK2;DAPK1;PRKN;DAPK3;UVRAG
prerank,Heart Trabecula Formation (GO:0060347),0.7761011902926228,1.4712785163719395,0.0,0.4803172782096355,1.0,2/5,2.87%,TEK;TGFBR3
prerank,rDNA Heterochromatin Formation (GO:0000183),0.674644796611626,1.4702316358591,0.10256410256410256,0.48280579042552585,1.0,3/6,18.10%,SIRT2;SIRT1;RRP8
prerank,Proton Motive Force-Driven Mitochondrial ATP Synthesis (GO:0042776),0.4506639781966477,1.4698786984706071,0.024390243902439025,0.48201100883094755,1.0,10/35,19.88%,ATP5PF;ATP5MG;NDUFA5;NDUFA12;NDUFA7;SDHD;NDUFA13;NDUFC1;NDUFA11;NDUFB5
prerank,Positive Regulation Of Proteasomal Ubiquitin-Dependent Protein Catabolic Process (GO:0032436),0.37920981960228367,1.4696405013710265,0.0,0.4816400945932216,1.0,21/72,16.17%,CAV1;HSPA1B;SIRT2;LRRK2;TRIB1;HSPA1A;NFE2L2;PRKN;HECTD1;GSK3A;ARIH2;PRICKLE1;SH3RF1;CSNK1D;SGTA;VCP;RBX1;COP1;RNF144B;TRIB2;BCAP31
prerank,Negative Regulation Of Cardiac Muscle Hypertrophy (GO:0010614),0.6274115808751864,1.4695261644339241,0.044444444444444446,0.4804370295946259,1.0,4/9,10.77%,CAV3;PPARG;LMNA;GSK3A
prerank,Myelination (GO:0042552),0.447999112393519,1.4691386967529794,0.02127659574468085,0.4803971584745118,1.0,17/37,24.06%,MYRF;SIRT2;DEGS1;EIF2B5;LGI4;MYOC;MAL;SBF2;GPM6B;EPB41L3;PLLP;TPPP;HYCC1;SCN8A;ADGRG6;MAL2;GAL3ST1
prerank,Positive Regulation Of Receptor Recycling (GO:0001921),0.6699973465555117,1.4678392599154384,0.0784313725490196,0.48266075658697427,1.0,2/7,5.36%,RAMP3;SNCA
prerank,Positive Regulation Of Triglyceride Biosynthetic Process (GO:0010867),0.6723454024339479,1.4670343676606177,0.023255813953488372,0.48385365555488696,1.0,7/9,25.40%,NR1H2;LDLR;SCARB1;MFSD2A;SLC27A1;SREBF1;GPLD1
prerank,Negative Regulation Of Potassium Ion Transmembrane Transport (GO:1901380),0.6699528672528611,1.4668670947532603,0.06666666666666667,0.4826589734563968,1.0,3/9,6.14%,CAV1;CAV3;NEDD4L
prerank,Sarcomere Organization (GO:0045214),0.5127734282855231,1.4661119678394186,0.07894736842105263,0.4838442067818489,1.0,11/21,15.56%,TNNT1;TCAP;SYNPO2L;ANKRD1;CAPN3;TNNT2;CSRP2;LMOD2;MYOZ1;TTN;OBSCN
prerank,"Regulation Of CD8-positive, Alpha-Beta T Cell Proliferation (GO:2000564)",0.720254800456916,1.465579267100278,0.020833333333333332,0.48429426422045246,1.0,6/7,22.41%,XCL1;IRF1;MAPK8IP1;SH3RF1;PTPN22;VSIR
prerank,Regulation Of DNA-templated DNA Replication (GO:0090329),-0.5622492979324649,-1.4645784617025615,0.08163265306122448,0.6257284774885982,1.0,6/14,20.82%,NUGGC;MCM4;CDT1;TICRR;GMNN;MCM6
prerank,Regulation Of Presynapse Assembly (GO:1905606),0.5443088457492632,1.4640815456267693,0.0625,0.4854116992680661,1.0,5/14,10.24%,WNT3A;SLITRK2;WNT7A;SNCA;LRRTM3
prerank,Regulation Of Presynapse Organization (GO:0099174),0.5443088457492632,1.4640815456267693,0.0625,0.4854116992680661,1.0,5/14,10.24%,WNT3A;SLITRK2;WNT7A;SNCA;LRRTM3
prerank,Regulation Of Transport (GO:0051049),0.4205480971459741,1.4633690861601174,0.0,0.4870685893325439,1.0,17/38,25.21%,SLC30A8;MYO6;LRRK2;SNCA;ARL6IP5;PLD1;PRKN;ACTG1;FES;LEPR;VAMP2;RSC1A1;EPB41;DISP3;ICA1;TRAT1;POFUT2
prerank,acetyl-CoA Metabolic Process (GO:0006084),0.5741079718095645,1.4623204595000323,0.07317073170731707,0.489163972992432,1.0,5/13,18.91%,HMGCS2;HMGCS1;ACACB;NUDT7;ACAT1
prerank,Protein Localization To Endoplasmic Reticulum Exit Site (GO:0070973),0.6883521090375153,1.4620174536432657,0.14634146341463414,0.4885607531665417,1.0,2/6,16.17%,LRRK2;BCAP31
prerank,Regulation Of miRNA Transcription (GO:1902893),0.42512329938822974,1.4616577531735655,0.02702702702702703,0.48809517411591985,1.0,18/48,16.55%,FOS;DDX5;GATA3;PPARG;PDGFB;JUN;KLF4;EGR1;ATOH8;TEAD1;GNL3;RELA;ESR1;RARA;APLN;SMARCA4;NCOR2;STAT3
prerank,Regulation Of Cell Killing (GO:0031341),-0.7213781845595195,-1.4616450496014004,0.057692307692307696,0.6378297213805261,1.0,2/6,8.51%,IL11;IL10
prerank,Regulation Of Proteasomal Ubiquitin-Dependent Protein Catabolic Process (GO:0032434),0.3620519933991491,1.461477701597078,0.02857142857142857,0.48705432884253624,1.0,38/95,28.09%,HSPA1B;SIRT2;LRRK2;TRIB1;CAMLG;HSPA1A;PRKN;HECTD1;GSK3A;ARIH2;PRICKLE1;GIPC1;SH3RF1;CSNK1D;VCP;RBX1;RPL11;COP1;RYBP;RNF144B;COMMD1;CDK2;WAC;TRIB2;N4BP1;SMAD7;PHF20L1;ZYG11B;CSNK1A1;CCAR2;GNA12;TLK2;PIAS1;EIF3H;DDRGK1;SH3RF2;GSK3B;OGT
prerank,Regulation Of Cholesterol Efflux (GO:0010874),0.4942166481278535,1.461423163889281,0.05405405405405406,0.4857539680590887,1.0,15/26,16.82%,CAV1;NR1H2;PPARG;PON1;ABCA8;NFKBIA;GPS2;ABCA3;SHH;ABCA5;SREBF2;LAMTOR1;YJEFN3;NAXE;SIRT1
prerank,Protein Deacetylation (GO:0006476),0.4340255970460848,1.461197023625972,0.0625,0.48481529863573414,1.0,11/32,16.82%,TBL1X;SIRT2;FLNA;GATAD2B;HDAC8;BRMS1L;MORF4L1;CHD4;HDAC4;RBBP4;SIRT1
prerank,Cardiac Conduction System Development (GO:0003161),-0.6050369822078807,-1.460807313379156,0.07272727272727272,0.6370017165709244,1.0,5/18,10.40%,GJB6;SHOX2;CACNA1G;HCN4;MSC
prerank,cAMP-mediated Signaling (GO:0019933),-0.5465276184790621,-1.460573311744471,0.09836065573770492,0.6340464902139518,1.0,7/23,12.76%,GAL;ADCY2;ADCYAP1;AHR;PDE3A;SOX9;PDE7B
prerank,Fatty Acid Transmembrane Transport (GO:1902001),0.6261963218544894,1.4603237971128258,0.0851063829787234,0.4862617758668874,1.0,6/9,20.53%,CD36;CPT1A;SLC22A9;ABCD4;CPT1B;SLC27A1
prerank,CD40 Signaling Pathway (GO:0023035),0.7325990460409615,1.4601891884314093,0.06,0.485327346477709,1.0,3/6,24.09%,ITGB1;PHB1;RNF31
prerank,Positive Regulation Of Ubiquitin-Dependent Protein Catabolic Process (GO:2000060),0.3728608065747203,1.4591735034765403,0.0,0.48790183964719636,1.0,18/73,16.06%,HSPA1B;CAV3;SIRT2;LRRK2;TRIB1;HSPA1A;PRKN;HECTD1;GSK3A;ARIH2;PRICKLE1;SH3RF1;CSNK1D;VCP;RBX1;COP1;RNF144B;TRIB2
prerank,Embryonic Organ Development (GO:0048568),0.3856839470821396,1.4590732632027001,0.0,0.4867934954656689,1.0,15/63,9.63%,HAND1;NDRG4;GATA3;TEAD4;PDGFB;TBX2;TAL1;FLT3LG;ERCC3;SOX17;KMT2A;FGFR2;TEAD2;ZFPM1;TEAD1
prerank,Response To Steroid Hormone (GO:0048545),0.5205526348601162,1.4587636460388653,0.023255813953488372,0.4864318042719845,1.0,5/24,5.66%,CAV1;HSPA1B;ADTRP;WBP2;HSPA1A
prerank,Positive Regulation Of Membrane Potential (GO:0045838),0.7163853091626082,1.4579649402318737,0.0625,0.4878078329789179,1.0,4/6,12.94%,ANK3;VCP;AKT2;BAD
prerank,Ubiquitin-Dependent Protein Catabolic Process Via The Multivesicular Body Sorting Pathway (GO:0043162),0.47413574405677394,1.4578339887389409,0.045454545454545456,0.48670991269742975,1.0,6/27,17.08%,MVB12B;TSG101;UBAP1L;VPS37B;NEDD4;SNF8
prerank,Aminoglycan Biosynthetic Process (GO:0006023),-0.5158951100736519,-1.4572026000706941,0.09803921568627451,0.6451908060890803,1.0,6/19,15.92%,B3GNT3;HS3ST2;HS3ST3A1;HS3ST1;UGDH;XYLT1
prerank,poly(A)+ mRNA Export From Nucleus (GO:0016973),0.5442333372021084,1.4571264214078896,0.06,0.4876023678549837,1.0,9/16,27.86%,NXF3;GLE1;NXF1;DDX19A;THOC2;DDX19B;PCID2;NUP93;ENY2
prerank,Regulation Of Long-Term Synaptic Potentiation (GO:1900271),0.5752288704608559,1.4552019514239405,0.05405405405405406,0.49235880754645556,1.0,5/17,8.92%,ADCY8;FAM107A;SHANK3;ADCY1;NOL3
prerank,Cell Surface Toll-Like Receptor Signaling Pathway (GO:0140895),0.5859982647046424,1.454751078147705,0.08695652173913043,0.49215721981621247,1.0,2/13,1.41%,NR1H4;MYO1C
prerank,Regulation Of Histone Methylation (GO:0031060),0.6319832467709944,1.4540156558499902,0.1,0.4927260632207949,1.0,3/8,18.10%,EHMT1;SIRT1;RRP8
prerank,Glucosamine-Containing Compound Catabolic Process (GO:1901072),-0.7193578294276775,-1.4538939105887192,0.057692307692307696,0.6567042214578966,1.0,2/7,3.20%,CHI3L1;CHIT1
prerank,Negative Regulation Of Glycolytic Process (GO:0045820),0.5982127286294869,1.4536516658638496,0.0,0.49307846048439097,1.0,5/9,15.76%,NUPR1;FBP1;TIGAR;GIT1;HDAC4
prerank,Positive Regulation Of Cytokine-Mediated Signaling Pathway (GO:0001961),0.4826039526611658,1.453525645196253,0.024390243902439025,0.4921119181102892,1.0,13/33,15.23%,HSPA1B;TXK;HSPA1A;C1QTNF4;CD300LF;PRKN;TICAM2;NLRC5;EDN1;AXL;CSF1;TRIM56;CD74
prerank,Myelination In Peripheral Nervous System (GO:0022011),0.6605362778035503,1.4534821167279977,0.0425531914893617,0.4906852788789984,1.0,4/8,21.88%,SIRT2;LGI4;MYOC;NCMAP
prerank,Regulation Of Proteasomal Protein Catabolic Process (GO:0061136),0.4136980953319237,1.4525784361539908,0.05,0.4910406035013771,1.0,9/44,8.84%,PRKCG;OPHN1;PSMF1;NUPR1;LAMP3;UBB;ECSCR;PRKN;PSMC2
prerank,Amyloid Fibril Formation (GO:1990000),0.5429687262568627,1.4524721101203706,0.08695652173913043,0.49013081263983677,1.0,10/15,27.51%,CD36;SNCA;PRKN;TARDBP;B2M;HNRNPA1;RIPK1;RIPK3;SIAH1;FKBP1A
prerank,Determination Of Heart Left/Right Asymmetry (GO:0061371),0.4771901551292918,1.4524339790447727,0.06666666666666667,0.4887646728132566,1.0,7/29,7.93%,HAND1;NDRG4;IHH;TBX2;SOX17;SHH;ENG
prerank,Negative Regulation Of Platelet-Derived Growth Factor Receptor Signaling Pathway (GO:0010642),0.6734242312844843,1.452297514977425,0.08163265306122448,0.4880762223368211,1.0,3/9,5.85%,NDRG4;SNCA;PTPN12
prerank,Regulation Of Protein Deacetylation (GO:0090311),0.5609560365374067,1.4522973610709495,0.04081632653061224,0.4866407040358304,1.0,8/15,25.53%,IFNG;SGF29;MBIP;SPRED2;CCAR2;YEATS2;KAT2A;KAT2B
prerank,Negative Regulation Of Secretion (GO:0051048),0.6995425617938711,1.4518671670555046,0.02,0.486378583840946,1.0,1/8,0.99%,SPX
prerank,GPI Anchor Biosynthetic Process (GO:0006506),0.5141514095707772,1.4513709591684374,0.06382978723404255,0.486823236821686,1.0,6/21,17.84%,PIGA;PIGZ;PIGV;MPPE1;TP53INP2;PGAP1
prerank,Carboxylic Acid Catabolic Process (GO:0046395),0.5554072896451804,1.4512452239268343,0.06382978723404255,0.48602438375345364,1.0,5/12,19.99%,PON1;PON3;RENBP;ETFB;FMO1
prerank,Golgi Organization (GO:0007030),0.34159930438969754,1.4511566596020138,0.0,0.48485898337558664,1.0,42/110,30.10%,GARIN4;GOLGA8M;CDC42;YWHAZ;LRRK2;TANGO2;GOLGA8J;HACE1;OBSL1;GOLPH3L;PRKD1;CSNK1D;TMED5;OPTN;GOLGA8O;VMP1;TRAPPC8;DYNC2H1;ARL1;LYSMD3;GOLGA6B;CLASP2;CLASP1;GOLGA8Q;TMED1;SYNE1;ARHGAP21;GAK;CSNK1A1;FHDC1;SPTBN5;TJAP1;HTT;BCAS3;VTI1A;COG8;RAB2B;DYM;PRMT5;GOLGA8A;VPS51;COG4
prerank,Negative Regulation Of Gluconeogenesis (GO:0045721),0.703942321161679,1.4509128557086475,0.06818181818181818,0.4842349507771921,1.0,4/6,25.52%,SIK1;PGPEP1;C1QTNF3;KAT2A
prerank,Negative Regulation Of Protein Polymerization (GO:0032272),0.491993818955579,1.4509101208662893,0.05128205128205128,0.4828354277980673,1.0,7/23,9.13%,MYADM;CDH5;SLIT2;KANK4;SNCA;KANK3;CLIP3
prerank,GPI Anchor Metabolic Process (GO:0006505),0.5237403698004658,1.45068744567703,0.09090909090909091,0.4825070322318611,1.0,9/20,30.81%,PIGA;PIGZ;PIGV;MPPE1;TP53INP2;PGAP1;GPLD1;PIGQ;PIGP
prerank,Protein Hexamerization (GO:0034214),-0.7008281313659207,-1.450495003887335,0.10869565217391304,0.6677406511586798,1.0,4/7,16.90%,TWNK;UGDH;LRRC8D;LRRC8A
prerank,Positive Regulation Of T-helper 17 Cell Differentiation (GO:2000321),0.7734180285659438,1.4504840940908346,0.0392156862745098,0.48165052088396004,1.0,3/5,8.99%,NFKBID;MALT1;NFKBIZ
prerank,Epithelial Cilium Movement Involved In Extracellular Fluid Movement (GO:0003351),-0.5993051095690807,-1.4503924860718298,0.08333333333333333,0.664378109965319,1.0,11/17,21.37%,CFAP53;SPAG17;NEK10;SPA17;OFD1;DNAAF2;ROPN1L;DNAAF1;SPAG6;SPEF2;RFX3
prerank,Negative Regulation Of Lipid Localization (GO:1905953),0.6580707747237762,1.4500221114782004,0.09803921568627451,0.4816526236073511,1.0,3/7,4.05%,NR1H2;PPARG;NFKBIA
prerank,Positive Regulation Of Stem Cell Proliferation (GO:2000648),-0.6359532308561153,-1.4492954999798076,0.034482758620689655,0.6657823033464999,1.0,5/11,13.38%,SOX11;HMGA2;LTBP2;EPCAM;THPO
prerank,Negative Regulation Of Proteolysis (GO:0045861),-0.5206034672910754,-1.4492037938665876,0.03636363636363636,0.6619363913780022,1.0,6/27,9.81%,SERPINB4;TIMP4;CHAC1;IL10;PRNP;TIMP1
prerank,Regulation Of Prostaglandin Biosynthetic Process (GO:0031392),0.7409376976133509,1.4484297932466532,0.046511627906976744,0.4853029994766316,1.0,3/5,16.82%,IL1B;CD74;SIRT1
prerank,Cellular Response To Catecholamine Stimulus (GO:0071870),0.5372589973502817,1.4476779009324574,0.045454545454545456,0.4861435255736573,1.0,4/15,6.48%,SIRT2;LRRK2;SNCA;PRKN
prerank,Vasodilation (GO:0042311),0.584166829196101,1.4474992580874675,0.11320754716981132,0.4852058040007393,1.0,6/12,6.74%,KLF2;ADRB1;ADRB2;GPER1;NOS1;AGTR2
prerank,Axon Ensheathment In Central Nervous System (GO:0032291),0.741929520740207,1.447448288848744,0.04,0.4840322433042481,1.0,2/5,14.14%,MYRF;GPM6B
prerank,Sterol Homeostasis (GO:0055092),0.39132114725763256,1.4473265941176208,0.0,0.48306570520530573,1.0,17/52,10.89%,CAV1;GPIHBP1;NR1H2;CAV3;LCAT;ACSM3;PLA2G12B;FGFR4;LDLR;PCSK9;CYP7A1;RALY;SOAT2;SCARB1;EHD1;LRP5;ABCA5
prerank,Positive Regulation Of Fatty Acid Biosynthetic Process (GO:0045723),0.5971260516412046,1.4471602807325725,0.10869565217391304,0.4819447501308322,1.0,3/11,2.70%,NR1H2;SIRT2;MLXIPL
prerank,Transforming Growth Factor Beta Receptor Signaling Pathway (GO:0007179),0.37527943904704814,1.447127439748956,0.03125,0.4806706793474752,1.0,22/61,16.82%,FOS;CDH5;TGFBR3;ACVRL1;HPGD;JUN;SMAD6;ITGB1;WFIKKN2;ENG;CLDN5;LPXN;LEFTY1;ID1;PXN;GDF5;GDF10;ZYX;SMAD9;ZFYVE9;STAT3;SIRT1
prerank,Venous Blood Vessel Development (GO:0060841),0.6562863091150306,1.4466162710750736,0.16981132075471697,0.48123186296313386,1.0,3/6,9.39%,ACVRL1;ENG;FOXF1
prerank,Regulation Of Smooth Muscle Contraction (GO:0006940),0.512382350981543,1.446336809596463,0.07142857142857142,0.48048209975490724,1.0,4/17,7.64%,CAV1;CHRM2;SPHK1;DAPK3
prerank,Vacuolar Acidification (GO:0007035),0.5212405690593191,1.4461050581907426,0.0,0.4797365135004869,1.0,9/24,16.02%,ATP6V0A1;SLC11A1;CLN3;DMXL2;ATP6V0C;ATP6V1A;DMXL1;PPT1;CCDC115
prerank,Regulation Of Protein K63-linked Ubiquitination (GO:1900044),0.5979243790102652,1.4460876195278747,0.07547169811320754,0.4784433225619518,1.0,8/10,32.28%,GPS2;DDX3X;UBE2V2;PTPN22;CEP63;NOD2;PARP10;UBE2N
prerank,Eye Development (GO:0001654),-0.4907261007510645,-1.4459140612757293,0.03389830508474576,0.6741926449686279,1.0,12/40,12.02%,ADAMTS18;STRA6;SIX3;SOX2;CHRDL1;SH3PXD2B;SMOC1;FBN2;FOXC1;BMPR1B;TSKU;GDF3
prerank,Fatty Acid Alpha-Oxidation (GO:0001561),-0.7315387246527201,-1.445746353654058,0.1111111111111111,0.6709531908541446,1.0,1/5,2.85%,SLC27A2
prerank,DNA Double-Strand Break Processing (GO:0000729),0.5330964204886739,1.4457219158896064,0.07317073170731707,0.4783363356420125,1.0,6/12,32.28%,DNA2;UBE2V2;MRE11;EXD2;RAD52;UBE2N
prerank,Regulation Of Epithelial Cell Migration (GO:0010632),0.38967216909205066,1.4456254848400003,0.02702702702702703,0.4772893138015514,1.0,20/39,31.11%,EMP2;IFNG;HYAL1;CORO1C;VIL1;GLIPR2;PLCG1;CLASP2;CLASP1;ARSB;RREB1;EVL;GLUL;PTK2;BMPR2;TGFB2;RAB11A;PPM1F;PRKCE;RTN4
prerank,Positive Regulation Of Protein Polyubiquitination (GO:1902916),0.5702849785529314,1.4451216737053614,0.09523809523809523,0.47718609542872026,1.0,6/10,32.28%,DDX3X;PRKN;UBE2V2;PTPN22;NOD2;UBE2N
prerank,Triglyceride Metabolic Process (GO:0006641),0.4528133615610841,1.445114733093025,0.027777777777777776,0.4758751446171029,1.0,6/31,7.03%,CAV1;GPIHBP1;CAV3;MOGAT1;APOH;PNPLA3
prerank,Negative Regulation Of Angiogenesis (GO:0016525),0.3892271185969281,1.4449422965320016,0.07692307692307693,0.47530991884261625,1.0,21/70,11.15%,TEK;ANGPT4;SEMA6A;KLF2;COL4A3;GTF2I;PPARG;EPN2;APOH;STAT1;KLF4;ECSCR;RGCC;PTPRM;SEMA3E;CREB3L1;CLDN5;FASLG;HSPG2;CNMD;PF4
prerank,Response To Metal Ion (GO:0010038),0.4169630714791074,1.4449071224233987,0.058823529411764705,0.47408878669073956,1.0,15/46,17.85%,CAV1;SLC30A8;TRPC3;IL1A;CAPN3;TNNT2;SNCA;PPP2CA;CALM3;HVCN1;HOMER1;TTN;NEDD4;D2HGDH;PPP2CB
prerank,Positive Regulation Of Endocytosis (GO:0045807),0.42048470365478485,1.4448308838705854,0.038461538461538464,0.4731062619450507,1.0,20/54,20.83%,CDC42;SGIP1;IFNG;SLC11A1;SNCA;CLN3;NEDD4L;CD151;SIRPB1;IL1B;CLIP3;AXL;ANKFY1;PPT1;IL15;B2M;RAB27A;FCER1G;FPR2;IL15RA
prerank,Positive Regulation Of Actin Cytoskeleton Reorganization (GO:2000251),0.6603332023567456,1.4446470435157903,0.0625,0.4720519695315239,1.0,3/7,12.77%,TEK;HCK;FES
prerank,Negative Regulation Of Cytokinesis (GO:0032466),-0.7739825678451155,-1.4445060292292233,0.14285714285714285,0.6731352123868631,1.0,2/5,8.11%,E2F8;E2F7
prerank,Positive Regulation Of Type I Interferon Production (GO:0032481),0.4234160432313561,1.4443849864673943,0.03125,0.47146478251735074,1.0,16/50,18.22%,OAS3;DHX36;ISG15;DDX3X;STAT1;PTPN11;IRF1;TICAM2;PQBP1;TANK;IRF3;TRIM56;TLR7;POLR3G;TLR8;HSP90AA1
prerank,Histone H4-K16 Acetylation (GO:0043984),0.6196577660787256,1.443811888454366,0.07547169811320754,0.4716476762777334,1.0,7/9,28.32%,MCRS1;KANSL3;MSL3;MSL1;KAT8;OGT;PHF20
prerank,Acetylcholine Receptor Signaling Pathway (GO:0095500),0.5800462439947194,1.4430233064891085,0.15384615384615385,0.4721737619333452,1.0,6/13,14.23%,CHRM1;CHRM2;CHRM4;CHRNB2;GNA11;GNAQ
prerank,Sulfur Compound Biosynthetic Process (GO:0044272),-0.4155534563399669,-1.4421012911804343,0.014705882352941176,0.6801199601208232,1.0,22/57,22.57%,B3GNT3;CHST6;CHST9;MAT1A;GSTA1;CHPF;GGT5;CHST15;EXTL1;CHST3;CHST13;UGDH;CHST2;CHST11;XYLT1;CHSY3;ST3GAL1;CHST7;CHSY1;CSGALNACT2;EXT1;CHST5
prerank,Epithelial Cell-Cell Adhesion (GO:0090136),0.6545297502015939,1.4417708850792195,0.019230769230769232,0.4749472308973789,1.0,2/7,6.93%,KIFC3;JUP
prerank,Regulation Of Protein Modification By Small Protein Conjugation Or Removal (GO:1903320),0.48984155298132404,1.44139262119402,0.07692307692307693,0.4748150218838095,1.0,9/25,18.22%,HSPA1B;HSPA1A;EGR1;PRKN;COPS3;DAXX;EPAS1;COPS7A;HSP90AA1
prerank,Positive Regulation Of Interleukin-5 Production (GO:0032754),0.7539149881386469,1.4412112972514564,0.1111111111111111,0.47438003803870066,1.0,3/5,15.02%,GATA3;PRKCZ;RARA
prerank,Positive Regulation Of Endothelial Cell Proliferation (GO:0001938),0.37494607540140423,1.4407938344534799,0.0,0.4749310598842977,1.0,12/63,6.38%,CDH13;TEK;EMC10;VEGFD;NR4A1;EGFL7;PDGFB;SEMA5A;VIP;ARNT;FLT4;PRKD2
prerank,Positive Regulation Of Leukocyte Migration (GO:0002687),-0.5252866572763751,-1.4397948467802386,0.03333333333333333,0.6869830135588075,1.0,9/23,16.77%,THY1;EDN2;PLVAP;MDK;ZP3;F2RL1;TNFRSF18;VEGFA;TNFSF18
prerank,Cholesterol Homeostasis (GO:0042632),0.3921193714953459,1.4387294919026155,0.0,0.4802335649357991,1.0,17/51,10.89%,CAV1;GPIHBP1;NR1H2;CAV3;LCAT;ACSM3;PLA2G12B;FGFR4;LDLR;PCSK9;CYP7A1;RALY;SOAT2;SCARB1;EHD1;LRP5;ABCA5
prerank,Regulation Of Fertilization (GO:0080154),-0.7202956293596665,-1.438598556055668,0.08,0.6885565546436744,1.0,2/5,15.06%,RNASE10;LHFPL2
prerank,Diterpenoid Metabolic Process (GO:0016101),-0.5572446400141926,-1.438360967955897,0.05263157894736842,0.6857626258556712,1.0,7/21,15.71%,RPE65;ADH4;ADH7;AKR1C1;LRP1;PLB1;RDH10
prerank,Positive Regulation Of Hormone Metabolic Process (GO:0032352),0.7637275675462489,1.438331026105835,0.09302325581395349,0.4801640032783877,1.0,3/5,6.79%,GATA3;EGR1;HPN
prerank,Pigment Granule Transport (GO:0051904),0.5531918398726546,1.4380607029619534,0.08,0.47882806874945627,1.0,7/15,29.24%,RAB17;MREG;RAB27A;BLOC1S6;MLPH;RAB11A;GPR143
prerank,Melanosome Transport (GO:0032402),0.5531918398726546,1.4380607029619534,0.08,0.47882806874945627,1.0,7/15,29.24%,RAB17;MREG;RAB27A;BLOC1S6;MLPH;RAB11A;GPR143
prerank,Negative Regulation Of Cell Adhesion Mediated By Integrin (GO:0033629),-0.6008513714789523,-1.4379281407994873,0.13114754098360656,0.6837084211031134,1.0,4/9,21.03%,CYP1B1;SNAI2;MUC1;SERPINE1
prerank,Positive Regulation Of Stress Fiber Assembly (GO:0051496),0.40675743993095803,1.4378909775934043,0.029411764705882353,0.47797869365250123,1.0,11/36,13.36%,ARHGEF15;CDC42;SYNPO2L;RGCC;FHOD1;SORBS3;S100A10;PXN;LIMCH1;CARMIL1;MYOC
prerank,Monoubiquitinated Histone Deubiquitination (GO:0035521),0.46788046435418157,1.437198302758855,0.08888888888888889,0.4777789153844979,1.0,9/24,27.86%,USP22;TAF6L;SGF29;TAF6;TAF2;SUPT3H;KAT2A;KAT2B;ENY2
prerank,Monoubiquitinated Histone H2A Deubiquitination (GO:0035522),0.46788046435418157,1.437198302758855,0.08888888888888889,0.4777789153844979,1.0,9/24,27.86%,USP22;TAF6L;SGF29;TAF6;TAF2;SUPT3H;KAT2A;KAT2B;ENY2
prerank,Positive Regulation Of Microtubule Nucleation (GO:0090063),0.714977443646496,1.4370402741351784,0.0392156862745098,0.47697597646060735,1.0,3/5,15.27%,HSPA1B;HSPA1A;GIT1
prerank,Endomembrane System Organization (GO:0010256),0.32931316766916435,1.4369540034635577,0.0,0.47602943018082167,1.0,60/163,30.10%,GARIN4;GOLGA8M;CAV3;SPTBN1;CDC42;LRRK2;LMNA;HOOK2;TANGO2;GOLGA8J;CAV2;HACE1;OBSL1;ANK3;GOLPH3L;PRKD1;CSNK1D;OPTN;SYNGR2;GOLGA8O;VMP1;LAMTOR1;TRAPPC8;VPS11;DYNC2H1;SNX10;ARL1;LYSMD3;AP3D1;GOLGA6B;CLASP2;CLASP1;OSBPL2;SYP;GOLGA8Q;TMED1;SYNE1;ARHGAP21;GAK;REEP4;CSNK1A1;TMCC1;PHETA1;SPTBN5;NUP93;TJAP1;HTT;BCAS3;PLEKHJ1;JAGN1;COG8;RAB2B;DYM;GOLGA8A;PLEKHF1;DOP1B;TMEM170A;VPS51;DNAJC13;COG4
prerank,Positive Regulation Of Establishment Of Protein Localization To Mitochondrion (GO:1903749),0.480213294280052,1.4362266833451147,0.05263157894736842,0.47722518021006427,1.0,9/29,16.29%,NMT1;GZMB;GSK3A;ARIH2;TOMM7;FZD5;SREBF2;VPS11;UBE2J2
prerank,Negative Regulation Of Type I Interferon-Mediated Signaling Pathway (GO:0060339),0.5576543875197171,1.436017936734337,0.075,0.47672396345448725,1.0,4/13,14.62%,OAS3;ISG15;NLRC5;METTL3
prerank,Actin Filament Organization (GO:0007015),0.3451727817781513,1.435656828298164,0.0,0.4763353197231861,1.0,31/115,18.50%,TCAP;ERMN;MYO1C;EMP2;RND1;CDC42;NOSTRIN;MYO6;CNN2;RUFY3;SH3D21;NEDD9;MYO1B;FLNA;TPM3;GAS2L1;CORO1C;LMOD2;VIL1;MYO1H;CGNL1;SHROOM4;CARMIL1;TTN;ABI2;PPP1R9A;GAS2;SPIRE2;DMTN;PRSS8;ARHGAP25
prerank,Negative Regulation Of Blood Vessel Endothelial Cell Migration (GO:0043537),0.4619215492324307,1.4349623256922228,0.030303030303030304,0.4779232666397391,1.0,7/28,8.75%,ANGPT4;PPARG;KLF4;AGTR2;JUP;RGCC;DLL4
prerank,Positive Regulation Of Insulin Secretion Involved In Cellular Response To Glucose Stimulus (GO:0035774),0.6348215001390256,1.434933210351728,0.09615384615384616,0.47673114455487564,1.0,3/10,4.77%,RFX6;ANO1;PLA2G6
prerank,Leukocyte Aggregation (GO:0070486),0.665281632970594,1.434505050554149,0.1320754716981132,0.47703667130312055,1.0,2/7,7.82%,JAM2;IL1B
prerank,Glycoprotein Catabolic Process (GO:0006516),-0.5789286877848951,-1.434432847880111,0.16,0.6961008047141577,1.0,3/14,4.13%,MMP12;NCCRP1;CTSL
prerank,Regulation Of Cytosolic Calcium Ion Concentration (GO:0051480),0.4456451298170591,1.4334911877058025,0.02564102564102564,0.47886464184388194,1.0,13/28,17.94%,CAV1;CAV3;TRPC3;TMEM178A;GPER1;CLN3;SLC8A2;TRPC6;CAV2;TRPC5;WBP2NL;ATP2B4;FZD9
prerank,"Regulation Of Retrograde Transport, Endosome To Golgi (GO:1905279)",0.7247176363633936,1.4326862062285275,0.045454545454545456,0.47999561320604384,1.0,2/5,6.48%,LRRK2;PRKN
prerank,RNA Export From Nucleus (GO:0006405),0.408047648283684,1.4324927122547872,0.07894736842105263,0.47924356605580515,1.0,22/54,25.44%,NXF3;GLE1;THOC5;THOC1;SRSF3;NXF1;SMG7;NPAP1;THOC2;NUP107;NUP214;FYTTD1;MAGOHB;HNRNPA2B1;DDX19B;EIF4A3;HNRNPA1;NUP85;NUP98;DDX39A;SMG1;CHTOP
prerank,Regulation Of Immune Effector Process (GO:0002697),0.5876110884176314,1.4323749850101244,0.057692307692307696,0.47827927890692007,1.0,2/10,1.63%,C4BPA;ZNF683
prerank,Heart Contraction (GO:0060047),0.46760525142217724,1.432205128808925,0.0,0.4777149768370332,1.0,8/25,14.74%,TCAP;SGCG;TNNC1;TNNT2;TAFAZZIN;MYL4;TTN;MYLK2
prerank,Serine Transport (GO:0032329),-0.7599903461986559,-1.4318840924338936,0.08163265306122448,0.7031833289878711,1.0,1/5,3.62%,SLC1A4
prerank,mRNA Stabilization (GO:0048255),0.4042259008142065,1.4315091980682904,0.11904761904761904,0.4784074948457198,1.0,12/38,13.82%,IGF2BP2;ZAR1;ZFP36;SLC11A1;VIP;CIRBP;THRAP3;TARDBP;TENT5B;PABPC1;NOCT;TENT5A
prerank,Ectoderm Development (GO:0007398),-0.790510151500053,-1.4310319641254716,0.09433962264150944,0.7035388224067234,1.0,2/5,11.44%,KRT6B;EDA2R
prerank,Skeletal System Development (GO:0001501),-0.39256837990934024,-1.4309705961367063,0.0,0.6998553548876285,1.0,37/115,17.76%,COL10A1;EPYC;PITX1;SHOX2;COL1A2;CHI3L1;WNT5A;PAX1;DLL3;MMP16;SULF1;IGF1;COL18A1;SH3PXD2B;COL1A1;DLX5;COL19A1;EXTL1;SOX9;RFLNA;NKX3-2;GDF3;BPNT2;ALX4;FRZB;BMP7;TRIP11;XYLT1;COL27A1;MMP14;BMP8B;GLI2;GDF11;ADAMTS4;WNT1;SULF2;TGM2
prerank,Regulation Of Cell Cycle (GO:0051726),0.31623423666266526,1.4306449112268158,0.0,0.4805260229025105,1.0,69/247,19.33%,TSC2;NANOS3;GATA3;SIRT2;NR4A1;BEX1;NUPR1;PPP1R15A;ANAPC10;SIK1;HPGD;CITED2;INO80;JUN;GPER1;TTC28;BRINP1;JUND;NEK9;TMEM8B;IRF1;DYNLT3;PPP2R3B;DAPK3;FGFR2;MARK4;INHA;TARDBP;RPS6KA2;TBX3;PPM1A;NLRP2B;SGF29;CCNL2;INSM2;CDK11A;JUNB;ANAPC15;CDK10;TENT5B;AKT2;TP53I13;PLAGL1;MBIP;TP53BP2;MCRS1;MORF4L1;ACTB;RB1;MAEA;METTL3;NEK7;RARA;TAF6;BRD7;ANAPC11;JADE2;ZNF268;STAT3;SIRT1;EPC1;FZD9;RRP8;PPP1R13B;ZBTB49;VPS72;MEAF6;ANAPC7;TBRG1
prerank,Regulation Of Myeloid Leukocyte Mediated Immunity (GO:0002886),0.6133590222361507,1.43059156372447,0.07142857142857142,0.4794969094734573,1.0,2/8,12.77%,DNASE1L3;FES
prerank,Establishment Of Melanosome Localization (GO:0032401),0.5369399609315275,1.4304648945838085,0.10416666666666667,0.47847295450770755,1.0,7/16,29.24%,RAB17;MREG;RAB27A;BLOC1S6;MLPH;RAB11A;GPR143
prerank,Anterior/Posterior Pattern Specification (GO:0009952),-0.4572489965879955,-1.4300090112684887,0.05172413793103448,0.700684031194694,1.0,11/41,12.77%,SIX2;BASP1;HES2;HOXC9;CDX2;CELSR2;HOXC6;WLS;CDX1;HOXC4;HOXA7
prerank,Regulation Of Rab Protein Signal Transduction (GO:0032483),0.6542894531888596,1.4296393180737437,0.12,0.4802562050032903,1.0,4/5,29.03%,DENND3;SGSM3;DENND4C;DENND4B
prerank,Negative Regulation Of Endothelial Cell Apoptotic Process (GO:2000352),0.5103218679604231,1.4288789256070713,0.06976744186046512,0.48142908470918505,1.0,6/18,6.16%,TEK;GATA3;CDH5;PAK4;SEMA5A;NFE2L2
prerank,Potassium Ion Transmembrane Transport (GO:0071805),-0.38888300294450723,-1.4288397084397815,0.02564102564102564,0.7020735190825677,1.0,39/100,20.48%,KCNG2;ATP12A;KCNS2;SLC9A4;LRRC26;SLC24A2;KCND3;KCNK2;KCNN4;ABCC8;HCN4;KCNV1;KCNF1;KCNE4;KCNJ16;KCNK15;KCNB2;KCNA1;SLC1A3;KCNN3;KCNA7;SLC12A3;KCNK13;KCND1;KCNH8;KCNA5;ATP1B2;KCNH4;KCNJ12;SLC9A5;KCNB1;HCN2;KCND2;SLC12A7;ATP1B3;LRRC38;KCNK1;KCNK5;SLC24A3
prerank,Nucleoside Metabolic Process (GO:0009116),-0.7026670195373957,-1.4287621701909254,0.08771929824561403,0.6986103643947286,1.0,4/7,21.30%,NT5C1A;NME5;MACROD2;UPP2
prerank,Protein Insertion Into ER Membrane By Stop-Transfer Membrane-Anchor Sequence (GO:0045050),0.5925269177895229,1.428168211354113,0.1,0.4828078870378545,1.0,6/8,33.20%,EMC10;EMC2;EMC8;EMC3;EMC4;MMGT1
prerank,Organelle Fusion (GO:0048284),0.5133728965796435,1.4279203206710227,0.07142857142857142,0.4824195767460506,1.0,8/18,26.55%,USP30;MFN2;MFN1;VPS11;OPA1;GDAP1;STX3;BCL2A1
prerank,Defense Response To Bacterium (GO:0042742),-0.3888186299244214,-1.4279079541000816,0.043478260869565216,0.6987557156302572,1.0,23/115,10.20%,KRT6A;BPIFA1;CXCL13;GSDMC;IGKV3-20;PGLYRP3;IFNE;IGHA2;PGLYRP4;GBP6;LTF;HLA-A;RNASE10;LCN2;RNASE2;JCHAIN;IGHM;STAB1;SPRR2A;H2BC11;WFDC5;S100A12;WFDC2
prerank,Regulation Of Intrinsic Apoptotic Signaling Pathway By P53 Class Mediator (GO:1902253),0.6758944659889284,1.4264056102884795,0.0425531914893617,0.48635273433249254,1.0,2/6,6.48%,UBB;PRKN
prerank,JNK Cascade (GO:0007254),0.4520724789965766,1.4255025588611034,0.05405405405405406,0.48774419769577565,1.0,10/26,18.02%,MAP4K2;SH2D3C;GPS2;LRRK2;TRIB1;MAPK9;MAPK8IP1;DAXX;MAP4K3;MAP3K11
prerank,Positive Regulation Of miRNA Transcription (GO:1902895),0.45611735205691883,1.424771479080691,0.02702702702702703,0.4887094634377263,1.0,14/34,16.55%,FOS;GATA3;PPARG;PDGFB;JUN;KLF4;EGR1;ATOH8;TEAD1;GNL3;RELA;APLN;SMARCA4;STAT3
prerank,Hematopoietic Stem Cell Differentiation (GO:0060218),-0.739447216770574,-1.4240829273427411,0.020833333333333332,0.7142245818742938,1.0,3/8,13.81%,MEOX1;SFRP1;SP7
prerank,Negative Regulation Of RNA Splicing (GO:0033119),0.5045646363195643,1.4238112035963526,0.09615384615384616,0.49050661144892727,1.0,7/16,18.53%,SRSF7;SRSF6;TMBIM6;SRSF4;PTBP1;PTBP2;RPS13
prerank,Endothelial Cell Development (GO:0001885),0.5009345403083432,1.4226826954454932,0.07317073170731707,0.49243404575054267,1.0,4/18,8.38%,MYADM;RDX;MARVELD2;STC1
prerank,Histone Deacetylation (GO:0016575),0.43632707253481967,1.4221416346791542,0.05405405405405406,0.49296449742693094,1.0,12/29,23.07%,TBL1X;SIRT2;GATAD2B;HDAC8;BRMS1L;MORF4L1;CHD4;HDAC4;RBBP4;SIRT1;TBL1XR1;MSL3
prerank,Regulation Of RNA Biosynthetic Process (GO:2001141),0.708421946538191,1.4219841823471544,0.14285714285714285,0.4923158142869772,1.0,3/6,7.82%,NMD3;RALY;IL1B
prerank,Negative Regulation Of Cytokine-Mediated Signaling Pathway (GO:0001960),0.42728200795507776,1.421982384781867,0.029411764705882353,0.4911524857257627,1.0,19/46,22.43%,OAS3;NR1H2;PALM3;PPARG;ISG15;SLIT2;GPS2;PELI3;NLRC5;NLRP2B;METTL3;SIGIRR;NAIP;PPP2CB;RFFL;CARD16;SH2B3;SAMHD1;PTPRC
prerank,Defense Response To Protozoan (GO:0042832),0.6199165547506855,1.4213519027125197,0.09803921568627451,0.49230203974753256,1.0,7/10,17.42%,GBP7;NKG7;SLC11A1;PF4;GBP4;LYST;GBP1
prerank,Regulation Of Sensory Perception Of Pain (GO:0051930),0.5842498599931534,1.4210462129682744,0.08163265306122448,0.49200320228161726,1.0,3/10,5.88%,SPX;TMEM100;VIP
prerank,acyl-CoA Metabolic Process (GO:0006637),0.4872672334063499,1.4201437927642242,0.06976744186046512,0.49331649797860444,1.0,5/22,7.28%,HMGCS2;ACSM3;ACSF2;HMGCS1;ACACB
prerank,Positive Regulation Of Chromosome Organization (GO:2001252),0.44271710945756265,1.4201331732626414,0.09375,0.4921619709367954,1.0,4/22,11.49%,DHX36;TAL1;NCAPH2;GNL3
prerank,Regulation Of Entry Of Bacterium Into Host Cell (GO:2000535),-0.7432900061719891,-1.4200250334276716,0.06521739130434782,0.7297111840598076,1.0,1/6,0.03%,KRT6A
prerank,Positive Regulation Of Substrate Adhesion-Dependent Cell Spreading (GO:1900026),0.4518220756411945,1.4199188720308893,0.16666666666666666,0.49162688864350856,1.0,10/27,13.36%,MYADM;LIMS2;CDC42;NEDD9;FLNA;S100A10;ILK;CARMIL1;LIMS1;MYOC
prerank,Neutral Amino Acid Transport (GO:0015804),-0.517994035686521,-1.4198310458690995,0.043478260869565216,0.7263953608781195,1.0,11/28,19.45%,SLC7A7;SLC36A1;SLC1A4;SLC7A5;SLC6A17;SLC32A1;SLC7A11;SLC38A4;SLC6A6;SLC3A2;SLC6A9
prerank,Nucleolar Chromatin Organization (GO:1990700),0.6076065092704145,1.419823809242166,0.125,0.4907201148218765,1.0,3/7,18.10%,SIRT2;SIRT1;RRP8
prerank,Negative Regulation Of Protein Kinase Activity (GO:0006469),0.36452473970653854,1.4191219201742016,0.06060606060606061,0.49175237630749713,1.0,18/72,16.06%,CAV1;PTPRB;TSC2;CAV3;IFNG;TRIB1;SNCA;PRKAG2;PPIA;CORO1C;INPP5K;LRP5;WARS1;RB1;GNAQ;PTPN1;WWTR1;TRIB2
prerank,Regulation Of Plasma Membrane Bounded Cell Projection Assembly (GO:0120032),0.38095265307831316,1.4191204101910826,0.058823529411764705,0.4905787429511548,1.0,16/58,20.65%,CAV1;CDKL5;CDC42;RDX;FUZ;RAB17;TBC1D17;PLD1;SGSM3;MYO10;DYNLT2B;DMTN;RAB5A;TBC1D10C;TBC1D22A;DCDC2
prerank,Endocardial Cushion Development (GO:0003197),0.47984688128448,1.418917094412816,0.1111111111111111,0.4899174045975044,1.0,7/18,14.67%,TBX2;ACVRL1;CRELD1;APC;ENG;FOXF1;NOS3
prerank,Negative Regulation Of Ras Protein Signal Transduction (GO:0046580),0.4511868545596366,1.4189067967838143,0.06818181818181818,0.488753705299173,1.0,12/28,21.39%,SCAI;HEG1;ITGA3;FBP1;MFN2;KCTD13;MYOC;TNFAIP1;RASIP1;STAMBP;MAPKAP1;DYNLL1
prerank,MHC Class II Protein Complex Assembly (GO:0002399),0.6929459237128521,1.4187158970903482,0.07547169811320754,0.4870130073679092,1.0,5/6,30.17%,HLA-DQA1;HLA-DRB5;HLA-DQA2;HLA-DOA;HLA-DRA
prerank,Peptide Antigen Assembly With MHC Class II Protein Complex (GO:0002503),0.6929459237128521,1.4187158970903482,0.07547169811320754,0.4870130073679092,1.0,5/6,30.17%,HLA-DQA1;HLA-DRB5;HLA-DQA2;HLA-DOA;HLA-DRA
prerank,Modification-Dependent Protein Catabolic Process (GO:0019941),0.3337976536488122,1.4186896892601557,0.0,0.48593131525443706,1.0,46/163,25.06%,CNOT4;ATXN3;PSMF1;RNF125;ISG15;UBB;RNF128;ARRB1;NEDD4L;PRKN;UBE4A;FBXO21;RNF133;NDFIP1;PSMC2;COPS3;PCYOX1;UBE2D4;HACE1;PSMD11;ARIH2;TRIM25;CHFR;PSMD3;HERC3;RBX1;AREL1;UBE3C;NEDD4;RNF144B;RNF166;ANAPC11;ARRDC1;RFFL;ELOC;MYLIP;UBE2A;UBR3;NAE1;UBR4;RNF149;RNF5;UBE2G2;UBA52;HERC4;SMURF2
prerank,Regulation Of Axon Extension Involved In Axon Guidance (GO:0048841),0.5472923684645615,1.4181411621522475,0.05405405405405406,0.486657395536569,1.0,6/18,7.93%,SEMA6A;SEMA4A;SEMA5A;SEMA6D;SEMA3G;SEMA3E
prerank,Positive Regulation Of Epithelial Cell Migration (GO:0010634),0.3510439001874291,1.4177658035091907,0.0,0.48708032525246847,1.0,19/80,12.07%,TEK;ANGPT4;EMC10;FGF1;ANXA3;GATA3;IFNG;FUT1;HYAL1;FLT4;FOXP1;PRKD2;ATOH8;SCARB1;VIL1;EDN1;GLIPR2;RIN2;PRKD1
prerank,Hemopoiesis (GO:0030097),0.3518538673115395,1.4174520799755805,0.02857142857142857,0.48686996785745157,1.0,19/88,11.51%,RTKN2;NOTCH4;TEK;PDGFB;TGFBR3;TAL1;EPOR;HIPK1;FLT3LG;TAFAZZIN;CDK13;KMT2A;FGFR2;MKNK2;KIRREL3;ZFPM1;WNT2B;ARIH2;ZBTB16
prerank,Surfactant Homeostasis (GO:0043129),-0.6632204728155423,-1.4173708377289087,0.09836065573770492,0.7333755354250941,1.0,1/8,0.16%,BPIFA1
prerank,"Regulation Of Nuclear-Transcribed mRNA Catabolic Process, Deadenylation-Dependent Decay (GO:1900151)",0.5203897693620323,1.417045496429562,0.02631578947368421,0.48725727559349,1.0,8/20,24.51%,NANOS3;DHX36;ZFP36;PABPC1;HNRNPU;TOB1;YBX1;ZFP36L1
prerank,Thymus Development (GO:0048538),-0.5963488259106792,-1.416198062744929,0.14,0.7347576621119961,1.0,4/12,12.74%,FOXE1;SIX1;EPHB3;FADD
prerank,Regulation Of Vasculogenesis (GO:2001212),0.5870429682123135,1.416132578104313,0.0,0.48932943634013243,1.0,6/11,25.85%,EMP2;TMEM100;RIN2;KDR;RAP1A;RAPGEF2
prerank,Positive Regulation Of Translation (GO:0045727),0.37405976089975496,1.4159181784309094,0.02631578947368421,0.4888843522746559,1.0,24/82,20.06%,DHX36;PIWIL2;DDX3X;RPL26;SSB;PLD1;CIRBP;FASTKD3;EIF3C;EIF2B5;USP16;RPS6KB1;LARP6;EIF3D;LARP4;TENT5B;VIM;PABPC1;METTL3;LARP4B;PRKDC;BCL3;EIF4A3;HNRNPU
prerank,Respiratory Electron Transport Chain (GO:0022904),0.5707966667102459,1.4158893265791894,0.047619047619047616,0.4878817229248572,1.0,6/13,17.96%,SLC25A22;NDUFA5;ETFRF1;ETFDH;PPARGC1A;ETFB
prerank,Mitochondrial Fission (GO:0000266),0.5549265544548843,1.4158620583480446,0.09615384615384616,0.48681805123117877,1.0,4/9,19.41%,PRKN;MTFR2;OPA1;GDAP1
prerank,Positive Regulation Of Cell-Substrate Adhesion (GO:0010811),0.3804241979246492,1.41534075732492,0.07894736842105263,0.48716824026587346,1.0,18/57,13.78%,MYADM;CDH13;EMP2;LIMS2;CDC42;CX3CL1;CD36;PDGFB;FUT1;NEDD9;FLNA;JUP;S100A10;ILK;CARMIL1;LIMS1;MYOC;CSF1
prerank,Positive Regulation Of Glycoprotein Biosynthetic Process (GO:0010560),-0.6175433719521586,-1.4151466685573337,0.10909090909090909,0.7355065539647422,1.0,4/12,13.89%,IGF1;RAMP1;CCR7;CCL21
prerank,Positive Regulation Of Smooth Muscle Cell Apoptotic Process (GO:0034393),0.763578968930709,1.4145310166837664,0.08888888888888889,0.4883994651620498,1.0,3/5,6.62%,PPARG;IFNG;MFN2
prerank,Water-Soluble Vitamin Metabolic Process (GO:0006767),0.44122688464740545,1.414487342593895,0.11320754716981132,0.4875050168039648,1.0,11/30,19.40%,MCCC1;SLC19A1;BTD;SLC19A3;MTHFD2L;SLC52A1;SLC2A3;MTRR;ABCD4;GSTO2;MMAA
prerank,Lysosomal Lumen Acidification (GO:0007042),0.5632725324891651,1.4131268246353061,0.0392156862745098,0.49009653378738866,1.0,6/14,16.02%,ATP6V0A1;CLN3;ATP6V0C;ATP6V1A;PPT1;CCDC115
prerank,Regulation Of Chemokine (C-X-C Motif) Ligand 2 Production (GO:2000341),0.6616348813260797,1.413036422112953,0.12,0.48923476186801934,1.0,3/9,6.34%,OAS3;KLF4;FOXP1
prerank,Negative Regulation Of Transcription By RNA Polymerase II (GO:0000122),0.28718881149001935,1.412560708723131,0.0,0.48944586697960496,1.0,126/585,16.55%,FOSB;NOTCH4;HAND1;CAV1;NR1H4;KLF7;ZBED2;ZNF266;NR1H2;KLF2;DDX5;LDB2;GATA3;TBL1X;TCF25;SIRT2;ZNF254;PPARG;TBX2;WWC2;EDNRB;DNAJB1;CDC73;TCF7L2;NR4A2;IFNG;CITED2;EPO;ZFP36;TBX21;GPS2;DDIT3;ZNF620;YWHAZ;WWP2;JUN;MYH2;DACH1;SNCA;ZNF140;STAT1;ZFP57;ARID4A;KLF4;HSPA1A;JUND;HSF1;FBP1;PRKN;ZNF136;BCL6B;ETV5;CHD8;ZNF560;SHH;GATAD2B;FGFR2;LIN37;SOX13;BACH1;KLF11;EFNA1;ZNF596;DLL4;FASLG;IRF8;ZFPM1;CBFB;TGIF1;DLX4;LEFTY1;TBX3;PER1;ID1;RITA1;ZNF641;PPM1A;EDN1;ZNF439;THRA;KLF8;IRX2;INSM2;MYOZ1;ZNF684;EHMT1;ZBTB16;NKX2-1;TRIM33;SREBF2;HDAC8;PRDM16;SDR16C5;RELA;SP2;ID4;CBX1;SKOR1;ESR1;GET1;BRMS1L;RB1;CHD4;HESX1;ZEB2;VSX2;RARA;ZNF131;ZBTB21;MXD1;TMPRSS6;ZNF350;HDAC4;RBBP4;ETS2;BPTF;SMARCA4;PHF12;NCOR2;JDP2;IRX1;ZNF268;ZNF559;GATA6;WFS1;STAT3
prerank,Embryonic Heart Tube Morphogenesis (GO:0003143),0.46085988875303,1.4122503703249498,0.044444444444444446,0.48913891600857323,1.0,7/31,7.93%,HAND1;NDRG4;IHH;TBX2;SOX17;SHH;ENG
prerank,Endocytosis (GO:0006897),0.33377608642039486,1.4117849292448017,0.04,0.48951050410601255,1.0,42/162,16.86%,CAV1;ASGR1;TSC2;OCIAD1;CAV3;ANXA3;CDC42;CD36;MYO6;ANXA1;DNM3;MYL1;EPN2;ADRB2;LRRK2;SLC11A1;LDLR;RAB17;CLN3;EQTN;CYTH2;ITGB1;ARHGAP27;HOOK2;LRSAM1;TICAM2;CORO1C;HSPG2;EHD1;INSR;PIK3C2A;MSR1;CSNK1D;RAB5B;AXL;REPS2;PPT1;CXCL16;TMEM108;ZFYVE9;RHOBTB1;TOM1
prerank,Negative Regulation Of Synaptic Transmission (GO:0050805),-0.636150732749533,-1.4113845867669976,0.03389830508474576,0.7494936790608103,1.0,2/10,2.50%,ADIPOQ;SLC24A2
prerank,Regulation Of Cell-Substrate Junction Assembly (GO:0090109),0.4898477473972155,1.4113635170680978,0.06666666666666667,0.48955868872845515,1.0,10/17,26.80%,DAPK3;CORO1C;LIMCH1;FYN;GPM6B;PEAK1;CLASP1;LDB1;DUSP3;PTK2
prerank,Negative Regulation Of Chondrocyte Differentiation (GO:0032331),-0.5756072822714888,-1.4113526255775397,0.05454545454545454,0.7455849766928271,1.0,4/13,10.93%,GREM1;SOX9;RFLNA;NKX3-2
prerank,Cellular Response To UV-A (GO:0071492),-0.6779723515369761,-1.411320747969088,0.09090909090909091,0.7418246412995446,1.0,2/8,0.79%,MMP1;MMP3
prerank,Free Ubiquitin Chain Polymerization (GO:0010994),-0.7743037943732093,-1.4105007194251842,0.10416666666666667,0.7420936097339252,1.0,3/5,12.23%,UBE2C;RNF135;TRIM32
prerank,Negative Regulation Of Focal Adhesion Assembly (GO:0051895),0.5426051515917528,1.4103973275060562,0.07142857142857142,0.49045506989876253,1.0,8/14,28.08%,FAM107A;CORO1C;PHLDB2;DMTN;CLASP2;DYNLL1;BCAS3;ITGB1BP1
prerank,Negative Regulation Of Cell-Substrate Junction Organization (GO:0150118),0.5426051515917528,1.4103973275060562,0.07142857142857142,0.49045506989876253,1.0,8/14,28.08%,FAM107A;CORO1C;PHLDB2;DMTN;CLASP2;DYNLL1;BCAS3;ITGB1BP1
prerank,Organelle Fission (GO:0048285),0.5161585247665476,1.4103180034768148,0.06666666666666667,0.4896699858590776,1.0,7/17,22.41%,PRKN;PEX11G;CORO1C;MTFR2;OPA1;GDAP1;TMCC1
prerank,Negative Regulation Of Mononuclear Cell Migration (GO:0071676),-0.5968380673821657,-1.4102843839392545,0.11538461538461539,0.7391700467702429,1.0,1/12,0.05%,GREM1
prerank,Membrane Fission (GO:0090148),0.453822003608835,1.4099544497922891,0.0425531914893617,0.4895579657660547,1.0,9/33,25.31%,TSG101;EXOC5;VPS37B;CORO1C;EXOC6;EXOC7;SNF8;TMCC1;CHMP4A
prerank,Vesicle Transport Along Actin Filament (GO:0030050),0.573067253260104,1.4093154088475242,0.07894736842105263,0.4904962161571252,1.0,4/13,9.82%,MYO1C;MYO6;MYO1B;MYO1H
prerank,Positive Regulation Of Amyloid-Beta Formation (GO:1902004),0.5611792566689946,1.4093092319018075,0.11320754716981132,0.48939890918585643,1.0,7/12,19.28%,IFNG;EFNA1;LRRTM3;GSK3A;RELA;GSAP;ABCG1
prerank,Cellular Response To Cholesterol (GO:0071397),0.586911501034675,1.4092459584177714,0.12,0.48843317747452963,1.0,3/10,6.38%,MYL1;GRAMD1C;CYP7A1
prerank,Protein Localization To Basolateral Plasma Membrane (GO:1903361),0.7408541332798643,1.40876648627961,0.07547169811320754,0.4888304876683719,1.0,3/5,13.45%,CAV1;LIN7A;LIN7C
prerank,Regulation Of Multicellular Organismal Development (GO:2000026),0.3860338517211849,1.408702778560448,0.047619047619047616,0.48777572608605974,1.0,13/49,14.02%,GATA3;DHX36;SPAAR;INO80;DUSP6;SOX17;INSR;SGF29;EHMT1;KAT6B;MBIP;MCRS1;GBX1
prerank,Positive Regulation Of Heterotypic Cell-Cell Adhesion (GO:0034116),-0.6411824224178144,-1.4083040871926344,0.10909090909090909,0.7439278077765041,1.0,6/11,15.44%,THY1;FGB;CEACAM6;IL10;BMP7;FGA
prerank,Negative Regulation Of Oxidative Stress-Induced Cell Death (GO:1903202),0.4924073726245473,1.4079933599461347,0.10526315789473684,0.48914794509467957,1.0,7/16,16.82%,LRRK2;NFE2L2;PRKN;PPIA;NOL3;FYN;SIRT1
prerank,"Pentose-Phosphate Shunt, Non-Oxidative Branch (GO:0009052)",0.7048436679543417,1.407471192656938,0.1509433962264151,0.48957242581380106,1.0,2/5,19.05%,PHACTR1;RPE
prerank,Neuron Cell-Cell Adhesion (GO:0007158),-0.6806632463722866,-1.4066682071152299,0.10526315789473684,0.7476195063869312,1.0,4/8,12.47%,NRXN2;NRXN3;ASTN2;NLGN2
prerank,Regulation Of Centrosome Cycle (GO:0046605),0.505035079693614,1.405845898686214,0.06,0.4932209505246048,1.0,10/19,34.83%,MARK4;CCNL2;CHMP1A;PDCD6IP;SIRT1;XRCC3;CHMP4A;NAT10;PKHD1;RAB6C
prerank,G Protein-Coupled Serotonin Receptor Signaling Pathway (GO:0098664),-0.7264687803119805,-1.4050199113472142,0.1016949152542373,0.7511688372185176,1.0,2/5,3.32%,HTR2A;HTR2B
prerank,Response To Zinc Ion (GO:0010043),0.576919695040761,1.4049578813632784,0.07692307692307693,0.4947908623700764,1.0,4/12,3.59%,SLC30A8;MT1M;MT1E;MT1H
prerank,Regulation Of Transcription From RNA Polymerase II Promoter In Response To Stress (GO:0043618),0.6051826499197441,1.4045358606322884,0.1,0.49516896037477887,1.0,4/10,6.16%,KLF2;DDIT3;ARNT;NFE2L2
prerank,Regulation Of Apoptotic Signaling Pathway (GO:2001233),0.43752697832714893,1.404403754754863,0.045454545454545456,0.49436308541924384,1.0,16/34,25.09%,DAPK2;CX3CR1;CX3CL1;NR4A2;BDNF;PPIA;BCL2L14;TMBIM6;RB1;CTSK;MAZ;TPD52L1;NKX3-1;STYXL1;CTSS;CSNK2A1
prerank,Negative Regulation Of Oxidative Stress-Induced Intrinsic Apoptotic Signaling Pathway (GO:1902176),0.5783420767553497,1.4041766225385868,0.1276595744680851,0.4939332827994756,1.0,5/11,16.82%,NFE2L2;PRKN;PPIA;NOL3;SIRT1
prerank,Regulation Of Long-Term Synaptic Depression (GO:1900452),0.6830442037641188,1.4041250265248257,0.09433962264150944,0.4930716695824355,1.0,3/6,8.92%,GRID2;SHANK3;NOL3
prerank,Neuronal Action Potential (GO:0019228),0.7100564007976408,1.404078131841245,0.0784313725490196,0.4922138106713519,1.0,3/6,4.98%,MYH7B;KCNMB4;GPER1
prerank,Regulation Of Macrophage Activation (GO:0043030),-0.5190190101356288,-1.4039461888137428,0.07692307692307693,0.7529460354670494,1.0,5/24,11.09%,MMP8;WNT5A;LRFN5;IL31RA;CD84
prerank,N-terminal Protein Amino Acid Acetylation (GO:0006474),0.5465550664305029,1.4038533131393656,0.10416666666666667,0.49188401242004204,1.0,11/14,34.78%,NAA50;NAA80;CREBBP;NAA60;KAT2B;NAA15;LSM8;NAA25;NAA10;NAA16;NAA30
prerank,Membrane Lipid Metabolic Process (GO:0006643),-0.5763711764310295,-1.4037903710401998,0.08620689655172414,0.7499033031726067,1.0,4/14,9.09%,FUT2;CYP1B1;SMPDL3B;ALOXE3
prerank,Regulation Of Microtubule Polymerization (GO:0031113),0.410771156093873,1.4037709311501674,0.08571428571428572,0.49118633193222067,1.0,11/33,19.60%,CAV3;CDH5;AKAP9;SNCA;CLIP3;CDK5RAP2;OCLN;FES;CLASP1;SLAIN2;SLAIN1
prerank,Peptidyl-Cysteine Modification (GO:0018198),0.6514332938300831,1.4033240418397388,0.10526315789473684,0.49165863160637896,1.0,2/7,7.15%,NOS1;HHAT
prerank,Negative Regulation Of Actin Filament Depolymerization (GO:0030835),0.7297170097146843,1.403175889176652,0.08888888888888889,0.4912708830798275,1.0,2/5,9.57%,PLEKHH2;VIL1
prerank,Melanosome Localization (GO:0032400),0.5101562356137094,1.4029147816887495,0.10204081632653061,0.4912517311148871,1.0,7/17,29.24%,RAB17;MREG;RAB27A;BLOC1S6;MLPH;RAB11A;GPR143
prerank,T Cell Receptor Signaling Pathway (GO:0050852),0.364038878574909,1.4028039583810803,0.0,0.49065294596070025,1.0,18/69,13.47%,BTNL9;BTNL3;GATA3;TRGC1;NFKBID;TXK;TRGC2;PRKD2;EIF2B5;BCL10;MALT1;NFKBIZ;BTNL8;ITK;RBCK1;FYN;PRAM1;PLCG1
prerank,Golgi To Plasma Membrane Transport (GO:0006893),0.43773706045267924,1.4026641569573213,0.08333333333333333,0.48996539308854076,1.0,11/39,17.23%,SPTBN1;VAMP5;EXOC5;EXOC6;OSBPL5;EXOC7;ANK3;GOLPH3L;OPTN;COMMD1;VAMP2
prerank,Ear Morphogenesis (GO:0042471),-0.5682019028828522,-1.4025847722960496,0.06,0.7521502217506082,1.0,5/17,3.36%,OSR2;TFAP2A;USH1C;TWIST1;SIX1
prerank,Skeletal Muscle Contraction (GO:0003009),0.6078417921521672,1.4022936538025825,0.06976744186046512,0.4901618243683138,1.0,5/11,3.12%,TNNT1;TNNI1;TCAP;TNNC1;MYH7B
prerank,Regulation Of Glycolytic Process (GO:0006110),0.46032071259234963,1.4018541520061085,0.11363636363636363,0.49075152107672515,1.0,11/28,15.76%,MLXIPL;NUPR1;IFNG;ARNT;FBP1;PRKAG2;INSR;PRKAG1;TIGAR;GIT1;HDAC4
prerank,Myelin Maintenance (GO:0043217),0.5985236621940804,1.400259257270427,0.13636363636363635,0.49530159990418493,1.0,2/8,2.73%,MYRF;DEGS1
prerank,Response To UV-A (GO:0070141),-0.6482811849079597,-1.4001807621912774,0.06779661016949153,0.759675848729407,1.0,5/10,15.25%,MMP1;MMP3;TIMP1;PPID;CCND1
prerank,Protein Localization To Plasma Membrane (GO:0072659),0.3282439973738651,1.399937138093785,0.0,0.4950628091425853,1.0,41/108,22.86%,RAB40A;CAV3;EMP2;SPTBN1;TMEM88;EFR3B;FCHO2;PACS1;ZDHHC22;RDX;RAMP3;HYCC2;FLNA;JUP;PDZK1;S100A10;P2RY1;INPP5K;EHD1;TNFRSF1A;ANK3;STXBP1;ASB3;PRAM1;BSG;EPB41L3;RAB8B;TSPAN15;RAP2A;CLASP2;RAPGEF6;HYCC1;TTC7B;PIP5K1A;EHD2;CD81;GAK;C2CD5;RAP1A;PACS2;NECTIN3
prerank,Regulation Of Protein Catabolic Process (GO:0042176),0.33153836464427633,1.399731924116421,0.0,0.49467441902511294,1.0,28/96,20.01%,PRKCG;C4BPA;SIRT2;ASB9;VGLL4;UBB;ASB11;RDX;HMGCR;VIP;PRKN;APC;FLNA;ATRAID;GSK3A;VCP;RBX1;TIPARP;NEDD4;VPS11;NKD1;SNF8;CENATAC;HSP90AA1;NDUFA13;PHB1;NQO1;PHF20L1
prerank,Regulation Of Epithelial Cell Differentiation (GO:0030856),0.5044243152239838,1.399712555042559,0.0851063829787234,0.49368649769509304,1.0,4/15,3.36%,CAV1;KLF7;GATA3;IFNG
prerank,Establishment Of Epithelial Cell Polarity (GO:0090162),0.5471405804227977,1.3995719114991088,0.06666666666666667,0.4932426689738716,1.0,3/14,4.58%,OPHN1;CDC42;SIPA1L3
prerank,Establishment Or Maintenance Of Epithelial Cell Apical/Basal Polarity (GO:0045197),0.43725314294137957,1.3991492844647582,0.125,0.4934592173017123,1.0,15/29,31.16%,OPHN1;CDC42;PRKCZ;PARD6B;LIN7A;ERBIN;PDCD6IP;LIN7C;RAP2A;PATJ;LLGL2;PALS1;LIN7B;MYO9A;SH3BP1
prerank,Detection Of Chemical Stimulus Involved In Sensory Perception Of Smell (GO:0050911),0.5321006760280073,1.399042687571456,0.08108108108108109,0.4917435342616514,1.0,9/21,6.75%,OR6N1;OR2T8;OR2S2;OR6K3;OR2A12;SLC24A4;OR2B11;OR2A1;OR2A14
prerank,Detection Of Chemical Stimulus Involved In Sensory Perception (GO:0050907),0.5321006760280073,1.399042687571456,0.08108108108108109,0.4917435342616514,1.0,9/21,6.75%,OR6N1;OR2T8;OR2S2;OR6K3;OR2A12;SLC24A4;OR2B11;OR2A1;OR2A14
prerank,Regulation Of Protein Dephosphorylation (GO:0035304),0.43062468274985155,1.3988108187407198,0.05555555555555555,0.49157519455294385,1.0,11/33,21.39%,CDH5;PPP1R15A;CAMTA1;PPIA;CALM3;PPP2R5A;PTBP1;PPP1R2;SPPL3;PRKCD;DYNLL1
prerank,Unsaturated Fatty Acid Biosynthetic Process (GO:0006636),0.6967897759009513,1.398325564053022,0.11764705882352941,0.49214959766874267,1.0,3/5,23.10%,DEGS1;FADS3;SCD
prerank,Associative Learning (GO:0008306),-0.6093423162901748,-1.3982714675546872,0.0847457627118644,0.7639617117064801,1.0,6/14,10.84%,NETO1;MAP1A;BRSK1;SHANK1;ADCY3;FOXB1
prerank,Regulation Of Ras Protein Signal Transduction (GO:0046578),0.3591873262399689,1.3978597702015618,0.05714285714285714,0.49227730884164056,1.0,18/63,17.86%,OPHN1;EPO;RDX;DENND3;FBP1;SGSM3;MFN2;SYDE1;ARFGAP3;EPS8L2;ARHGEF18;SHOC2;GIT1;RASGRF1;RAF1;MYO9B;STARD8;STAMBP
prerank,Regulation Of Protein Binding (GO:0043393),0.3460544387135265,1.3972237331189044,0.0,0.49332078172728433,1.0,34/95,28.08%,CAV1;WNT3A;NMD3;PDGFB;TCF7L2;MARK3;LRRK2;PRKN;CLDN5;ADD1;ZFPM1;PPP2CA;TMBIM6;TMC8;RPL11;SUB1;IFIT1;HDAC4;CTNNBIP1;B2M;SPPL3;CARD16;PRKCD;EPB41;PRMT7;PSME3IP1;BAMBI;PSEN1;RAPGEF2;CAPRIN2;FKBP1A;SYMPK;GSK3B;ITGB1BP1
prerank,Negative Regulation Of Myotube Differentiation (GO:0010832),-0.633760191889951,-1.3970476783187686,0.1,0.7658009014401074,1.0,4/9,12.29%,BHLHA15;CEACAM5;TMEM119;XBP1
prerank,"Fructose 1,6-Bisphosphate Metabolic Process (GO:0030388)",0.6257822939909018,1.3968891781997734,0.09803921568627451,0.49318005924726094,1.0,4/7,27.40%,FBP1;TIGAR;ALDOB;PFKM
prerank,Protein Localization To Mitochondrion (GO:0070585),0.5445297155643297,1.3967520162800047,0.13953488372093023,0.4925983923907687,1.0,3/12,4.68%,ISG15;FKBP8;LRRK2
prerank,Negative Regulation Of Protein Kinase B Signaling (GO:0051898),0.4251585474418379,1.395805725077104,0.11764705882352941,0.49469219326895314,1.0,9/28,20.52%,TSC2;DDIT3;GPER1;INPP5K;PPP2CA;PLEKHA1;SIRT1;HYAL2;SH2B3
prerank,Response To Copper Ion (GO:0046688),0.5839403371502317,1.3955555224201759,0.18604651162790697,0.49410980575066604,1.0,6/12,6.15%,IL1A;MT1M;MT1E;MT1H;SNCA;HSF1
prerank,Negative Regulation Of Monooxygenase Activity (GO:0032769),0.7203270688719546,1.3949844928224968,0.05084745762711865,0.49499247711161587,1.0,2/5,5.36%,CAV3;SNCA
prerank,Keratan Sulfate Biosynthetic Process (GO:0018146),-0.5619568595078048,-1.3945569718796598,0.10909090909090909,0.7735187203398806,1.0,2/14,1.64%,B3GNT3;CHST6
prerank,Inner Ear Receptor Cell Development (GO:0060119),-0.7343487013251839,-1.39377009405297,0.12727272727272726,0.7730800154087885,1.0,2/5,11.58%,USH1C;TSKU
prerank,Negative Regulation Of Dephosphorylation (GO:0035305),0.5900294839527517,1.3933400956796946,0.11363636363636363,0.4989367762466483,1.0,2/9,9.23%,PPP1R15A;INPP5K
prerank,Positive Regulation Of Nuclear Division (GO:0051785),0.5009443645678291,1.3926866388672303,0.11627906976744186,0.5000972411251767,1.0,8/19,10.31%,IL1A;SIRT2;PDGFB;RGCC;IL1B;INSR;LRP5;EDN1
prerank,Regulation Of Cellular Response To Heat (GO:1900034),0.559340939003708,1.392666870489878,0.12,0.49915967162878,1.0,9/12,35.85%,DNAJB1;HSF1;SIRT1;CREBBP;DNAJC2;GSK3B;IER5;CHORDC1;DNAJC7
prerank,Positive Regulation Of Transport (GO:0051050),0.4093052113565588,1.3925777514889883,0.02702702702702703,0.49834199219680925,1.0,14/40,16.71%,CHRM1;PON1;ANXA1;MYL1;SNCA;CD151;KMT2A;CLIP3;INPP5K;GSK3A;AKT2;ACTB;DYNC1H1;SGK1
prerank,Protein Localization To Membrane (GO:0072657),0.3177915253336767,1.3923480875049405,0.0,0.49775928738501585,1.0,48/152,20.48%,CAV1;RAB40A;FRMPD1;CAV3;EMP2;SPTBN1;TMEM88;EFR3B;ANO1;ITGAL;FCHO2;CAPN3;SHANK3;PACS1;ZDHHC22;RDX;RAMP3;TM9SF2;HYCC2;FLNA;JUP;PDZK1;S100A10;P2RY1;INPP5K;EHD1;LIN7A;TNFRSF1A;ANK3;STXBP1;PRAM1;LIN7C;BSG;EPB41L3;RAB8B;TSPAN15;AP3D1;RAP2A;NPC1;CLASP2;RAPGEF6;HYCC1;TTC7B;PIP5K1A;BRAF;EHD2;CD81;GAK
prerank,Neurotrophin Signaling Pathway (GO:0038179),0.5392020268998643,1.3920664856714604,0.17777777777777778,0.4976412868902681,1.0,8/13,34.25%,BDNF;RAP1A;RAPGEF2;KIDINS220;NTF4;BCAR1;RAPGEF1;SORT1
prerank,"Fatty Acid Elongation, Unsaturated Fatty Acid (GO:0019368)",-0.7087292182471916,-1.3917429703095279,0.13725490196078433,0.7680459214300007,1.0,2/6,7.55%,ELOVL2;ELOVL4
prerank,"Fatty Acid Elongation, Polyunsaturated Fatty Acid (GO:0034626)",-0.7087292182471916,-1.3917429703095279,0.13725490196078433,0.7680459214300007,1.0,2/6,7.55%,ELOVL2;ELOVL4
prerank,"Fatty Acid Elongation, Monounsaturated Fatty Acid (GO:0034625)",-0.7087292182471916,-1.3917429703095279,0.13725490196078433,0.7680459214300007,1.0,2/6,7.55%,ELOVL2;ELOVL4
prerank,"Fatty Acid Elongation, Saturated Fatty Acid (GO:0019367)",-0.7087292182471916,-1.3917429703095279,0.13725490196078433,0.7680459214300007,1.0,2/6,7.55%,ELOVL2;ELOVL4
prerank,Ventricular Cardiac Muscle Tissue Development (GO:0003229),0.5156844882825098,1.3913872858040583,0.07894736842105263,0.49873491765031686,1.0,5/19,7.91%,HAND1;TNNC1;TGFBR3;TNNT2;FGFR2
prerank,Regulation Of ERAD Pathway (GO:1904292),0.6443887701612163,1.3913000001233686,0.14893617021276595,0.49809740480145664,1.0,3/7,8.82%,RNFT1;ATXN3;TMEM259
prerank,Intrinsic Apoptotic Signaling Pathway In Response To DNA Damage (GO:0008630),-0.4353777476645417,-1.3908153553779499,0.029411764705882353,0.7683311932242134,1.0,11/35,19.10%,BCL2L10;CASP9;TP73;BCL2L2;SFN;FNIP2;RPS27L;IKBKE;BCL2L11;IFI16;BAK1
prerank,Amyloid-Beta Metabolic Process (GO:0050435),0.5429563558511343,1.390666386311127,0.1111111111111111,0.4987548816873166,1.0,4/12,7.00%,ACE;MME;MGAT3;PSEN2
prerank,'De Novo' Post-Translational Protein Folding (GO:0051084),0.46733035488611735,1.3900386630726216,0.075,0.4997536481767376,1.0,5/25,8.83%,DNAJC18;HSPA1B;DNAJB1;HSPA1A;UGGT1
prerank,Negative Regulation Of B Cell Apoptotic Process (GO:0002903),0.6741764002426501,1.3897830225254815,0.1702127659574468,0.49931816806460166,1.0,3/5,8.62%,ORMDL3;FOXP1;BCL10
prerank,Microtubule Depolymerization (GO:0007019),-0.5897014902884744,-1.3892377946181762,0.1016949152542373,0.7716104199596496,1.0,7/15,10.22%,STMN2;STMND1;KIF19;KIF24;KIF2C;KIF18B;KIF14
prerank,Negative Regulation Of Neuron Migration (GO:2001223),-0.7220730887180563,-1.388867643552343,0.14,0.7694771514753225,1.0,3/5,6.96%,COL3A1;TNN;SRGAP3
prerank,Protein Transport To Vacuole Involved In Ubiquitin-Dependent Protein Catabolic Process Via The Multivesicular Body Sorting Pathway (GO:0043328),0.5889127993631633,1.388814039007402,0.11538461538461539,0.5009969059739676,1.0,3/11,17.08%,TSG101;VPS37B;SNF8
prerank,Chemokine-Mediated Signaling Pathway (GO:0070098),-0.4678526768627784,-1.3880338787450683,0.06060606060606061,0.7698484310148369,1.0,17/38,21.18%,CXCL13;CCL1;CXCL6;CCL13;PF4V1;CCL22;FOXC1;CCL11;CXCL12;THPO;CCL21;CCR2;PPBP;CCL24;CCL8;CCR1;CXCL1
prerank,Positive Regulation Of Respiratory Burst (GO:0060267),-0.7360074202852172,-1.3872512173541336,0.12244897959183673,0.7692206980541536,1.0,2/5,6.00%,IGHA2;JCHAIN
prerank,Regulation Of Alpha-Beta T Cell Differentiation (GO:0046637),0.6893752803963417,1.3871732183690781,0.04081632653061224,0.5054893633840164,1.0,4/7,12.24%,IHH;ZNF683;SHH;SH3RF1
prerank,Regulation Of Chemokine (C-C Motif) Ligand 5 Production (GO:0071649),0.6330447420035459,1.3867441683097608,0.1702127659574468,0.5058411146199956,1.0,2/7,5.25%,OAS3;DDX3X
prerank,Transcription-Dependent Tethering Of RNA Polymerase II Gene DNA At Nuclear Periphery (GO:0000972),0.6299029594918546,1.3866486126161277,0.09803921568627451,0.5051415634545686,1.0,3/6,22.70%,NUP107;PCID2;NUP98
prerank,Adenosine To Inosine Editing (GO:0006382),0.719895651081912,1.3863177503649944,0.10416666666666667,0.5049828642637133,1.0,3/5,15.95%,ADARB2;METTL3;ADAT2
prerank,Defense Response To Gram-positive Bacterium (GO:0050830),-0.4564461591519859,-1.3852169888499148,0.03333333333333333,0.7760463709648096,1.0,9/44,9.31%,KRT6A;PGLYRP3;PGLYRP4;GBP6;HLA-A;RNASE10;RNASE2;SPRR2A;H2BC11
prerank,Positive Regulation Of Phosphoprotein Phosphatase Activity (GO:0032516),0.512995518501916,1.385147652308508,0.12195121951219512,0.5073684224531162,1.0,7/14,25.49%,PPP1R15A;CALM3;ITGA1;CD300A;PTPRC;GNA12;PPP1R12A
prerank,Positive Regulation Of Cellular Respiration (GO:1901857),0.6688862903213224,1.385048821346051,0.10869565217391304,0.5066418008503837,1.0,3/7,12.66%,NUPR1;IFNG;VCP
prerank,Actin Filament-Based Transport (GO:0099515),0.5231825693970391,1.3848026009270697,0.10256410256410256,0.5065655206814735,1.0,6/15,20.79%,MYO1C;MYO6;MYO1B;MYO1H;SYNE2;MYO1F
prerank,Mucosal Immune Response (GO:0002385),-0.5740988639139482,-1.3845836297482315,0.09836065573770492,0.7750456845408132,1.0,9/16,24.21%,BPIFB1;LTF;RNASE2;H2BC11;PIGR;FFAR3;H2BC12;H2BC21;RNASE3
prerank,Lymphocyte Chemotaxis (GO:0048247),-0.48641679260952525,-1.384108557634821,0.07352941176470588,0.7736742510016335,1.0,9/26,13.89%,CXCL13;CCL1;SAA1;CCL13;CYP7B1;CCL22;CCL11;GPR183;CCL21
prerank,Muscle Cell Migration (GO:0014812),-0.6375636624685621,-1.3840159659493638,0.09803921568627451,0.7704871933920758,1.0,3/8,15.16%,SIX1;ITGB3;MEGF10
prerank,Monocyte Activation (GO:0042117),0.7104968251758684,1.3839719711554685,0.17647058823529413,0.508343786555686,1.0,4/5,17.59%,FOXP1;CSF1;DYSF;HYAL2
prerank,Positive Regulation Of Activated T Cell Proliferation (GO:0042104),-0.5745731467172039,-1.3839354756368174,0.14285714285714285,0.7673607520410647,1.0,6/14,15.94%,IGF1;CD24;ICOSLG;IGFBP2;FADD;HHLA2
prerank,Negative Regulation Of Intracellular Signal Transduction (GO:1902532),0.3121674472799555,1.383877792154906,0.04,0.5075915063068621,1.0,54/184,21.03%,RTKN2;MYADM;CAV1;NR1H4;TSC2;MYO1C;CAV3;TRIM59;PPARG;WWC2;SLIT2;VGLL4;MARK3;DDIT3;SLC24A4;TSSK3;GPER1;DDX3X;STAT1;DUSP6;UACA;NOL3;DUSP1;INPP5K;PER1;PPM1A;GSK3A;CGNL1;PPP2CA;RELA;TANK;ESR1;PLEKHA1;WTIP;PDE10A;SIRT1;MGRN1;ATP2B4;HYAL2;STAMBP;RFFL;SLC39A8;NDUFA13;DUSP16;ARHGAP25;DUSP8;PPM1N;RORA;MAP2K3;DGKD;IFI35;SH2B3;C1QTNF3;TMSB4X
prerank,Regulation Of Osteoblast Differentiation (GO:0045667),-0.40358685489901713,-1.3837144100929015,0.045454545454545456,0.7650124768186256,1.0,22/76,16.26%,GREM1;CCN4;TNN;TWIST1;TP63;SOX11;IGF1;LTF;SMOC1;TNFAIP6;FBN2;WNT4;BMPR1B;SOX9;TMEM119;PTCH1;RORB;LRP3;BMP7;SCUBE3;REST;HDAC9
prerank,ISG15-protein Conjugation (GO:0032020),0.7065332744191082,1.3835135647175856,0.14814814814814814,0.5075977556486695,1.0,3/5,15.94%,ISG15;UBA7;UBE2E2
prerank,Potassium Ion Transport (GO:0006813),-0.3890445142797202,-1.3830736953666258,0.05714285714285714,0.7644888826907102,1.0,38/93,20.48%,KCNG2;KCNS2;SLC9A4;LRRC26;SLC24A2;KCND3;KCNK2;KCNN4;ABCC8;HCN4;KCNV1;KCNF1;KCNJ16;KCNK15;KCNMB1;KCNB2;KCNA1;SLC1A3;KCNN3;KCNA7;KCNK13;KCND1;KCNH8;SLC17A7;KCNA5;KCNH4;KCNMA1;KCNJ12;SLC9A5;KCNB1;HCN2;KCND2;SLC12A7;ATP1B3;LRRC38;KCNK1;KCNK5;SLC24A3
prerank,Membrane Depolarization During Cardiac Muscle Cell Action Potential (GO:0086012),-0.5526658550875974,-1.382616324875378,0.14035087719298245,0.76319624539382,1.0,7/14,26.24%,CACNA1G;SCN1B;HCN4;HCN2;SCN2B;CACNB2;KCNJ2
prerank,Chaperone Cofactor-Dependent Protein Refolding (GO:0051085),0.504092124284351,1.3823911910542301,0.0425531914893617,0.5096986323003321,1.0,4/21,5.66%,DNAJC18;HSPA1B;DNAJB1;HSPA1A
prerank,Protein K11-linked Ubiquitination (GO:0070979),0.43185334883779475,1.3821240695488894,0.07317073170731707,0.5097285911724945,1.0,9/26,23.48%,ANAPC10;PRKN;UBE2D4;AREL1;ANAPC11;UBE2E2;ANAPC7;UBE2A;ANAPC2
prerank,Negative Regulation Of Cell-Cell Adhesion (GO:0022408),0.41756385123395,1.3820543460853494,0.044444444444444446,0.508868219186155,1.0,7/31,7.05%,MYADM;NOTCH4;ADTRP;RDX;GTPBP4;KLF4;RGCC
prerank,Regulation Of Leukocyte Tethering Or Rolling (GO:1903236),-0.6541197218267779,-1.381892743530245,0.08771929824561403,0.7633017864125715,1.0,5/9,19.59%,FUT9;CHST4;CXCL12;CHST2;ENC1
prerank,Cardiac Ventricle Morphogenesis (GO:0003208),0.41333510538766777,1.3817483081848492,0.08108108108108109,0.5086220386044842,1.0,10/32,10.77%,HAND1;GATA3;TNNC1;TGFBR3;TNNT2;FGFR2;ENG;DLL4;FOXF1;GSK3A
prerank,Mesenchyme Development (GO:0060485),-0.5187032197060297,-1.38158911222001,0.11666666666666667,0.7613205710912893,1.0,6/16,14.88%,SFRP2;MEOX1;HMGA2;MESP1;ISL1;BMP7
prerank,Golgi To Plasma Membrane Protein Transport (GO:0043001),0.475188516633227,1.3813649815333364,0.024390243902439025,0.5086539246584424,1.0,9/21,29.73%,SPTBN1;VAMP5;ANK3;GOLPH3L;OPTN;VAMP2;GGA1;KIF13A;RAB31
prerank,Hematopoietic Stem Cell Proliferation (GO:0071425),-0.5945969311931961,-1.3809153303908202,0.10344827586206896,0.7606701248942629,1.0,4/10,15.78%,SFRP2;WNT5A;RUNX1;MECOM
prerank,Regulation Of Oligodendrocyte Differentiation (GO:0048713),-0.5761242093984458,-1.380627014028834,0.07407407407407407,0.7587182166492511,1.0,4/9,9.29%,TENM4;TNFRSF21;MDK;SLC45A3
prerank,Cilium-Dependent Cell Motility (GO:0060285),-0.577940567522294,-1.3801063716094393,0.08196721311475409,0.7576613104470058,1.0,9/13,21.37%,DNAH7;RSPH9;TEKT5;CFAP54;EFHC1;TEKT2;DNAAF2;DNAI3;RFX3
prerank,Depyrimidination (GO:0045008),0.6989897139277584,1.3796685453879933,0.06521739130434782,0.5126405634271707,1.0,1/6,1.32%,NTHL1
prerank,Negative Regulation Of Intrinsic Apoptotic Signaling Pathway (GO:2001243),0.36232846639005045,1.3795577618491586,0.0,0.5120848510665067,1.0,17/51,18.44%,RTKN2;EPO;LRRK2;DDX3X;HSPA1A;NFE2L2;PRKN;DDIAS;PPIA;CREB3L1;NOL3;TMBIM6;PTPN1;SIRT1;OPA1;NDUFA13;TPT1
prerank,Neuropeptide Signaling Pathway (GO:0007218),-0.43543601966254686,-1.379366997595043,0.045454545454545456,0.7582409072675749,1.0,12/44,9.16%,MCHR1;GAL;SSTR5;PNOC;SSTR2;SORCS2;SSTR3;GPR84;GPR37;CMKLR2;UTS2R;SORCS3
prerank,Regulation Of Fat Cell Proliferation (GO:0070344),-0.7378294086998529,-1.3789374683371052,0.12,0.7571353636245322,1.0,3/5,20.15%,PID1;E2F3;TREM2
prerank,Stem Cell Development (GO:0048864),0.5388277139392827,1.3789182289377822,0.10869565217391304,0.5129913979932179,1.0,6/12,24.50%,WNT7A;SHH;TCOF1;TAPT1;PTPRC;PEF1
prerank,Regulation Of Dosage Compensation By Inactivation Of X Chromosome (GO:1900095),0.569540354584853,1.3788969739486294,0.125,0.5120797156848659,1.0,7/10,28.32%,MCRS1;KANSL3;MSL3;MSL1;KAT8;OGT;PHF20
prerank,Heart Morphogenesis (GO:0003007),0.4092747450482756,1.3786300130285998,0.03225806451612903,0.5117204103149551,1.0,19/49,14.74%,TCAP;EMP2;CCM2L;SYNPO2L;TBX2;TGFBR3;ANKRD1;ACVRL1;TAFAZZIN;APC;SOX17;ENG;ZFPM1;LEFTY1;INSR;TBX3;TTN;NOS3;MYLK2
prerank,ATP Biosynthetic Process (GO:0006754),0.5459281565877221,1.3780817407488426,0.15555555555555556,0.5124306838257906,1.0,5/16,14.00%,ATP5PF;ATP5MG;PRKAG2;ATP5MGL;ATP5MC2
prerank,Visual System Development (GO:0150063),-0.47469458648986473,-1.3780257195337038,0.140625,0.7575329751975797,1.0,8/31,8.39%,ADAMTS18;SIX3;SOX2;CHRDL1;SH3PXD2B;SMOC1;FOXC1;BMPR1B
prerank,Regulation Of Epithelial Cell Apoptotic Process (GO:1904035),0.6378085146988904,1.377313454260531,0.13793103448275862,0.5138489758709283,1.0,3/8,4.23%,TEK;NUPR1;ZFP36
prerank,Gap Junction Assembly (GO:0016264),-0.7398467255454867,-1.3768712570300337,0.11864406779661017,0.7591167343472042,1.0,1/5,1.05%,GJB6
prerank,Protein Phosphorylation (GO:0006468),0.27915137608778395,1.3766979989047134,0.0,0.5147161292686667,1.0,118/400,24.72%,PRKAG3;TEK;PRKCG;DAPK2;PRKG2;AMH;CDKL5;MAP4K2;CDK17;PDGFB;TGFBR3;BRSK2;PAK4;FGFR4;ERC1;ACVRL1;SIK1;WNK4;NIM1K;MARK3;YWHAZ;PRKCZ;LRRK2;CDKL2;TSSK3;TRIB1;HIPK1;STRADB;MAP3K21;BRD2;TXK;DAPK1;FLT4;PRKD2;SRPK3;COQ8B;PRKAG2;RPS6KB1;DAPK3;HCK;FGFR2;MARK4;CDK16;MAP3K3;MKNK2;TNKS;UVRAG;DYRK3;INSR;MAPK9;NEK3;CAMK2A;CREB1;GSK3A;CDK11A;PRKAG1;ILK;FYN;CDK10;PRKD1;CSNK1D;PRKCH;FES;AKT2;RPS6KA3;TAOK3;TBP;HCST;RSKR;ABI2;MYLK2;NEK7;RARA;TAF6;CDK2;PEAK1;TAF2;TRIB2;TLR7;AMHR2;GRK6;SGK1;CLK1;PRKCQ;STK10;PKN2;CDK3;MAP4K3;ABI3;MAP3K11;PRKDC;MAP2K1;SMAD7;BRAF;GMFG;COPS2;PRKCD;OXSR1;FGFR1;GLYCTK;CSNK1A1;HIPK4;DYRK4;KDR;RIPK1;MINK1;MKNK1;CDK9;CSNK2A3;CSNK1G2;RIPK3;CSK;TLK2;LIPE;SMG1;SRPK2;ACVR1B;PPP4R1
prerank,"Maturation Of LSU-rRNA From Tricistronic rRNA Transcript (SSU-rRNA, 5.8S rRNA, LSU-rRNA) (GO:0000463)",-0.5520449776183735,-1.37669390296075,0.11475409836065574,0.756600410638962,1.0,6/11,27.21%,URB1;RPL35;WDR12;ZNHIT6;RPL7L1;RPL7
prerank,Interleukin-1-Mediated Signaling Pathway (GO:0070498),0.5244040541643754,1.3762452818597308,0.09523809523809523,0.5146540721517354,1.0,3/13,12.66%,IL1RAP;IL1B;RELA
prerank,Negative Regulation Of Bone Mineralization (GO:0030502),-0.6417590163883988,-1.3759797197255803,0.12244897959183673,0.7566708653054696,1.0,2/9,9.71%,GREM1;RFLNA
prerank,Positive Regulation Of Blood Vessel Endothelial Cell Migration (GO:0043536),0.40619885725985655,1.3755864148803258,0.025,0.5157066183201996,1.0,15/36,21.92%,ANGPT4;PDGFB;ANXA1;PRKD2;MAP3K3;JCAD;PIK3C2A;PRKD1;PLCG1;NOS3;SIRT1;MAP2K3;FGFR1;TMSB4X;KDR
prerank,Inorganic Cation Transmembrane Transport (GO:0098662),-0.34740743525734946,-1.375319186401457,0.02631578947368421,0.7565645719711324,1.0,69/200,20.81%,SLC4A11;KCNG2;ATP12A;KCNS2;SLC9A4;LRRC26;CACNA1G;HTR3A;SLC24A2;SLC36A1;RHCE;KCNK2;SLC30A2;KCNN4;SCN1B;ABCC8;HCN4;KCNV1;SCARA5;KCNF1;SLC6A17;KCNK15;TRPV4;SLC6A11;ASIC2;KCNB2;KCNA1;SLC1A3;TRPA1;TRPC4;SLC39A14;KCNN3;TRPM6;KCNA7;SLC12A3;KCNK13;SLC24A5;SLC6A6;KCND1;KCNH8;CLU;KCNA5;ATP2A2;KCNH4;TMCO1;SLC30A1;ATP6V0A4;SLC9A5;KCNB1;HCN2;KCND2;SLC4A4;SLC39A6;SLC12A7;SCN2B;ATP1B3;LRRC38;SCN4A;SLC6A9;SLC41A2;SCNN1B;ATP2A3;KCNK1;ATP6AP2;KCNK5;SCNN1G;SLC24A3;SLC4A8;ATP6V0A2
prerank,Ganglion Development (GO:0061548),-0.6480782847257708,-1.375192691666038,0.15217391304347827,0.7538575615122448,1.0,4/7,15.99%,TUBB3;FZD3;SEMA3A;UNC5C
prerank,Epithelial Structure Maintenance (GO:0010669),-0.5941441661630373,-1.3741265581000588,0.10344827586206896,0.7556561225813969,1.0,3/13,5.06%,MUC13;VSIG1;TFF1
prerank,Negative Regulation Of Protein Transport (GO:0051224),0.528385369947372,1.3740057898392533,0.13953488372093023,0.5195492902961845,1.0,10/16,29.32%,ADTRP;WWP2;HMGCR;RSAD2;NDFIP1;RSC1A1;CYP51A1;CSK;ERP29;PPM1F
prerank,Negative Regulation Of Neuron Differentiation (GO:0045665),-0.5777677036688873,-1.3735668974054571,0.08,0.7543671352971625,1.0,6/14,15.75%,SIX3;SOX2;DTX1;SOX9;BMP7;REST
prerank,Positive Regulation Of T Cell Proliferation (GO:0042102),-0.4443598089046905,-1.373396266762626,0.1,0.7519634182152639,1.0,14/42,15.94%,LEP;TNFRSF13C;IGF1;CD209;CD24;ICOSLG;IGFBP2;SLC7A1;ZP3;CD28;FADD;TNFSF4;CCR2;HHLA2
prerank,Negative Regulation Of Supramolecular Fiber Organization (GO:1902904),0.3833833099686307,1.3732682541359522,0.04878048780487805,0.5209946157088025,1.0,12/61,6.48%,MYADM;CAV3;PFDN1;CDH5;SLIT2;KANK4;SHANK3;SNCA;LDLR;KANK3;PLEKHH2;PRKN
prerank,Leucine Transport (GO:0015820),-0.6754179148986194,-1.3732291473567817,0.1111111111111111,0.7498960454810439,1.0,3/7,7.15%,SLC7A7;SLC7A5;SLC6A17
prerank,Sensory Organ Morphogenesis (GO:0090596),-0.6630530422630796,-1.3728750102902636,0.09090909090909091,0.7482466558157949,1.0,3/7,18.44%,STRA6;GLI3;COL5A2
prerank,Negative Regulation Of Extrinsic Apoptotic Signaling Pathway In Absence Of Ligand (GO:2001240),0.5034277563751007,1.3728614557471905,0.08,0.5201465118018687,1.0,5/15,11.15%,HSPA1B;IL1A;HSPA1A;IL1B;PF4
prerank,Negative Regulation Of Signal Transduction In Absence Of Ligand (GO:1901099),0.5034277563751007,1.3728614557471905,0.08,0.5201465118018687,1.0,5/15,11.15%,HSPA1B;IL1A;HSPA1A;IL1B;PF4
prerank,Negative Regulation Of Protein-Containing Complex Disassembly (GO:0043242),-0.6795603789192248,-1.371927190392782,0.12244897959183673,0.7495751103601435,1.0,1/6,2.35%,SLN
prerank,Positive Regulation Of Cholesterol Metabolic Process (GO:0090205),0.5769906113981819,1.3718399596536077,0.16981132075471697,0.5224170513448858,1.0,5/8,22.55%,FGF1;SREBF2;SH2D2A;STARD4;SREBF1
prerank,Positive Regulation Of Type 2 Immune Response (GO:0002830),0.5851708441602121,1.3712423214367706,0.17777777777777778,0.5228786476186734,1.0,5/9,20.28%,XCL1;PRKCZ;RSAD2;RARA;CD81
prerank,Nuclear-Transcribed mRNA poly(A) Tail Shortening (GO:0000289),0.5127568006135923,1.3707160097188948,0.19047619047619047,0.523392138710435,1.0,8/16,24.95%,CNOT4;ZFP36;CNOT3;CNOT10;CNOT9;TUT4;SAMD4A;CNOT8
prerank,Positive Regulation Of Cell-Cell Adhesion (GO:0022409),-0.4759805671473092,-1.370564466546283,0.11290322580645161,0.7527941808528628,1.0,14/36,15.77%,CXCL13;THY1;FGB;TNFSF11;FUT3;RNASE10;CEACAM6;IL10;MDK;FOXA1;BMP7;MEGF10;FGA;SIRPG
prerank,Thyroid Gland Development (GO:0030878),-0.6764797921048575,-1.3703695734788905,0.14285714285714285,0.7506444850265906,1.0,2/6,4.21%,SIX1;TG
prerank,Mesenchymal Cell Migration (GO:0090497),0.45059184146847314,1.3703009098681045,0.02631578947368421,0.5236895369961467,1.0,8/25,9.12%,SEMA6A;SEMA4A;SEMA5A;SEMA6D;SEMA3G;SHH;SEMA3E;CORO1C
prerank,Negative Regulation Of Epithelial Cell Migration (GO:0010633),0.4045695121263262,1.3697523791934652,0.08571428571428572,0.5244133187347292,1.0,6/26,9.12%,SLIT2;APOH;PTPRM;STC1;DLL4;CORO1C
prerank,Regulation Of Neurogenesis (GO:0050767),0.38248764051726036,1.3692490280680392,0.030303030303030304,0.5251343794893322,1.0,11/50,10.14%,MME;WNT3A;CX3CR1;WNT7A;CX3CL1;IFNG;DOCK7;GPER1;IL1B;S100A10;HES7
prerank,Regulation Of Keratinocyte Migration (GO:0051547),-0.6126731745015057,-1.3675483922360143,0.17857142857142858,0.759772118621063,1.0,5/9,25.10%,FGF7;MAP4K4;PTEN;EPB41L4B;ARF6
prerank,piRNA Processing (GO:0034587),-0.6233969109820237,-1.3673816707738844,0.07142857142857142,0.757555377694776,1.0,2/9,4.31%,ANKRD34B;TDRD1
prerank,Regulation Of Monoatomic Ion Transmembrane Transporter Activity (GO:0032412),0.3947428191043959,1.3672059086459012,0.02857142857142857,0.5304045350110194,1.0,16/49,14.26%,GSG1L;CAV3;CRH;FGF12;FXYD1;FHL1;WWP2;FXYD6;DAPK1;NEDD4L;CACNG4;PDZK1;TRPC6;HOMER1;NEDD4;YWHAH
prerank,Regulation Of Pinocytosis (GO:0048548),0.6111587501214346,1.3671818107714604,0.10638297872340426,0.5294644058279571,1.0,6/8,15.18%,CAV1;NR1H2;CDC42;CLN3;AXL;PPT1
prerank,Collagen-Activated Signaling Pathway (GO:0038065),-0.661047383143521,-1.3671277963606947,0.14893617021276595,0.7556917642443268,1.0,2/6,9.55%,ITGA11;ITGA2
prerank,Regulation Of Adipose Tissue Development (GO:1904177),0.5657763538413662,1.3668264474374443,0.17647058823529413,0.529509001797413,1.0,6/9,36.37%,PPARG;NCOA2;SIRT1;SPI1;NCOA1;TRPM4
prerank,Second-Messenger-Mediated Signaling (GO:0019932),0.38282365368976806,1.3662579254682279,0.09090909090909091,0.5306122205899578,1.0,16/57,14.86%,NCALD;NMUR1;CD36;EDNRB;CNKSR2;LRRK2;NOS1;SPHK1;AGTR2;EDN1;PPP2CA;PLCG1;RCAN1;NOS3;PPP1R9A;P2RY11
prerank,Positive Regulation Of RNA Biosynthetic Process (GO:1902680),0.6310589067444885,1.3659096065357386,0.14285714285714285,0.5303903086209041,1.0,2/7,7.82%,NMD3;IL1B
prerank,Adenylate Cyclase-Activating G Protein-Coupled Receptor Signaling Pathway (GO:0007189),-0.3833787057635686,-1.3656618919806245,0.06349206349206349,0.7595434930760521,1.0,22/79,12.03%,MC4R;MC5R;ADM2;ADGRB2;TSHR;ADCY2;ADGRF1;ADCYAP1;ADCY5;RAMP1;PTGER1;GPHA2;ADRA2A;UCN3;ADGRF4;ADGRG5;LHCGR;MC2R;ADCY3;GIPR;CALCB;ADRA2C
prerank,Spliceosomal Complex Assembly (GO:0000245),0.4122511385668866,1.364792932674493,0.0,0.5332810385626802,1.0,19/48,30.19%,SNRPF;SRSF6;SRPK3;SNRNP200;NOL3;LUC7L2;SNIP1;LUC7L;SF3A2;RBM5;ZRSR2;CELF1;DDX46;GCFC2;SRPK2;CELF6;SRSF10;LUC7L3;DDX1
prerank,Self Proteolysis (GO:0097264),0.5517651017179934,1.3644584717847499,0.12280701754385964,0.5333708674349991,1.0,4/10,15.61%,IHH;CAPN3;SHH;TMPRSS6
prerank,Plasma Membrane To Endosome Transport (GO:0048227),0.6611302705201546,1.3639170222468928,0.17073170731707318,0.5345375836091659,1.0,3/6,12.88%,RAB5C;SGSM3;RAB5B
prerank,PERK-mediated Unfolded Protein Response (GO:0036499),0.7042695848008346,1.3633490807293906,0.12962962962962962,0.5353852854767102,1.0,4/5,19.35%,DDIT3;NFE2L2;QRICH1;EIF2S1
prerank,Negative Regulation Of Oxidoreductase Activity (GO:0051354),0.755090144315401,1.3633153210934206,0.0425531914893617,0.5344760198704499,1.0,4/5,18.97%,HP;SNCA;PRKN;OXA1L
prerank,Negative Regulation Of Interleukin-1 Beta Production (GO:0032691),0.48872491861267503,1.3629318109125346,0.06976744186046512,0.5345891148179636,1.0,9/15,26.36%,CX3CR1;FFAR4;CX3CL1;NLRP2B;GIT1;CARD16;FFAR1;ZC3H12A;GHRL
prerank,Negative Regulation Of Leukocyte Chemotaxis (GO:0002689),-0.6056237705214085,-1.362680256507928,0.12962962962962962,0.7697888644330317,1.0,1/8,0.05%,GREM1
prerank,Regulation Of Adiponectin Secretion (GO:0070163),0.6663743841926477,1.3625672736637862,0.17307692307692307,0.5350930010237916,1.0,5/6,19.45%,PPARG;IL1B;HCAR2;RAB11FIP1;RAB11FIP3
prerank,Folic Acid Transport (GO:0015884),0.7397626045475998,1.3620238160778402,0.09090909090909091,0.5359334621117309,1.0,2/5,4.70%,FOLR3;SLC19A1
prerank,Modification-Dependent Macromolecule Catabolic Process (GO:0043632),0.5906405734225572,1.361112727273836,0.11363636363636363,0.5378102420695213,1.0,4/7,24.08%,ISG15;UBB;TUT4;UBA52
prerank,Myofibril Assembly (GO:0030239),0.42970664688220656,1.3605713294970352,0.06060606060606061,0.5384870380441354,1.0,13/32,15.56%,TNNT1;TCAP;SYNPO2L;ANKRD1;CAPN3;TNNT2;CSRP2;LMOD2;OBSL1;MYOZ1;TMOD3;TTN;OBSCN
prerank,Positive Regulation Of Catabolic Process (GO:0009896),0.3781499825767764,1.3604252738561864,0.029411764705882353,0.5378927489864236,1.0,31/64,27.95%,C4BPA;CAV3;ASB9;VGLL4;ASB11;RDX;VIP;PRKN;APC;IL1B;GSK3A;VCP;RBX1;TIPARP;NEDD4;VPS11;NKD1;SNF8;HSP90AA1;NDUFA13;VSIR;PYHIN1;CSNK2A3;FLNB;BARD1;CSNK2A1;OAZ3;RNF41;PTK2;CUL4A;GSK3B
prerank,Regulation Of Cellular Component Organization (GO:0051128),0.3275005977632612,1.3604198493290895,0.06060606060606061,0.5369905096019012,1.0,31/134,16.96%,CDH13;FAM107A;TSC2;ANGPTL7;ERMN;WNT3A;OPHN1;SLITRK2;NRG3;CD36;PAK4;EBAG9;PTPN11;SOCS2;RAB17;ANKRA2;SPHK1;ARFGAP3;ZFYVE16;MARK4;CCNL2;CDK11A;RAB5B;CTTNBP2;RUFY1;NEDD4;LAMTOR1;PTPN1;JADE2;SGK1;PRKCQ
prerank,Regulation Of Interleukin-2 Production (GO:0032663),0.4039563378353341,1.359687635587779,0.0967741935483871,0.5382068194542043,1.0,8/37,8.64%,IL1A;SPTBN1;ZFP36;TBX21;XCL1;PRKD2;IL1B;MALT1
prerank,Positive Regulation Of Epithelial Cell Differentiation (GO:0030858),-0.4766813407721148,-1.3588619830593378,0.10909090909090909,0.7835923789524718,1.0,7/19,13.41%,NKX6-1;FOXJ1;TP73;IL20;MESP1;SOX9;SFN
prerank,ADP Transport (GO:0015866),0.6352112407064572,1.3587816824549372,0.09803921568627451,0.5401139411436179,1.0,4/7,25.05%,SLC25A25;SLC25A41;SLC25A24;SLC25A4
prerank,Positive Regulation Of Cholesterol Efflux (GO:0010875),0.5020299002334847,1.3583875478031784,0.09090909090909091,0.5405234084312287,1.0,8/19,7.10%,CAV1;NR1H2;PPARG;PON1;ABCA8;NFKBIA;GPS2;ABCA3
prerank,Regulation Of Smoothened Signaling Pathway (GO:0008589),0.38217748996654227,1.3578759394598172,0.0,0.5407261467141413,1.0,16/42,22.59%,TEDC1;IHH;HHIP;FUZ;SHH;PDCL;FGFR2;IFT81;VCP;MGRN1;RORA;PHIP;DCDC2;GAS1;TUBD1;CREBBP
prerank,Astral Microtubule Organization (GO:0030953),0.5965953027116468,1.3572859369912604,0.11320754716981132,0.5416452247822785,1.0,5/8,29.89%,TPPP;CLASP1;KPNB1;RAB11A;NUMA1
prerank,Induction Of Bacterial Agglutination (GO:0043152),-0.7022919022847756,-1.3562618448337702,0.13636363636363635,0.7912414459188496,1.0,3/5,15.44%,FGB;RNASE2;FGA
prerank,Regulation Of Monocyte Chemotaxis (GO:0090025),-0.49655204428619093,-1.356085644110879,0.11267605633802817,0.788815224882723,1.0,5/23,10.54%,GREM1;CCL1;PLA2G7;CXCL12;S100A7
prerank,Carboxylic Acid Metabolic Process (GO:0019752),0.4378968648268249,1.3560022735112558,0.11363636363636363,0.544503821393806,1.0,8/24,17.01%,CYP1A2;AMH;PON1;PON3;SLC2A3;CYP4F22;LIPT1;GSTO2
prerank,Positive Regulation Of Cytoplasmic Transport (GO:1903651),0.5995756406185319,1.3559719468388194,0.1590909090909091,0.5435755331381619,1.0,3/9,15.38%,RDX;PRKN;VPS11
prerank,Regulation Of Secretion (GO:0051046),0.565896592839349,1.35551654445186,0.10638297872340426,0.5437713359132853,1.0,4/9,25.40%,MYO6;SGK1;POFUT2;GPLD1
prerank,Negative Regulation Of Interleukin-12 Production (GO:0032695),-0.5980375578558282,-1.3554096121432715,0.15789473684210525,0.7885612370914011,1.0,5/10,18.97%,IL10;CCR7;TIGIT;JAK3;SLAMF1
prerank,Protein Quality Control For Misfolded Or Incompletely Synthesized Proteins (GO:0006515),0.44820973085124016,1.3545886889612027,0.10416666666666667,0.5458988220973112,1.0,8/21,30.40%,ATXN3;UGGT1;VCP;CLPP;ZYG11B;RNF5;NGLY1;CUL3
prerank,Monoubiquitinated Protein Deubiquitination (GO:0035520),0.43314978333713816,1.3543692729504002,0.0975609756097561,0.5454806329053895,1.0,10/29,27.86%,USP16;USP22;TAF6L;SGF29;TAF6;TAF2;SUPT3H;KAT2A;KAT2B;ENY2
prerank,Histone Deubiquitination (GO:0016578),0.4221906117909925,1.3542665967039513,0.10638297872340426,0.5447345781692206,1.0,12/30,27.86%,USP22;TAF6L;SGF29;BABAM2;TAF6;TAF2;SUPT3H;BABAM1;BARD1;KAT2A;KAT2B;ENY2
prerank,Regulation Of Intrinsic Apoptotic Signaling Pathway In Response To DNA Damage By P53 Class Mediator (GO:1902165),0.5116947072968298,1.3541518332123927,0.14285714285714285,0.5443199551489779,1.0,4/12,16.82%,RPL26;ZNF385A;CD74;SIRT1
prerank,Nephron Tubule Development (GO:0072080),0.6860952115035598,1.352913808438184,0.1282051282051282,0.5472139226150182,1.0,5/5,31.41%,MTSS1;HNF1B;OXSR1;TFAP2B;MEF2C
prerank,Regulation Of Lipid Metabolic Process (GO:0019216),0.3670432224438533,1.3528021855734411,0.05263157894736842,0.5464435643244461,1.0,8/42,7.82%,CAV1;PSAPL1;PPARG;ANGPTL8;FGFR4;GPS2;PRKAG2;IL1B
prerank,Cellular Response To Copper Ion (GO:0071280),0.5726506133036275,1.3527196519838265,0.2,0.5456004709092243,1.0,6/10,12.90%,MT1M;MT1E;MT1H;SNCA;HSF1;DAXX
prerank,Positive Regulation Of Intracellular Transport (GO:0032388),0.43876381137549314,1.352640057276436,0.0851063829787234,0.5449612507539199,1.0,15/32,32.84%,MYL1;RUFY3;EHD1;NEDD4;DYNC1H1;VAMP2;PGAP1;EHD2;ATP2A1;ERGIC3;BCAS3;CAPN10;NUMA1;TENM1;STX18
prerank,Negative Regulation Of Smooth Muscle Cell Proliferation (GO:0048662),0.438410683513021,1.352503819538822,0.03225806451612903,0.5442240223615116,1.0,7/29,6.62%,NDRG4;PPARG;IFNG;TRIB1;GPER1;VIP;MFN2
prerank,Brain Development (GO:0007420),0.3338237958575393,1.3523287233282724,0.07142857142857142,0.5439898450614175,1.0,31/122,15.83%,EGR2;NDRG4;SLC6A4;EML1;CADM2;CX3CR1;ROBO2;SHANK3;VCX3B;CTNS;PTPN11;ADGRL2;AGTR2;CHD8;B3GNT5;ADGRG1;HSPG2;ROGDI;ZIC2;CDK5RAP2;SHROOM4;MFSD2A;NKX2-1;RTN1;AMIGO2;PAFAH1B1;HESX1;PPT1;GIT1;RBBP4;BPTF
prerank,Organic Anion Transport (GO:0015711),0.3808203176533973,1.3519587742475383,0.05128205128205128,0.5437065353728453,1.0,28/62,26.32%,SLCO1A2;CA4;SLC22A25;CYB5R2;SLC19A1;SLC25A25;SLC22A9;ABCC4;SLC35B1;SLC52A1;SLC4A10;SLC35A3;SLC25A41;SLC2A3;SLC22A3;SLCO4A1;SLC39A8;ABCG2;MFSD10;SLC4A9;SLC25A24;SLCO4C1;SLCO1C1;SLC25A4;SLCO2A1;SLC35C2;ABCC6;CFTR
prerank,Protein Kinase C Signaling (GO:0070528),-0.6679157209193589,-1.351595179582456,0.14035087719298245,0.8021254421963642,1.0,3/6,5.61%,HTR2B;MAS1;PLVAP
prerank,Branched-Chain Amino Acid Metabolic Process (GO:0009081),0.5136262329419522,1.351553592958696,0.11538461538461539,0.5442221280383484,1.0,3/15,4.65%,MCCC1;IVD;SLC25A44
prerank,Negative Regulation Of Establishment Of Protein Localization (GO:1904950),0.6529856657380471,1.351492733155997,0.16071428571428573,0.5433918065472975,1.0,2/6,8.80%,WWP2;NDFIP1
prerank,Amino Acid Transport (GO:0006865),-0.477819985790631,-1.3513982115701417,0.09090909090909091,0.7998471897044854,1.0,11/36,13.75%,SLC7A7;SLC36A1;SLC38A11;SLC1A4;SLC7A5;SLC6A17;SLC32A1;SLC7A1;SLC7A11;SLC38A4;SLC6A6
prerank,Primary miRNA Processing (GO:0031053),0.5970312597848627,1.35118108107524,0.1282051282051282,0.5434340468600249,1.0,6/12,18.43%,SRRT;DROSHA;SRSF3;METTL3;DGCR8;HNRNPA2B1
prerank,Regulation Of Response To External Stimulus (GO:0032101),0.3451579218948937,1.350949024286203,0.0967741935483871,0.5429056519978112,1.0,32/97,22.44%,CAV1;CX3CL1;CD36;LRRC19;ANXA1;SPAAR;XCL1;SBNO2;GNAT1;NFE2L2;FOXP1;DAGLB;NMT1;IRF1;HCK;ERAP1;BST1;NLRP9;FOXA2;ZMPSTE24;RELA;AREL1;GATA6;N4BP1;APLP2;CARD16;TMSB4X;CELF1;SAMHD1;PTPN22;AGTR1;SETD6
prerank,Regulation Of Autophagosome Maturation (GO:1901096),0.5188398944030604,1.350213160912474,0.10204081632653061,0.5441370980767892,1.0,7/15,24.10%,CLN3;UVRAG;PHF23;CALCOCO2;TOM1;TECPR1;ATG12
prerank,Placenta Blood Vessel Development (GO:0060674),-0.7034672346950026,-1.3502110862441956,0.16,0.8028113031925834,1.0,4/5,27.88%,HEY2;RBPJ;ITGB8;PKD1
prerank,Protein Localization To Cell-Cell Junction (GO:0150105),0.5355168200643883,1.350180492069303,0.10638297872340426,0.5433127109340411,1.0,5/11,15.24%,CDH5;CGNL1;ARHGEF18;ACTG1;TJP2
prerank,Ketone Body Metabolic Process (GO:1902224),0.7181583463589459,1.3501393241843622,0.10416666666666667,0.5424911912248329,1.0,3/5,20.95%,HMGCS2;ACAT1;ACSS3
prerank,Regulation Of Microtubule-Based Process (GO:0032886),0.40755577822719025,1.350137342735041,0.11627906976744186,0.5415739977949771,1.0,11/35,22.23%,FAM107A;PHLDB1;CDK2AP2;MARK4;PHLDB2;CCNL2;TPPP;CLASP2;CLASP1;DIAPH1;PATJ
prerank,Positive Regulation Of Epithelial Cell Proliferation (GO:0050679),0.32436582690816956,1.3501009721837616,0.0,0.5407337501428393,1.0,21/98,7.91%,CDH13;ODAM;TEK;EMC10;WNT7A;VEGFD;NR4A1;EGFL7;PDGFB;TCF7L2;HYAL1;FGF9;SEMA5A;JAML;VIP;ARNT;FLT4;PRKD2;HPN;SRSF6;FGFR2
prerank,Positive Regulation Of Mesenchymal Cell Proliferation (GO:0002053),0.6095235414681518,1.3500119921791232,0.125,0.5399945952204864,1.0,4/9,9.97%,STAT1;SHH;FGFR2;LRP5
prerank,Retinoid Metabolic Process (GO:0001523),-0.478923454930985,-1.349965312171471,0.06779661016949153,0.8006555274087966,1.0,10/31,15.71%,RPE65;CYP1B1;ADH4;CYP27C1;ADH7;ALDH1A3;AKR1C1;LRP1;PLB1;RDH10
prerank,Positive Regulation Of Leukocyte Mediated Cytotoxicity (GO:0001912),0.4067139125986529,1.3497007088423256,0.1,0.539944103557935,1.0,6/30,4.68%,KLRC3;KLRD1;HLA-C;XCL1;CD226;KLRC4
prerank,Monoatomic Cation Transmembrane Transport (GO:0098655),-0.34456795005276963,-1.3494068774328374,0.05405405405405406,0.8004404080700624,1.0,71/204,20.81%,SLC4A11;KCNG2;ATP12A;KCNS2;SLC9A4;LRRC26;CACNA1G;SLC24A2;SLC36A1;KCNK2;SLC30A2;KCNN4;SCN1B;ABCC8;HCN4;KCNV1;SCARA5;KCNF1;SLC6A17;CNGA3;KCNK15;TRPV4;SLC6A11;ASIC2;KCNB2;KCNA1;SLC1A3;TRPA1;TRPC4;SLC39A14;KCNN3;TRPM6;GRIN2A;KCNA7;SLC12A3;KCNK13;SLC24A5;SLC6A6;KCND1;KCNH8;CLU;KCNA5;ATP2A2;KCNH4;TMCO1;SLC30A1;ATP6V0A4;SLC9A5;KCNB1;HCN2;SLC29A4;KCND2;SLC4A4;SLC39A6;SLC12A7;SCN2B;ATP1B3;LRRC38;SCN4A;SLC6A9;SLC41A2;SCNN1B;CNGB1;ATP2A3;KCNK1;ATP6AP2;KCNK5;SCNN1G;SLC24A3;SLC4A8;ATP6V0A2
prerank,Negative Regulation Of Cell Cycle G1/S Phase Transition (GO:1902807),0.42327883550323747,1.3492253442417386,0.08571428571428572,0.5404808663753732,1.0,10/30,17.20%,FAM107A;CDC73;FHL1;KLF4;APC;CDK2AP2;WEE1;RB1;BRD7;INHBA
prerank,Regulation Of Supramolecular Fiber Organization (GO:1902903),-0.49508404697452824,-1.3487797086848528,0.07692307692307693,0.7998543433253432,1.0,4/16,18.21%,MAP1B;MAP1A;APOE;C9ORF72
prerank,Negative Regulation Of Apoptotic Signaling Pathway (GO:2001234),0.3845383347299196,1.3485054245864827,0.08108108108108109,0.5417972080128746,1.0,29/66,27.63%,RTKN2;CX3CR1;CX3CL1;TCF7L2;NR4A2;BDNF;DDX3X;HSPA1A;PRKN;PELI3;NOL3;TMBIM6;SH3RF1;RELA;RB1;OPA1;FZD9;ITGAV;NDUFA13;PHIP;PIH1D1;MAZ;RIPK1;CAAP1;SLC25A4;CSNK2A1;HTT;SLC25A31;BIRC6
prerank,Heart Process (GO:0003015),0.6669426818750912,1.3484807436427095,0.19230769230769232,0.5409150402177593,1.0,3/7,11.85%,SGCG;RAMP3;FYN
prerank,Cellular Response To Steroid Hormone Stimulus (GO:0071383),0.5347274951929937,1.34796051262916,0.0975609756097561,0.5415203829696252,1.0,4/18,5.66%,HSPA1B;ADTRP;GPER1;HSPA1A
prerank,Catecholamine Biosynthetic Process (GO:0042423),0.6633256887074451,1.3479007000260967,0.11904761904761904,0.5407874751306754,1.0,3/7,5.36%,PNMT;GATA3;SNCA
prerank,Glycosphingolipid Biosynthetic Process (GO:0006688),-0.5520890105761942,-1.3478325333484844,0.08163265306122448,0.8012082353906989,1.0,6/17,8.58%,ST8SIA2;FUT6;B3GALT4;FUT9;ST8SIA5;ST8SIA4
prerank,Regulation Of Cilium Movement (GO:0003352),-0.6195641354845748,-1.3476725957433198,0.11538461538461539,0.798907071834438,1.0,6/8,22.15%,CFAP206;CLXN;DNAH11;CFAP43;DNAAF1;CFAP298
prerank,Outflow Tract Septum Morphogenesis (GO:0003148),0.5054280370441103,1.3472286955843167,0.13043478260869565,0.5418275133370456,1.0,10/18,28.95%,TBX2;ROBO2;SMAD6;FGFR2;ENG;GATA6;SMAD4;LRP2;BMPR2;TGFB2
prerank,UV-damage Excision Repair (GO:0070914),0.5676181813252202,1.3465058342143743,0.11904761904761904,0.5428397907037559,1.0,7/10,24.55%,INO80;XPC;ERCC1;SIRT1;POLD3;XPA;POLA1
prerank,Positive Regulation Of Production Of Molecular Mediator Of Immune Response (GO:0002702),-0.48433907227076667,-1.3457489165237642,0.07272727272727272,0.8047266502145445,1.0,10/27,18.09%,WNT5A;SLC7A5;INAVA;IL10;F2RL1;XBP1;DNAJB9;TNFSF4;FFAR3;IL21
prerank,Positive Regulation Of miRNA Metabolic Process (GO:2000630),0.43509559120564734,1.3457268109517706,0.0,0.5442595086683203,1.0,14/37,16.55%,FOS;GATA3;PPARG;PDGFB;JUN;KLF4;EGR1;ATOH8;TEAD1;GNL3;RELA;APLN;SMARCA4;STAT3
prerank,Receptor-Mediated Endocytosis (GO:0006898),0.33784834217211335,1.3447518717832143,0.0625,0.5463741348935633,1.0,35/101,24.88%,ENTREP1;CAV1;ASGR1;CD36;DNM3;FCHO2;ADRB2;RAMP3;SNCA;LDLR;CLN3;ITGB1;ARHGAP27;HSPG2;SNX1;CALCRL;INSR;CAV2;MSR1;NEDD4;PPT1;CXCL16;TMEM108;CLTB;FCER1G;CD9;CD81;GAK;AP2M1;PIP5K1C;AP2B1;LRP2;PI4KB;GPR107;RALA
prerank,Intracellular Sodium Ion Homeostasis (GO:0006883),-0.5601687304558133,-1.3446217934389924,0.17647058823529413,0.8069897923415772,1.0,7/13,23.87%,TMPRSS4;ATP1B2;ATP1B3;SCNN1B;SCNN1G;ATP1A1;SLC9A1
prerank,Positive Regulation Of Smooth Muscle Contraction (GO:0045987),0.611208273341207,1.344341646122394,0.1794871794871795,0.5470122185623542,1.0,3/7,6.44%,SPX;GPER1;SPHK1
prerank,Protein Catabolic Process In The Vacuole (GO:0007039),0.6667170229354837,1.3433671977937194,0.12,0.548994775566438,1.0,3/5,15.39%,CPA2;CLN3;VPS13A
prerank,Response To Organonitrogen Compound (GO:0010243),0.39008901236054633,1.3431379136801544,0.02564102564102564,0.5484739590014758,1.0,9/36,15.66%,GPIHBP1;NR1H4;BRSK2;PRKN;CREB1;CHRNB2;VCP;CCDC47;UBXN6
prerank,Regulation Of DNA Methylation (GO:0044030),0.6560400857485706,1.3429678576351265,0.10638297872340426,0.5481705944868188,1.0,2/6,11.16%,KMT2A;MPHOSPH8
prerank,Dendritic Cell Chemotaxis (GO:0002407),-0.550955741361451,-1.342894398196515,0.1702127659574468,0.8117942175672932,1.0,6/14,20.73%,CCR7;GPR183;CCL21;CLU;CCR2;CCR1
prerank,Positive Regulation Of Leukocyte Degranulation (GO:0043302),-0.6300497278810837,-1.3427290255831845,0.125,0.80930574248267,1.0,3/7,14.04%,CD177;F2RL1;ITGB2
prerank,Cellular Response To Oxidative Stress (GO:0034599),0.33236274583133135,1.3422523175378942,0.0,0.5497344360902107,1.0,18/87,13.33%,FOS;HSPA1B;SIRT2;LRRK2;JUN;MGAT3;SNCA;HSPA1A;DAPK1;ARNT;NFE2L2;ETV5;PPIA;MAPK9;PXN;PRKD1;PPARGC1A;ERMP1
prerank,Regulation Of Programmed Necrotic Cell Death (GO:0062098),0.5637809498106241,1.3420543137759564,0.1836734693877551,0.5495971669986777,1.0,2/9,6.48%,NUPR1;PRKN
prerank,Regulation Of Neuron Differentiation (GO:0045664),-0.42764338605817853,-1.3416599354685623,0.11475409836065574,0.8119662913399991,1.0,22/56,19.71%,SIX3;SOX2;SOX11;SIX1;BEND6;BRINP3;TCF4;DTX1;ECT2;ADRA2C;TRIM32;ZFHX2;KCTD11;ARHGEF2;BMP7;REST;BRINP2;DKK1;ALK;SIN3A;GPRC5B;YWHAG
prerank,Regulation Of Platelet Activation (GO:0010543),0.43258304810300396,1.3408225607615294,0.07317073170731707,0.5524171394467051,1.0,11/24,26.00%,PDGFB;TXK;FLNA;THBD;GNAQ;NOS3;PRKCQ;FCER1G;SELP;PDGFA;TEC
prerank,Regulation Of Inositol Phosphate Biosynthetic Process (GO:0010919),0.7190784783751631,1.3407344787081492,0.07272727272727272,0.5517045099856382,1.0,2/5,5.36%,CD244;SNCA
prerank,Stress-Activated MAPK Cascade (GO:0051403),0.4105242251978657,1.3404844528847848,0.03125,0.5514220400224334,1.0,12/37,19.14%,MAP4K2;SH2D3C;ZFP36;GPS2;LRRK2;TRIB1;MAPK9;MAPK8IP1;DAXX;MAP4K3;MAP3K11;MAP2K3
prerank,post-Golgi Vesicle-Mediated Transport (GO:0006892),0.38738069470451875,1.340419702166416,0.07894736842105263,0.5507371833606546,1.0,18/46,30.68%,EXOC5;MYO1B;MON2;EXOC6;OSBPL5;EXOC7;SNAP23;COMMD1;VPS13A;SCAMP2;AP3D1;VPS54;GGA1;VPS13C;VTI1A;DOP1B;RAB14;SCAMP1
prerank,Negative Regulation Of Viral Process (GO:0048525),0.387979401468829,1.3397585453912608,0.022222222222222223,0.5516178741191808,1.0,13/47,17.91%,OAS3;ISG15;ZFP36;RSAD2;STAT1;OASL;PPIA;MX1;FAM111A;IFIT1;PITX3;N4BP1;ZNFX1
prerank,Embryonic Digestive Tract Development (GO:0048566),-0.5200741764037111,-1.3395456619167407,0.15384615384615385,0.8176784106517353,1.0,6/15,16.89%,STRA6;SIX2;SOX11;PDGFRA;GLI2;GLI3
prerank,Import Into Cell (GO:0098657),-0.4394594264710663,-1.3393527690898637,0.09259259259259259,0.8153758860790563,1.0,15/32,17.53%,SLC36A1;SLC7A5;PLPPR4;SLC16A2;SLC7A1;NEURL1B;SLC1A3;LRRC8E;SLC1A7;SLC22A4;SLC39A14;SLC6A6;LRRC8D;LRRC8A;SLC5A3
prerank,Response To Manganese Ion (GO:0010042),0.7199316434783708,1.3392091873460277,0.15384615384615385,0.5527320921689765,1.0,4/5,23.15%,LRRK2;PRKN;D2HGDH;SLFN14
prerank,Negative Regulation Of Cartilage Development (GO:0061037),-0.5497271431469065,-1.337719985875836,0.1111111111111111,0.8193672236390298,1.0,3/12,10.93%,GREM1;SOX9;NKX3-2
prerank,Response To Nitric Oxide (GO:0071731),-0.6105370377352917,-1.3374157638661361,0.19607843137254902,0.8178668010798626,1.0,2/7,11.00%,MMP3;CCR7
prerank,Vesicle-Mediated Transport (GO:0016192),0.2729653474063423,1.3371279170171717,0.0,0.5587764544286299,1.0,77/338,17.70%,NCALD;TSC2;OCIAD1;CAV3;CDC42;RAB5C;MYO6;STX11;DNM3;MYL1;NSG2;ARAP3;EPN2;ACTR1A;ADRB2;LRRK2;TSG101;EXOC5;LDLR;EXPH5;DENND3;RAB17;CTAGE6;SGSM3;EQTN;ARFGAP3;CYTH2;SNX27;ZFYVE16;HOOK2;CTAGE15;CDK16;RPH3AL;ALS2CL;S100A10;CORO1C;EXOC6;EHD1;UVRAG;AP3S1;WASHC2A;MAPK8IP1;PIK3C2A;CAV2;EXOC7;STXBP1;PRKD1;SNAP23;CHMP1A;CSNK1D;CECR2;RAB5B;MTM1;REPS2;LAMTOR1;CTAGE4;COMMD1;CEP83;ANKFY1;AP1S2;VPS11;AP4B1;ZFYVE9;ARF3;RHOBTB1;ARL1;TOM1;CTAGE9;CTAGE8;RAB27A;SNF8;AP3D1;VAMP2;SPIRE2;MGRN1;TVP23A;RAB5A
prerank,Regulation Of Mitotic Spindle Assembly (GO:1901673),0.5193885338997447,1.3360399628737263,0.09302325581395349,0.561383414378383,1.0,6/15,25.31%,HSPA1B;HSPA1A;CHMP1A;PDCD6IP;HNRNPU;CHMP4A
prerank,Synaptic Vesicle Membrane Organization (GO:0048499),0.5607150701225004,1.3358494365354958,0.06382978723404255,0.5611818184083756,1.0,5/11,22.73%,STX11;SNAP23;SYNGR2;SYP;STX3
prerank,RNA Secondary Structure Unwinding (GO:0010501),0.6115943604468052,1.335732928098595,0.14893617021276595,0.5606520342482189,1.0,5/7,26.98%,DHX36;DDX3X;AGO2;AGO4;AGO3
prerank,Intracellular Cholesterol Transport (GO:0032367),0.5156148033634019,1.3355412245291591,0.08,0.5603350592599152,1.0,6/15,19.28%,LDLR;RELCH;STARD4;NPC1;OSBPL2;ABCG1
prerank,Positive Regulation Of Mitotic Cell Cycle (GO:0045931),0.4413465687654386,1.3354828525751736,0.11904761904761904,0.559644535657636,1.0,12/24,24.58%,TAL1;HSF1;SPHK1;RPS6KB1;USP22;KLHL18;PKN2;CCDC57;NKX3-1;DUSP3;HES1;MEIS2
prerank,Regulation Of G Protein-Coupled Receptor Signaling Pathway (GO:0008277),0.3531940140995903,1.3350069215362583,0.07317073170731707,0.5597977368820581,1.0,18/59,19.23%,FRMPD1;RGS6;RGS9;KCTD16;RGS16;SLC24A4;GPER1;RAMP3;GNAT1;NMT1;EDN1;CAMK2A;GIT1;GRK6;MGRN1;PHB1;SYP;PDE6G
prerank,Organic Substance Transport (GO:0071702),0.3161689201306339,1.3344662913688141,0.0,0.5607438295026951,1.0,40/138,18.44%,SLCO1A2;CAV1;SLC22A25;SLC6A4;NMUR1;TRPC3;SLC47A1;DISP1;ABCA8;SLC29A2;AQP9;SLC19A1;RAMP3;ARL6IP5;PSEN2;ABCA3;ABCA9;SLC22A9;CALCRL;CHKA;CAMK2A;CHRNB2;ABCA5;MFSD2A;FYN;CHMP1A;RUFY1;SLC48A1;TRPC5;ABCD4;PPT1;SLC22A3;SCAMP2;ARRDC1;CATSPER1;TOM1;VAMP2;TCN2;ABCG2;TPT1
prerank,Epithelial Tube Branching Involved In Lung Morphogenesis (GO:0060441),0.6725542384078116,1.3344541177699196,0.1590909090909091,0.5598463647180073,1.0,2/5,11.99%,FGFR2;NKX2-1
prerank,mRNA Splice Site Recognition (GO:0006376),0.4316502638255792,1.3339077514040476,0.09803921568627451,0.5604636545978782,1.0,15/21,40.60%,SRSF6;NOL3;LUC7L2;LUC7L;SF3A2;ISY1;CELF6;SRSF10;LUC7L3;PSIP1;CELF3;CELF2;HNRNPC;SF3A3;KHDC4
prerank,Epithelial Cell Migration (GO:0010631),-0.4394968891730143,-1.3336537818019398,0.0847457627118644,0.8321176896182282,1.0,12/35,15.78%,KRT16;FAT2;S100A2;CYP1B1;S100P;FSTL1;ANLN;S100A12;LOXL2;DPP4;LRG1;ADGRA2
prerank,Negative Regulation Of Epithelial Cell Apoptotic Process (GO:1904036),0.4302760648503705,1.3332952084983554,0.10526315789473684,0.5615433355297909,1.0,8/29,6.16%,TEK;GATA3;CDH5;NUPR1;TCF7L2;PAK4;SEMA5A;NFE2L2
prerank,Glycerophospholipid Metabolic Process (GO:0006650),0.3910545186797044,1.333273258219717,0.13513513513513514,0.5607185116196303,1.0,17/49,21.53%,PON1;LCAT;PIGA;PLA2G6;CLN3;PNPLA3;FAR1;PIGZ;PLA2G4F;PIGV;PLCG1;PAFAH1B1;PNPLA6;PGPEP1;PIP5K1A;ABHD6;SERINC5
prerank,Long-Chain Fatty Acid Transport (GO:0015909),0.4681646090025736,1.3325185659832823,0.14893617021276595,0.5623034402594181,1.0,9/19,15.77%,SPX;PPARG;CD36;SLC27A6;RPS6KB1;CPT1A;MFSD2A;ABCD4;CPT1B
prerank,Negative Regulation Of Macroautophagy (GO:0016242),0.4486098073804847,1.3320411114037376,0.13333333333333333,0.5628895998287209,1.0,5/20,14.49%,TSC2;NUPR1;LRRK2;MTM1;PHF23
prerank,Digestive Tract Morphogenesis (GO:0048546),-0.5123200415447753,-1.3318172951136376,0.1276595744680851,0.8376240599522576,1.0,6/15,11.21%,STRA6;SIX2;SOX11;EPHB3;PDGFRA;GLI1
prerank,Regulation Of B Cell Receptor Signaling Pathway (GO:0050855),0.5190116661466262,1.3316882938218213,0.07142857142857142,0.5630124621107132,1.0,7/15,22.28%,GPS2;FOXP1;LPXN;PRKCH;CD300A;CD81;PTPN22
prerank,Regulation Of Protein Secretion (GO:0050708),0.3529436741475502,1.331636929447986,0.044444444444444446,0.562351833977265,1.0,17/73,11.92%,ADCY8;RFX6;MYH10;IL1A;ADTRP;ANKRD1;IFNG;SLC25A22;HMGCR;RSAD2;EXPH5;FRMD4A;IL1B;PPIA;UNC13B;EXOC7;GOLPH3L
prerank,Protein Deubiquitination (GO:0016579),0.3516779436947654,1.331468465410607,0.1,0.5617853263604752,1.0,18/78,18.60%,ATXN3;OTUB1;USP30;USP11;OTULINL;OTUD1;PRKN;USP16;USP22;USP32;USP24;USP44;USP17L7;BABAM2;USP4;STAMBP;USP25;BABAM1
prerank,Negative Regulation Of Cysteine-Type Endopeptidase Activity Involved In Apoptotic Process (GO:0043154),0.39629128032160527,1.3311709433620758,0.13953488372093023,0.5617027609822272,1.0,14/39,25.09%,LAMP3;DDX3X;SNCA;KLF4;NOL3;SH3RF1;RPS6KA3;NAIP;RAF1;RFFL;CARD16;PIH1D1;CAAP1;CSNK2A1
prerank,Internal Protein Amino Acid Acetylation (GO:0006475),0.6271662055116987,1.3308141823942061,0.08333333333333333,0.5617809057173097,1.0,4/6,34.15%,KAT2A;KAT2B;KAT7;NAA10
prerank,Negative Regulation Of Blood Vessel Morphogenesis (GO:2000181),0.3673548800882949,1.3304721613585282,0.14814814814814814,0.5618130313544472,1.0,18/62,11.15%,TEK;ANGPT4;SEMA6A;COL4A3;GTF2I;PPARG;APOH;STAT1;KLF4;ECSCR;RGCC;PTPRM;SEMA3E;CLDN5;FASLG;HSPG2;CNMD;PF4
prerank,Negative Regulation Of Protein Metabolic Process (GO:0051248),0.32032537249427073,1.3298067783519587,0.047619047619047616,0.5631701597856941,1.0,20/110,10.31%,PRKCG;IGF2BP2;NANOS3;PFDN1;DHX36;SIRT2;ZAR1;EDNRB;TRIM71;HMGCR;DDX3X;LDLR;DAPK1;CLN3;FLNA;DAPK3;TIA1;GZMB;ATRAID;EDN1
prerank,Regulation Of Organelle Assembly (GO:1902115),0.35161285155486216,1.3296928270498185,0.03571428571428571,0.5624928408089946,1.0,18/63,24.03%,CDKL5;RDX;TSG101;FUZ;TBC1D17;SGSM3;HCK;PDCD6IP;DYNLT2B;CEP76;VPS11;KIF9;RAB5A;TBC1D10C;TBC1D22A;DCDC2;EFNB1;CEP295
prerank,Glycosaminoglycan Catabolic Process (GO:0006027),0.5630623889278773,1.3291057768034404,0.1590909090909091,0.5642088943505608,1.0,4/9,17.59%,HYAL1;CEMIP2;GNS;HYAL2
prerank,Positive Regulation Of Cell Cycle (GO:0045787),0.3669449773056058,1.3290000259159118,0.08823529411764706,0.563600292089041,1.0,22/60,24.58%,PDGFB;NUPR1;CITED2;TAL1;HSF1;SPHK1;RGCC;RPS6KB1;FGFR2;MARK4;USP22;TBX3;CCND3;RARA;SPDYA;PKN2;CCDC57;NKX3-1;DUSP3;ZPR1;SRPK2;MEIS2
prerank,Lactation (GO:0007595),-0.7209955703103815,-1.3289540497002772,0.12727272727272726,0.8480874510605975,1.0,4/6,16.91%,OXTR;FOXB1;VEGFA;ERBB4
prerank,Negative Regulation Of Vascular Endothelial Growth Factor Signaling Pathway (GO:1900747),0.6535223213713788,1.3288588036904625,0.11904761904761904,0.5632206417648041,1.0,1/7,0.94%,SEMA6A
prerank,Negative Regulation Of Lipoprotein Particle Clearance (GO:0010985),0.7061643313804402,1.3285822628408757,0.15384615384615385,0.5629328610941773,1.0,2/5,6.29%,LDLR;PCSK9
prerank,Presynapse Assembly (GO:0099054),0.4698899244449486,1.3284385575779176,0.18181818181818182,0.5624649741337869,1.0,3/13,2.02%,WNT3A;PCLO;WNT7A
prerank,Regulation Of Bile Acid Biosynthetic Process (GO:0070857),0.6421510246123515,1.3277251804741854,0.11627906976744186,0.5633540972237037,1.0,5/7,16.82%,NR1H4;FGFR4;CYP7A1;STARD4;SIRT1
prerank,Establishment Of Protein Localization To Extracellular Region (GO:0035592),-0.42026251705867834,-1.3277186166428139,0.046875,0.8499990627434415,1.0,9/36,12.79%,OLFM2;RAB3C;PDIA4;RAB3B;MTTP;CTAGE1;LTBP2;GOLPH3;STEAP3
prerank,Aorta Development (GO:0035904),0.5309313552924793,1.3273986684378931,0.1111111111111111,0.5634509303404007,1.0,3/13,7.98%,TBX2;ROBO2;HECTD1
prerank,Retinal Metabolic Process (GO:0042574),-0.5777293970141995,-1.3270555039795693,0.16666666666666666,0.8498922071922806,1.0,6/13,15.71%,RPE65;CYP1B1;CYP27C1;ALDH1A3;AKR1C1;RDH10
prerank,Negative Regulation Of Hippo Signaling (GO:0035331),0.5819092643631568,1.3269457767609,0.08695652173913043,0.5639753413470915,1.0,5/11,19.14%,WWC2;VGLL4;MARK3;WTIP;MAP2K3
prerank,Negative Regulation Of Cell Junction Assembly (GO:1901889),0.4848045626815959,1.3267809266383122,0.07317073170731707,0.5635987066372561,1.0,8/22,17.54%,FAM107A;ROBO2;ACVRL1;IL1B;CORO1C;PHLDB2;DMTN;CLASP2
prerank,Regulation Of Extrinsic Apoptotic Signaling Pathway (GO:2001236),0.4023227112041332,1.3266601147295276,0.10714285714285714,0.5629538756645809,1.0,17/47,22.04%,CAV1;TCF7L2;GPER1;AGTR2;PELI3;BCL10;BCL2L14;NOL3;TMC8;SH3RF1;RELA;HYAL2;ITGAV;PHIP;FGFR1;RIPK1;TNFSF10
prerank,Macrophage Differentiation (GO:0030225),0.45547723531749323,1.3264841308590658,0.07142857142857142,0.5625800446436905,1.0,6/18,16.82%,GATA3;CDC42;IFNG;CSF1;IL15;SIRT1
prerank,Positive Regulation Of Plasminogen Activation (GO:0010756),0.6373683980689979,1.3264480865827304,0.12,0.5617598290005358,1.0,3/6,9.08%,CLEC3B;HPN;S100A10
prerank,Striated Muscle Contraction (GO:0006941),0.41355530544770847,1.326030925922518,0.12121212121212122,0.561791228956035,1.0,10/38,9.20%,TNNT1;TNNI1;TCAP;TNNC1;MYH7B;TNNT2;TAFAZZIN;NOS1;MYL4;STAC
prerank,Endothelial Cell Proliferation (GO:0001935),0.45881591142681455,1.325805314135675,0.15789473684210525,0.5614879128198219,1.0,3/17,5.07%,TEK;ANGPT4;SEMA5A
prerank,Axonogenesis (GO:0007409),0.3088070145495745,1.3254416572887169,0.037037037037037035,0.5616087322710529,1.0,28/138,9.45%,CCK;CNTN6;KLF7;SEMA6A;SEMA4A;OPHN1;SLITRK2;WNT7A;TRIM46;DSCAM;SLIT2;BRSK2;ROBO2;NTNG1;DOCK7;BDNF;TNR;SEMA5A;PARD6B;SLC9A6;SEMA6D;SEMA3G;SLITRK5;SHH;FGFR2;SEMA3E;EFNA1;DCC
prerank,Triglyceride Biosynthetic Process (GO:0019432),0.5293058588726453,1.324841719740028,0.07142857142857142,0.562285120298764,1.0,9/11,38.96%,MOGAT1;PNPLA3;LPIN2;GPAM;DGAT1;GPAT3;LPIN3;PCK2;GPAT4
prerank,Negative Regulation Of Pathway-Restricted SMAD Protein Phosphorylation (GO:0060394),-0.5815539790521974,-1.3247030045579642,0.1896551724137931,0.8568510398120907,1.0,2/10,3.10%,GREM1;EMILIN1
prerank,Cilium Movement Involved In Cell Motility (GO:0060294),-0.7305817871032461,-1.3237860262921393,0.09803921568627451,0.8573170105645259,1.0,4/5,21.20%,RSPH9;TEKT5;TEKT2;DNAI3
prerank,Regulation Of Sensory Perception (GO:0051931),0.6175540725384373,1.323719964101309,0.13725490196078433,0.5648910602882418,1.0,4/8,15.52%,SPX;TMEM100;VIP;SCN11A
prerank,Synaptic Vesicle Recycling (GO:0036465),0.39678053873079516,1.3234172859111348,0.09523809523809523,0.5649173223827016,1.0,15/35,23.03%,WNT3A;OPHN1;WNT7A;DNM3;FCHO2;SNCA;SNCG;AP3S1;GIT1;AP3D1;VAMP2;RAB5A;AP2M1;PIP5K1C;AP2B1
prerank,Regulation Of Cytoskeleton Organization (GO:0051493),0.32963562050593703,1.3233177645890213,0.05555555555555555,0.5643237557068507,1.0,32/89,27.95%,ODAM;FAM107A;CDC42;PHLDB1;NEDD9;CLN3;SYDE1;CDK2AP2;SORBS3;DAPK3;HCK;ESAM;PHLDB2;BST1;CDK10;GPM6B;TPPP;DMTN;CLASP1;RAPGEF3;DIAPH1;PRKCD;DYNLL1;PATJ;KATNBL1;RALA;PDGFA;RICTOR;CAPN10;PTK2;CORO1A;GSK3B
prerank,Regulation Of Neurotransmitter Receptor Activity (GO:0099601),-0.46408848388549556,-1.3226068917688256,0.18032786885245902,0.8600596810986297,1.0,10/30,12.85%,PSCA;NPTX2;NETO1;SHISA8;SHANK1;SHISA6;CAPN1;NLGN2;DLGAP3;CNIH3
prerank,Chondrocyte Development (GO:0002063),-0.6973929012103552,-1.32228589447065,0.14,0.8583623286802459,1.0,4/5,21.37%,SULF1;SOX9;SULF2;EIF2AK3
prerank,"Endonucleolytic Cleavage In ITS1 To Separate SSU-rRNA From 5.8S rRNA And LSU-rRNA From Tricistronic rRNA Transcript (SSU-rRNA, 5.8S rRNA, LSU-rRNA) (GO:0000447)",-0.6812213015607826,-1.3217432630919417,0.2391304347826087,0.8579812598930394,1.0,2/5,16.60%,RRS1;UTP20
prerank,Regulation Of Hormone Secretion (GO:0046883),-0.5903542762344538,-1.3213788139790534,0.10714285714285714,0.8564996600165701,1.0,3/11,6.81%,CCKAR;SOX11;IL11
prerank,Positive Regulation Of Protein Deacetylation (GO:0090312),0.5517962723683154,1.3209136362472533,0.21951219512195122,0.5710248200131613,1.0,7/11,33.33%,IFNG;BAZ2A;SIRT1;RRP8;NIPBL;DYRK1A;CTBP1
prerank,Formation Of Cytoplasmic Translation Initiation Complex (GO:0001732),0.5536704848718328,1.3208791475667745,0.11627906976744186,0.570247081378832,1.0,3/10,9.17%,EIF3I;EIF3C;EIF3D
prerank,Mast Cell Mediated Immunity (GO:0002448),0.6366800353558595,1.3207520435270912,0.1320754716981132,0.5698022186943265,1.0,1/6,0.56%,MRGPRX2
prerank,Response To Cholesterol (GO:0070723),0.48229906412195217,1.3202932894547912,0.0625,0.5706345354079377,1.0,3/16,6.38%,MYL1;GRAMD1C;CYP7A1
prerank,Low-Density Lipoprotein Particle Remodeling (GO:0034374),-0.6820167223540379,-1.3202409574909142,0.16363636363636364,0.858839627805145,1.0,2/6,9.99%,PLA2G7;APOB
prerank,Erythrocyte Differentiation (GO:0030218),0.3898363743938744,1.3195070821989154,0.175,0.5721011878178043,1.0,12/40,23.86%,TGFBR3;TAL1;EPO;INHA;ZFPM1;DYRK3;INHBA;ALAS1;DMTN;SH2B3;KMT2E;IKZF1
prerank,Response To Fibroblast Growth Factor (GO:0071774),0.47371115950314663,1.3193778038480133,0.11764705882352941,0.5716993792799301,1.0,5/18,8.75%,NR4A1;IER2;ZFP36;HYAL1;DLL4
prerank,Cellular Response To Transforming Growth Factor Beta Stimulus (GO:0071560),0.33443110282072297,1.3179158841949579,0.034482758620689655,0.5752179649619074,1.0,29/82,18.38%,FOS;WNT7A;CDH5;TGFBR3;ANKRD1;ACVRL1;HPGD;XCL1;JUN;SMAD6;CLEC3B;ITGB1;WFIKKN2;ENG;CLDN5;LPXN;LEFTY1;ID1;PXN;GDF5;GDF10;ZYX;LIMS1;SMAD9;ZFYVE9;STAT3;SIRT1;HYAL2;APLP2
prerank,Apoptotic Process (GO:0006915),0.2981785110660881,1.3178757799025078,0.0,0.5743972336243444,1.0,41/174,14.70%,SEMA6A;TSC2;DAPK2;EMP2;IL1A;BRAT1;PAK4;PPP1R15A;IFNG;GZMH;CAPN3;NFKBIA;CSRNP1;CASP5;DAPK1;ERCC3;EMP1;THOC1;IRF1;DAPK3;IL1B;PPIA;PRUNE2;MX1;ZNF385A;BCL2L14;FASLG;GZMB;PLSCR3;BNIPL;PPP2CA;CDK11A;ZBTB16;CASP7;BAD;PLAGL1;C19ORF12;MAL;TNFAIP1;IRF3;TRPC5
prerank,Maintenance Of Protein Location In Nucleus (GO:0051457),0.49379492941565134,1.3177728368883965,0.15555555555555556,0.5738627831265313,1.0,10/14,40.70%,SYNE1;HNRNPU;SUN1;BARD1;SKP1;BBS4;PML;SUN2;PARK7;SP100
prerank,Positive Regulation Of Phosphorylation (GO:0042327),0.29920914852867814,1.3173781731985788,0.0,0.5740491705653008,1.0,42/181,15.23%,ODAM;TEK;WNT3A;AMH;FGF1;VEGFD;ADTRP;BRAT1;DSCAM;FGFR4;IL34;KCTD20;LRRK2;GPER1;TIE1;FGF9;ARRB1;FLT4;IL1B;FGFR2;ENG;PPIA;BCL10;KRAS;EFNA1;CLIP3;P2RY1;INSR;RSPO1;LIMCH1;ILK;NPTN;DVL3;CSNK1D;AKT2;DAXX;AXL;CCND3;FGF20;ADAM17;FGF17;CD74
prerank,Golgi To Endosome Transport (GO:0006895),0.5697891129514834,1.3170338708796876,0.10526315789473684,0.5740826635189897,1.0,6/10,34.25%,MON2;VPS13A;VPS13C;DOP1B;RAB14;SORT1
prerank,Neutrophil Migration (GO:1990266),-0.40501878517586876,-1.316846165437594,0.04838709677419355,0.871605853128191,1.0,12/55,9.78%,CXCL13;CD177;GP2;CCL1;SAA1;CXCL6;CCL13;PF4V1;EDN2;CCL22;CCL11;S100A12
prerank,Immunoglobulin Production Involved In Immunoglobulin-Mediated Immune Response (GO:0002381),0.5513584393987909,1.3163172830789496,0.09803921568627451,0.5753762238547748,1.0,6/10,30.17%,HLA-DQA1;HLA-DRB5;HLA-DQA2;SHLD1;HLA-DOA;HLA-DRA
prerank,Regulation Of Monoatomic Ion Transport (GO:0043269),0.43034577891090353,1.3162859174085761,0.13953488372093023,0.5745615252355528,1.0,8/24,14.16%,CHRM1;WWP2;KCNJ3;NEDD4L;STC1;PDZK1;KCNJ9;NEDD4
prerank,Peptidyl-Methionine Modification (GO:0018206),0.5445761643739049,1.3162054734583328,0.1956521739130435,0.5738792786025989,1.0,9/12,34.78%,PFDN1;METAP2;NAA60;METAP1;NAA15;LSM8;NAA25;NAA16;NAA30
prerank,Mitochondrial RNA Processing (GO:0000963),0.6104135344628563,1.316027872118649,0.23214285714285715,0.5733072505236166,1.0,4/8,30.85%,FASTKD3;FASTKD5;FASTKD1;PNPT1
prerank,Cardiac Muscle Cell Differentiation (GO:0055007),-0.5289761484156354,-1.3158958780136045,0.13559322033898305,0.8728568998077747,1.0,3/18,1.87%,GREM1;SHOX2;ALPK2
prerank,Regulation Of Retinoic Acid Receptor Signaling Pathway (GO:0048385),0.632310062453164,1.3157650336082707,0.17777777777777778,0.5733848074141835,1.0,2/7,2.74%,KLF2;CYP26B1
prerank,Positive Regulation Of Protein K63-linked Ubiquitination (GO:1902523),0.6774396202708362,1.3157515389123562,0.1,0.5725349639008306,1.0,5/5,32.28%,DDX3X;UBE2V2;PTPN22;NOD2;UBE2N
prerank,Endosome To Pigment Granule Transport (GO:0043485),0.6165566116207246,1.315320897369206,0.1702127659574468,0.5717243645435527,1.0,4/8,22.08%,AP3D1;AP1M1;BLOC1S6;CD63
prerank,Endosome To Melanosome Transport (GO:0035646),0.6165566116207246,1.315320897369206,0.1702127659574468,0.5717243645435527,1.0,4/8,22.08%,AP3D1;AP1M1;BLOC1S6;CD63
prerank,Cell Surface Receptor Signaling Pathway Involved In Cell-Cell Signaling (GO:1905114),-0.47103055847317,-1.3152131699906162,0.14285714285714285,0.8727455615918759,1.0,5/21,9.04%,WNT5A;NDP;CD24;CELSR2;WLS
prerank,Regulation Of Angiogenesis (GO:0045765),0.2904004699891313,1.3151775644121884,0.08695652173913043,0.5712887081865387,1.0,41/168,12.39%,TEK;ANGPT4;SEMA6A;ANGPTL4;EMC10;COL4A3;EMP2;FGF1;IL1A;ANXA3;CDH5;GTF2I;VEGFD;PPARG;PAK4;HYAL1;APOH;HIPK1;SEMA5A;STAT1;KLF4;ECSCR;PRKD2;SPHK1;JUP;RGCC;ITGB1;PTPRM;CEMIP2;IL1B;SEMA3E;CLDN5;FASLG;HSPG2;PLXND1;TMIGD2;CNMD;PF4;TSPAN12;PRKD1;GAB1
prerank,Protein Localization To Cytoplasmic Stress Granule (GO:1903608),0.641019282645787,1.314739137076643,0.25,0.5718616572180804,1.0,3/6,7.77%,DDX3X;SSB;TIA1
prerank,Response To Interferon-Alpha (GO:0035455),0.563327567867362,1.3139002142245613,0.15789473684210525,0.5736954401319462,1.0,3/11,13.57%,GATA3;LAMP3;AXL
prerank,Positive Regulation Of Natural Killer Cell Activation (GO:0032816),0.6251714504272994,1.3135867703648516,0.13636363636363635,0.5737074933858779,1.0,3/8,14.28%,TICAM2;AXL;TYK2
prerank,Regulation Of Mitochondrial mRNA Stability (GO:0044528),0.646651076290283,1.3133437196616993,0.15789473684210525,0.5735915003837568,1.0,3/6,25.39%,FASTKD3;FASTKD5;FASTKD1
prerank,Cell-Matrix Adhesion (GO:0007160),-0.3776864274497809,-1.3132586096232912,0.1111111111111111,0.8791862128252442,1.0,21/85,15.44%,COL17A1;COL3A1;THY1;ITGA11;TNN;FGB;EMILIN1;ITGA7;ITGB3;ADAMTS9;ITGA2;TSC1;NID2;ITGBL1;MSLN;ADAMTS12;CCL21;ITGB2;FN1;ITGA9;FGA
prerank,Regulation Of Lymphocyte Migration (GO:2000401),0.5611587201529327,1.3131309121290495,0.14893617021276595,0.5731989171456626,1.0,1/9,0.68%,JAM2
prerank,Negative Regulation Of Nervous System Development (GO:0051961),0.5149716215177775,1.312749113416389,0.10869565217391304,0.5734030998506816,1.0,4/13,7.82%,WNT3A;WNT7A;ROBO2;IL1B
prerank,Organic Cyclic Compound Catabolic Process (GO:1901361),0.6472955747071356,1.3125188859936572,0.20754716981132076,0.5731394091586601,1.0,2/6,7.37%,CYP1A2;HSD17B14
prerank,Intracellular Lipid Transport (GO:0032365),0.5159418957527546,1.3123280748734603,0.13043478260869565,0.5728340919047975,1.0,7/15,19.93%,GRAMD1C;ARV1;CPT1A;ABCD4;CPT1B;CERT1;TMEM41B
prerank,Positive Regulation Of Calcium Ion-Dependent Exocytosis (GO:0045956),-0.7204226635051572,-1.3119691834833707,0.2222222222222222,0.8818135402759104,1.0,3/5,17.52%,SCAMP5;ZP3;KCNB1
prerank,Negative Regulation Of Interleukin-17 Production (GO:0032700),-0.5835804265747564,-1.3118342662854119,0.1724137931034483,0.8792803645068037,1.0,4/8,14.14%,IL36RN;FOXP3;PRNP;TNFSF4
prerank,Inhibition Of Cysteine-Type Endopeptidase Activity (GO:0097340),0.6207204484383761,1.311359874131183,0.13043478260869565,0.5747107918512004,1.0,3/6,20.27%,NOL3;CAST;CARD16
prerank,Positive Regulation Of Myelination (GO:0031643),0.5607729615878583,1.311076680976617,0.20588235294117646,0.5749537926571585,1.0,2/9,0.49%,EGR2;MYRF
prerank,Regulation Of Myelination (GO:0031641),0.47619379347223284,1.311060916742959,0.1935483870967742,0.5742037704629356,1.0,4/19,2.11%,EGR2;MYRF;JAM2;SIRT2
prerank,Peptidyl-Lysine Acetylation (GO:0018394),0.563232306698192,1.3108125591084545,0.11320754716981132,0.5741938258190302,1.0,6/8,31.47%,SIRT1;CREBBP;BLOC1S1;KAT2A;KAT2B;KAT7
prerank,Regulation Of mRNA Stability (GO:0043488),0.38214659472299306,1.3107338849420755,0.05714285714285714,0.5736366077670586,1.0,24/62,25.39%,DHX36;ZAR1;ZFP36;SLC11A1;VIP;CIRBP;FASTKD3;THRAP3;TENT5B;VIM;PABPC1;FASTKD5;NOCT;TENT5A;METTL3;CARHSP1;HNRNPU;PRKCD;NRDE2;PCID2;CELF1;YBX1;ZFP36L1;FASTKD1
prerank,protein-RNA Complex Assembly (GO:0022618),0.31093372330936936,1.310561221881228,0.043478260869565216,0.5731651164389616,1.0,45/119,32.11%,CDC73;SNRPF;EIF3I;SRSF6;SRPK3;ERAL1;CPSF6;EIF3C;SNRNP200;NOL3;EIF3D;LUC7L2;LUC7L;RPL11;SF3A2;ISY1;GEMIN4;GEMIN2;RBM5;HSP90AA1;PRKDC;ZRSR2;PRMT7;RPS28;AGO2;CELF1;AGO4;MRPL20;GCFC2;SRPK2;CELF6;NOP2;EIF3H;CLNS1A;AGO3;SRSF10;PRMT5;LUC7L3;TNIP1;DDX1;PRPF18;XRCC5;RPLP0;PTGES3;XAB2
prerank,mRNA Catabolic Process (GO:0006402),0.3937175516302366,1.3099844528388245,0.05128205128205128,0.573765399577843,1.0,26/37,40.95%,HSPA1B;DDX5;ZFP36;HSPA1A;THRAP3;METTL3;CNOT10;LSM6;TUT4;EXOSC9;SLFN14;AGO4;NUDT16L1;AGO3;NBAS;PNPT1;RC3H1;METTL16;EXOSC4;NUDT12;DIS3L2;XRN1;YTHDF2;NBDY;DCP2;LSM5
prerank,"Negative Regulation Of Nuclear-Transcribed mRNA Catabolic Process, Deadenylation-Dependent Decay (GO:1900152)",0.5441973871132834,1.3097874459360022,0.2,0.5734837223878497,1.0,5/10,24.45%,TENT4A;PABPC1;HNRNPU;TOB1;YBX1
prerank,Positive Regulation Of Metaphase/Anaphase Transition Of Cell Cycle (GO:1902101),-0.5697099858976854,-1.309642173728695,0.2,0.8826033167329939,1.0,3/9,8.62%,CDC20;DLGAP5;UBE2C
prerank,Positive Regulation Of Mitotic Metaphase/Anaphase Transition (GO:0045842),-0.5697099858976854,-1.309642173728695,0.2,0.8826033167329939,1.0,3/9,8.62%,CDC20;DLGAP5;UBE2C
prerank,N-terminal Protein Amino Acid Modification (GO:0031365),0.5551089763210236,1.3093281782535289,0.1590909090909091,0.5739352834004455,1.0,8/11,34.16%,PFDN1;METAP2;NAA50;NAA60;METAP1;NAA15;NAA10;NAA16
prerank,Activation Of Cysteine-Type Endopeptidase Activity (GO:0097202),-0.4826152809913162,-1.308542124585927,0.14285714285714285,0.8847564208677365,1.0,7/15,19.10%,CASP9;GRIN2A;FADD;PERP;IFI16;CYFIP2;BAK1
prerank,Negative Regulation Of Macromolecule Metabolic Process (GO:0010605),0.29138877291220533,1.3084936448104216,0.03333333333333333,0.5756183254734519,1.0,40/159,15.29%,UPK3B;MYADM;AMH;PPARG;PDGFB;EDNRB;IFNG;ACVRL1;CITED2;WWP2;GPER1;LDLR;KLF4;PCSK9;FOXP1;PRKN;SH3GL2;ATOH8;ENG;CREB3L1;CLDN5;DLL4;NDFIP1;TARDBP;EDN1;OCLN;KDM4A;MSR1;CHMP1A;DAXX;SUB1;OPTN;NOCT;TIPARP;ESR1;RB1;CHD4;SETDB1;PRKAR1A;APLN
prerank,Acylglycerol Metabolic Process (GO:0006639),0.4061912644885119,1.3083285461488343,0.11428571428571428,0.5753768948377678,1.0,9/29,21.59%,CAV1;CAV3;APOH;PNPLA3;DGKE;PGS1;DGKD;ABHD6;DGAT1
prerank,Protein Polyubiquitination (GO:0000209),0.2898066229066734,1.3077807759063682,0.0,0.5760736914627669,1.0,58/189,27.97%,RNF125;TRIM71;ANAPC10;TRIM34;WWP2;RUSC1;NEDD4L;PRKN;RNF216;PELI3;UBE4A;HECTD1;LRSAM1;TNKS;ZNRF1;CBFB;TRIM58;UBE2D4;TRAF5;HACE1;ARIH2;TRIM25;RBCK1;RBX1;AREL1;UBE3C;SPOP;NEDD4;RNF144B;TRIM56;RNF166;ANAPC11;UBE2E2;UBE2V2;UBE2J2;RFFL;ANAPC7;ARRDC4;UBE2A;WSB1;TPP2;UBOX5;FBXW11;RNF5;UBE2O;ANAPC2;CUL1;UBE2G2;RNF31;CTNNB1;TRIM45;BARD1;SKP1;FBXO38;RNF41;PELI1;SHPRH;RNF34
prerank,Regulation Of Innate Immune Response (GO:0045088),0.3541832978392089,1.30777210447933,0.06451612903225806,0.5752706150108503,1.0,22/61,24.47%,MYO1C;SH2D1B;YWHAZ;PTPN11;NFE2L2;IRF1;ERAP1;TRIM56;PTPN1;POLR3G;N4BP1;TLR8;PRKDC;APLP2;IFI35;FPR2;BANF1;SAMHD1;PTPN22;CDC37;ATG12;RIOK3
prerank,Nucleoside Triphosphate Metabolic Process (GO:0009141),-0.6545331144153366,-1.3077173034784146,0.14814814814814814,0.885503043182604,1.0,4/7,11.19%,AK4;NME2;ENPP3;SMPDL3A
prerank,IRE1-mediated Unfolded Protein Response (GO:0036498),-0.6594878810767388,-1.3076164912544028,0.16981132075471697,0.8829772081241324,1.0,2/6,12.29%,ERN2;XBP1
prerank,Plasma Membrane Bounded Cell Projection Morphogenesis (GO:0120039),0.3278974296506473,1.3072340545861625,0.10714285714285714,0.5756123904073036,1.0,17/41,23.70%,GPM6A;UBB;BDNF;LRRK2;SLC9A6;NYAP2;SNX1;TAOK3;EPB41L3;TRIO;SGK1;MYO9B;SNX2;ATP7A;SHTN1;MINK1;MAP1S
prerank,Catecholamine Metabolic Process (GO:0006584),0.6672320655983761,1.306554192885215,0.2222222222222222,0.5766584067694799,1.0,4/5,26.15%,PNMT;PRKN;COMT;SNCAIP
prerank,Leukocyte Tethering Or Rolling (GO:0050901),0.505192554933334,1.30640965200855,0.11363636363636363,0.5762929475471024,1.0,4/11,13.14%,JAM2;CX3CR1;ITGB1;SELPLG
prerank,"CD4-positive, Alpha-Beta T Cell Activation (GO:0035710)",0.7175710023586578,1.3062301628563406,0.11764705882352941,0.5760112813581888,1.0,2/5,4.96%,NKG7;RSAD2
prerank,Neuron Projection Morphogenesis (GO:0048812),0.30993451703492364,1.3060242371917514,0.09523809523809523,0.5760402119186143,1.0,21/114,9.45%,CCK;GPM6A;KLF7;SLITRK2;WNT7A;CDC42;TRIM46;BRSK2;NTNG1;SHANK3;UBB;DOCK7;BDNF;LRRK2;PARD6B;SLC9A6;SLITRK5;NYAP2;FGFR2;NOL3;DCC
prerank,Positive Regulation Of Protein Secretion (GO:0050714),0.3583784484597788,1.305779927077745,0.06976744186046512,0.5758628407095636,1.0,16/61,13.65%,SLC30A8;MYH10;IL1A;PPARG;ANKRD1;TCF7L2;GPER1;EXPH5;FRMD4A;PPIA;UNC13B;EXOC7;GOLPH3L;HCAR2;BAD;TTN
prerank,Peptidyl-Lysine Monomethylation (GO:0018026),0.620697372842071,1.3055440403850544,0.125,0.5756859843661414,1.0,3/7,28.04%,EHMT1;SETD6;SETD4
prerank,"G Protein-Coupled Receptor Signaling Pathway, Coupled To Cyclic Nucleotide Second Messenger (GO:0007187)",-0.42153051185466645,-1.3055307506326197,0.09523809523809523,0.8896514466771454,1.0,10/34,11.58%,HTR2A;MC5R;XCR1;TSHR;HTR2B;HTR4;CNR2;LHCGR;MC2R;CNR1
prerank,Regulation Of Nitric-Oxide Synthase Biosynthetic Process (GO:0051769),0.49341714745333903,1.3055035566878768,0.11320754716981132,0.575057276789203,1.0,5/11,27.58%,IFNG;EDN1;SELENOS;KDR;NOD2
prerank,Positive Regulation Of Protein Depolymerization (GO:1901881),-0.5787121850005079,-1.304790036575568,0.10909090909090909,0.8900001899508608,1.0,5/10,15.07%,SLN;STMN2;TRPV4;F2RL1;PDXP
prerank,Lipid Transport (GO:0006869),0.3343526677651288,1.3046816330548023,0.08108108108108109,0.5768531928580566,1.0,21/87,12.30%,SLCO1A2;FABP12;SCP2;TTPA;CD36;ABCA8;ARID4A;LDLR;CLN3;ABCA3;ABCA9;SCARB1;ABCC4;SLC10A1;PITPNC1;CHKA;OSBPL5;ABCA5;PITPNA;MFSD2A;KDM5A
prerank,Endosome To Lysosome Transport (GO:0008333),0.3805300937925452,1.3045453343196913,0.10526315789473684,0.5765321541266095,1.0,17/43,30.70%,TSG101;DENND3;HOOK2;CACNG4;VCP;MTM1;VPS11;UBXN6;LYST;AP3D1;MGRN1;RHOB;VPS41;GPRASP1;KIF13A;PLEKHF1;FHIP1B
prerank,Regulation Of Protein Deubiquitination (GO:0090085),0.6421110156749956,1.3044312480099656,0.15384615384615385,0.5759254201840119,1.0,3/5,29.22%,TANK;ZC3H12A;TNIP1
prerank,Positive Regulation Of Amyloid-Beta Clearance (GO:1900223),-0.6733195498870967,-1.304365114260549,0.09523809523809523,0.8887877330912652,1.0,3/5,20.15%,APOE;LRP1;TREM2
prerank,Natural Killer Cell Activation (GO:0030101),0.4356046768664425,1.3041208088788316,0.13043478260869565,0.5762403913871481,1.0,5/23,8.39%,NCR1;EMP2;CD244;SNX27;IFNA5
prerank,Acylglycerol Homeostasis (GO:0055090),0.5485957997563455,1.3038556916884276,0.11764705882352941,0.5763299014761651,1.0,6/15,7.91%,GPIHBP1;ANGPTL4;ANGPTL8;MLXIPL;PLA2G12B;SCARB1
prerank,Positive Regulation Of Cellular Response To Insulin Stimulus (GO:1900078),0.5293060622042994,1.3028460321609694,0.14285714285714285,0.5776480584901053,1.0,4/10,16.82%,PRKCZ;PTPN11;GKAP1;SIRT1
prerank,Positive Regulation Of Insulin Receptor Signaling Pathway (GO:0046628),0.5293060622042994,1.3028460321609694,0.14285714285714285,0.5776480584901053,1.0,4/10,16.82%,PRKCZ;PTPN11;GKAP1;SIRT1
prerank,Positive Regulation Of Opsonization (GO:1903028),0.6273104919291489,1.3026136761728235,0.25925925925925924,0.5775115775629668,1.0,1/6,0.63%,COLEC10
prerank,Positive Regulation Of Interleukin-2 Production (GO:0032743),0.45272658567608237,1.3021822007421529,0.12195121951219512,0.5779844045481177,1.0,5/22,8.64%,IL1A;SPTBN1;PRKD2;IL1B;MALT1
prerank,Inner Dynein Arm Assembly (GO:0036159),-0.6049201229038521,-1.3020487976830923,0.18867924528301888,0.8956526479463173,1.0,7/11,21.20%,DNAH7;DNAAF6;CFAP73;CFAP100;DNAAF1;DNAAF4;DNAI3
prerank,Negative Regulation Of Membrane Protein Ectodomain Proteolysis (GO:0051045),-0.7008825133347758,-1.3019983906173263,0.16,0.8929041009928759,1.0,2/5,9.81%,TIMP4;TIMP1
prerank,Regulation Of Kinase Activity (GO:0043549),0.35902247685983935,1.3019086226279142,0.11428571428571428,0.5779289060757047,1.0,21/60,22.66%,TEK;EMP2;LDB2;FGFR4;TIE1;FLT4;CCNYL1;FGFR2;NLRC5;INSR;AXL;TTN;RB1;CD74;LDB1;HNRNPU;FGFR1;NTRK3;KDR;RBL2;MRE11
prerank,Protein Autoprocessing (GO:0016540),0.5088661599277506,1.3018729788871741,0.1590909090909091,0.5771854284671964,1.0,6/12,17.11%,MYRF;TMPRSS2;PCSK9;FAM111A;ASRGL1;PIDD1
prerank,Oligodendrocyte Differentiation (GO:0048709),0.46951454688943234,1.301794294237033,0.14893617021276595,0.5767270161208067,1.0,4/15,8.02%,MYRF;SHH;EIF2B5;SOX13
prerank,Lens Fiber Cell Development (GO:0070307),0.646364089418151,1.301686325581291,0.1956521739130435,0.5763506349653191,1.0,2/6,4.81%,WNT7A;BFSP1
prerank,Negative Regulation Of Osteoblast Differentiation (GO:0045668),-0.4774425059560516,-1.3010930605031463,0.12903225806451613,0.8945499669393041,1.0,8/25,16.26%,GREM1;TNN;TWIST1;TNFAIP6;SOX9;PTCH1;RORB;HDAC9
prerank,Response To Peptide (GO:1901652),-0.4454114926179485,-1.3005603327378021,0.14814814814814814,0.8942566685233622,1.0,5/25,8.65%,MMP13;MMP3;MMP12;INAVA;PRNP
prerank,Regulation Of Cortisol Biosynthetic Process (GO:2000064),-0.6722343093592585,-1.3001916537878413,0.19607843137254902,0.8929816200861529,1.0,5/6,30.20%,WNT4;DKK3;REST;H6PD;DGKQ
prerank,Positive Regulation Of Cation Transmembrane Transport (GO:1904064),0.45920144866817747,1.3000844282557582,0.2,0.5802880844159033,1.0,6/14,11.46%,NOS1;FLNA;PDZK1;STAC;EDN1;ANK3
prerank,Positive Regulation Of Cholesterol Transport (GO:0032376),0.41514832173811883,1.2998337364256856,0.13953488372093023,0.5801693384053493,1.0,9/27,7.10%,CAV1;SCP2;NR1H2;PPARG;PON1;ABCA8;NFKBIA;GPS2;ABCA3
prerank,L-serine Metabolic Process (GO:0006563),-0.6482669394907682,-1.299818754816638,0.16,0.891578267388979,1.0,4/7,21.35%,PSAT1;SDS;SRR;PSPH
prerank,Cardiolipin Metabolic Process (GO:0032048),0.574424723827863,1.2998113445487776,0.18181818181818182,0.5794078568026273,1.0,5/11,20.53%,PLA2G6;TAFAZZIN;PLSCR3;PGS1;SLC27A1
prerank,Positive Regulation Of Intracellular Protein Transport (GO:0090316),0.3468538537019213,1.299779968726176,0.02702702702702703,0.5786886644707131,1.0,38/99,28.08%,MYO1C;IFNG;RUFY3;FLNA;JUP;NMT1;IL1B;PDZK1;GZMB;GSK3A;ARIH2;ANK3;FYN;TOMM7;FZD5;SREBF2;AKT2;VPS11;TMEM30A;UBE2J2;VAMP2;HYAL2;RAPGEF3;CD81;PRKCD;ERGIC3;C2CD5;ZPR1;SLC51B;RNF31;PSEN1;ZC3H12A;BCAS3;ERBB2;SAE1;BAG3;GSK3B;ITGB1BP1
prerank,Positive Regulation Of Lipase Activity (GO:0060193),0.60864835844321,1.2996020778199566,0.18181818181818182,0.5784524453022631,1.0,5/7,36.10%,FGFR2;RHOC;FGFR1;PLIN5;RHOA
prerank,Regulation Of Extrinsic Apoptotic Signaling Pathway In Absence Of Ligand (GO:2001239),0.4504509560015204,1.2982831310447231,0.12244897959183673,0.5809984168963103,1.0,8/18,22.30%,HSPA1B;IL1A;HSPA1A;IL1B;PF4;INHBA;FGFR1;EYA4
prerank,Positive Regulation Of Transforming Growth Factor Beta Production (GO:0071636),0.6023141632690814,1.2982732632598117,0.11904761904761904,0.5802200748320278,1.0,2/6,16.44%,XCL1;GATA6
prerank,Regulation Of Cell-Matrix Adhesion (GO:0001952),0.3554583818605481,1.2975377681401716,0.06896551724137931,0.5814792992911925,1.0,25/57,23.61%,CDH13;EMP2;CX3CL1;CD36;FUT1;JUP;DAPK3;AJAP1;SEMA3E;CORO1C;BST1;LIMCH1;FYN;ACTG1;MYOC;CSF1;GPM6B;PEAK1;CLASP1;LDB1;PLEKHA2;MINK1;PLET1;CASK;DUSP3
prerank,Positive Regulation Of mRNA Binding (GO:1902416),0.650351943752738,1.2972321897606003,0.14035087719298245,0.5817984339983515,1.0,4/5,28.32%,LARP6;EIF3D;EIF4G1;FMR1
prerank,Positive Regulation Of Peptidyl-Serine Phosphorylation (GO:0033138),0.3521104321542306,1.297215141564978,0.13513513513513514,0.5810222448219943,1.0,12/59,8.39%,CAV1;WNT3A;AMH;IFNG;DOCK7;SH2D3C;BDNF;RAMP3;SNCA;NOS1;PRKD2;IFNA5
prerank,Negative Regulation Of Developmental Growth (GO:0048640),0.4505881387265737,1.296957704642897,0.1111111111111111,0.5807450007003283,1.0,7/25,10.97%,SLC6A4;MAG;TRIM46;WWC2;SEMA3G;DCC;MYOZ1
prerank,Regulation Of Hydrogen Peroxide-Induced Cell Death (GO:1903205),0.685270932283206,1.2967310128157619,0.17073170731707318,0.580825706857746,1.0,4/5,26.33%,LRRK2;NFE2L2;RIPK1;GPR37L1
prerank,Negative Regulation Of Protein Autophosphorylation (GO:0031953),0.6384709029168761,1.2948206253008716,0.16279069767441862,0.5851466680040585,1.0,4/7,20.84%,CAV1;ENG;ENPP1;ERRFI1
prerank,Positive Regulation Of Cell Cycle G1/S Phase Transition (GO:1902808),0.4265681377221384,1.2946966499373829,0.16666666666666666,0.5847461054101689,1.0,6/33,7.05%,CDC73;ANXA1;HYAL1;RDX;DDX3X;RGCC
prerank,Podocyte Differentiation (GO:0072112),-0.616632296816993,-1.2946441059832814,0.19607843137254902,0.9123865777451403,1.0,2/9,6.20%,CD24;PROM1
prerank,Negative Regulation Of Interleukin-10 Production (GO:0032693),-0.5690757422823851,-1.2946211511000942,0.09259259259259259,0.9094786789635998,1.0,3/10,6.07%,MMP8;FOXP3;TNFRSF21
prerank,Phosphatidic Acid Metabolic Process (GO:0046473),0.41415603601960377,1.294585356485928,0.11904761904761904,0.5841292971244705,1.0,14/25,31.81%,PLA2G6;PLD1;PNPLA3;DGKE;ABHD5;AGPAT3;GPAM;DGKD;SLC27A1;MBOAT2;DGKH;GPAT3;ACP6;AGPAT2
prerank,Adenylate Cyclase-Modulating G Protein-Coupled Receptor Signaling Pathway (GO:0007188),-0.3517032080730226,-1.2944124101610257,0.07042253521126761,0.9075832748351872,1.0,31/120,13.50%,MC4R;GABBR2;MC5R;MCHR1;ADM2;ADGRB2;TSHR;ADCY2;ADGRF1;ADCYAP1;ADCY5;RGS1;RAMP1;PTGER1;GPHA2;ADRA2A;UCN3;GPR37;ADGRF4;ADGRG5;LHCGR;CCR3;LPAR1;MC2R;ADCY3;GIPR;CNR1;CALCB;CRHR2;VIPR2;GNAL
prerank,Embryonic Digestive Tract Morphogenesis (GO:0048557),-0.5748133221426601,-1.29385016786779,0.16,0.9075904037868745,1.0,3/8,10.85%,SIX2;SOX11;PDGFRA
prerank,Positive Regulation Of Protein Modification Process (GO:0031401),0.3125888130045733,1.2938390973855445,0.0,0.5851125492593958,1.0,57/182,21.97%,ODAM;TEK;ACE;WNT3A;FGF1;CDH5;VEGFD;ADTRP;BRAT1;IFNG;CAMTA1;IL34;LRRK2;GPER1;FGF9;DDX3X;ARRB1;EGR1;FLT4;IL1B;ENG;PPIA;KRAS;EFNA1;CLIP3;P2RY1;INSR;RSPO1;LIMCH1;ILK;NPTN;DVL3;CSNK1D;CALM3;AKT2;DAXX;BAZ2A;CCND3;FGF20;ADAM17;FGF17;CD74;SIRT1;PPP2R5A;LEPR;PTBP1;RAP2A;RRP8;HSP90AA1;SPPL3;PRKCD;FPR2;DVL2;NTRK3;DYNLL1;KDR;RIPK1
prerank,Positive Regulation Of Cell Migration By Vascular Endothelial Growth Factor Signaling Pathway (GO:0038089),0.6370672093727738,1.2933398327517824,0.14285714285714285,0.5857777862355494,1.0,4/5,21.92%,MYO1C;PRKD2;PRKD1;KDR
prerank,Positive Regulation Of Mitotic Sister Chromatid Separation (GO:1901970),-0.5386277975379287,-1.2931642690046157,0.21052631578947367,0.9075750590105377,1.0,4/11,12.25%,CDC20;DLGAP5;UBE2C;CDCA8
prerank,Cellular Response To Sterol (GO:0036315),0.5108453203606632,1.2930962823295185,0.1320754716981132,0.5856540613544673,1.0,3/13,6.38%,MYL1;GRAMD1C;CYP7A1
prerank,Viral mRNA Export From Host Cell Nucleus (GO:0046784),0.6306012093453892,1.2928466819529825,0.1836734693877551,0.5847011930953229,1.0,3/6,13.34%,THOC5;THOC1;THOC2
prerank,Translocation Of Molecules Into Host (GO:0044417),0.6306012093453892,1.2928466819529825,0.1836734693877551,0.5847011930953229,1.0,3/6,13.34%,THOC5;THOC1;THOC2
prerank,RNA Stabilization (GO:0043489),0.40083445748254964,1.2927006692392526,0.10810810810810811,0.5845206787679699,1.0,10/29,13.82%,DHX36;ZAR1;SLC11A1;VIP;CIRBP;THRAP3;TENT5B;PABPC1;NOCT;TENT5A
prerank,Positive Regulation Of Angiogenesis (GO:0045766),0.31444637922144736,1.2926749850239423,0.1111111111111111,0.5838122900774476,1.0,21/98,7.82%,TEK;ANGPT4;ANGPTL4;EMC10;EMP2;FGF1;IL1A;ANXA3;CDH5;VEGFD;PAK4;FUT1;HYAL1;HIPK1;SEMA5A;KLF4;PRKD2;SPHK1;JUP;ITGB1;IL1B
prerank,Positive Regulation Of Osteoblast Differentiation (GO:0045669),-0.40620565417818616,-1.2922687252929292,0.07936507936507936,0.9089233896176482,1.0,12/42,14.90%,CCN4;TP63;SOX11;IGF1;LTF;FBN2;WNT4;BMPR1B;TMEM119;LRP3;BMP7;SCUBE3
prerank,Cardiocyte Differentiation (GO:0035051),-0.6138517138543139,-1.2915844934720888,0.20754716981132076,0.9085695896835341,1.0,3/8,11.53%,GREM1;MESP1;MYOCD
prerank,Regulation Of Nuclear-Transcribed mRNA poly(A) Tail Shortening (GO:0060211),0.5045352417757155,1.2910080382961675,0.07317073170731707,0.5881282472736235,1.0,5/13,23.77%,ZFP36;TENT4A;PABPC1;TOB1;BTG2
prerank,Positive Regulation Of T-helper Cell Differentiation (GO:0045624),0.651085229074394,1.2907999091416165,0.1590909090909091,0.5878071553113443,1.0,5/8,15.02%,NFKBID;PRKCZ;MALT1;NFKBIZ;RARA
prerank,Establishment Of Protein Localization To Vacuole (GO:0072666),0.465306075481806,1.2903965154447017,0.20754716981132076,0.5881885387701197,1.0,7/20,25.87%,TSG101;VPS37B;CACNG4;VPS13A;SNF8;VPS41;VPS13C
prerank,Histone H4-K8 Acetylation (GO:0043982),0.49643347781600167,1.2903704447760858,0.1568627450980392,0.5866742398668308,1.0,8/13,31.47%,MCRS1;JADE2;KANSL3;MEAF6;KAT8;OGT;PHF20;KAT7
prerank,Histone H4-K5 Acetylation (GO:0043981),0.49643347781600167,1.2903704447760858,0.1568627450980392,0.5866742398668308,1.0,8/13,31.47%,MCRS1;JADE2;KANSL3;MEAF6;KAT8;OGT;PHF20;KAT7
prerank,Heart Development (GO:0007507),0.30651863209373076,1.2902229375284058,0.0,0.5863180765283549,1.0,27/139,9.95%,HAND1;NDRG4;TCAP;TEK;TSC2;SGCG;TCF25;FGF12;CCM2L;SYNPO2L;HEG1;PDGFB;TBX2;TGFBR3;ACVRL1;CITED2;CRELD1;PTPN11;TAFAZZIN;SOX17;SCUBE1;SHH;ZFPM1;FOXF1;LEFTY1;INSR;TBX3
prerank,Cellular Response To Insulin Stimulus (GO:0032869),0.3288248517492307,1.2901115763702435,0.10714285714285714,0.5858272108637614,1.0,40/80,34.07%,PPARG;IRS4;PCSK9;RPS6KB1;INPP5K;INSR;AP3S1;PIK3C2A;GSK3A;CAV2;GAB1;AKT2;ENPP1;GRB7;LPIN2;VAMP2;PRKDC;USF1;SLC27A1;PHIP;SELENOS;CPEB2;C2CD5;ZFP36L1;DENND4C;GPLD1;KAT2B;CAPN10;PDK4;GSK3B;SORBS1;RAB31;APPL1;IRS2;FOXO4;BCAR1;LPIN3;GRB10;NAMPT;BAIAP2
prerank,Regulation Of Nitric Oxide Biosynthetic Process (GO:0045428),0.43094570289197737,1.2900960213609238,0.08888888888888889,0.5850279922950523,1.0,10/32,10.31%,CAV1;KLF2;CX3CR1;CD36;IFNG;KLF4;AGTR2;IL1B;INSR;EDN1
prerank,Regulation Of Cholesterol Metabolic Process (GO:0090181),0.4553850685375938,1.2900548869142179,0.1956521739130435,0.584346927801145,1.0,6/17,19.28%,NR1H4;ARV1;SH2D2A;ACADVL;STARD4;ABCG1
prerank,Regulation Of T-helper 17 Cell Differentiation (GO:2000319),0.5368014720336491,1.2892421850873617,0.11627906976744186,0.5856559354414665,1.0,5/10,11.29%,NFKBID;TBX21;MALT1;NFKBIZ;JUNB
prerank,mRNA 3'-End Processing (GO:0031124),0.38154793710214374,1.288479376214581,0.13333333333333333,0.5870963240792262,1.0,7/39,13.32%,PAPOLB;CDC73;CPSF4;TENT2;CPSF6;PABPC1;RPRD1A
prerank,Parallel Actin Filament Bundle Assembly (GO:0030046),-0.6670655492667603,-1.2883021142365556,0.21153846153846154,0.9212100808178977,1.0,4/6,18.37%,USH1C;ESPN;FMN2;FSCN1
prerank,Regulation Of Axon Extension (GO:0030516),0.4180723760908719,1.2875111877181087,0.1,0.5889755703318642,1.0,5/26,6.34%,MAG;CDKL5;TRIM46;RUFY3;SEMA3G
prerank,Response To Epinephrine (GO:0071871),0.6158418462614133,1.2874789080793725,0.22916666666666666,0.5874391862807411,1.0,2/7,5.36%,SIRT2;SNCA
prerank,Cellular Response To Epinephrine Stimulus (GO:0071872),0.6158418462614133,1.2874789080793725,0.22916666666666666,0.5874391862807411,1.0,2/7,5.36%,SIRT2;SNCA
prerank,Negative Regulation Of Transforming Growth Factor Beta Production (GO:0071635),-0.6567530304042505,-1.287443543760384,0.16363636363636364,0.9219699146189114,1.0,4/7,18.42%,CDH3;TSKU;FN1;HSP90AB1
prerank,Steroid Metabolic Process (GO:0008202),-0.39470743914281997,-1.2871091430134436,0.15254237288135594,0.9202976681830255,1.0,10/53,5.58%,CYP24A1;CYP19A1;CYP1A1;CYP1B1;CYP2B6;SRD5A2;UGT2B17;DHRS9;HSD3B2;CYP7B1
prerank,Response To Calcium Ion (GO:0051592),0.32335788612286437,1.2870909588460526,0.0625,0.5878148823983345,1.0,23/80,17.40%,CAV1;ADCY8;TRPC3;CAPN3;KCNMB4;TNNT2;SYT15;SYT13;ADCY1;CPNE2;ADD1;KCNIP2;CPNE4;CALM3;HOMER1;TTN;SYT17;NEDD4;CDKN2AIP;CPNE8;ADGRV1;D2HGDH;DMTN
prerank,Cardiac Atrium Development (GO:0003230),0.6460428121831323,1.286697957874596,0.16981132075471697,0.5881129773084425,1.0,4/5,30.05%,ENG;DLL4;NPHP3;MDM4
prerank,Phosphorylation (GO:0016310),0.2668203594206661,1.2866493904933798,0.0,0.5874924611404403,1.0,104/353,25.19%,PRKAG3;PRKCG;DAPK2;PRKG2;CDKL5;MAP4K2;CDK17;PDGFB;BRSK2;PAK4;ACVRL1;SIK1;WNK4;NIM1K;FGGY;MARK3;YWHAZ;PRKCZ;LRRK2;CDKL2;TSSK3;TRIB1;HIPK1;STRADB;MAP3K21;BRD2;TXK;DAPK1;PRKD2;SPHK1;COQ8B;PRKAG2;DAPK3;HCK;DGKE;MARK4;CDK16;MKNK2;UVRAG;DYRK3;INSR;MAPK9;NEK3;CAMK2A;CREB1;GSK3A;CDK11A;PRKAG1;ILK;FYN;CDK10;PRR5;CSNK1D;PRKCH;TAOK3;TBP;HCST;RSKR;NEK7;RARA;TAF6;CDK2;PEAK1;TAF2;TRIB2;AMHR2;GRK6;STAT3;SGK1;PRKCQ;STK10;PKN2;CDK3;MAP4K3;MAP3K11;HK3;PRKDC;DGKD;MAP2K1;BRAF;GNPTAB;GMFG;COPS2;PRKCD;MAPKAP1;OXSR1;FGFR1;GLYCTK;CSNK1A1;MINK1;MKNK1;CDK9;TNK2;CSNK2A3;CSNK1G2;CSK;TLK2;LIPE;SMG1;SRPK2;ACVR1B;PPP4R1;CSNK2A1;RICTOR
prerank,Positive Regulation Of Animal Organ Morphogenesis (GO:0110110),-0.7053820820668322,-1.2864978345597355,0.1509433962264151,0.920241760076341,1.0,3/5,3.89%,GDNF;SIX1;SIX4
prerank,Peptidyl-Lysine Deacetylation (GO:0034983),0.618389895606053,1.285967747073654,0.17142857142857143,0.5888022361847537,1.0,3/5,16.82%,SIRT2;HDAC4;SIRT1
prerank,Regulation Of Natural Killer Cell Activation (GO:0032814),0.5006400278969297,1.2856862497590056,0.1590909090909091,0.5889261756927548,1.0,5/12,8.81%,KLRC3;ZNF683;KLRD1;KLRC1;TICAM2
prerank,Metanephros Development (GO:0001656),-0.4783226933979514,-1.2854318497411827,0.1774193548387097,0.9222032009999728,1.0,8/21,17.18%,OSR2;GDNF;SIX1;SIX4;PTCH1;GDF6;BMP7;FOXD1
prerank,Telomere Organization (GO:0032200),0.38700150690047813,1.285032351360309,0.08571428571428572,0.5900972021544696,1.0,24/42,40.70%,SIRT2;INO80;DNA2;MCRS1;CTC1;PRKDC;DOT1L;HUS1B;MRE11;H3-3A;RUVBL1;RPA3;YY1;XRCC5;PTGES3;LTO1;BLM;INO80C;WRN;PARP3;HUS1;UCHL5;INSL6;SP100
prerank,Regulation Of cAMP-dependent Protein Kinase Activity (GO:2000479),0.5141377930282262,1.2849687180148182,0.13793103448275862,0.5894393164001004,1.0,9/11,29.73%,ADRB2;PRKAR2A;PKIA;PRKAR1A;SIRT1;ATP2B4;RAPGEF2;HTT;PRKAR1B
prerank,Regulation Of Natural Killer Cell Proliferation (GO:0032817),-0.6715277778698915,-1.2845680738047525,0.22641509433962265,0.9229720053241743,1.0,1/5,0.70%,LEP
prerank,Transmembrane Receptor Protein Serine/Threonine Kinase Signaling Pathway (GO:0007178),0.3101496057068644,1.2845507591526282,0.0,0.5900177374560662,1.0,32/113,17.20%,FOS;DDX5;AMH;CDH5;PPARG;TMEM100;TGFBR3;ACVRL1;HPGD;JUN;SMAD6;ITGB1;ATOH8;WFIKKN2;ENG;INHA;CLDN5;LPXN;LEFTY2;LEFTY1;ID1;PXN;GDF5;GDF10;ZYX;SMAD9;AMHR2;ZFYVE9;STAT3;SIRT1;HIVEP1;INHBA
prerank,Positive Regulation Of Proteolysis Involved In Protein Catabolic Process (GO:1903052),0.41448748690112114,1.284402303552292,0.1282051282051282,0.5894565550631227,1.0,11/26,28.32%,CAV3;NUPR1;ECSCR;PRKN;PSMC2;PSMC6;TMTC3;PYHIN1;DDRGK1;PTK2;FMR1
prerank,Regulation Of Vascular Wound Healing (GO:0061043),-0.6737759698122587,-1.2841924761109162,0.21568627450980393,0.922102100111923,1.0,4/5,21.03%,XBP1;FOXC2;SMOC2;SERPINE1
prerank,Regulation Of Ruffle Assembly (GO:1900027),0.49553154172679037,1.284047456516678,0.07894736842105263,0.5898250433918767,1.0,5/16,12.36%,CAV1;RDX;EPS8L2;FAM98A;DEF8
prerank,Positive Regulation Of Smooth Muscle Cell Proliferation (GO:0048661),0.36246885647221194,1.2840050839777042,0.13793103448275862,0.5891142781373695,1.0,8/37,6.62%,CDH13;CX3CL1;PDGFB;JUN;FGF9;STAT1;FOXP1;MFN2
prerank,Negative Regulation Of Protein Phosphorylation (GO:0001933),0.3035533057393392,1.2834191690772085,0.06451612903225806,0.5900678880969252,1.0,29/126,14.23%,MYADM;CAV1;TSC2;CAV3;SIRT2;PPARG;MLXIPL;SLIT2;FKBP8;PRKCZ;LRRK2;TRIB1;SNCA;SMAD6;PRKN;SH3GL2;PRKAG2;ENG;PPIA;CORO1C;INPP5K;TARDBP;NLRP2B;OCLN;CALM3;ENPP1;WARS1;RB1;GNAQ
prerank,Positive Regulation Of Protein Phosphorylation (GO:0001934),0.2746974187850528,1.2833975509489315,0.0,0.5893964236895719,1.0,76/304,17.49%,CAV1;ODAM;TEK;ANGPT4;WNT3A;CX3CR1;AMH;FGF1;VEGFD;CLEC6A;PPARG;CX3CL1;ADTRP;PDGFB;BRAT1;ACVRL1;DOCK7;IL34;SH2D3C;BDNF;LRRK2;AKAP9;GPER1;FGF9;RAMP3;DDX3X;GHR;SNCA;PTPN11;ARRB1;FLT4;NOS1;PRKD2;SPHK1;PRKAG2;IL1B;ENG;PPIA;INHA;KRAS;EFNA1;LEFTY2;CLIP3;P2RY1;LEFTY1;INSR;RSPO1;GDF5;PRKAG1;LIMCH1;ILK;GDF10;NPTN;PRKD1;DVL3;CSNK1D;CALM3;AKT2;DAXX;CCND3;CSF1;FGF20;CAMKK1;ADAM17;FGF17;CD74;CNOT9;SPDYA;IL15;RBPMS;RAF1;SIRT1;LEPR;INHBA;RAP2A;ATP2B4
prerank,Positive Regulation Of Keratinocyte Migration (GO:0051549),-0.6144480675963311,-1.2832355996846438,0.2,0.9229749191598055,1.0,4/7,25.10%,FGF7;MAP4K4;EPB41L4B;ARF6
prerank,Negative Regulation Of Gene Expression (GO:0010629),0.29927814707008304,1.2824662855815243,0.0,0.5913457345027872,1.0,76/272,18.71%,UPK3B;MYADM;GBP7;HSPA1B;IGF2BP2;AMH;NANOS3;FFAR4;DHX36;PPARG;PDGFB;ZAR1;TRIM71;IFNG;ACVRL1;CITED2;PIWIL2;ZFP36;WWP2;GPER1;DDX3X;SLC11A1;KLF4;HSPA1A;DAPK1;FOXP1;PRKN;SH3GL2;RGCC;ATOH8;DAPK3;TIA1;ENG;CREB3L1;CLDN5;DLL4;NDFIP1;GZMB;TARDBP;CREBZF;MPHOSPH8;TMBIM6;OCLN;KDM4A;NPTN;MSR1;CHMP1A;SDR16C5;PABPC1;DAXX;SMYD5;NOCT;TIPARP;GRB7;ESR1;RB1;CHD4;SETDB1;METTL3;PRKAR1A;APLN;CNOT10;CNOT9;PHF19;STAT3;SIRT1;PTBP1;PPM1D;N4BP1;ATP2B4;EPC1;PPP2CB;PTBP2;LSM6;RPS13;EIF4A3
prerank,Neural Crest Cell Migration (GO:0001755),0.4317962260017191,1.281984405414318,0.08108108108108109,0.591916257196028,1.0,8/26,9.12%,SEMA6A;SEMA4A;SEMA5A;SEMA6D;SEMA3G;SHH;SEMA3E;CORO1C
prerank,Non-Membrane-Bounded Organelle Assembly (GO:0140694),0.326822267871375,1.2813528534346539,0.058823529411764705,0.5931805635354207,1.0,28/100,19.64%,GOLGA8M;ZAR1;CAPN3;INO80;DDX3X;CIRBP;STARD9;TIA1;GOLGA8J;TNKS;LMOD2;UBAP2L;MYOZ1;CSNK1D;TMOD3;GRB7;GOLGA8O;G3BP2;NEK7;DYNC1H1;BIN2;NPC1;GOLGA6B;FITM1;HAUS1;GOLGA8Q;EIF2S1;DAZAP2
prerank,Peptide Catabolic Process (GO:0043171),0.5197921532962912,1.2810127289946691,0.22727272727272727,0.5932404436144136,1.0,9/16,27.07%,MME;CPQ;ERAP1;DPEP2;LTA4H;TRHDE;ANPEP;ADAMTS13;ENPEP
prerank,Semaphorin-Plexin Signaling Pathway (GO:0071526),0.4327437596190702,1.2800878901021566,0.15555555555555556,0.5951181499493444,1.0,8/28,9.48%,SEMA6A;SEMA4A;SEMA5A;SEMA6D;SEMA3G;FLNA;SEMA3E;PLXND1
prerank,Microtubule Polymerization Or Depolymerization (GO:0031109),-0.44317683197111635,-1.280003671935634,0.15625,0.9341891429314927,1.0,7/23,10.22%,STMN2;STMND1;KIF24;TRPV4;KIF2C;KIF18B;KIF14
prerank,Regulation Of Bone Mineralization (GO:0030500),-0.4091503821039221,-1.279894102981732,0.1076923076923077,0.9318247802941292,1.0,8/44,10.50%,GREM1;OSR2;TFAP2A;TWIST1;FBN2;WNT4;BMPR1B;TMEM119
prerank,Regulation Of DNA Metabolic Process (GO:0051052),0.29233228817893,1.279489814415819,0.06060606060606061,0.5961486197197319,1.0,33/109,27.86%,ACVRL1;INO80;THOC1;USP22;NSMCE4A;TAF6L;SGF29;PPP2CA;MPHOSPH8;HDAC8;SUB1;BAZ2A;MCRS1;BABAM2;TAF6;TAF2;UBE2V2;JADE2;SUPT3H;BABAM1;MEAF6;SLF2;CDK9;CHRAC1;BAZ1A;SMG1;PDGFA;BARD1;KAT2A;KAT2B;RUVBL1;ANKRD17;ENY2
prerank,Positive Regulation Of Homotypic Cell-Cell Adhesion (GO:0034112),-0.589543100938208,-1.279221976586477,0.16666666666666666,0.9317123439342739,1.0,3/10,8.16%,TNFSF11;EMILIN1;MMRN1
prerank,Mitochondrion Organization (GO:0007005),0.3070294088689727,1.2790602704421072,0.03225806451612903,0.5965221289018241,1.0,31/121,21.54%,NIPSNAP2;MYH7B;HIGD1B;COX7A1;SPATA19;USP30;LRRK2;TAFAZZIN;PRKN;MFN2;GABPB1;CAV2;TIMM17B;TOMM7;MTX1;CHCHD7;PPARGC1A;MTM1;MFN1;CXADR;NOS3;AFG1L;MTFR2;BCAP31;OPA1;PHB1;OXA1L;GDAP1;ATP7A;SLC25A36;ATP2A1
prerank,Branching Involved In Blood Vessel Morphogenesis (GO:0001569),0.4942494831455517,1.2788971203378718,0.1282051282051282,0.5963906157677104,1.0,5/12,8.75%,NOTCH4;SHH;SEMA3E;ENG;DLL4
prerank,Nitric Oxide Mediated Signal Transduction (GO:0007263),0.5291172344616476,1.2785178724570927,0.16666666666666666,0.5966882509459608,1.0,5/12,17.55%,CD36;NOS1;AGTR2;NOS3;FPR1
prerank,Positive Regulation Of Transmembrane Transport (GO:0034764),0.5322452873866802,1.2783892081560502,0.1956521739130435,0.596203101548454,1.0,4/12,22.25%,CA2;CLIP3;BRAF;C2CD5
prerank,Regulation Of Nuclease Activity (GO:0032069),0.6718999861777049,1.2780928614769431,0.21428571428571427,0.5960911183519334,1.0,2/5,6.46%,OAS3;OASL
prerank,Cholesterol Metabolic Process (GO:0008203),0.3666483217048208,1.277929132130464,0.15625,0.5957008725009298,1.0,23/44,30.81%,LCAT;HMGCR;STARD3;HMGCS1;CYP7A1;HSD17B7;SOAT2;ARV1;OSBPL5;ABCA5;SULT2B1;CYP27A1;SH2D2A;ABCG1;CYP51A1;APOF;GBA2;FDFT1;APOL2;SOAT1;DHCR24;NR0B2;MSMO1
prerank,Regulation Of Toll-Like Receptor 4 Signaling Pathway (GO:0034143),-0.5102650242537674,-1.27750459229248,0.12727272727272726,0.9372186063469583,1.0,4/19,10.97%,BPIFB1;LTF;NR1D1;F2RL1
prerank,Positive Regulation Of Integrin Activation (GO:0033625),-0.597090068021009,-1.2773214404260949,0.20754716981132076,0.93523032970942,1.0,1/9,0.94%,CXCL13
prerank,Regulation Of Peptidyl-Serine Phosphorylation (GO:0033135),0.3342070418982432,1.2770629519570793,0.11428571428571428,0.5975186342204075,1.0,21/72,19.86%,CAV1;WNT3A;AMH;MLXIPL;DOCK7;SH2D3C;BDNF;RAMP3;SNCA;NOS1;PRKD2;INPP5K;NLRP2B;PRKD1;CNOT9;RAF1;DMTN;ATP2B4;HSP90AA1;SMAD7;BRAF
prerank,Synaptic Vesicle Fusion To Presynaptic Active Zone Membrane (GO:0031629),0.6393903980283316,1.2767514681448404,0.17647058823529413,0.59746093789569,1.0,3/6,22.73%,STX11;SNAP23;STX3
prerank,CRD-mediated mRNA Stabilization (GO:0070934),0.5991499114819703,1.2762887660279083,0.16666666666666666,0.5980878088341806,1.0,4/8,24.45%,IGF2BP2;PABPC1;HNRNPU;YBX1
prerank,Multinuclear Osteoclast Differentiation (GO:0072674),-0.7125390855121021,-1.2761776511008875,0.21739130434782608,0.9375162661001349,1.0,3/5,13.03%,OCSTAMP;SH3PXD2A;TNFRSF11A
prerank,Positive Regulation Of Apoptotic Signaling Pathway (GO:2001235),0.35501245089240463,1.2760208446985752,0.075,0.5979186796504375,1.0,21/50,31.16%,CAV1;NUPR1;DDIT3;GPER1;AGTR2;BCL10;BCAP31;CTSK;HYAL2;TPD52L1;RIPK1;TNFSF10;NKX3-1;STYXL1;CTSS;SIAH1;DEDD2;PLEKHF1;CRADD;LCK;PML
prerank,Regulation Of Secretion By Cell (GO:1903530),-0.4100816153227268,-1.2759208822037726,0.10144927536231885,0.9354969287024535,1.0,5/40,3.61%,RAB3C;CCKAR;CHRNB4;RAB3B;SAA1
prerank,Regulation Of Actin Filament-Based Process (GO:0032970),0.34475553797482733,1.2758823583708565,0.0975609756097561,0.5976208428320684,1.0,18/55,25.19%,ODAM;FAM107A;CDC42;CNN2;NEDD9;DAPK3;HCK;ESAM;BST1;CDK10;GPM6B;DMTN;RAPGEF3;PRKCD;DYNLL1;RALA;PDGFA;RICTOR
prerank,Regulation Of Acrosome Reaction (GO:0060046),-0.6285870502485961,-1.2758750365280223,0.18181818181818182,0.932791248001504,1.0,1/5,9.90%,ZP3
prerank,Regulation Of Tumor Necrosis Factor Superfamily Cytokine Production (GO:1903555),0.5491501660201681,1.2757279527815346,0.19607843137254902,0.597268502567924,1.0,3/8,6.34%,CX3CR1;ZFP36;FOXP1
prerank,Lipopolysaccharide-Mediated Signaling Pathway (GO:0031663),0.5104873537714332,1.275548169816938,0.18604651162790697,0.5969354780705192,1.0,3/12,8.81%,HCK;IL1B;TICAM2
prerank,Response To Organic Cyclic Compound (GO:0014070),-0.39543365538361747,-1.2755194547284443,0.10909090909090909,0.9312634190422836,1.0,11/40,14.17%,CYP24A1;CYP1A1;SPP1;CYP1B1;IGFBP5;SFRP1;KYNU;GLDC;ABCB4;CLU;FOXA1
prerank,Positive Regulation Of Protein Localization To Membrane (GO:1905477),0.34057810632131,1.2746640637378386,0.10810810810810811,0.5988454259508276,1.0,17/64,12.89%,MYO1C;SPTBN1;IFNG;ITGA3;GPER1;RAMP3;PRKN;ITGB1;NMT1;PDZK1;CLIP3;STAC;GZMB;ANK3;FYN;PRKCH;AKT2
prerank,Regulation Of Macrophage Derived Foam Cell Differentiation (GO:0010743),0.41592050432115113,1.2743275711809308,0.1,0.5989700774124248,1.0,12/23,19.28%,NR1H2;PPARG;CD36;NFKBIA;MAPK9;ABCA5;PF4;MSR1;PRKCH;CSF1;ITGAV;ABCG1
prerank,Negative Regulation Of Protein Polyubiquitination (GO:1902915),0.6830458799466474,1.2741577802740112,0.23076923076923078,0.5987461280473391,1.0,2/5,8.06%,GPS2;PPIA
prerank,Chemical Synaptic Transmission (GO:0007268),-0.324472453077591,-1.2741222155556668,0.05128205128205128,0.9346489102321824,1.0,45/185,14.47%,HTR2A;GABBR2;NPTX2;GABRA3;GABRP;CHRNB4;SYT5;HTR3A;PNOC;CACNA1E;GABRG1;HTR2B;SLC1A4;CHRNA6;GABRQ;HTR4;GRM7;NSG1;GRIK5;BRSK1;NRXN2;GRIA3;KCNMB1;SLC32A1;AMPH;ASIC2;GRIN3B;UNC13A;SHISA6;KCNA1;SLC1A3;CHRNA5;GPR176;APOE;GRIN2A;SLC17A8;DLG3;NLGN2;PDE7B;CHRNA9;LPAR3;SYN1;SLC17A7;OMP;DOC2A
prerank,Leukotriene Biosynthetic Process (GO:0019370),0.5397610044171854,1.2739108521948828,0.08695652173913043,0.598797358725025,1.0,6/12,17.98%,GGTLC1;LTC4S;GGTLC3;LTA4H;MGST3;MGST2
prerank,Regulation Of DNA Repair (GO:0006282),0.2999320783569632,1.2738913336095132,0.06451612903225806,0.5980988455082549,1.0,44/105,34.69%,INO80;USP22;TAF6L;SGF29;BCL7B;TIGAR;PPP4C;PPP4R2;SMARCC2;MCRS1;MORF4L1;ACTB;BABAM2;TAF6;BRD7;TAF2;SMARCA4;UBE2V2;SIRT1;SUPT3H;EPC1;BABAM1;VPS72;MEAF6;MBTD1;EYA4;CDK9;BARD1;KAT2A;KAT2B;SMARCA2;RUVBL1;ENY2;RADX;YY1;PML;RNF8;RAD52;KAT7;UBE2N;BRD8;INO80C;ATXN7;ARID1B
prerank,Histone Modification (GO:0016570),0.33169614002646514,1.273891159167702,0.030303030303030304,0.5973290915243318,1.0,28/66,28.27%,TBL1X;SIRT2;GATAD2B;TAF6L;HDAC8;BRMS1L;MORF4L1;CHD4;HDAC4;RBBP4;JADE2;SIRT1;SUPT3H;EPC1;VPS72;MEAF6;PHF20L1;UBE2A;TBL1XR1;MBTD1;CREBBP;MSL3;YEATS2;KAT2B;RUVBL1;ENY2;GATAD2A;CARM1
prerank,Maintenance Of Apical/Basal Cell Polarity (GO:0035090),0.6924717626817112,1.2735277544411063,0.17647058823529413,0.597070408739867,1.0,3/5,13.45%,LIN7A;PDCD6IP;LIN7C
prerank,Maintenance Of Epithelial Cell Apical/Basal Polarity (GO:0045199),0.6924717626817112,1.2735277544411063,0.17647058823529413,0.597070408739867,1.0,3/5,13.45%,LIN7A;PDCD6IP;LIN7C
prerank,Growth Hormone Receptor Signaling Pathway (GO:0060396),0.505047737060432,1.2733179855126053,0.20833333333333334,0.5969961331823275,1.0,5/12,16.55%,GHR;SOCS2;PXN;PTPN1;STAT3
prerank,Negative Regulation Of Cell Growth (GO:0030308),0.30688742833849647,1.2732931474840425,0.041666666666666664,0.5963043981878705,1.0,52/107,31.38%,HSPA1B;MAG;RERG;TRIM46;SLIT2;VGLL4;ACVRL1;FHL1;HYAL1;DDX3X;HSPA1A;CGRRF1;FBP1;SEMA3G;AGTR2;SOX17;DCC;GSK3A;PPP2CA;ENPP1;RB1;CDKN2AIP;PPT1;SMARCA4;DCSTAMP;SIRT1;INHBA;HYAL2;NDUFA13;PHB1;PTPRS;SIPA1;SMAD4;PRDM11;CCAR2;ST7L;SMARCA2;CRLF3;OSGIN1;NPR1;OSGIN2;CAPRIN2;FLCN;BMPR2;SERTAD3;TGFB2;ADAM15;ULK1;NDRG3;RTN4;PML;EI24
prerank,Regulation Of Exosomal Secretion (GO:1903541),0.46771270924566993,1.2731984419455982,0.19047619047619047,0.5958140046280626,1.0,5/17,17.08%,IFNG;TSG101;PRKN;PDCD6IP;SNF8
prerank,Mitochondrial Genome Maintenance (GO:0000002),0.5708857974586583,1.2730087797790157,0.22916666666666666,0.5955423008443133,1.0,7/8,41.34%,OPA1;SLC25A36;SLC25A4;MEF2A;LONP1;MPV17;TOP3A
prerank,Regulation Of mRNA 3'-End Processing (GO:0031440),0.5029434932712188,1.2729114976974625,0.20512820512820512,0.5950360336988361,1.0,5/11,25.02%,DHX36;CDC73;CDK9;ZFP36L1;BARD1
prerank,Negative Regulation Of Vascular Associated Smooth Muscle Cell Differentiation (GO:1905064),0.647690170262081,1.272754272211414,0.23529411764705882,0.5946214244035884,1.0,2/6,5.02%,PDGFB;FGF9
prerank,Negative Regulation Of Cell Adhesion (GO:0007162),0.32231255918312995,1.2725477882045562,0.06896551724137931,0.5944605785655681,1.0,12/60,9.48%,CDH13;SEMA6A;RND1;CX3CL1;DSCAM;ACVRL1;SEMA5A;GTPBP4;DACT2;LPXN;DUSP1;PLXND1
prerank,Negative Regulation Of Multicellular Organismal Process (GO:0051241),0.301589659785366,1.2721240267771412,0.0,0.5950753312582648,1.0,36/182,11.99%,TNNT1;SOSTDC1;NOVA2;GBP7;NR1H4;KLF7;SLC6A4;SPX;NR1H2;SOST;GATA3;FFAR4;PON1;WWC2;IFNG;DOCK7;DDIT3;HMGCR;SLC11A1;ARID4A;SMAD6;HPN;SRSF6;RGCC;SHH;PROCR;IL1B;STC1;EFNA1;CORO1C;ID1;GSK3A;PPP2CA;FOXA2;NPTN;NKX2-1
prerank,Cellular Respiration (GO:0045333),0.3426338638264149,1.2715504177143564,0.030303030303030304,0.5959405907446224,1.0,15/66,19.88%,COX4I2;NDUFA5;ETFRF1;ETFDH;NDUFA12;PPARGC1A;NDUFA7;MTFR2;ETFB;NDUFA13;NDUFC1;OXA1L;ME3;NDUFA11;NDUFB5
prerank,Attachment Of Mitotic Spindle Microtubules To Kinetochore (GO:0051315),-0.5369522308845875,-1.2714159497634137,0.2391304347826087,0.9447489491915132,1.0,4/10,15.25%,NDC80;KIF2C;CDT1;CENPE
prerank,Positive Regulation Of mRNA 3'-End Processing (GO:0031442),0.5850966144408007,1.2713475914426917,0.20930232558139536,0.5958865763704045,1.0,2/8,6.15%,DHX36;HSF1
prerank,Regulation Of Endocytosis (GO:0030100),0.3772782819825741,1.2712990153590729,0.14705882352941177,0.5953118816614277,1.0,17/53,15.32%,CDH13;TSC2;OPHN1;SNCA;RAB17;CD151;SPHK1;ARFGAP3;ZFYVE16;HCK;SCARB1;LRSAM1;CLIP3;PRKD1;RAB5B;RUFY1;PTPN1
prerank,Glomerulus Vasculature Development (GO:0072012),0.6223153540567646,1.270881916804922,0.2692307692307692,0.595832766854749,1.0,1/5,0.87%,TEK
prerank,Positive Regulation Of Transcription From RNA Polymerase II Promoter In Response To Stress (GO:0036003),0.5400295942403308,1.270682458520369,0.14285714285714285,0.5955820407824327,1.0,4/14,8.21%,KLF2;DDIT3;NFE2L2;CREB3L1
prerank,Nuclear Membrane Organization (GO:0071763),0.45295720623838887,1.2703321374238459,0.1111111111111111,0.5960118152473215,1.0,5/20,17.27%,GPER1;TARDBP;CHMP1A;TOR1AIP1;TMEM43
prerank,Protein Insertion Into ER Membrane (GO:0045048),0.42491435068693406,1.2702886283806512,0.125,0.5953505143189739,1.0,8/23,17.53%,EMC10;NOMO2;CAMLG;NOMO1;SGTA;GET1;CCDC47;EMC2
prerank,Regulation Of Respiratory Burst (GO:0060263),-0.6197408059127412,-1.2702126218042635,0.18604651162790697,0.9477796400127739,1.0,2/6,6.00%,IGHA2;JCHAIN
prerank,Sodium Ion Homeostasis (GO:0055078),-0.5006523343525174,-1.2690490277412279,0.15384615384615385,0.9502913464404437,1.0,9/16,23.87%,TMPRSS4;SLC12A3;SLC9B2;ATP1B2;ATP1B3;SCNN1B;SCNN1G;ATP1A1;SLC9A1
prerank,Regulation Of Neuroinflammatory Response (GO:0150077),-0.5652178615320429,-1.2689368857100594,0.25,0.947673205505584,1.0,4/11,10.38%,MMP8;MMP3;IGF1;NR1D1
prerank,mRNA Pseudouridine Synthesis (GO:1990481),-0.6092256606822928,-1.268428553668196,0.19696969696969696,0.9469157211637035,1.0,6/7,28.22%,PUS7;TRUB2;PUS7L;RPUSD2;PUS1;TRUB1
prerank,Regulation Of Fatty Acid Metabolic Process (GO:0019217),0.6058988365650803,1.2683299946429247,0.1509433962264151,0.6004373723265128,1.0,2/7,7.44%,CAV1;PRKAG2
prerank,Bleb Assembly (GO:0032060),0.636245496666856,1.268303403565622,0.2,0.5997365255357553,1.0,2/5,5.99%,EMP2;EMP1
prerank,Regulation Of Peptidase Activity (GO:0052547),-0.451762243803245,-1.268209907762415,0.18333333333333332,0.9446955742824328,1.0,2/21,4.13%,SERPINB4;CTSL
prerank,Negative Regulation Of Triglyceride Metabolic Process (GO:0090209),0.6092276176326585,1.2680809405471665,0.2,0.5997850994099313,1.0,5/7,30.65%,SIK1;SIRT1;SREBF1;GPLD1;PLIN5
prerank,Negative Regulation Of T-helper 17 Cell Differentiation (GO:2000320),0.6353228621291449,1.2680752054908362,0.17647058823529413,0.5990334890096682,1.0,6/6,36.49%,TBX21;SMAD7;ZC3H12A;LOXL3;RC3H1;RC3H2
prerank,Regulation Of Microglial Cell Migration (GO:1904139),0.7134013988783434,1.2679529034095562,0.17543859649122806,0.5987276828791138,1.0,3/5,13.78%,CX3CR1;CX3CL1;CSF1
prerank,Keratan Sulfate Metabolic Process (GO:0042339),-0.508622690162357,-1.2678277813196623,0.18518518518518517,0.9434983536716955,1.0,2/15,1.64%,B3GNT3;CHST6
prerank,Ethanol Oxidation (GO:0006069),-0.6758958497183719,-1.2675689559861296,0.19047619047619047,0.9416304630293382,1.0,3/6,10.74%,ADH4;ADH7;ADH1C
prerank,Positive Regulation Of B Cell Differentiation (GO:0045579),-0.6003900016007953,-1.2674440032993495,0.18181818181818182,0.9393436830733918,1.0,5/9,18.78%,CD27;IL10;XBP1;MMP14;INPP5D
prerank,Positive Regulation Of Lipid Biosynthetic Process (GO:0046889),0.4271756047855838,1.2673219517744612,0.175,0.5999655618634162,1.0,13/28,25.53%,NR1H2;SIRT2;MLXIPL;LDLR;SCARB1;CREB1;MFSD2A;HSD17B13;SLC27A1;SREBF1;MID1IP1;GPLD1;KAT2B
prerank,Positive Regulation Of Nervous System Development (GO:0051962),0.36243222995945684,1.2668892153057965,0.10526315789473684,0.6001730204427439,1.0,9/40,6.35%,GRID2;MME;CX3CR1;SLITRK2;WNT7A;IFNG;GPER1;IL1RAP;SLITRK5
prerank,Regulation Of Filopodium Assembly (GO:0051489),0.40810572090044067,1.2668649632975333,0.1111111111111111,0.5994777465106252,1.0,17/32,32.47%,GPM6A;CDC42;RAB17;PALM;MYO10;NEURL1;SRGAP2C;DMTN;RAB5A;PRKCD;DOCK11;RALA;BCAS3;FMR1;TENM1;CAPZB;ARAP1
prerank,Negative Regulation Of Phospholipase Activity (GO:0010519),0.5843570679734891,1.2667838823086952,0.17777777777777778,0.5988902150462917,1.0,1/5,3.03%,ANXA1
prerank,Peptidyl-Tyrosine Modification (GO:0018212),0.35381008868906677,1.266706677272624,0.10256410256410256,0.5983394380772123,1.0,14/41,21.92%,TEK;PDGFB;FGFR4;FLT4;HCK;FGFR2;INSR;TPST2;FYN;FES;CLK1;ABI3;FGFR1;KDR
prerank,Isoprenoid Biosynthetic Process (GO:0008299),0.6660440459455397,1.266678442161743,0.16666666666666666,0.5976842821021342,1.0,2/6,6.98%,HMGCR;IDI1
prerank,Cell Junction Organization (GO:0034330),0.3416966464954135,1.2666308641259911,0.08823529411764706,0.5971363680200057,1.0,14/52,16.29%,LIMS2;OPHN1;CDC42;SNCA;SNCG;SEMA3E;MARVELD2;SLC8A2;OCLN;LIMS1;CXADR;VMP1;TJP2;RAB8B
prerank,Protein K63-linked Ubiquitination (GO:0070534),0.34305553428694024,1.2666269314824625,0.02857142857142857,0.5964491647472221,1.0,13/42,23.14%,WWP2;PRKN;PELI3;HECTD1;UBE2D4;TRAF5;NEDD4;TRIM56;UBE2E2;UBE2V2;ARRDC4;RNF5;UBE2O
prerank,Proteolysis Involved In Protein Catabolic Process (GO:0051603),0.34782427891385287,1.2659916924615038,0.09090909090909091,0.5975020161696172,1.0,30/60,38.50%,ATXN3;ISG15;UBB;HM13;PRKN;MALT1;GZMB;PDCD6IP;VCP;CLPP;CTSK;ZYG11B;ADAMTS7;UBA52;CTSS;CHMP4A;NGLY1;RNF41;DDI1;RHBDD1;ATE1;FBXO44;RNF123;OTUD7B;NEDD8;LONP1;STUB1;CTSH;CTSZ;VPS4B
prerank,Acylglycerol Catabolic Process (GO:0046464),0.48638583256069046,1.265898304206889,0.14285714285714285,0.5969563592051387,1.0,3/13,7.03%,GPIHBP1;DAGLB;PNPLA3
prerank,Response To Unfolded Protein (GO:0006986),0.3869104097628393,1.2658161274513104,0.10204081632653061,0.596394533769427,1.0,11/39,15.32%,HSPB2;DNAJB1;DDIT3;HSPA1A;HSF1;PRKN;HSPB8;TMBIM6;DAXX;OPTN;PTPN1
prerank,Isotype Switching (GO:0045190),0.5326722136923945,1.2651270657717573,0.22916666666666666,0.5978634181040038,1.0,7/9,44.72%,MSH2;HSPD1;RNF8;EXOSC3;SANBR;CCR6;LIG4
prerank,Neutrophil Activation Involved In Immune Response (GO:0002283),0.5274614499575374,1.265072680636725,0.22,0.5972494415169237,1.0,3/8,19.55%,DNASE1L3;VAMP2;FCER1G
prerank,Regulation Of ATPase-coupled Calcium Transmembrane Transporter Activity (GO:1901894),-0.6493247731283802,-1.2647793613203884,0.2,0.9484232940546384,1.0,2/6,8.79%,SLN;PLN
prerank,Regulation Of B Cell Activation (GO:0050864),-0.5169097925698047,-1.264251384596125,0.1320754716981132,0.9479824711849657,1.0,9/14,29.63%,FOXJ1;IL10;TNFSF4;CD22;IKZF3;SLAMF8;FCGR2B;ZFP36L2;FCRL3
prerank,Inhibitory Synapse Assembly (GO:1904862),-0.5798836878079694,-1.2640189588936626,0.2641509433962264,0.9463061221074506,1.0,3/9,6.96%,LGI2;WNT5A;SRGAP3
prerank,Inhibitory Postsynaptic Potential (GO:0060080),-0.7130156209428818,-1.2631791964176582,0.19230769230769232,0.9474122111686307,1.0,4/5,22.90%,INSYN2A;INSYN2B;NPAS4;NLGN3
prerank,Purine Ribonucleotide Metabolic Process (GO:0009150),0.33945656463595514,1.263047172648485,0.16666666666666666,0.6028321295068018,1.0,16/62,13.26%,SULT1A1;HSPA1B;SULT1A2;ACSM3;ACSF2;CTNS;LRRK2;HSPA1A;SULT1C4;EFNA1;TPST2;OLA1;SULT2B1;BAD;ENPP1;MFN1
prerank,Epithelium Development (GO:0060429),-0.36290325592657646,-1.2629888941150562,0.125,0.945586012902383,1.0,30/103,19.54%,KRT14;KRT6A;KRT16;KRT17;MEOX1;SIX1;GSTA2;FOXJ1;GSTA1;DHRS9;KRT32;WNT4;KRT24;SOX9;PTCH1;STIL;AKR1C1;KRT36;EHF;UPK3A;VEGFA;SPINK5;TIMELESS;RIPK4;DACT1;SNAI2;KRT19;DLX3;CTSB;PROX1
prerank,Regulation Of Cell Adhesion Mediated By Integrin (GO:0033628),-0.4562497535392641,-1.2628703320623738,0.13114754098360656,0.943187125669539,1.0,10/25,23.40%,SFRP2;CYP1B1;PLAU;FOXC2;CCL21;DPP4;SNAI2;MUC1;SERPINE1;ADAM9
prerank,Circulatory System Development (GO:0072359),0.2952194194813637,1.2628591015178514,0.030303030303030304,0.6024575731906819,1.0,19/115,9.39%,NOTCH4;HAND1;TEK;TSC2;TCF25;CDH5;FGF12;HEG1;PDGFB;ACVRL1;CITED2;PTPN11;TAFAZZIN;FLT4;SOX17;SHH;ZFPM1;HSPG2;FOXF1
prerank,Fatty Acid Transport (GO:0015908),0.40967698931402374,1.262714722000602,0.15384615384615385,0.6020491194038583,1.0,8/23,15.77%,FABP12;PPARG;CD36;SLC27A6;ARID4A;MFSD2A;KDM5A;CPT1B
prerank,Necroptotic Process (GO:0070266),0.5596173682426484,1.2627098612672831,0.2857142857142857,0.6013287010904074,1.0,5/8,27.72%,FASLG;RIPK1;PGAM5;RIPK3;MLKL
prerank,Protein K6-linked Ubiquitination (GO:0085020),0.5955256012953186,1.2623684181964032,0.1836734693877551,0.6014262341736965,1.0,2/7,10.24%,PRKN;UBE2D4
prerank,Positive Regulation Of Peptide Secretion (GO:0002793),-0.672715576692095,-1.2618862515726423,0.2033898305084746,0.9446938168190883,1.0,1/5,2.60%,FGB
prerank,Phospholipid Efflux (GO:0033700),-0.6586453564556901,-1.2613060658230637,0.22916666666666666,0.9443716359382267,1.0,2/5,11.47%,ABCA12;APOE
prerank,Alpha-Amino Acid Catabolic Process (GO:1901606),0.4350236551043859,1.261148638893675,0.1956521739130435,0.604541466392783,1.0,10/19,21.67%,MCCC1;IVD;ALDH6A1;DDO;KMO;THNSL2;MTRR;ACAT1;FANCA;OTC
prerank,Negative Regulation Of Delayed Rectifier Potassium Channel Activity (GO:1902260),-0.6517449294169824,-1.26095830805111,0.21052631578947367,0.9432735816612919,1.0,3/6,15.11%,KCNE4;KCNRG;SUMO1
prerank,Negative Regulation Of Ossification (GO:0030279),-0.5063425486515845,-1.2605526796675188,0.18333333333333332,0.942281333356083,1.0,10/18,20.84%,GREM1;SFRP1;MDK;SOX9;KREMEN2;DKK1;CHSY1;RBPJ;CCR1;ECM1
prerank,Negative Regulation Of Sequestering Of Calcium Ion (GO:0051283),-0.4262011437279816,-1.2594380406795433,0.09836065573770492,0.9446257314068089,1.0,7/29,14.13%,HTR2A;HTR2B;PLCH2;CCR7;GP5;CCL21;CLU
prerank,Negative Regulation Of Cholesterol Storage (GO:0010887),0.61325210929066,1.2592285743216816,0.20833333333333334,0.6087751051459027,1.0,2/7,2.34%,NR1H2;PPARG
prerank,Regulation Of Lens Fiber Cell Differentiation (GO:1902746),-0.6609072286639875,-1.2591429248724078,0.30434782608695654,0.940639925913553,1.0,2/5,7.86%,SPRED3;SPRY1
prerank,Negative Regulation Of Lens Fiber Cell Differentiation (GO:1902747),-0.6609072286639875,-1.2591429248724078,0.30434782608695654,0.940639925913553,1.0,2/5,7.86%,SPRED3;SPRY1
prerank,Sterol Biosynthetic Process (GO:0016126),0.4146835638961786,1.2584414316189798,0.13157894736842105,0.6104030931408683,1.0,5/21,7.44%,HMGCR;HMGCS1;HSD17B7;ARV1;PRKAG2
prerank,Cobalamin Transport (GO:0015889),0.6052180062975685,1.2579846048126817,0.16666666666666666,0.6106619090888286,1.0,4/6,29.29%,ABCD4;TCN2;LRP2;CD320
prerank,Regulation Of Cell Growth (GO:0001558),0.28344178730411396,1.2577228167248864,0.05,0.6106439342315069,1.0,82/198,29.27%,FAM107A;HSPA1B;RERG;NRG3;CDC42;BRAT1;SLIT2;VGLL4;PAK4;ACVRL1;FHL1;HYAL1;INO80;DDX3X;EBAG9;HSPA1A;CGRRF1;SOCS2;FBP1;SPHK1;AGTR2;HPN;SOX17;TEAD1;DDX49;PPP2CA;CDK11A;MFSD2A;PRR5;ENPP1;RPS6KA3;RB1;LAMTOR1;CDKN2AIP;ADAM17;PPT1;CXCL16;SMARCA4;JADE2;DCSTAMP;SGK1;SIRT1;PRKCQ;INHBA;HYAL2;NDUFA13;PHB1;MEAF6;MAPKAP1;SIPA1;SMAD4;OGFR;PRDM11;CCAR2;AGTR1;RAB33B;ST7L;EXOSC9;CSNK2A3;H3-5;DERL2;EIF4G1;H3-3A;CSNK2A1;RICTOR;SMARCA2;CRLF3;OSGIN1;NPR1;PLCE1;OSGIN2;CAPRIN2;ERBB2;ZNF639;TNC;FLCN;BMPR2;SERTAD3;CEP43;TGFB2;SDCBP;ADAM15
prerank,Cilium Assembly (GO:0060271),-0.3221969893130259,-1.25748964915334,0.0684931506849315,0.9456027116613551,1.0,61/192,22.98%,CCNO;CFAP206;FOXJ1;CCDC113;RPGRIP1L;RSPH4A;RSPH9;TEKT5;UBXN10;LRRC43;CIBAR2;SPAG17;KIF24;CFAP47;IQUB;CCDC96;CFAP58;SPACA9;CFAP54;CEP250;LRGUK;CLUAP1;IFT46;TMEM216;OFD1;CEP126;RAB23;CFAP43;TEKT2;KIAA0753;DUSP23;TTC39C;PIERCE1;DNMBP;UNC119B;TMEM231;DZIP1;CDC14B;HYLS1;FAM161A;CFAP46;DNAH5;POC1A;CEP164;IFT43;DNAAF1;GSN;MKS1;TRAF3IP1;CFAP70;HOATZ;CPLANE2;IFT140;ARL3;RFX3;KIF3B;TMEM67;CFAP298;CEP19;CIBAR1;NEK1
prerank,Cellular Response To Chemokine (GO:1990869),-0.4108834835986333,-1.2574750228512286,0.11428571428571428,0.942971646345924,1.0,16/41,21.18%,CXCL13;CCL1;CXCL6;CCL13;PF4V1;CCL22;FOXC1;CCL11;CXCL12;CCL21;CCR2;PPBP;CCL24;CCL8;CCR1;CXCL1
prerank,Mitochondrial Fusion (GO:0008053),0.5002124127281651,1.2573574753037857,0.15555555555555556,0.6112293713993249,1.0,5/15,19.41%,USP30;MFN2;MFN1;OPA1;GDAP1
prerank,Regulation Of Tissue Remodeling (GO:0034103),-0.46241913352890524,-1.256965235105546,0.24074074074074073,0.9421927058023903,1.0,8/15,23.76%,LEP;MDK;RUNX1;SYT7;IL21;DDR2;TGFB1;GPNMB
prerank,Positive Regulation Of Synapse Assembly (GO:0051965),0.39988819269893916,1.2569008917074351,0.09523809523809523,0.611778951254532,1.0,7/27,6.35%,GRID2;SEMA4A;SLITRK2;WNT7A;BDNF;IL1RAP;SLITRK5
prerank,"Protein Localization To Chromosome, Telomeric Region (GO:0070198)",0.49159780593313507,1.256583445192314,0.18181818181818182,0.612052041934277,1.0,2/10,8.45%,PINX1;TNKS
prerank,Maintenance Of Protein Location In Extracellular Region (GO:0071694),-0.6927827800529079,-1.2565785046684825,0.16981132075471697,0.9412038375110031,1.0,4/5,28.96%,FBN2;LTBP1;NBL1;FBN1
prerank,Negative Regulation Of Smooth Muscle Cell Migration (GO:0014912),0.49227485481340294,1.2563017729048218,0.225,0.6122557654422653,1.0,3/13,4.80%,NDRG4;SLIT2;TRIB1
prerank,Regulation Of Cilium Beat Frequency (GO:0003356),-0.6587746162970924,-1.2558526640566654,0.23076923076923078,0.9417363203838559,1.0,4/5,18.62%,CFAP206;DNAH11;CFAP43;DNAAF1
prerank,Positive Regulation Of Secretion By Cell (GO:1903532),0.35330711351151856,1.2553220870400674,0.15384615384615385,0.6140201662599513,1.0,20/57,18.00%,MYH10;IL1A;ANKRD1;GPER1;SNCA;EXPH5;RGCC;FRMD4A;IL1B;PPIA;S100A10;UNC13B;EDN1;EXOC7;GOLPH3L;TTN;RAB27A;CLASP2;RAB5A;CLASP1
prerank,Regulation Of Catabolic Process (GO:0009894),0.43502186264712533,1.255302395377145,0.20512820512820512,0.6133128660002845,1.0,12/18,42.80%,ITGB1;SNF8;CENATAC;HGS;PTK2B;ZDHHC7;FURIN;LATS1;ZDHHC2;CHMP6;CHEK2;MDM2
prerank,Negative Regulation Of Cell Motility (GO:2000146),-0.34423965759900016,-1.2552610520624792,0.07042253521126761,0.9416650863467688,1.0,19/110,10.54%,KRT16;ADIPOQ;SFRP2;NGFR;CYP1B1;THY1;TMIGD3;IGFBP5;EMILIN1;SULF1;SLURP1;SFRP1;PODN;SRGAP3;RBBP7;ZMYND8;ADORA3;SAP30;SPOCK3
prerank,Vascular Endothelial Growth Factor Signaling Pathway (GO:0038084),0.5171301567060997,1.255096763971289,0.21052631578947367,0.613137816217075,1.0,4/10,12.39%,MYO1C;VEGFD;FLT4;GAB1
prerank,L-glutamate Import (GO:0051938),-0.4950769627167433,-1.254963912791493,0.1509433962264151,0.9378243180150737,1.0,7/13,14.28%,SLC1A4;SLC1A3;SLC1A7;SLC7A11;SLC17A8;PRAF2;SLC17A7
prerank,L-glutamate Transmembrane Transport (GO:0015813),-0.4950769627167433,-1.254963912791493,0.1509433962264151,0.9378243180150737,1.0,7/13,14.28%,SLC1A4;SLC1A3;SLC1A7;SLC7A11;SLC17A8;PRAF2;SLC17A7
prerank,Negative Regulation Of B Cell Receptor Signaling Pathway (GO:0050859),0.6494020315454674,1.2545679586616518,0.24489795918367346,0.6138520609305106,1.0,3/5,17.21%,GPS2;LPXN;CD300A
prerank,Negative Regulation Of Cell Cycle G2/M Phase Transition (GO:1902750),0.6368868248368357,1.2543423478026743,0.23214285714285715,0.6138475149510494,1.0,2/5,6.06%,FHL1;PINX1
prerank,Positive Regulation Of Protein Localization To Cell Periphery (GO:1904377),0.3662059820300316,1.2539935966266358,0.1111111111111111,0.6140135060487969,1.0,10/41,9.20%,SPTBN1;IFNG;ITGA3;GPER1;RAMP3;ITGB1;EPB41L2;GPSM2;CLIP3;STAC
prerank,cGMP-mediated Signaling (GO:0019934),-0.5334319378343404,-1.2539404268327574,0.16071428571428573,0.9399550834917303,1.0,3/10,9.41%,HTR2B;IRAG1;PDE3A
prerank,Hyaluronan Metabolic Process (GO:0030212),0.4772113711869964,1.2536617064587041,0.1702127659574468,0.6143664521882143,1.0,4/11,8.85%,HYAL1;CEMIP2;IL1B;HAS3
prerank,Monocarboxylic Acid Catabolic Process (GO:0072329),0.49851853744771335,1.2535475685333226,0.15384615384615385,0.6139870479148293,1.0,5/12,19.50%,CYP26B1;ACOX1;LDHD;LPIN2;FANCA
prerank,Wound Healing (GO:0042060),-0.3639882681749075,-1.253381434209191,0.1232876712328767,0.9399854385828234,1.0,12/69,13.17%,KRT6A;SPRR3;COL3A1;MMP12;WNT5A;IGF1;ITGB3;CLDN1;PDGFRA;TSKU;EREG;SYT7
prerank,Positive Regulation Of Interferon-Alpha Production (GO:0032727),0.443983525332122,1.2532384723292163,0.15217391304347827,0.6141352841839721,1.0,6/18,17.80%,DHX36;DDX3X;STAT1;IRF3;TLR7;TLR8
prerank,Negative Regulation Of Cell Size (GO:0045792),0.643473709898639,1.2531014571684178,0.18604651162790697,0.6138588902339343,1.0,2/5,4.62%,CAV3;RDX
prerank,Histone H3-K14 Acetylation (GO:0044154),0.5750368459427895,1.2530237700589826,0.23255813953488372,0.6133288955114738,1.0,5/8,25.53%,SGF29;MBIP;YEATS2;KAT2A;KAT2B
prerank,Positive Regulation Of Nucleic Acid-Templated Transcription (GO:1903508),0.25984203734112576,1.2529910382701288,0.0,0.6126647215341469,1.0,144/473,24.36%,NOTCH4;EGR2;NR1H4;MYRF;FOS;RFX6;NR1H2;WNT3A;CTCFL;KLF2;SOST;GATA3;CASZ1;TBL1X;WNT7A;PPARG;PDGFB;MLXIPL;ACVRL1;CITED2;TAL1;CAPN3;EPO;GPATCH3;TBX21;DDIT3;INO80;JUN;WBP2;STAT1;MMS19;KLF4;EGR1;XPC;NOS1;KLF6;SOX17;CHD8;ATOH8;IRF1;SHH;GATAD2B;KMT2A;USP16;IL1B;THRAP3;QRICH1;USP22;TEAD2;BCL10;HAS3;MSANTD1;NFE2;INPP5K;FOXF1;ILF2;TEAD1;HNF1B;LRP5;PPM1A;TAF6L;SGF29;ZIC2;CREB1;CDK5RAP2;RBM23;ZBTB16;ILK;FOXA2;NKX2-1;DVL3;KDM5A;KAT6B;PPARGC1A;PRDM16;RELA;CALCOCO1;RYBP;ESR1;SMARCC2;MCRS1;MORF4L1;CHD4;MED4;YWHAH;FZD4;RARA;CD74;TAF6;WAC;HDAC4;RBBP4;TAF2;SMARCA4;GATA6;STAT3;TP53INP2;PITX3;SUPT3H;INHBA;WBP2NL;CREB3L2;EPC1;DEAF1;TRIP4;LBH;BCL3;PHB1;RORA;MAP2K3;VPS72;KANSL3;MEAF6;MAP2K1;PHIP;PCID2;SMAD4;RREB1;MAZ;TBL1XR1;EOMES;ELF2;MBTD1;EDRF1;FLI1;CREB5;PRDM11;MITF;FBXW11;CREBBP;NUP85;IFNL1;PYHIN1;MED12;MSL3;NKX3-1;DNAJC2;KMT2E;ZFP90;SFR1;BAMBI;MSL1;PSEN1;CTNNB1
prerank,Monoatomic Ion Transport (GO:0006811),-0.3640635946945889,-1.2528844852989693,0.07936507936507936,0.9395570612447613,1.0,32/80,22.01%,SLC9A4;SLC5A5;CHRNB4;SLC24A2;SLC36A1;SLC5A8;HCN4;CNGA3;SLC32A1;SLC26A4;SLC1A3;TMEM63C;TRPA1;SLC1A7;SLC15A1;SLC17A8;SLC12A3;SLC24A5;PIEZO2;SLC17A7;PANX1;P2RX1;SLC9A5;LRRC8A;SLC25A10;SLC12A7;CNGB1;SLC24A3;ATP10D;SLC4A1;SLC9A9;PLP2
prerank,Regulation Of DNA Biosynthetic Process (GO:2000278),0.37858851828889306,1.252300390569745,0.17142857142857143,0.6140651923417476,1.0,8/33,8.45%,PDGFB;ANKRD1;FGFR4;DACH1;PINX1;PRKD2;RGCC;TNKS
prerank,Regulation Of Protein Phosphorylation (GO:0001932),0.28523679576665645,1.2521325312296943,0.05263157894736842,0.6138070882051269,1.0,53/212,17.22%,MYADM;ODAM;TEK;WNT3A;FGF1;CDH5;VEGFD;ADTRP;BRAT1;SLIT2;IL34;FKBP8;LRRK2;GPER1;FGF9;ARRB1;FLT4;PRKN;SH3GL2;CCNYL1;IL1B;ENG;PPIA;KRAS;EFNA1;CORO1C;CLIP3;P2RY1;INPP5K;TARDBP;INSR;RSPO1;BST1;PPP2CA;OCLN;LIMCH1;ILK;FYN;NPTN;DVL3;CSNK1D;AKT2;DAXX;CCND3;TTN;FGF20;ADAM17;FGF17;CD74;WWTR1;SIRT1;LEPR;RAP2A
prerank,Regulation Of Endoplasmic Reticulum Unfolded Protein Response (GO:1900101),-0.6221797594591244,-1.2521318802025103,0.2857142857142857,0.9399694271852811,1.0,3/7,22.80%,XBP1;RACK1;FICD
prerank,Positive Regulation Of Flagellated Sperm Motility (GO:1902093),0.6584688181486866,1.2521269624311,0.17391304347826086,0.6116563815463372,1.0,1/5,0.03%,TACR3
prerank,Positive Regulation Of Cilium-Dependent Cell Motility (GO:2000155),0.6584688181486866,1.2521269624311,0.17391304347826086,0.6116563815463372,1.0,1/5,0.03%,TACR3
prerank,Positive Regulation Of Cilium Movement (GO:0003353),0.6584688181486866,1.2521269624311,0.17391304347826086,0.6116563815463372,1.0,1/5,0.03%,TACR3
prerank,Regulation Of Calcium Ion Import (GO:0090279),-0.5167696507917467,-1.2521120726719974,0.16666666666666666,0.9374914054542326,1.0,5/14,9.42%,SLN;PLPP4;PLN;WNK3;CXCL12
prerank,Somite Development (GO:0061053),-0.6008755144681611,-1.2520887592788474,0.14754098360655737,0.934951320362758,1.0,3/8,11.92%,SFRP2;MEOX1;PTCH1
prerank,Response To Misfolded Protein (GO:0051788),0.5981867666373721,1.2519419450668974,0.2,0.6113351140505107,1.0,1/6,0.77%,DNAJC18
prerank,Regulation Of Spindle Assembly (GO:0090169),0.4457672713800767,1.251674321086368,0.061224489795918366,0.6112832512233676,1.0,6/23,14.94%,HSPA1B;HSPA1A;GPSM2;CHMP1A;PDCD6IP;DYNC1H1
prerank,Cellular Response To Ketone (GO:1901655),-0.42854893743114997,-1.251560002277011,0.16666666666666666,0.9345226872192495,1.0,15/37,22.00%,SPP1;SLC5A5;ADCY2;AHR;ADCY5;SFRP1;ADCY3;GOLPH3;TNFSF4;ROCK2;GNAI1;LARP1;SCNN1B;SCNN1G;PTGER2
prerank,Regulation Of Cell-Cell Adhesion (GO:0022407),-0.4286783972551948,-1.2515599146555754,0.15151515151515152,0.9319482445547336,1.0,16/37,22.83%,B4GALNT2;FUT3;MUC21;TENM3;FUT9;RNASE10;CELSR2;EPHB3;DPP4;EFNA5;MEGF10;SIRPG;WNT1;CD47;ADAM8;TGFB1
prerank,Mast Cell Activation Involved In Immune Response (GO:0002279),0.6435984782797284,1.2514286311854474,0.17307692307692307,0.6106606237184311,1.0,1/5,0.56%,MRGPRX2
prerank,Mast Cell Degranulation (GO:0043303),0.6435984782797284,1.2514286311854474,0.17307692307692307,0.6106606237184311,1.0,1/5,0.56%,MRGPRX2
prerank,Positive Regulation Of Biomineral Tissue Development (GO:0070169),-0.4310419004386229,-1.251401615801968,0.17543859649122806,0.9301959962268107,1.0,8/34,10.50%,AMTN;OSR2;TFAP2A;WNT6;FBN2;WNT4;BMPR1B;TMEM119
prerank,Defense Response To Tumor Cell (GO:0002357),0.6305725925044436,1.2504993299517577,0.2,0.6124166734462682,1.0,3/6,12.66%,KLF4;DAPK1;RELA
prerank,"Positive Regulation Of DNA Damage Response, Signal Transduction By P53 Class Mediator (GO:0043517)",0.5035097316591924,1.250325760154208,0.18604651162790697,0.6122969364016945,1.0,5/12,22.93%,DDX5;RPL26;ZNF385A;SPRED2;PYHIN1
prerank,Phosphatidylinositol Biosynthetic Process (GO:0006661),0.32751666991478007,1.25013708497053,0.125,0.6120773320869113,1.0,26/80,27.83%,EFR3B;PIGA;SOCS2;HYCC2;PITPNM2;PIGZ;INPP5K;PIK3C2A;PIGV;MTM1;SACM1L;MPPE1;TP53INP2;FIG4;HYCC1;TTC7B;SOCS3;PIP5K1B;PIP5K1A;SLC27A1;PIP5K1C;PI4KB;SMG1;MTMR7;TTC7A;MTMR2
prerank,Regulation Of NMDA Receptor Activity (GO:2000310),0.4951176684829205,1.2496455826508461,0.18181818181818182,0.6128252133127225,1.0,3/11,5.72%,CRH;IFNG;DAPK1
prerank,Protein Secretion (GO:0009306),-0.3835002923408395,-1.2492166187162805,0.11594202898550725,0.9370926523701929,1.0,15/53,15.66%,OLFM2;RAB3C;GAL;PDIA4;RAB3B;MTTP;ADCYAP1;AP1B1;WLS;CTAGE1;LTBP2;GOLPH3;STEAP3;AP1S1;RAB3D
prerank,Neutrophil Chemotaxis (GO:0030593),-0.38277498649307196,-1.2491551189818781,0.13114754098360656,0.9347004922880222,1.0,18/50,21.55%,CXCL13;CCL1;SAA1;CXCL6;CCL13;PF4V1;EDN2;CCL22;CCL11;S100A12;CCL21;ITGB2;PPBP;PDE4B;CCL24;CCL8;CXCL1;S100A9
prerank,Positive Regulation Of Cyclin-Dependent Protein Serine/Threonine Kinase Activity (GO:0045737),0.47338662147068467,1.248777065047167,0.23809523809523808,0.6146537396715851,1.0,4/13,15.92%,PDGFB;RGCC;CCND3;SPDYA
prerank,Regulation Of Developmental Growth (GO:0048638),-0.43843964339196545,-1.2486805680453157,0.1346153846153846,0.9339615324370063,1.0,8/23,19.27%,LEP;SIX1;SIX4;AGR2;APOE;MUSK;SIN3A;OLFM1
prerank,Regulation Of Epidermis Development (GO:0045682),0.6079633472154367,1.2486726834803075,0.21739130434782608,0.6142990823728061,1.0,2/6,3.78%,KLF7;KRT2
prerank,Response To Ketone (GO:1901654),0.47390723924371336,1.2485206845348527,0.20512820512820512,0.6140117089348104,1.0,4/16,5.41%,CAV1;SLIT2;TGFBR3;WBP2
prerank,ERK1 And ERK2 Cascade (GO:0070371),-0.4578618767548872,-1.247936669344089,0.15789473684210525,0.9341745552111114,1.0,4/19,9.55%,DUSP9;HTR2B;IGF1;SOX9
prerank,Negative Regulation Of ATP-dependent Activity (GO:0032780),-0.5280686513361111,-1.247838835799071,0.14516129032258066,0.9320136609771501,1.0,5/12,13.48%,SLN;LTF;PLN;TSC1;PPIF
prerank,Regulation Of Endoplasmic Reticulum Stress-Induced Intrinsic Apoptotic Signaling Pathway (GO:1902235),0.43616388611062434,1.2474042229915838,0.1,0.616164309489999,1.0,9/22,20.68%,DDIT3;LRRK2;HSPA1A;PRKN;CREB3L1;TMBIM6;PTPN1;OPA1;SELENOS
prerank,Negative Regulation Of Vascular Permeability (GO:0043116),0.5283052444750698,1.247375117539809,0.17073170731707318,0.6155107893883885,1.0,3/10,8.23%,SLIT2;SH3GL2;CLDN5
prerank,Positive Regulation Of Binding (GO:0051099),0.321008390871477,1.2471785901043722,0.06451612903225806,0.6154216700003728,1.0,12/80,8.23%,CAV1;WNT3A;SIRT2;PPARG;NMD3;PON1;TCF7L2;GPSM1;MARK3;LRRK2;PRKN;CLDN5
prerank,Positive Regulation Of Cytoplasmic Translation (GO:2000767),0.5097630636978472,1.2466117511867716,0.19047619047619047,0.6161760876703959,1.0,4/10,24.45%,DHX36;PABPC1;HNRNPU;YBX1
prerank,Positive Regulation Of G1/S Transition Of Mitotic Cell Cycle (GO:1900087),0.4058865436469662,1.2464096148182073,0.18181818181818182,0.6161029178936978,1.0,10/27,24.60%,ANXA1;HYAL1;RDX;DDX3X;RGCC;CDK10;UBE2E2;ADAMTS1;KMT2E;EIF4G1
prerank,Arginine Metabolic Process (GO:0006525),0.5892186323416642,1.2462918569964239,0.27906976744186046,0.615683472595335,1.0,4/7,22.64%,NOS1;NOS3;SLC39A8;ART4
prerank,Cellular Response To Increased Oxygen Levels (GO:0036295),0.5106009819434615,1.2462316950387144,0.19230769230769232,0.6151166973433668,1.0,3/10,16.02%,CAV1;ATP6V1A;CCDC115
prerank,Establishment Of Protein Localization To Membrane (GO:0090150),0.3508018260704576,1.2461146648170707,0.125,0.6146335327974815,1.0,8/55,9.50%,FRMPD1;MYO1C;ZDHHC22;RDX;ZDHHC11B;YIF1B;VPS37B;NACA2
prerank,Histone Acetylation (GO:0016573),0.33696893427830066,1.2457004225630792,0.15,0.6154338130118108,1.0,21/49,27.86%,USP22;TAF6L;SGF29;MBIP;MORF4L1;TAF6;TAF2;SUPT3H;EPC1;VPS72;MEAF6;PHF20L1;MBTD1;CREBBP;MSL3;NAA60;YEATS2;KAT2A;KAT2B;RUVBL1;ENY2
prerank,Negative Regulation Of Macromolecule Biosynthetic Process (GO:0010558),0.3302067081650979,1.2456350879873637,0.09523809523809523,0.614869294687319,1.0,21/77,15.85%,IGF2BP2;NANOS3;DHX36;ZAR1;ANKRD1;TRIM71;DACH1;DDX3X;DAPK1;TMEFF2;DAPK3;TIA1;INPP5K;GZMB;EDN1;GSK3A;PF4;ENPP1;GRB7;CNOT10;CNOT9
prerank,Negative Regulation Of Monocyte Chemotaxis (GO:0090027),-0.6533895289346646,-1.2455619731714582,0.2037037037037037,0.9392004356787922,1.0,1/5,0.05%,GREM1
prerank,Positive Regulation Of Ossification (GO:0045778),-0.41468455334848237,-1.2455156426249434,0.22058823529411764,0.9368901454201638,1.0,8/32,10.50%,OSR2;TFAP2A;WNT5A;SOX11;FBN2;WNT4;BMPR1B;TMEM119
prerank,Detection Of Mechanical Stimulus Involved In Sensory Perception Of Sound (GO:0050910),0.6286825442001037,1.2439635457829867,0.2978723404255319,0.6188330481662261,1.0,3/5,31.57%,HPN;TMC2;WHRN
prerank,TRAIL-activated Apoptotic Signaling Pathway (GO:0036462),-0.673502873238331,-1.2438213741325364,0.2765957446808511,0.9417634840504223,1.0,4/5,22.97%,TNFRSF10C;FADD;ZDHHC3;TNFRSF10A
prerank,Type B Pancreatic Cell Proliferation (GO:0044342),-0.6293440060604144,-1.2435146509801502,0.22641509433962265,0.9405406765039652,1.0,1/5,1.14%,NKX6-1
prerank,Cellular Response To Reactive Nitrogen Species (GO:1902170),-0.6617569613528241,-1.2433234273002995,0.22916666666666666,0.936491211948292,1.0,1/5,0.79%,MMP3
prerank,Cellular Response To Nitric Oxide (GO:0071732),-0.6617569613528241,-1.2433234273002995,0.22916666666666666,0.936491211948292,1.0,1/5,0.79%,MMP3
prerank,Hematopoietic Progenitor Cell Differentiation (GO:0002244),-0.4551351886884526,-1.2427472277054636,0.17543859649122806,0.9369658559337147,1.0,4/21,6.28%,MIXL1;MEOX1;SFRP1;TMEM190
prerank,Positive Regulation Of Cell-Matrix Adhesion (GO:0001954),0.374993881658554,1.2426933045178346,0.1794871794871795,0.6217882776032653,1.0,12/37,13.78%,CDH13;TEK;EMP2;CX3CL1;CD36;FUT1;JUP;S100A10;RIN2;LIMS1;MYOC;CSF1
prerank,Modulation By Symbiont Of Entry Into Host (GO:0052372),0.4579036689250911,1.2423603322039602,0.17543859649122806,0.62182385938098,1.0,4/15,11.56%,TRIM34;TRIM58;EXOC7;TRIM25
prerank,Cdc42 Protein Signal Transduction (GO:0032488),-0.6171942932008805,-1.2419168899317856,0.2542372881355932,0.9378734341671069,1.0,2/8,6.80%,RHOV;NTN1
prerank,Toll-Like Receptor 3 Signaling Pathway (GO:0034138),-0.6342662330716067,-1.2418421829606778,0.28,0.935718012713203,1.0,2/5,12.27%,SCARA3;UNC93B1
prerank,Regulation Of Meiotic Cell Cycle (GO:0051445),0.4506807456826726,1.2417348702825044,0.22857142857142856,0.6226766273543604,1.0,7/16,23.48%,ANAPC10;DUSP1;ANAPC15;METTL3;ANAPC11;ANAPC7;ANAPC2
prerank,Translational Readthrough (GO:0006451),-0.6236670168638365,-1.2417242659051801,0.2777777777777778,0.9310811907155113,1.0,1/6,0.91%,DIO2
prerank,Selenocysteine Incorporation (GO:0001514),-0.6236670168638365,-1.2417242659051801,0.2777777777777778,0.9310811907155113,1.0,1/6,0.91%,DIO2
prerank,Myoblast Fusion (GO:0007520),0.4577482799732519,1.2416106435435719,0.1951219512195122,0.6223029411182625,1.0,9/14,20.71%,JAM2;NOS1;ITGB1;ADGRB3;ERVFRD-1;ERVW-1;CD9;CD81;MYMX
prerank,Regulation Of T Cell Proliferation (GO:0042129),-0.4014723856493967,-1.2411766171404097,0.1746031746031746,0.9310970180173709,1.0,9/44,10.52%,LEP;TNFRSF13C;CD209;FOXP3;TNFRSF21;SLC7A1;IL10;ZP3;CD28
prerank,Protein O-linked Glycosylation Via Serine (GO:0018242),0.5774739277878607,1.240323207010543,0.14285714285714285,0.6252405949108185,1.0,1/7,0.05%,GALNT13
prerank,Vasculature Development (GO:0001944),0.47682248990969833,1.2403041283341194,0.24390243902439024,0.6245879089264336,1.0,5/16,9.39%,NOTCH4;CDH5;ACVRL1;FLT4;FOXF1
prerank,Histone H4 Acetylation (GO:0043967),0.3712639630113109,1.2398531950607714,0.11627906976744186,0.6249129430219118,1.0,16/32,32.77%,MCRS1;MORF4L1;JADE2;EPC1;VPS72;KANSL3;MEAF6;MBTD1;MSL3;MSL1;RUVBL1;KAT8;OGT;PHF20;KAT7;BRD8
prerank,Epithelial Cell Development (GO:0002064),0.45670295468443645,1.239757837013592,0.1702127659574468,0.6246521695677977,1.0,5/16,6.95%,WNT7A;SIPA1L3;BFSP1;EXPH5;DACT2
prerank,Calcium Ion Transmembrane Import Into Cytosol (GO:0097553),-0.3601021861412099,-1.238910504293119,0.1267605633802817,0.938221586982981,1.0,16/63,14.13%,HTR2A;CACNA1G;SLC24A2;NALF2;CACNA1E;HTR2B;PLCH2;JPH2;TRPV4;CACNA1I;CCR7;NALF1;GRIN2A;GP5;CCL21;CLU
prerank,Lamellipodium Organization (GO:0097581),0.3997199664441313,1.2383571956480517,0.18421052631578946,0.6275574576632742,1.0,11/26,23.89%,CDH13;ITGB1;SNX1;CARMIL1;MYO9B;DMTN;S1PR1;PTPRO;SNX2;SPATA13;ARHGEF6
prerank,Regulation Of Brown Fat Cell Differentiation (GO:0090335),-0.5266326001009649,-1.2382536157283508,0.21666666666666667,0.9385044420013742,1.0,2/12,3.36%,LEP;SIX1
prerank,Regulation Of Mononuclear Cell Migration (GO:0071675),0.4560360039610721,1.2379644786185897,0.17391304347826086,0.6276834083775437,1.0,4/16,17.16%,SLIT2;IL34;CSF1;STK10
prerank,Regulation Of Telomere Maintenance Via Telomere Lengthening (GO:1904356),0.46707396202456813,1.2377523730393445,0.14285714285714285,0.6276147184423121,1.0,3/12,8.45%,DHX36;PINX1;TNKS
prerank,Intestinal Absorption (GO:0050892),-0.5495192457748477,-1.2375325191910533,0.22033898305084745,0.9390352071707537,1.0,2/8,2.46%,LEP;SLC2A5
prerank,Microtubule Nucleation (GO:0007020),0.42058149082203095,1.237285069878149,0.23255813953488372,0.6282256453328967,1.0,8/19,20.74%,TUBG2;CSNK1D;TPPP;CLASP2;CLASP1;SLAIN2;SLAIN1;CCDC57
prerank,Positive Regulation Of Canonical Wnt Signaling Pathway (GO:0090263),0.3232047698536496,1.2371889056369656,0.13793103448275862,0.6277040367477049,1.0,21/76,14.83%,CAV1;WNT3A;TBL1X;SCEL;LRRK2;SEMA5A;DDX3X;JUP;DAPK3;FGFR2;TNKS;LGR5;RSPO1;PPM1A;LGR6;ILK;CSNK1D;VCP;LYPD6;SFRP4;ZEB2
prerank,Regulation Of Intracellular Transport (GO:0032386),0.38922971340510004,1.2366072304692481,0.1388888888888889,0.6286040066294329,1.0,14/28,36.07%,MYL1;LRRK2;DYNLT2B;MYLK2;NUP214;DYNC1H1;PTPN1;GAS1;CAPN10;RBM4;NUMA1;TTC21B;NDEL1;SCFD1
prerank,Release Of Sequestered Calcium Ion Into Cytosol By Endoplasmic Reticulum (GO:1903514),0.6433544913189442,1.236296167682104,0.14583333333333334,0.6289537670667167,1.0,2/6,8.92%,FASLG;NOL3
prerank,Regulation Of Activated T Cell Proliferation (GO:0046006),-0.4400827684007279,-1.2357220757902032,0.22413793103448276,0.9441115233284912,1.0,8/25,15.94%,IGF1;FOXP3;CD24;ICOSLG;IGFBP2;PRNP;FADD;HHLA2
prerank,Negative Regulation Of Lipid Storage (GO:0010888),0.4783722940794627,1.2356411034677204,0.15555555555555556,0.6303656088553793,1.0,6/14,19.28%,NR1H2;PPARG;NFKBIA;ABHD5;ITGAV;ABCG1
prerank,Skeletal Myofibril Assembly (GO:0014866),0.6394300385596223,1.2354630662815471,0.2765957446808511,0.6301174001074801,1.0,2/5,13.65%,TCAP;TTN
prerank,Secondary Palate Development (GO:0062009),0.4896060732313789,1.2354039596845734,0.1590909090909091,0.6296126704167153,1.0,3/11,2.87%,WNT3A;WNT7A;TGFBR3
prerank,Positive Regulation Of Protein Localization To Endosome (GO:1905668),0.6475373113101276,1.2347015675779518,0.21568627450980393,0.6297066464901051,1.0,2/6,4.81%,RDX;MGAT3
prerank,Regulation Of Protein Localization To Early Endosome (GO:1902965),0.6475373113101276,1.2347015675779518,0.21568627450980393,0.6297066464901051,1.0,2/6,4.81%,RDX;MGAT3
prerank,Positive Regulation Of Protein Localization To Early Endosome (GO:1902966),0.6475373113101276,1.2347015675779518,0.21568627450980393,0.6297066464901051,1.0,2/6,4.81%,RDX;MGAT3
prerank,Cell Surface Pattern Recognition Receptor Signaling Pathway (GO:0002752),0.627332750200458,1.234573256998021,0.21739130434782608,0.6293166226637997,1.0,1/6,0.63%,COLEC10
prerank,Triglyceride Catabolic Process (GO:0019433),0.61993507011529,1.2342708131823312,0.24,0.6296144979362004,1.0,2/7,7.03%,GPIHBP1;PNPLA3
prerank,Negative Regulation Of Amyloid Fibril Formation (GO:1905907),0.5624473996171149,1.2342355951392532,0.21568627450980393,0.6289860664178688,1.0,2/8,5.54%,PFDN1;LDLR
prerank,Regulation Of Substrate Adhesion-Dependent Cell Spreading (GO:1900024),0.3653479200486517,1.233573134859681,0.1388888888888889,0.6303038882586792,1.0,13/39,17.42%,MYADM;LIMS2;CDC42;NEDD9;FLNA;S100A10;CORO1C;ILK;CARMIL1;LIMS1;MYOC;DMTN;GBP1
prerank,Regulation Of Intracellular Signal Transduction (GO:1902531),0.2665265535622041,1.2333633968085185,0.0,0.630137873088184,1.0,70/244,23.35%,GBP7;TEK;DAPK2;FGF1;VWF;ARHGEF15;CLEC6A;ARHGAP31;WWC2;RGN;PAK4;ARHGAP28;CAPN3;NFKBIA;AKAP7;LRRK2;ULK4;FLT4;PRKD2;MLF1;ARHGAP29;ARHGAP27;IL1B;ARHGEF1;PLEKHG1;TIAM2;TRAF5;BST1;GDF5;RELA;RPL11;OPTN;MYOC;TAOK3;FGD3;ARHGAP26;TAGAP;OBSCN;TRIO;WWTR1;MCF2L;FGD5;SGK1;MYO9B;PIDD1;GBP1;ITGAV;LBH;RFFL;BCL3;PREX2;RAPGEF3;PIP5K1B;ARHGAP4;ARHGEF3;PIP5K1A;ARHGAP21;TMSB4X;NTRK3;DOCK8;DYNLL1;KDR;PRDM11;FGD4;PTPN22;MINK1;SPATA13;PIP5K1C;PEX5L;GNA12
prerank,Regulation Of Protein Kinase A Signaling (GO:0010738),0.505282555884756,1.2332764135514283,0.22727272727272727,0.6297654576342568,1.0,5/10,5.11%,AMH;AKAP7;ADRB2;LRRK2;RAMP3
prerank,Regulation Of Hair Cycle (GO:0042634),-0.589619928758441,-1.2330018482953402,0.19607843137254902,0.9537689455616613,1.0,2/6,11.58%,CDH3;TSKU
prerank,Positive Regulation Of Protein Export From Nucleus (GO:0046827),0.5642616633080886,1.2329817925574793,0.3181818181818182,0.6299499480906133,1.0,6/7,35.47%,IL1B;RAPGEF3;BAG3;GSK3B;XPO4;GAS6
prerank,Regulation Of Notch Signaling Pathway (GO:0008593),0.3216415981844858,1.2322770803006455,0.0967741935483871,0.6310703555281011,1.0,19/63,17.84%,ENHO;EGFL7;TSPEAR;EPN2;WWP2;ARRB1;DLL4;RITA1;SREBF2;METTL3;NOS3;NEURL1;YJEFN3;LFNG;ARRDC1;TSPAN15;STAT3;CDK3;TCIM
prerank,Brain Morphogenesis (GO:0048854),0.54250269080211,1.2322647390323787,0.15555555555555556,0.630428658038697,1.0,6/9,29.98%,SLC6A4;SHANK3;PAFAH1B1;FBXW11;BBS4;VPS51
prerank,Protein Catabolic Process (GO:0030163),0.30216349079977267,1.2321038827543978,0.0,0.6301842571850914,1.0,27/78,26.76%,CPA2;CAPN3;DENND3;PCSK9;PRKN;LRSAM1;MALT1;GZMB;FBXO2;CASP7;VCP;AFG1L;PPT1;CLPP;USE1;CTSK;OGA;HSP90AA1;RIPK1;RNF5;ADAMTS7;SLC16A3;CTSS;TRIM24;SIAH1;NGLY1;RNF41
prerank,Regulation Of Viral Genome Replication (GO:0045069),0.34739205599076417,1.2320166844038174,0.1794871794871795,0.629829682833506,1.0,14/54,17.91%,GBP7;OAS3;ISG15;RSAD2;DDX3X;OASL;PPIA;MX1;FAM111A;PABPC1;IFIT1;PKN2;N4BP1;ZNFX1
prerank,Regulation Of Protein Targeting To Mitochondrion (GO:1903214),0.3923002348169542,1.2319247493303465,0.25,0.6293495037421438,1.0,9/33,16.29%,LRRK2;PRKN;GSK3A;ARIH2;TOMM7;FZD5;SREBF2;VPS11;UBE2J2
prerank,Notch Receptor Processing (GO:0007220),0.6205306084558943,1.2318197765376886,0.23404255319148937,0.6289019563631714,1.0,4/6,28.45%,PSEN2;NCSTN;PSEN1;GALNT11
prerank,Regulation Of Establishment Or Maintenance Of Cell Polarity (GO:0032878),0.4763814928732642,1.231428144986971,0.19607843137254902,0.629322434266744,1.0,3/16,3.96%,TEK;CDH5;RUFY3
prerank,Intrinsic Apoptotic Signaling Pathway By P53 Class Mediator (GO:0072332),0.38252728371021116,1.2312512668334092,0.14285714285714285,0.6290491240643973,1.0,9/28,20.14%,DDX5;HIPK1;TP53BP2;SIRT1;RRP8;PPP1R13B;BCL3;CDIP1;ZNF385B
prerank,Regulation Of Fibroblast Migration (GO:0010762),0.4377699510540324,1.2311955974640307,0.1702127659574468,0.6284775642871895,1.0,12/19,33.05%,CLN3;ITGB1;CORO1C;DMTN;HYAL2;RFFL;GNA12;PTK2;ITGB1BP1;PRKCE;APPL1;RAC1
prerank,Negative Regulation Of Ubiquitin-Dependent Protein Catabolic Process (GO:2000059),0.40715433276545016,1.2311063991931828,0.24324324324324326,0.6280958122919182,1.0,16/31,28.96%,QRICH2;CAMLG;GIPC1;SGTA;RPL11;RYBP;WAC;N4BP1;PHF20L1;CCAR2;TLK2;CSNK2A1;EIF3H;DDRGK1;OGT;SDCBP
prerank,Regulation Of Cytoplasmic Transport (GO:1903649),0.5834337421528442,1.2309086035157524,0.2727272727272727,0.6279503215117008,1.0,5/8,33.74%,LRRK2;MAP2K1;DENND10;DNAJC13;SRC
prerank,Anterior/Posterior Axis Specification (GO:0009948),-0.5205033977003303,-1.2306428845427262,0.26,0.9615205825116702,1.0,5/12,9.04%,SIX2;CDX2;MESP2;MESP1;WLS
prerank,Regulation Of Vascular Endothelial Growth Factor Signaling Pathway (GO:1900746),0.48273095702409113,1.2303951569395286,0.1590909090909091,0.6286987469661229,1.0,3/13,10.26%,SEMA6A;MYO1C;JCAD
prerank,Regulation Of Membrane Protein Ectodomain Proteolysis (GO:0051043),-0.46962449797811584,-1.2296709269816684,0.21818181818181817,0.9631324706015919,1.0,5/18,11.47%,TIMP4;ADRA2A;IL10;TIMP1;APOE
prerank,Negative Regulation Of Cellular Biosynthetic Process (GO:0031327),0.30766115756095613,1.2296528087320922,0.0,0.630259829685159,1.0,26/103,17.49%,CAV1;IGF2BP2;NANOS3;DHX36;PDGFB;ZAR1;ANKRD1;TRIM71;ACVRL1;SIK1;DACH1;DDX3X;DAPK1;DKKL1;DAPK3;TIA1;GZMB;OPN3;FYN;GRB7;CNOT10;CNOT9;ACADVL;SIRT1;PGPEP1;ATP2B4
prerank,Protein K48-linked Ubiquitination (GO:0070936),0.32622575609919596,1.2293119999534645,0.15151515151515152,0.6303783572518227,1.0,25/59,32.57%,NEDD4L;PRKN;RNF216;ZNRF1;UBE2D4;HACE1;ARIH2;TRIM25;RBX1;UBE3C;UBE2E2;RFFL;UBE2A;RNF5;CUL1;UBE2G2;TRIM45;SKP1;FBXO38;PELI1;RNF34;CUL3;UBE2D2;RNF8;KLHL3
prerank,Regulation Of Aldosterone Biosynthetic Process (GO:0032347),-0.7204662948368683,-1.2292007725723,0.21428571428571427,0.9626259749551219,1.0,4/5,25.17%,WNT4;DKK3;REST;BMP6
prerank,Protein Depolymerization (GO:0051261),-0.4350316210174524,-1.2290584346598907,0.1875,0.9608417261388649,1.0,7/23,10.22%,STMN2;STMND1;KIF24;TWF1;KIF2C;KIF18B;KIF14
prerank,Positive Regulation Of Monocyte Chemotaxis (GO:0090026),-0.5143652184268923,-1.229029702583472,0.20634920634920634,0.958524283957312,1.0,7/16,21.03%,CCL1;PLA2G7;CXCL12;S100A7;CCR2;CCR1;SERPINE1
prerank,Regulation Of Transmembrane Transporter Activity (GO:0022898),0.5839623555649981,1.2286766468153922,0.2727272727272727,0.631262263618742,1.0,3/6,21.97%,SNCA;ACTB;RIPK1
prerank,Regulation Of Pathway-Restricted SMAD Protein Phosphorylation (GO:0060393),-0.3821370577052374,-1.228561476816297,0.18181818181818182,0.9578589244897808,1.0,15/53,17.19%,GREM1;BMP15;EMILIN1;GDF15;INHBB;INHBE;BMP8A;TWSG1;GDF3;GDF6;LRP1;BMP7;BMP8B;GDF11;DKK1
prerank,Negative Regulation Of Heterotypic Cell-Cell Adhesion (GO:0034115),0.668213195700916,1.2284438981565964,0.22,0.6305141034797366,1.0,2/5,5.60%,MYADM;KLF4
prerank,Regulation Of Cell-Cell Adhesion Involved In Gastrulation (GO:0070587),0.668213195700916,1.2284438981565964,0.22,0.6305141034797366,1.0,2/5,5.60%,MYADM;KLF4
prerank,Early Endosome To Late Endosome Transport (GO:0045022),0.4435252740073607,1.2277107002959589,0.16666666666666666,0.6317220008706477,1.0,4/18,17.70%,EMP2;HOOK2;SNF8;RAB5A
prerank,Phosphate Ion Homeostasis (GO:0055062),0.5614068220947306,1.2271874632008046,0.23636363636363636,0.6325694436187705,1.0,4/7,14.72%,FGFR4;SLC34A3;ENPP1;SFRP4
prerank,Regulation Of Wnt Signaling Pathway (GO:0030111),0.3311030408202501,1.2267814976435112,0.0625,0.6327934406816681,1.0,26/85,17.64%,AMER2;SOSTDC1;TSC2;SOST;CDC73;VGLL4;LRRK2;TCF7L1;ITGA3;WIF1;SOX7;PRKN;CCNYL1;NOTUM;FGFR2;RSPO1;LGR6;PPP2CA;ATP6V0C;GNAQ;TMEM237;SFRP4;SMARCA4;CTNNBIP1;NKD1;SHISA2
prerank,Inorganic Anion Transmembrane Transport (GO:0098661),-0.37441220493802196,-1.22656624769178,0.17857142857142858,0.9646463609320576,1.0,15/45,21.19%,SLC5A5;GABRA3;GABRG1;SLC5A8;CLCN3;SLC1A3;SLC1A7;SLC37A3;SLC12A3;XPR1;LRRC8A;SLC25A10;SLC12A7;SLC4A8;SLC4A1
prerank,Negative Regulation Of Potassium Ion Transmembrane Transporter Activity (GO:1901017),0.5361954257245074,1.2262094770478416,0.2708333333333333,0.6335602431634381,1.0,2/8,6.14%,CAV3;NEDD4L
prerank,Nuclear-Transcribed mRNA Catabolic Process (GO:0000956),0.31739786902010225,1.225972892400218,0.1724137931034483,0.6335190697571069,1.0,23/77,24.98%,DDX5;CNOT4;ZFP36;PABPN1L;TENT2;THRAP3;ERI1;SMG7;CNOT3;CNOT10;CNOT9;MAGOHB;EIF4A3;TUT4;LSM1;PNRC1;EXOSC9;TUT1;SMG1;SAMD4A;ZFP36L1;CNOT8;ZC3H12A
prerank,Regulation Of Response To Stress (GO:0080134),0.4892983113819106,1.2259227850938774,0.24444444444444444,0.6329358769182837,1.0,3/11,9.71%,ADCY8;MYL1;DYRK3
prerank,Response To Nutrient Levels (GO:0031667),0.4302669909301027,1.2250734450888523,0.20454545454545456,0.6344426689163631,1.0,12/26,25.19%,FAM107A;PRKAG3;PRKAG2;RPS6KB1;PRKAG1;PRR5;CD68;MAPKAP1;CREBBP;FLNB;EIF4G1;RICTOR
prerank,Regulation Of Tubulin Deacetylation (GO:0090043),0.47009108102052516,1.2250715483954526,0.1702127659574468,0.6337670099912124,1.0,6/14,25.53%,SGF29;MBIP;TPPP;YEATS2;KAT2A;KAT2B
prerank,Positive Regulation Of Myeloid Leukocyte Mediated Immunity (GO:0002888),-0.5718890949491464,-1.224950581952939,0.2765957446808511,0.9695417177010109,1.0,3/8,14.04%,CD177;F2RL1;ITGB2
prerank,Regulation Of Cell-Cell Adhesion Mediated By Integrin (GO:0033632),-0.6676852671306581,-1.2245434947872516,0.30612244897959184,0.9689574215740434,1.0,2/5,14.25%,CXCL13;DPP4
prerank,Double-Strand Break Repair Via Break-Induced Replication (GO:0000727),-0.5301771893857231,-1.2242538731447585,0.2,0.9677024175067708,1.0,4/9,25.06%,MCM4;MCM6;GINS2;MUS81
prerank,Neuron Projection Fasciculation (GO:0106030),0.6091063361117568,1.2240382795861884,0.22,0.6358253963369893,1.0,2/6,5.07%,CRTAC1;SEMA5A
prerank,Positive Regulation Of Signal Transduction By P53 Class Mediator (GO:1901798),0.43953125270285376,1.2236857358648858,0.2857142857142857,0.6359670425191283,1.0,6/17,25.12%,DDX5;UBB;GET1;RPL37;SPRED2;RPS20
prerank,Positive Regulation Of Carbohydrate Metabolic Process (GO:0045913),0.40604924776703527,1.2236447157628196,0.14583333333333334,0.6353381435614652,1.0,8/26,12.89%,PDGFB;MLXIPL;IFNG;CD244;SNCA;ARNT;INSR;AKT2
prerank,Natural Killer Cell Mediated Immunity (GO:0002228),0.467838226452583,1.223235053850306,0.18181818181818182,0.6358493239903287,1.0,3/14,9.24%,NKG7;KLRD1;GZMB
prerank,Amino Acid Import Across Plasma Membrane (GO:0089718),-0.4431078533037202,-1.2221119239344267,0.20754716981132076,0.9746723487286884,1.0,10/23,19.45%,SLC36A1;SLC1A4;SLC7A5;SLC7A1;SLC1A3;SLC22A4;SLC38A4;SLC6A6;SLC3A2;SLC6A9
prerank,Regulation Of Epithelial To Mesenchymal Transition (GO:0010717),-0.3713132901296889,-1.2218767923074163,0.16666666666666666,0.9729968159717789,1.0,17/67,14.66%,GREM1;SFRP2;TWIST1;ALX1;SFRP1;COL1A1;SPRED3;SPRY1;FOXC1;IL17RD;MDK;LEF1;ZNF750;ZNF703;LOXL2;FOXA1;LRG1
prerank,Taurine Metabolic Process (GO:0019530),0.6335303193218771,1.221557001660805,0.21568627450980393,0.6400024117463283,1.0,4/6,19.99%,CDO1;GHR;CSAD;FMO1
prerank,Membrane Lipid Catabolic Process (GO:0046466),-0.626005513800274,-1.2215119655838753,0.26785714285714285,0.9719811322699689,1.0,3/7,6.84%,SMPDL3B;ENPP2;SGPL1
prerank,Cellular Response To Growth Factor Stimulus (GO:0071363),0.3092759874781634,1.221163550316074,0.03571428571428571,0.6402771167818362,1.0,47/131,25.16%,SEMA6A;WNT7A;NR4A1;PDGFB;TMEM100;ANKRD1;ANXA1;ACVRL1;ZFP36;XCL1;HYAL1;PTPN11;KLF4;PTPN12;FLT4;NOS1;CLEC3B;PRKD2;SPHK1;RPS6KB1;DLL4;INPP5K;EHD1;VIL1;PRKD1;RELA;LIMS1;PLCG1;SMAD9;AMHR2;HYAL2;APLP2;MAP2K3;SMAD7;SMAD4;GAS1;NTRK3;KDR;RAP1A;ADAMTS7;LRP2;DUSP3;ZPR1;CTNNB1;ZFP36L1;ACVR1B;NR3C1
prerank,Negative Regulation Of Secretion By Cell (GO:1903531),0.4265614527455984,1.2211242277535432,0.18181818181818182,0.6398149973414429,1.0,7/25,10.91%,ANXA1;STXBP6;HMGCR;RSAD2;SNCA;PNKD;TNFRSF1A
prerank,Protein Localization To Endoplasmic Reticulum (GO:0070972),0.4636280426154615,1.2203246804818617,0.16216216216216217,0.6417593627957103,1.0,5/14,26.47%,PPP1R15A;LRRK2;BCAP31;BCAP29;DDRGK1
prerank,Regulation Of Signal Transduction (GO:0009966),0.28605776559422236,1.2202738557612998,0.07407407407407407,0.6412201161867384,1.0,43/156,16.82%,TSC2;FRMPD1;CAV3;RGS6;GATA3;RGS9;CX3CL1;CD36;TSPEAR;KCTD16;HHIP;RGS16;SLC24A4;LRRK2;TCF7L1;ITGA3;SEMA5A;FUZ;SOCS2;CDK13;FGFR2;PPIA;IFT81;SLC8A2;BST1;PPP2CA;PXN;ILK;FYN;PRKD1;SREBF2;HOMER1;TMEM237;CDKN2AIP;GIT1;PTPN1;YJEFN3;TMEM108;LFNG;TSPAN15;GRK6;TMEM204;SIRT1
prerank,Sodium-Independent Organic Anion Transport (GO:0043252),0.5001634854260933,1.2201941621825643,0.25925925925925924,0.6408043401577673,1.0,1/10,0.01%,SLCO1A2
prerank,"Negative Regulation Of mRNA Splicing, Via Spliceosome (GO:0048025)",0.4824796769209837,1.2201755841399438,0.23529411764705882,0.6394872889988381,1.0,4/11,17.18%,SRSF7;SRSF6;SRSF4;PTBP1
prerank,Negative Regulation Of mRNA Processing (GO:0050686),0.4824796769209837,1.2201755841399438,0.23529411764705882,0.6394872889988381,1.0,4/11,17.18%,SRSF7;SRSF6;SRSF4;PTBP1
prerank,Cerebral Cortex Neuron Differentiation (GO:0021895),0.6349042530696218,1.219443933500288,0.26666666666666666,0.6405072069164774,1.0,2/5,13.80%,OPHN1;GET1
prerank,Regulation Of Amyloid Precursor Protein Catabolic Process (GO:1902991),-0.5298470674170968,-1.2191696250982706,0.24528301886792453,0.979161701386573,1.0,4/9,24.19%,PRNP;APOE;ROCK2;RANBP9
prerank,Response To Platelet-Derived Growth Factor (GO:0036119),0.5729606385622222,1.2185498901309813,0.21153846153846154,0.6426209875051159,1.0,2/8,4.51%,PDGFB;HYAL1
prerank,Positive Regulation Of Lipid Transport (GO:0032370),-0.5679512517518803,-1.2184414367647596,0.18333333333333332,0.979960907960059,1.0,4/8,13.70%,ADIPOQ;APOE;LRP1;ABCB4
prerank,Facultative Heterochromatin Formation (GO:0140718),0.512241748087097,1.2180651212293625,0.2647058823529412,0.6433160213686001,1.0,3/10,18.10%,SIRT2;SIRT1;RRP8
prerank,Protein Autophosphorylation (GO:0046777),0.28959477437487163,1.217693456991461,0.07142857142857142,0.6437361408541094,1.0,61/130,35.46%,TEK;DAPK2;CDKL5;FGFR4;AATK;SIK1;MARK3;LRRK2;MAP3K21;TXK;DAPK1;FLT4;PRKD2;DAPK3;HCK;FGFR2;MAP3K3;MKNK2;INSR;CAMK2A;FYN;PRKD1;FES;TAOK3;MYLK2;PEAK1;STK10;MAP3K11;OXSR1;FGFR1;KDR;RIPK1;MINK1;MKNK1;RIPK3;SMG1;ACVR1B;PTK2;ERBB2;LMTK2;GSK3B;FGR;ULK1;CAMKK2;PTK6;LCK;DYRK1A;MAK;GRK7;GRK5;TNIK;TYRO3;VRK1;PDGFRB;SRC;MARK2;PTK2B;CAD;EEF2K;RIOK2;STK24
prerank,Negative Regulation Of Cell Migration (GO:0030336),-0.32081910918979445,-1.2173592343692103,0.1038961038961039,0.9823896259382073,1.0,28/135,14.67%,KRT16;ADIPOQ;COL3A1;SFRP2;NGFR;CYP1B1;THY1;TNN;TMIGD3;IGFBP5;EMILIN1;SULF1;SLURP1;SFRP1;PODN;SRGAP3;RBBP7;ZMYND8;TIMP1;ADORA3;SAP30;HOXA7;LRP1;TP53INP1;CLDN3;PFN2;SRGAP1;ATP1B2
prerank,Protein Deacylation (GO:0035601),0.4718127622021996,1.2171086383799004,0.24390243902439024,0.6450809812747298,1.0,5/13,16.82%,SIRT2;NOTUM;PPT1;HDAC4;SIRT1
prerank,Regulation Of Muscle Cell Differentiation (GO:0051147),-0.4448808925843693,-1.2170207755326143,0.203125,0.9813607162434466,1.0,7/19,16.52%,TCF23;LAMA2;NID1;MYOCD;MEGF10;HDAC9;LAMC1
prerank,Axonemal Dynein Complex Assembly (GO:0070286),-0.44282457630302224,-1.2169685280532065,0.22388059701492538,0.9790839869019918,1.0,14/27,24.24%,DNAH7;DNAAF6;DNAAF8;CLXN;CFAP73;DNAAF2;DNAH5;CFAP100;DNAAF1;DNAAF4;DNAI3;SPAG1;DNAL1;LRRC61
prerank,Regulation Of Focal Adhesion Assembly (GO:0051893),0.3433299061340424,1.2164869323721192,0.13157894736842105,0.6460591589860446,1.0,20/48,21.92%,FAM107A;TEK;ACVRL1;DAPK3;S100A10;CORO1C;PHLDB2;LIMCH1;FYN;ACTG1;LIMS1;MYOC;GPM6B;PEAK1;DMTN;CLASP2;CLASP1;LDB1;DYNLL1;KDR
prerank,Positive Regulation Of Multicellular Organismal Process (GO:0051240),-0.29551646222498756,-1.2162903447409477,0.06976744186046512,0.9795883712353374,1.0,79/302,19.31%,MC4R;ADIPOQ;LEP;DIO2;SPP1;NKX6-1;STRA6;SLN;TSHR;FGB;WNT5A;TWIST1;TNFSF11;GDNF;HTR2B;SOX11;SIX1;SAA1;INHBB;SIX4;SCAMP5;FOXJ1;ALX1;KLRF2;ADCYAP1;COL1A1;TP73;ADRA2A;LCN2;OXTR;OXT;RBBP7;FOXC1;BMPR1B;HILPDA;PLAAT4;IL10;IL20;MESP1;MDK;NME2;LEF1;SOX9;SAP30;TMEM119;CD28;F2RL1;AVPR1A;APOE;LURAP1;TSKU;XBP1;EREG;TNFRSF11A;LRP1;ZNF703;LOXL2;VEGFA;NMBR;LRG1;CCR2;ESRRG;FGA;REST;HHLA2;SNAI1;TRIM16;FOXD1;AVPR1B;AXIN2;IFI16;IL21;CPT2;BSCL2;SIN3A;SMARCD1;B4GALT5;OLFM1;MUC1
prerank,Negative Regulation Of Cation Transmembrane Transport (GO:1904063),0.46236343440938266,1.2161461360954524,0.17073170731707318,0.6462175968474901,1.0,4/12,6.14%,CAV1;CAV3;EPO;NEDD4L
prerank,Endoderm Formation (GO:0001706),-0.42062280338544317,-1.2160138267476328,0.2711864406779661,0.9784054854133535,1.0,10/31,16.14%,MMP8;MIXL1;COL7A1;HMGA2;ITGA7;COL6A1;COL8A1;ITGB2;FN1;MMP14
prerank,Monoatomic Anion Transmembrane Transport (GO:0098656),-0.3865407592920294,-1.2159563016021244,0.21153846153846154,0.9763712828476385,1.0,13/38,21.19%,SLC5A5;GABRA3;GABRG1;CLCN3;SLC1A3;LRRC8E;SLC1A7;SLC12A3;LRRC8D;LRRC8A;SLC12A7;SLC4A8;SLC4A1
prerank,Positive Regulation Of Amyloid Precursor Protein Catabolic Process (GO:1902993),0.4704069003796349,1.2159048099287464,0.22,0.646224441284627,1.0,7/15,19.28%,IFNG;EFNA1;LRRTM3;GSK3A;RELA;GSAP;ABCG1
prerank,Negative Regulation Of NIK/NF-kappaB Signaling (GO:1901223),0.4481203789631097,1.2156898612673377,0.1702127659574468,0.6461557238825588,1.0,8/16,21.03%,MYO1C;DDX3X;UACA;PPM1A;RELA;IFI35;C1QTNF3;TMSB4X
prerank,Negative Regulation Of Small GTPase Mediated Signal Transduction (GO:0051058),0.430481224035759,1.2150167772719334,0.26666666666666666,0.6473097163322579,1.0,7/16,20.62%,SLIT2;FBP1;MFN2;CGNL1;STAMBP;ARHGAP25;MAPKAP1
prerank,Negative Regulation Of Amyloid Precursor Protein Catabolic Process (GO:1902992),-0.5251989709965907,-1.2149869518543392,0.3157894736842105,0.9783539507979541,1.0,4/14,14.13%,IGF1;PRNP;APOE;CLU
prerank,Positive Regulation Of Ubiquitin Protein Ligase Activity (GO:1904668),-0.5976358119026977,-1.2149513227479742,0.2708333333333333,0.9761793029448333,1.0,4/7,20.16%,CDC20;UBE2C;CDC14B;PTEN
prerank,Aromatic Amino Acid Transport (GO:0015801),-0.6672826872756721,-1.2147125464680597,0.20833333333333334,0.9745157677015308,1.0,2/6,17.66%,SLC7A5;SLC3A2
prerank,Inner Ear Receptor Cell Stereocilium Organization (GO:0060122),-0.62182942315597,-1.2143703898924645,0.29411764705882354,0.9734594716788355,1.0,2/7,11.58%,USH1C;TSKU
prerank,Ephrin Receptor Signaling Pathway (GO:0048013),-0.445466746455387,-1.2142864686320993,0.171875,0.971345743439711,1.0,10/30,17.15%,EFNA2;EPHA10;EFNB3;NGEF;EPHB3;EFNA4;EPHB1;EFNA3;EFNA5;PAK3
prerank,Striated Muscle Cell Differentiation (GO:0051146),-0.4777476731338262,-1.2136551561361633,0.234375,0.9713622253383747,1.0,3/15,11.53%,GREM1;MESP1;MYOCD
prerank,Positive Regulation Of Transporter Activity (GO:0032411),0.4760140248499966,1.2136010794358656,0.23255813953488372,0.6505117741384825,1.0,6/13,16.71%,PON1;KMT2A;PDZK1;TRPC6;PPARGC1A;SGK1
prerank,Positive Regulation Of Exosomal Secretion (GO:1903543),0.4824486240108366,1.2134001709676736,0.22727272727272727,0.6503483562752519,1.0,4/13,17.08%,IFNG;TSG101;PDCD6IP;SNF8
prerank,Positive Regulation Of RNA Metabolic Process (GO:0051254),0.4174994553132394,1.2132501523729113,0.1794871794871795,0.6501401489198081,1.0,5/25,13.21%,NMD3;HSPA1A;IL1B;RELA;DIMT1
prerank,Phosphatidic Acid Biosynthetic Process (GO:0006654),0.3940826080205474,1.2131885236071096,0.13953488372093023,0.6496468236382854,1.0,13/23,31.81%,PLD1;PNPLA3;DGKE;ABHD5;AGPAT3;GPAM;DGKD;SLC27A1;MBOAT2;DGKH;GPAT3;ACP6;AGPAT2
prerank,Positive Regulation Of Catalytic Activity (GO:0043085),0.4014503996869771,1.2129963151951644,0.16,0.6495448939301887,1.0,11/28,27.58%,CAV1;FGFR4;PSEN2;MSH2;ATP7A;NCSTN;PSEN1;MID1IP1;CHTOP;BCAS3;NOD2
prerank,Positive Regulation Of Cell Motility (GO:2000147),0.282134627663503,1.2128972729463399,0.05263157894736842,0.6491582243938536,1.0,39/171,15.20%,MYADM;CDH13;CAV1;FAM107A;MYO1C;SEMA4A;FGF1;CDC42;CDH5;TMSB15A;PDGFB;HBEGF;SPOCK2;RUFY3;RDX;GPER1;SEMA5A;SEMA6D;NEDD9;CD151;FLT4;SEMA3G;SPHK1;APC;ITGB1;IL1B;SEMA3E;VIL1;INSR;EDN1;LGR6;CARMIL1;AKT2;MYOC;GRB7;CSF1;FZD4;ADAM17;CXCL16
prerank,Nucleobase Catabolic Process (GO:0046113),-0.6761348220402917,-1.2127751702690646,0.18181818181818182,0.9705708268499419,1.0,3/5,21.06%,DPYS;DPYSL4;DPYSL2
prerank,Pyrimidine Nucleobase Catabolic Process (GO:0006208),-0.6761348220402917,-1.2127751702690646,0.18181818181818182,0.9705708268499419,1.0,3/5,21.06%,DPYS;DPYSL4;DPYSL2
prerank,Cellular Response To UV-B (GO:0071493),0.579251754524603,1.212426502751286,0.1956521739130435,0.6494914984364102,1.0,2/7,4.51%,MME;HYAL1
prerank,Intracellular Monoatomic Cation Homeostasis (GO:0030003),-0.3276189265093322,-1.2123725014319133,0.12987012987012986,0.9701122097719677,1.0,43/141,20.81%,HTR2A;SLC4A11;TMPRSS4;ATP12A;SLC24A2;CCL1;HTR2B;CCL13;SLC30A2;EDN2;ATP13A3;SCARA5;CLDN16;TRPV4;CCL11;PRNP;PLN;CXCL12;TRPA1;SLC39A14;CALCB;SLC24A5;CSRP3;SLC30A7;ATP2A2;ATP1B2;CCR2;FXN;CP;KCNMA1;SLC30A1;TMEM199;CASQ2;HEPHL1;SLC39A6;ATP1B3;SCNN1B;ATP2A3;SCNN1G;SLC24A3;CCL8;CCR1;ATP6V0A2
prerank,Positive Regulation Of Histone Deacetylation (GO:0031065),0.466359386423592,1.212060835641867,0.2,0.6500635254979127,1.0,5/12,18.10%,PRKD2;PRKD1;BAZ2A;SIRT1;RRP8
prerank,Mesoderm Formation (GO:0001707),-0.49254773351140974,-1.21198598816603,0.2545454545454545,0.9697214060051009,1.0,6/16,9.55%,HMGA2;ITGB3;MESP2;MESP1;TBX19;ITGA2
prerank,Regulation Of Striated Muscle Contraction (GO:0006942),0.4438526431967659,1.211770343803147,0.23214285714285715,0.6500363375128001,1.0,5/20,12.50%,TNNI1;CAV3;NOS1;ASB3;CALM3
prerank,Sprouting Angiogenesis (GO:0002040),0.36648676087990273,1.2115107548113386,0.1111111111111111,0.6502182897748039,1.0,10/41,7.93%,CDH13;TEK;VEGFD;NR4A1;ADTRP;SLIT2;SEMA5A;FLT4;SEMA3E;ENG
prerank,Negative Regulation Of Amyloid-Beta Formation (GO:1902430),-0.5448719465383879,-1.2114438169172455,0.26785714285714285,0.9694961139582664,1.0,4/12,14.13%,IGF1;PRNP;APOE;CLU
prerank,Cellular Response To Forskolin (GO:1904322),-0.5417731141988089,-1.2113438224810489,0.2037037037037037,0.9653354810728252,1.0,5/10,10.77%,SLC5A5;ADCY2;AHR;ADCY5;ADCY3
prerank,Response To Forskolin (GO:1904321),-0.5417731141988089,-1.2113438224810489,0.2037037037037037,0.9653354810728252,1.0,5/10,10.77%,SLC5A5;ADCY2;AHR;ADCY5;ADCY3
prerank,Nuclear Migration (GO:0007097),0.46049238482553073,1.2112907354929383,0.18181818181818182,0.6501760774322418,1.0,6/13,22.36%,DOCK7;LMNA;PAFAH1B1;DYNC1H1;SYNE2;FBXW11
prerank,Regulation Of Vascular Endothelial Cell Proliferation (GO:1905562),0.49094556739387996,1.2108266674413721,0.19148936170212766,0.6509089163053668,1.0,5/11,20.86%,COL4A3;PPARG;PLCG1;APLN;FGFR1
prerank,Response To Lipid (GO:0033993),0.3036914529694018,1.2107202808097537,0.1,0.6504789931882299,1.0,24/85,17.30%,PALM3;PPARG;CD36;ANXA1;FGFR4;TRIB1;SLC11A1;SNCA;SOCS2;SMAD6;NOS1;FOXP1;IL1B;ERBIN;NOCT;RPS6KA3;ESR1;NOS3;ADAM17;RARA;S100A14;GATA6;STAT3;ALAS1
prerank,Positive Regulation Of Regulatory T Cell Differentiation (GO:0045591),-0.5527757941456876,-1.2105194204691048,0.24489795918367346,0.9667469698228313,1.0,6/10,25.83%,FOXP3;KLHL25;BCL6;SOX12;FOXO3;SOCS1
prerank,Regulation Of Response To Cytokine Stimulus (GO:0060759),-0.44296631621244875,-1.2097531230815113,0.21052631578947367,0.9674547788792572,1.0,2/14,5.30%,WNT5A;CD24
prerank,Vacuolar Transport (GO:0007034),0.38026421630398755,1.2097410986130148,0.21428571428571427,0.6523253693554721,1.0,17/38,29.98%,HSPA1A;PCSK9;VPS37B;CHMP1A;NEDD4;VPS13A;USE1;AP3D1;NPC1;ARSB;VPS54;VPS41;SPTBN5;AP1G1;VPS13C;VTI1A;VPS51
prerank,Organophosphate Ester Transport (GO:0015748),0.385065211288855,1.2095760782855065,0.16326530612244897,0.6520731391186686,1.0,6/22,11.56%,SCP2;LDLR;SCARB1;PITPNC1;OSBPL5;PITPNA
prerank,Intrinsic Apoptotic Signaling Pathway In Response To Oxidative Stress (GO:0008631),-0.5776097037581722,-1.2095277511863518,0.22448979591836735,0.9661540677655526,1.0,2/9,5.48%,CYP1B1;PDK1
prerank,Protein K27-linked Ubiquitination (GO:0044314),0.6303279426619862,1.209400443835546,0.3,0.65183627732967,1.0,2/5,10.24%,PRKN;UBE2D4
prerank,Positive Regulation Of Fatty Acid Metabolic Process (GO:0045923),0.442324487661948,1.2091230680138663,0.2692307692307692,0.6518074642160822,1.0,3/15,2.70%,NR1H2;SIRT2;MLXIPL
prerank,Regulation Of Protein Localization To Nucleolus (GO:1904749),0.6182203353576226,1.209112435614936,0.2549019607843137,0.6511715100017477,1.0,3/6,13.87%,NMD3;PINX1;MCRS1
prerank,Positive Regulation Of Phagocytosis (GO:0050766),0.3539859436982807,1.209077763406981,0.18421052631578946,0.6505368820735744,1.0,21/41,33.30%,COLEC10;IFNG;SLC11A1;CD300LF;SIRPB1;IL1B;IL15;RAB27A;APLP2;FCER1G;FPR2;IL15RA;PTPRC;FCN2;CYBA;GATA2;RAB31;SFTPD;CALR;FCN1;DOCK2
prerank,Regulation Of Microtubule Nucleation (GO:0010968),0.5654158387688845,1.2090413823612058,0.2765957446808511,0.6499183552198639,1.0,3/7,15.27%,HSPA1B;HSPA1A;GIT1
prerank,Positive Regulation Of T Cell Chemotaxis (GO:0010820),-0.5371699320314107,-1.2089012793983234,0.2413793103448276,0.9668922016857343,1.0,5/10,15.00%,CXCL13;WNT5A;S100A7;CCL21;CCR2
prerank,Aerobic Respiration (GO:0009060),0.35417769133060056,1.208758174224737,0.10526315789473684,0.6499211849010939,1.0,11/44,19.88%,NIPSNAP2;NDUFA5;NDUFA12;NDUFA7;MTFR2;NDUFA13;NDUFC1;OXA1L;ME3;NDUFA11;NDUFB5
prerank,Regulation Of Antigen Receptor-Mediated Signaling Pathway (GO:0050854),0.6170990240455537,1.2087560450037877,0.2978723404255319,0.6492603393613088,1.0,4/6,34.09%,CD300A;PTPN22;PTPRC;RC3H1
prerank,Peptidyl-Threonine Phosphorylation (GO:0018107),0.33388315526164736,1.2087299609883002,0.1388888888888889,0.6486892636500251,1.0,25/52,31.62%,LRRK2;HIPK1;PRKD2;TNKS;DYRK3;CAMK2A;GSK3A;CDK10;PRKD1;MYLK2;PRKDC;PRKCD;OXSR1;HIPK4;DYRK4;CSNK2A3;ACVR1B;CSNK2A1;LMTK2;GSK3B;WNK1;ULK1;CDC42BPA;TBK1;DYRK1A
prerank,Actin Filament Reorganization (GO:0090527),0.6083808216782183,1.2085708741337269,0.3333333333333333,0.6484137249345712,1.0,4/6,30.26%,NEDD9;DMTN;MCU;CASS4
prerank,Calcium-Independent Cell-Cell Adhesion Via Plasma Membrane Cell-Adhesion Molecules (GO:0016338),-0.48150092658987403,-1.208205425903937,0.2727272727272727,0.9673693475255773,1.0,6/17,9.91%,CLDN10;CLDN14;CLDN2;CLDN16;CLDN12;CLDN8
prerank,Regulation Of Wound Healing (GO:0061041),0.36511435692680994,1.2079812570444721,0.1111111111111111,0.6492561365042454,1.0,9/33,11.88%,CAV1;ANXA1;HBEGF;SRSF6;ITGB1;AJAP1;VIL1;OCLN;FOXA2
prerank,ER-associated Misfolded Protein Catabolic Process (GO:0071712),0.534398387027295,1.2077011506715547,0.21052631578947367,0.6493771341723619,1.0,3/7,22.85%,UGGT1;VCP;RNF5
prerank,Protein Hydroxylation (GO:0018126),-0.5508619867259386,-1.2074947960027735,0.3114754098360656,0.967458888221911,1.0,4/10,13.15%,P3H3;P3H4;PLOD1;EGLN3
prerank,Ceramide Transport (GO:0035627),-0.520739823156499,-1.2069925172615898,0.27450980392156865,0.9669392771878851,1.0,3/12,13.70%,PLTP;ABCA13;ABCB4
prerank,Positive Regulation Of Dephosphorylation (GO:0035306),0.4139887384401259,1.2065540395462124,0.21428571428571427,0.6519921130828787,1.0,11/24,23.47%,CDH5;CAMTA1;PPIA;CALM3;PPP2R5A;PTBP1;SPPL3;PRKCD;MTMR9;DYNLL1;RIPK3
prerank,Positive Regulation Of Antigen Receptor-Mediated Signaling Pathway (GO:0050857),0.4389058240921938,1.2060609631391108,0.20930232558139536,0.6527549332259036,1.0,8/18,24.39%,CD226;FOXP1;PRKD2;PRKCH;RELA;CD81;PTPRC;TRAT1
prerank,Positive Regulation Of Epithelial Cell Proliferation Involved In Wound Healing (GO:0060054),0.5424324954467441,1.2059766484615364,0.2765957446808511,0.6524180538721523,1.0,3/7,5.42%,ODAM;WNT7A;JAML
prerank,"DNA Damage Response, Signal Transduction Resulting In Transcription (GO:0042772)",-0.5655181441743081,-1.2058598016333524,0.20833333333333334,0.9695225719389021,1.0,5/8,35.73%,RPS27L;MUC1;MAD2L2;RPS6KA6;TFAP4
prerank,Small GTPase Mediated Signal Transduction (GO:0007264),0.29560443181350177,1.2054475859822051,0.12903225806451613,0.6534713935321689,1.0,24/98,16.24%,RERG;RAPGEF4;ARHGAP31;CNKSR2;ERAS;RGL3;PLD1;RASL10A;RUNDC3A;KRAS;RGL2;TIAM2;RIN2;DOK2;ARHGAP33;ARHGEF18;SHOC2;RB1;G3BP2;RASGEF1B;CDK2;RASGRF1;NUCB1;DOK6
prerank,Positive Regulation Of Protein Localization To Plasma Membrane (GO:1903078),0.35269602037950376,1.2052251247286911,0.13157894736842105,0.6534705349176991,1.0,9/41,9.20%,SPTBN1;IFNG;ITGA3;GPER1;RAMP3;CLN3;ITGB1;CLIP3;STAC
prerank,Oligodendrocyte Development (GO:0014003),0.4719092883106105,1.2049045701437608,0.2608695652173913,0.6538345899945107,1.0,4/13,16.83%,MYRF;EIF2B5;GPM6B;TPPP
prerank,"Heparan Sulfate Proteoglycan Biosynthetic Process, Polysaccharide Chain Biosynthetic Process (GO:0015014)",-0.6005871526002031,-1.2048857473249663,0.2,0.9715357627049751,1.0,1/6,4.08%,NDST4
prerank,Positive Regulation Of Vasculature Development (GO:1904018),0.3235335851126132,1.2048396221042827,0.21052631578947367,0.653323008228747,1.0,19/88,7.82%,TEK;ANGPT4;ANGPTL4;EMC10;EMP2;FGF1;IL1A;ANXA3;CDH5;VEGFD;PAK4;HYAL1;HIPK1;SEMA5A;PRKD2;SPHK1;JUP;ITGB1;IL1B
prerank,Negative Regulation Of T-helper 17 Type Immune Response (GO:2000317),0.6352785145888594,1.204810627877544,0.28,0.6526959449008773,1.0,5/5,36.49%,TBX21;SMAD7;ZC3H12A;RC3H1;RC3H2
prerank,Regulation Of Cellular Response To Insulin Stimulus (GO:1900076),0.608521878791872,1.2047744326465695,0.28888888888888886,0.6522011319394757,1.0,4/5,33.83%,PPARG;NCOA2;GPLD1;NCOA1
prerank,Regulation Of Sarcomere Organization (GO:0060297),0.6244257523225886,1.2047510612097312,0.27450980392156865,0.6515910396962094,1.0,2/5,10.31%,CAV3;EDN1
prerank,Lysosomal Transport (GO:0007041),0.30053143322962006,1.2037849200663322,0.0967741935483871,0.6536832467889406,1.0,31/85,30.71%,TSG101;HSPA1A;DENND3;CLN3;PCSK9;PRKN;ZFYVE16;NAGPA;HOOK2;CHMP1A;MTM1;NEDD4;ANKFY1;VPS11;USE1;NPC1;MGRN1;ARSB;VPS54;GAK;RHOB;VPS41;SPTBN5;AP1G1;CHMP4A;GPRASP1;KIF13A;PLEKHF1;VPS51;FHIP1B;HGS
prerank,Cardiac Muscle Contraction (GO:0060048),0.3978996402564149,1.2033390506694142,0.17073170731707318,0.6539287954778635,1.0,7/24,14.74%,TCAP;TNNC1;TNNT2;TAFAZZIN;MYL4;TTN;MYLK2
prerank,Protein Destabilization (GO:0031648),0.321468161018569,1.2032378050043042,0.17647058823529413,0.6536666186873655,1.0,10/33,22.93%,CDC73;CAPN3;SNCA;PRKN;SOX17;SIRT1;DAZAP2;FBXW11;CREBBP;PYHIN1
prerank,Negative Regulation Of Cyclin-Dependent Protein Serine/Threonine Kinase Activity (GO:0045736),0.400521593038677,1.2032305885794021,0.275,0.6523484275948612,1.0,2/16,4.49%,INCA1;IPO7
prerank,Negative Regulation Of Cyclin-Dependent Protein Kinase Activity (GO:1904030),0.400521593038677,1.2032305885794021,0.275,0.6523484275948612,1.0,2/16,4.49%,INCA1;IPO7
prerank,Mitochondrion Distribution (GO:0048311),0.569604365994316,1.2029655300452273,0.2222222222222222,0.652767709412066,1.0,3/9,12.90%,LRRK2;ARMC1;MTM1
prerank,Cytosolic Transport (GO:0016482),0.2831524512317511,1.2026142548582284,0.13333333333333333,0.6530995393295743,1.0,42/102,34.86%,EMP2;ERC1;TMEM87A;CLN3;TBC1D17;HOOK2;MON2;DENND2A;SNX1;WASHC2A;ANKFY1;VPS13A;ARL1;SNF8;RAB5A;TBC1D10C;VPS54;SNX2;GAK;GOSR1;UBE2O;HEATR5B;PHETA1;AP1G1;GGA1;VPS13C;VPS29;PLEKHJ1;LMTK2;VTI1A;DOP1B;RCSD1;VPS51;RAB14;FHIP1B;TBC1D5;RBSN;RAB6D;PREPL;SORT1;RAB6C;HEATR5A
prerank,Lymphocyte Mediated Immunity (GO:0002449),0.5593477817608785,1.2018989370981314,0.2727272727272727,0.654656264845186,1.0,4/9,9.81%,C4BPA;KLRD1;SCART1;MSH2
prerank,Positive Regulation Of Epithelial Tube Formation (GO:1905278),-0.6418990350227115,-1.2015002403314468,0.21568627450980393,0.9833227082199083,1.0,3/6,3.89%,GDNF;SIX1;SIX4
prerank,Organelle Organization (GO:0006996),0.25201648660556003,1.2012430755513392,0.058823529411764705,0.6558641375018129,1.0,84/337,21.12%,CAV1;GARIN4;SEMA6A;GOLGA8M;PCLO;CDC42;TMEM135;NIPSNAP2;PAK4;CNN2;ARAP3;SIPA1L3;LRRK2;KIF25;NEDD9;TAFAZZIN;PRKN;PNPLA3;ZFYVE16;TANGO2;GOLGA8J;MARK4;PPIA;NOL3;KRT4;DYRK3;GABPB1;LARP4;CAV2;HACE1;OBSL1;GOLPH3L;PRKD1;MTX1;CHMP1A;PRR5;PDCD6IP;CSNK1D;CECR2;PPARGC1A;TTC17;FMNL3;OPTN;CXADR;GOLGA8O;RB1;VMP1;TRAPPC8;ABI2;FGD3;NOS3;ABCD4;MREG;AFG1L;VPS11;DYNC2H1;MTFR2;SNX10;WTIP;FGD5;KIF9;ARL1;LYSMD3;GOLGA6B;DMTN;OPA1;CLASP2;CLASP1;FITM1;PHB1;ARHGAP4;GOLGA8Q;FMNL2;TMED1;SYNE1;DIAPH1;ARHGAP21;WASF3;GAK;PHIP;MAPKAP1;SIPA1;ATP7A;SLC25A36
prerank,Negative Regulation Of B Cell Activation (GO:0050869),-0.5018689109558021,-1.201145251308768,0.25,0.9822632533147246,1.0,4/15,8.51%,FOXJ1;SFRP1;TNFRSF21;IL10
prerank,Semaphorin-Plexin Signaling Pathway Involved In Axon Guidance (GO:1902287),-0.533951770237227,-1.2000192606081794,0.14285714285714285,0.9852305046881961,1.0,3/8,19.20%,PLXNA4;PLXNC1;PLXNB1
prerank,Cytoplasmic Sequestering Of Protein (GO:0051220),0.4927533031276623,1.199844514181034,0.3023255813953488,0.6589113808836464,1.0,3/11,7.12%,NFKBIA;FLNA;PTPRM
prerank,"Positive Regulation Of DNA-templated Transcription, Elongation (GO:0032786)",0.31376995127038837,1.1995134374279441,0.16216216216216217,0.6591350188857173,1.0,18/50,31.92%,CDC73;THOC5;CDK13;THOC1;BTBD18;PWWP2A;MED4;MED10;MED23;MED6;MED29;CDK9;ELL;EAPP;MED30;SUPT6H;KAT7;MED27
prerank,Regulation Of Intrinsic Apoptotic Signaling Pathway In Response To DNA Damage (GO:1902229),-0.4772887211660998,-1.1992527900408019,0.26153846153846155,0.9866201182140921,1.0,6/15,17.48%,SFRP2;CXCL12;TRIM32;CLU;SNAI1;SNAI2
prerank,Excitatory Postsynaptic Potential (GO:0060079),0.43595924226874216,1.1990153128594143,0.17142857142857143,0.6600762090187491,1.0,3/15,10.77%,GRID2;LRRK2;GSK3A
prerank,Positive Regulation Of Bone Mineralization (GO:0030501),-0.4136292394724653,-1.1989471896725072,0.22727272727272727,0.9856864761841923,1.0,7/29,10.50%,OSR2;TFAP2A;LTF;FBN2;WNT4;BMPR1B;TMEM119
prerank,Embryonic Placenta Development (GO:0001892),0.581634471686571,1.1987597099635634,0.3181818181818182,0.6602551802553775,1.0,1/7,2.68%,PDGFB
prerank,Transcription By RNA Polymerase I (GO:0006360),0.46385204520678647,1.1986498876847334,0.2765957446808511,0.6598462153877475,1.0,3/12,14.30%,TCOF1;NKX2-1;POLR2F
prerank,Negative Regulation Of Organelle Assembly (GO:1902116),0.36693865150861016,1.198648599415358,0.20833333333333334,0.6591803766234813,1.0,15/34,27.66%,CAV3;NUPR1;LRRK2;CDK5RAP2;CDK10;MTM1;PHF23;FEZ2;SMAD4;GDI2;STYXL1;EVI5L;KAT2A;KAT2B;TBC1D7
prerank,Positive Regulation Of Histone H3-K4 Methylation (GO:0051571),0.5044397977680499,1.1985079282701896,0.2641509433962264,0.6589020394917564,1.0,7/10,28.32%,MCRS1;KANSL3;SMAD4;CTNNB1;KAT8;OGT;PHF20
prerank,Regulation Of Mitochondrial Fission (GO:0090140),0.39547464025865153,1.1982961300545998,0.15,0.6587814286502329,1.0,8/23,24.88%,PPARG;LRRK2;PRKN;INF2;KDR;PGAM5;MCU;RALA
prerank,Negative Regulation Of T Cell Mediated Cytotoxicity (GO:0001915),0.6365870589941437,1.1982584969000325,0.22448979591836735,0.6582614048349698,1.0,2/5,8.05%,KLRD1;KLRC1
prerank,Positive Regulation Of Extrinsic Apoptotic Signaling Pathway (GO:2001238),0.403693373054005,1.1981114865034754,0.21951219512195122,0.6580846439972938,1.0,8/23,22.04%,CAV1;GPER1;AGTR2;BCL10;INHBA;HYAL2;RIPK1;TNFSF10
prerank,Lymphatic Endothelial Cell Differentiation (GO:0060836),0.5786128061868798,1.1980120106665941,0.22727272727272727,0.6576660772720694,1.0,2/7,5.01%,ACVRL1;TIE1
prerank,Peptidyl-Threonine Dephosphorylation (GO:0035970),0.441337792160509,1.1979457952692503,0.1836734693877551,0.6572341197322237,1.0,8/14,29.32%,PPM1A;PPP2CA;PPM1D;PPP2CB;PPM1N;PGAM5;PPM1K;PPM1F
prerank,Regulation Of Clathrin-Dependent Endocytosis (GO:2000369),-0.5310251904305778,-1.1979273929813818,0.2692307692307692,0.9876819143953002,1.0,2/12,5.34%,PROM2;USH1G
prerank,Regulation Of Release Of Cytochrome C From Mitochondria (GO:0090199),-0.40580812041288017,-1.1978696654329826,0.25,0.9856362292889247,1.0,12/31,19.10%,IGF1;HRK;BIK;MLLT11;PDCD5;PPIF;CLU;FXN;BMF;BCL2L11;BBC3;BAK1
prerank,Negative Regulation Of DNA-templated DNA Replication (GO:2000104),-0.570392267731717,-1.1977803016348645,0.2807017543859649,0.9837720862667516,1.0,4/7,22.36%,CDT1;GMNN;TIMELESS;FBXO5
prerank,Regulation Of Bicellular Tight Junction Assembly (GO:2000810),0.49242837699305414,1.197527700997205,0.26785714285714285,0.657897675858135,1.0,4/11,13.75%,MYO1C;CLDN5;PRKCH;NPHP1
prerank,Ventricular Trabecula Myocardium Morphogenesis (GO:0003222),0.5659487531885277,1.1974960672974506,0.2222222222222222,0.6573669374244939,1.0,2/6,8.75%,ENG;DLL4
prerank,Negative Regulation Of Glycogen Biosynthetic Process (GO:0045719),0.5826514845111701,1.1972774235238128,0.28888888888888886,0.6565921138470813,1.0,4/5,27.95%,INPP5K;GSK3A;SELENOS;GSK3B
prerank,Negative Regulation Of Glycogen Metabolic Process (GO:0070874),0.5826514845111701,1.1972774235238128,0.28888888888888886,0.6565921138470813,1.0,4/5,27.95%,INPP5K;GSK3A;SELENOS;GSK3B
prerank,protein-RNA Complex Disassembly (GO:0032988),0.5931262054738105,1.1971379827683115,0.22727272727272727,0.6563899349111977,1.0,2/6,12.66%,DYRK3;VCP
prerank,Response To Cytokine (GO:0034097),0.2897765998006029,1.196694325388882,0.16,0.6568954261041926,1.0,25/98,15.76%,AFF3;LIFR;MME;ISG15;ANXA1;LAMP3;ITIH4;XAF1;SLC11A1;SNCA;STAT1;SPHK1;IL1B;NFKB2;MX1;RELB;DDOST;FOXA2;RELA;CD274;TRIM56;CALCOCO2;CXCL16;CD74;HDAC4
prerank,Negative Regulation Of RNA Metabolic Process (GO:0051253),0.5124248832835496,1.1966019637466987,0.30434782608695654,0.6565096415532218,1.0,6/10,25.53%,TMBIM6;PTBP1;PTBP2;RPS13;NRDE2;KAT2B
prerank,Regulation Of Biomineral Tissue Development (GO:0070167),-0.42459670999510085,-1.19655839559392,0.23404255319148937,0.9867889473061384,1.0,10/22,22.83%,AMTN;TWIST1;SOX9;HEY2;ROCK2;ECM1;ODAPH;DDR2;FBXO5;TGFB1
prerank,Actin Filament Polymerization (GO:0030041),0.3833884078526395,1.196462583487791,0.1794871794871795,0.6562516794398158,1.0,9/29,20.42%,PSTPIP1;FAM107A;MSRB2;VIL1;TTC17;INF2;SPIRE2;DIAPH1;WASF3
prerank,Positive Regulation Of Execution Phase Of Apoptosis (GO:1900119),0.5912461311443907,1.1961482416440525,0.3181818181818182,0.6564455311875614,1.0,4/6,24.98%,SIRT2;TP53BP2;DYNLL1;ZC3H12A
prerank,Negative Regulation Of Protein K63-linked Ubiquitination (GO:1900045),0.6220249845294201,1.1961371188654648,0.3137254901960784,0.6558218271359908,1.0,2/6,4.26%,OTUB1;GPS2
prerank,Positive Regulation Of B Cell Receptor Signaling Pathway (GO:0050861),0.6004814766116217,1.1959883226705061,0.26,0.6557201420391165,1.0,2/5,12.55%,FOXP1;PRKCH
prerank,Positive Chemotaxis (GO:0050918),0.45895291403204674,1.1957630100974077,0.22727272727272727,0.6557452095198881,1.0,3/13,5.07%,TSC2;CX3CL1;SEMA5A
prerank,Icosanoid Metabolic Process (GO:0006690),0.36210931793079937,1.1956538948578739,0.22857142857142856,0.6554049974944358,1.0,15/33,20.38%,LTC4S;HPGD;CYP4A22;CYP4A11;DAGLB;CYP4Z1;NLRC4;DPEP2;CYP4F22;GPX4;NAIP;AWAT1;PTGR1;ABHD6;CYP4F3
prerank,Sulfur Amino Acid Biosynthetic Process (GO:0000097),0.537504823851758,1.1955829953202264,0.2926829268292683,0.6550373916735286,1.0,6/7,40.06%,CDO1;MTRR;MTHFR;MTHFD1;GGT1;CTH
prerank,Regulation Of Blood Circulation (GO:1903522),-0.41322134424879126,-1.1953483632842445,0.27586206896551724,0.9892778783140223,1.0,8/28,11.98%,KCNG2;DES;FOXN4;TMIGD3;BDKRB2;PLN;ADORA3;CAMK2D
prerank,Fructose Metabolic Process (GO:0006000),0.5797526535294618,1.1950263227364495,0.25925925925925924,0.6557640365548106,1.0,3/6,24.40%,FBP1;ALDOA;ALDOB
prerank,Regulation Of Transcription Regulatory Region DNA Binding (GO:2000677),-0.43131167917122454,-1.1950156747396363,0.22580645161290322,0.988521933131084,1.0,10/22,23.49%,TWIST1;SOX11;IGF1;HEY2;SIN3A;MAD2L2;MSX2;POU4F1;TGFB1;H1-0
prerank,Positive Regulation Of Protein Transport (GO:0051222),0.33628609412762317,1.19480988972572,0.19444444444444445,0.6557469446167052,1.0,12/57,13.65%,MYH10;IL1A;ANKRD1;RUFY3;EXPH5;CLN3;FRMD4A;PPIA;UNC13B;EXOC7;GOLPH3L;TTN
prerank,Cellular Response To Nutrient Levels (GO:0031669),0.3097254456637776,1.1947034154008065,0.15151515151515152,0.6555339999419983,1.0,28/65,29.68%,FAM107A;PRKAG3;LRRK2;PCSK9;PRKAG2;CDKN2B;GAS2L1;PRKAG1;MFSD2A;PRR5;SREBF2;CD68;SIRT1;MAPKAP1;VPS41;SREBF1;CREBBP;EIF4G1;RICTOR;NUPR2;KLF10;PDK4;MAP1LC3B;RRAGB;FLCN;BMPR2;ULK1;PRKAB1
prerank,Positive Regulation Of Macrophage Differentiation (GO:0045651),0.5035890060716363,1.194638295941316,0.21739130434782608,0.6551257814057734,1.0,4/9,13.78%,IL34;HSF1;PF4;CSF1
prerank,Very Long-Chain Fatty Acid Biosynthetic Process (GO:0042761),-0.5376321264258829,-1.194041350729757,0.26666666666666666,0.9903131749548967,1.0,2/10,7.55%,ELOVL2;ELOVL4
prerank,NAD Biosynthetic Process (GO:0009435),-0.492017410310532,-1.1936070915157206,0.2631578947368421,0.9899606744585382,1.0,4/13,16.43%,SLC5A8;KYNU;NMNAT2;PTGIS
prerank,RNA Polyadenylation (GO:0043631),0.40941022529483007,1.1932398774595214,0.2,0.6582234173180398,1.0,9/25,30.85%,PAPOLB;CDC73;TENT2;PABPC1;PAPOLG;TUT1;SYMPK;ZCCHC7;PNPT1
prerank,Negative Regulation Of Lymphocyte Proliferation (GO:0050672),-0.4380978801331349,-1.1932090897882819,0.22641509433962265,0.9892700700340202,1.0,4/22,8.51%,SOX11;FOXP3;TNFRSF21;IL10
prerank,Regulation Of Skeletal Muscle Contraction (GO:0014819),0.6261500333193606,1.1931251546090882,0.2,0.6577575546492533,1.0,1/5,1.42%,CAV3
prerank,Positive Regulation Of Integrin-Mediated Signaling Pathway (GO:2001046),0.4486106582119856,1.1927256833093203,0.23684210526315788,0.6582263802834184,1.0,5/11,17.40%,EMP2;LIMS2;FLNA;LIMS1;DMTN
prerank,Insulin Receptor Signaling Pathway (GO:0008286),0.3615522513484764,1.1919857019318925,0.3125,0.6597385283128944,1.0,22/40,34.07%,IRS4;INSR;AP3S1;PIK3C2A;GSK3A;CAV2;GAB1;AKT2;GRB7;PHIP;C2CD5;GPLD1;PDK4;GSK3B;SORBS1;APPL1;IRS2;FOXO4;BCAR1;GRB10;NAMPT;BAIAP2
prerank,Iron Ion Transport (GO:0006826),-0.46366123858758984,-1.1913960071373828,0.27419354838709675,0.994590885823461,1.0,9/20,19.78%,LTF;SCARA5;SLC39A14;MELTF;STEAP3;CP;HEPHL1;ARHGAP1;SLC41A2
prerank,Microtubule Anchoring At Centrosome (GO:0034454),0.5703839896906696,1.1912992049641173,0.2558139534883721,0.6608999717475117,1.0,4/7,25.41%,CCDC68;NIN;MAP1S;CCDC120
prerank,miRNA-mediated Gene Silencing (GO:0035195),0.3881336768270594,1.1910714512560439,0.2564102564102564,0.6607668157499442,1.0,10/23,28.94%,TRIM71;ZFP36;WTIP;AGO2;AGO4;EIF4G1;CNOT8;RBM4;AGO3;AJUBA
prerank,Multicellular Organismal-Level Iron Ion Homeostasis (GO:0060586),0.48590508471718513,1.190916176669581,0.19607843137254902,0.6605228614226039,1.0,5/10,31.81%,SLC11A1;TMPRSS6;CYBRD1;SLC40A1;HJV
prerank,DNA-templated Transcription Elongation (GO:0006354),0.39322271385968843,1.1908703438378423,0.23809523809523808,0.6599465329931969,1.0,9/22,28.71%,CDC73;ERCC3;TCEA2;PCID2;CDK9;ELP4;SRCAP;RTF1;SUPT6H
prerank,Regulation Of Leukocyte Cell-Cell Adhesion (GO:1903037),-0.49666067831870275,-1.190628140253023,0.2549019607843137,0.9960757050751857,1.0,5/11,24.92%,FUT9;MDK;PPARA;ASS1;SKAP1
prerank,Fatty Acid Derivative Biosynthetic Process (GO:1901570),0.45440926947892835,1.1902170327728838,0.16326530612244897,0.6613387756536493,1.0,5/18,8.74%,HMGCS2;GGTLC1;GGTLC3;FAR2;FAR1
prerank,Positive Regulation Of Pattern Recognition Receptor Signaling Pathway (GO:0062208),0.3800427740685607,1.1901678941706468,0.25,0.660915034809154,1.0,5/30,8.81%,CAV1;RSAD2;DDX3X;OASL;TICAM2
prerank,Negative Regulation Of I-kappaB kinase/NF-kappaB Signaling (GO:0043124),0.3711548715323468,1.1900452215990445,0.23076923076923078,0.660602745901025,1.0,14/35,24.98%,NR1H4;TRIM59;STAT1;PER1;PPM1A;TANK;ESR1;SIRT1;SLC39A8;PPM1N;RORA;RIPK1;RIOK3;ZC3H12A
prerank,Regulation Of Skeletal Muscle Satellite Cell Proliferation (GO:0014842),-0.6150355996091024,-1.1893943164809773,0.2916666666666667,0.9987808128762696,1.0,5/5,38.52%,EPHB1;FGF2;MSTN;CFLAR;ANGPT1
prerank,Peptidyl-Serine Autophosphorylation (GO:0036289),0.5698739544864149,1.1893661937625515,0.23404255319148937,0.6616034689329774,1.0,3/6,31.62%,MARK3;RIPK1;DYRK1A
prerank,Positive Regulation Of Autophagy (GO:0010508),0.28736211633048747,1.1893602706598208,0.15384615384615385,0.6610150911446295,1.0,16/88,13.16%,TSC2;GPSM1;IFNG;TRIM34;LRRK2;DAPK1;ORMDL3;PRKN;CDK16;TRIM58;PIK3C2A;GSK3A;PRKD1;SCOC;BAD;OPTN
prerank,Response To Reactive Oxygen Species (GO:0000302),0.33379198953397676,1.1892996087297767,0.1935483870967742,0.6605519482797293,1.0,10/45,17.59%,FOS;HP;HYAL1;JUN;CAT;MAPK9;PXN;FYN;SIRT1;HYAL2
prerank,Lipid Droplet Disassembly (GO:1905691),-0.6249054378442267,-1.1892967547103086,0.34545454545454546,0.997066689784589,1.0,3/5,25.92%,PLIN3;PRKAA2;PLIN2
prerank,"Regulation Of Wound Healing, Spreading Of Epidermal Cells (GO:1903689)",0.5948535992030393,1.1891219569198666,0.3333333333333333,0.6604891663652542,1.0,3/5,21.13%,PHLDB2;CLASP2;RREB1
prerank,Monocyte Chemotaxis (GO:0002548),-0.4387320951652961,-1.1885691076096898,0.265625,0.9975435957415048,1.0,8/22,13.89%,CCL1;TNFSF11;CCL13;CCL22;CCL11;S100A12;TNFRSF11A;CCL21
prerank,Carbohydrate Derivative Transport (GO:1901264),0.45608784252695245,1.1882483794713101,0.2558139534883721,0.6624906831006424,1.0,4/13,11.83%,SLC29A2;CLN3;SCARB1;MFSD2A
prerank,Somatic Recombination Of Immunoglobulin Genes Involved In Immune Response (GO:0002204),0.5564742404189449,1.1882064628443243,0.2608695652173913,0.6619312218319083,1.0,4/7,35.75%,MSH2;RNF8;EXOSC3;SANBR
prerank,Negative Regulation Of Cell Division (GO:0051782),-0.558627649792887,-1.1881752032841488,0.2549019607843137,0.997256659228237,1.0,2/9,8.11%,E2F8;E2F7
prerank,Synaptonemal Complex Assembly (GO:0007130),-0.5541275622657261,-1.1875700424720301,0.2641509433962264,0.9953367578763496,1.0,6/10,16.57%,TEX11;P3H4;TRIP13;HORMAD1;SYCE3;SHOC1
prerank,Synaptonemal Complex Organization (GO:0070193),-0.5541275622657261,-1.1875700424720301,0.2641509433962264,0.9953367578763496,1.0,6/10,16.57%,TEX11;P3H4;TRIP13;HORMAD1;SYCE3;SHOC1
prerank,Positive Regulation Of CREB Transcription Factor Activity (GO:0032793),0.4907308852680319,1.1873456228516635,0.25,0.6636253076353018,1.0,3/13,12.07%,ADCY8;PRKD2;PRKD1
prerank,Pharyngeal Arch Artery Morphogenesis (GO:0061626),0.6465614385663185,1.1871417478731274,0.22448979591836735,0.6634363050125595,1.0,4/5,30.20%,HES1;BMPR2;TGFB2;NOG
prerank,Protein Mannosylation (GO:0035268),0.4422575612398818,1.1869798160130762,0.15555555555555556,0.6631928356291735,1.0,7/17,24.86%,FKRP;RXYLT1;POMT1;TMTC3;DPY19L4;TMTC2;CRPPA
prerank,Protein auto-ADP-ribosylation (GO:0070213),0.5154474881659692,1.1868928485516923,0.2708333333333333,0.6627854990944676,1.0,6/9,35.80%,TNKS;PARP12;PARP8;PARP10;PARP6;PARP3
prerank,Cellular Response To Prostaglandin E Stimulus (GO:0071380),-0.5698098651955297,-1.1866987345724809,0.24444444444444444,0.9972357962394907,1.0,3/6,22.00%,SFRP1;TNFSF4;PTGER2
prerank,Branched-Chain Amino Acid Transport (GO:0015803),-0.5552016467201041,-1.1862302461220915,0.2826086956521739,0.9969067733203139,1.0,3/8,7.15%,SLC7A7;SLC7A5;SLC6A17
prerank,Regulation Of Mitotic Nuclear Division (GO:0007088),0.3489660836748892,1.1860907096295885,0.09523809523809523,0.6642806847249908,1.0,13/42,12.09%,IL1A;PDGFB;RGCC;DAPK3;IL1B;DUSP1;INSR;LRP5;EDN1;CDK5RAP2;CAV2;OBSL1;USP44
prerank,Synapse Pruning (GO:0098883),0.6089368403184356,1.1859217282049752,0.328125,0.664255799579065,1.0,3/6,15.04%,CX3CR1;CX3CL1;C1QB
prerank,Positive Regulation Of Nuclear-Transcribed mRNA poly(A) Tail Shortening (GO:0060213),0.4815560694165598,1.1857902838543397,0.1956521739130435,0.6639851683397708,1.0,4/11,23.77%,ZFP36;PABPC1;TOB1;BTG2
prerank,Glycosphingolipid Catabolic Process (GO:0046479),0.5994950361891458,1.1855611033631528,0.22413793103448276,0.6639606152002653,1.0,2/5,21.77%,LCT;HEXB
prerank,Negative Regulation Of Natural Killer Cell Mediated Cytotoxicity (GO:0045953),-0.5652237475845974,-1.1855605749719085,0.26785714285714285,0.9973927953782576,1.0,2/10,4.33%,SERPINB4;HLA-A
prerank,Presynaptic Membrane Organization (GO:0097090),-0.5595466784152257,-1.1854317511176424,0.2698412698412698,0.9956216604785938,1.0,4/7,22.90%,PTPRD;NLGN2;PTEN;NLGN3
prerank,Positive Regulation Of Intracellular Steroid Hormone Receptor Signaling Pathway (GO:0033145),0.6607572098100071,1.1850882110194456,0.2826086956521739,0.6646720745393225,1.0,2/5,17.95%,WBP2;SRARP
prerank,Regulation Of Phosphorylation (GO:0042325),0.30263808616632487,1.1850795340814269,0.13513513513513514,0.6640614252847317,1.0,14/70,11.81%,EMP2;AMH;LDB2;CDH5;SIRT2;DSCAM;KCTD20;CDKN2B;INHA;BCL10;CORO1C;NLRC5;PPP2CA;ILK
prerank,Neural Crest Cell Development (GO:0014032),0.3544706142445274,1.1850066314059944,0.1388888888888889,0.6638600325664259,1.0,9/35,11.20%,SEMA6A;SEMA4A;SEMA5A;SEMA6D;SEMA3G;SHH;SEMA3E;CORO1C;TCOF1
prerank,Myoblast Differentiation (GO:0045445),0.4103545130358105,1.1847454139436548,0.24324324324324326,0.6638764628322987,1.0,6/17,15.14%,DDX5;TCF7L2;ITGB1;EPAS1;RB1;PLEKHM3
prerank,Serine Family Amino Acid Biosynthetic Process (GO:0009070),-0.5647359929424041,-1.184497004712121,0.2909090909090909,0.997488415321562,1.0,4/10,21.72%,PSAT1;SRR;PSPH;SEPHS2
prerank,Protein Lipidation (GO:0006497),0.3513375410934695,1.1843688552138536,0.14583333333333334,0.6642730125786007,1.0,16/45,30.81%,PIGA;ZDHHC22;ATG16L2;HHAT;PIGZ;PIGV;ZDHHC14;MPPE1;TP53INP2;ATG12;ZDHHC17;GPLD1;GLUL;PIGQ;ATG16L1;PIGP
prerank,Positive Regulation Of Cytosolic Calcium Ion Concentration Involved In Phospholipase C-activating G Protein-Coupled Signaling Pathway (GO:0051482),-0.4320629647506267,-1.1842821979320475,0.3018867924528302,0.9961289496489073,1.0,9/18,27.37%,F2RL2;LPAR4;LPAR1;F2RL1;P2RY10;OPRL1;GPR55;LPAR6;F2RL3
prerank,Intestinal Cholesterol Absorption (GO:0030299),0.5961911216552584,1.1841218586830848,0.23076923076923078,0.664221197415522,1.0,4/7,17.28%,CD36;LDLR;SOAT2;NPC1
prerank,Cell Junction Assembly (GO:0034329),0.30966269912098365,1.1841193513603843,0.13513513513513514,0.6635867932155072,1.0,15/78,9.48%,CDH13;LIM2;GPM6A;OPHN1;CDC42;CDH5;DSCAM;SPOCK2;DNM3;SHANK3;BDNF;PARD6B;CLDN5;KIRREL3;PLXND1
prerank,Positive Regulation Of Positive Chemotaxis (GO:0050927),0.45798256216247524,1.1837425378153603,0.21739130434782608,0.6641584776025917,1.0,2/12,2.21%,CDH13;VEGFD
prerank,Positive Regulation Of Alcohol Biosynthetic Process (GO:1902932),0.5023200812089916,1.1835844283880501,0.2826086956521739,0.6640528196158274,1.0,7/11,25.71%,FGF1;CD244;SNCA;SREBF2;SH2D2A;SREBF1;PTH1R
prerank,Positive Regulation Of Calcium-Mediated Signaling (GO:0050850),0.6623546301751977,1.1835524151710024,0.2,0.6634879491953736,1.0,1/5,0.17%,CDH13
prerank,Cell-Cell Signaling By Wnt (GO:0198738),-0.44610759136276906,-1.1833530670108425,0.26229508196721313,0.997150085210394,1.0,4/20,9.04%,WNT5A;CD24;CELSR2;WLS
prerank,Regulation Of Mitotic Centrosome Separation (GO:0046602),-0.5580196436485777,-1.183323827653467,0.23404255319148937,0.995081962157665,1.0,4/7,16.98%,NEK2;RANBP1;CHEK1;MAP9
prerank,Ameboidal-Type Cell Migration (GO:0001667),-0.45696135778046093,-1.1832264582690868,0.25925925925925924,0.9933499723381379,1.0,3/16,11.88%,FAT2;SRGAP3;AMOTL1
prerank,Negative Regulation Of DNA-templated Transcription (GO:0045892),0.24012239414917072,1.1830676742905304,0.0,0.6644900737451135,1.0,160/805,16.55%,FOSB;NOTCH4;HAND1;CAV1;NR1H4;KLF7;ZBED2;ZNF266;NR1H2;KDM5C;KLF2;DDX5;LDB2;GATA3;TBL1X;TCF25;SIRT2;ZNF254;PPARG;PDGFB;MLXIPL;TBX2;WWC2;EDNRB;DNAJB1;CDC73;TCF7L2;VGLL4;NR4A2;LHX9;IFNG;CITED2;CAPN3;EPO;ZFP36;TBX21;GPS2;DDIT3;ZNF620;YWHAZ;XCL1;WWP2;JUN;MYH2;SBNO2;DACH1;SNCA;ZNF140;STAT1;ZFP57;ARID4A;KLF4;HSPA1A;JUND;HSF1;SOX7;FBP1;FOXP1;PRKN;ZNF136;FLNA;MIDEAS;BCL6B;ETV5;CHD8;ATOH8;ZNF560;IRF1;SHH;GATAD2B;FGFR2;LIN37;SOX13;CREB3L1;ZHX3;BACH1;KLF11;EFNA1;ZNF596;DLL4;FASLG;IRF8;ZFPM1;INPP5K;PSPC1;CBFB;FOXP2;TGIF1;DLX4;ZMYND15;LEFTY1;TBX3;PER1;ID1;RITA1;ZNF641;PPM1A;EDN1;ZIC2;ZNF439;THRA;CREB1;KLF8;IRX2;INSM2;CREBZF;MYOZ1;ZNF684;MPHOSPH8;EHMT1;ZBTB16;KDM4A;NKX2-1;TRIM33;PRICKLE1;SREBF2;KAT6B;HDAC8;PRDM16;SDR16C5;RELA;SP2;LIMS1;ID4;CBX1;DAXX;SKOR1;BAZ2A;ESR1;SMARCC2;NACC1;GET1;BRMS1L;RB1;CHD4;HESX1;ZEB2;VSX2;RARA;ZNF131;ZBTB21;MXD1;TMPRSS6;BRD7;ZNF350;HDAC4;RBBP4;ETS2;BPTF;SMARCA4;PHF12;NCOR2;JDP2;WDR82;IRX1;ZNF268;ZNF559;GATA6;WFS1;STAT3
prerank,Regulated Exocytosis (GO:0045055),0.3670132013968736,1.1830380973872507,0.16129032258064516,0.6639932939756585,1.0,10/36,17.23%,PCLO;SNCA;SYT15;SYT13;ABCC4;STXBP1;SYNGR2;SYT17;RAB11FIP1;VAMP2
prerank,Regulation Of Defense Response (GO:0031347),0.33677362388218013,1.182711518152782,0.2413793103448276,0.6640902992842334,1.0,25/71,22.44%,LRRC19;ANXA1;XCL1;SBNO2;NFE2L2;FOXP1;DAGLB;IRF1;HCK;ERAP1;BST1;NLRP9;ZMPSTE24;RELA;AREL1;GATA6;N4BP1;APLP2;CARD16;TMSB4X;CELF1;SAMHD1;PTPN22;AGTR1;SETD6
prerank,Semaphorin-Plexin Signaling Pathway Involved In Neuron Projection Guidance (GO:1902285),-0.5049881203330548,-1.1824009842576606,0.25925925925925924,0.99422211284363,1.0,4/11,19.20%,PLXNA4;PLXNC1;SEMA3A;PLXNB1
prerank,Regulation Of Cellular Component Biogenesis (GO:0044087),0.36326958989162467,1.1823740590669172,0.1891891891891892,0.6642409640727837,1.0,5/32,5.96%,CD36;RDX;TIE1;PTPN11;ANKRA2
prerank,Negative Regulation Of Low-Density Lipoprotein Receptor Activity (GO:1905598),-0.6164755227088127,-1.1823409859762608,0.26666666666666666,0.9923810364349284,1.0,2/6,6.83%,ADIPOQ;ITGB3
prerank,Regulation Of Necroptotic Process (GO:0060544),0.43473449148055043,1.1821161773618114,0.2727272727272727,0.6641761731839662,1.0,8/17,28.09%,PRKN;FZD9;RIPK1;RIPK3;SLC25A4;AIFM1;PELI1;OGT
prerank,Negative Regulation Of Cytokine Production (GO:0001818),0.27036096551678535,1.1821089126993254,0.14814814814814814,0.6635606538680987,1.0,46/131,23.24%,GBP7;NR1H4;FFAR4;CX3CL1;RNF125;ANXA1;IFNG;GPATCH3;ZFP36;TBX21;DDIT3;XCL1;XAF1;SLC11A1;PTPN11;ARRB1;KLF4;RNF216;RGCC;INHA;ZFPM1;NPTN;CD274;RBX1;AXL;RARA;SIGIRR;TRIB2;INHBA;GBP1;N4BP1;TLR8;BCL3;APLP2;ILRUN;ANXA4;SELENOS;C1QTNF3;TMSB4X;BANF1;PTPN22;VSIR;PTPRC;PDCD1LG2;IFNL1;NMB
prerank,Negative Regulation Of T Cell Receptor Signaling Pathway (GO:0050860),-0.4834247009337927,-1.181951482628255,0.29508196721311475,0.9917593573105095,1.0,2/14,8.65%,THY1;PRNP
prerank,Protein Prenylation (GO:0018342),0.5849571461284234,1.1817377162009728,0.20454545454545456,0.6638321962646918,1.0,3/7,25.62%,RABGGTB;CHML;PTAR1
prerank,Negative Regulation Of Kinase Activity (GO:0033673),0.32775108761246763,1.181734505159098,0.1388888888888889,0.6632047556255002,1.0,22/49,30.37%,TSC2;CAV3;TRIB1;SNCA;PRKAG2;PPIA;INPP5K;WARS1;RB1;GNAQ;WWTR1;TRIB2;PPP2R5A;HNRNPU;PTPRC;CAMK2N1;UBASH3B;RTRAF;ITGB1BP1;CEP43;PPM1F;IRS2
prerank,Regulation Of Opsonization (GO:1903027),0.5578984070959974,1.1815313235516043,0.33962264150943394,0.6632751612695262,1.0,1/7,0.63%,COLEC10
prerank,Sialylation (GO:0097503),-0.5824067457571237,-1.1814016736574666,0.2857142857142857,0.9916415815247627,1.0,3/7,23.42%,ST6GAL1;ST3GAL1;ST8SIA3
prerank,Amyloid-Beta Formation (GO:0034205),0.5867109256042073,1.1808151680213166,0.2653061224489796,0.6645366718376958,1.0,4/6,31.62%,PSEN2;NCSTN;PSEN1;DYRK1A
prerank,Regulation Of Urine Volume (GO:0035809),0.5986870595283046,1.1807236899211804,0.2857142857142857,0.6642847595339659,1.0,4/5,27.58%,INPP5K;HYAL2;NPR1;NPR3
prerank,Mitochondrial Transport (GO:0006839),0.33783254074944474,1.1807001121989926,0.16129032258064516,0.6637394129183664,1.0,16/45,27.07%,STARD3;PRKN;MFN2;TIMM17B;TOMM7;BAD;BCAP31;KIFBP;SPG7;HSP90AA1;OXA1L;GDAP1;SLC25A24;TOMM5;SLC25A4;SLC25A31
prerank,Negative Regulation Of Proteasomal Ubiquitin-Dependent Protein Catabolic Process (GO:0032435),0.4007091117603624,1.1805897542743944,0.24242424242424243,0.6635020715075383,1.0,14/26,28.96%,CAMLG;GIPC1;SGTA;RPL11;RYBP;WAC;N4BP1;PHF20L1;CCAR2;TLK2;EIF3H;DDRGK1;OGT;SDCBP
prerank,Neutrophil Mediated Immunity (GO:0002446),0.543372963273025,1.1800891769096933,0.2826086956521739,0.6642785887720293,1.0,5/8,30.50%,ANXA3;ADAM17;VAMP2;KMT2E;STXBP3
prerank,Replication Fork Processing (GO:0031297),0.34225655585565257,1.1799589568455033,0.2,0.6638946463988176,1.0,13/33,28.27%,THOC1;DNA2;FAM111A;CENPS;RAD51;SAMHD1;MRE11;CDK9;EXD2;BARD1;ETAA1;DONSON;CARM1
prerank,Cellular Response To Corticosteroid Stimulus (GO:0071384),0.4313940779564029,1.1797676262739318,0.24,0.6637110647377678,1.0,5/14,5.95%,FAM107A;ANXA1;ZFP36;GPER1;SSTR4
prerank,Organonitrogen Compound Catabolic Process (GO:1901565),0.3255221965565813,1.179746094995591,0.18181818181818182,0.6631156237691809,1.0,23/54,27.07%,CAPN3;PLA2G6;DENND3;CPQ;PRKN;ERAP1;LRSAM1;LTA4H;CASP7;RENBP;PPT1;USE1;TRHDE;ETFB;FMO1;RIPK1;RNF5;ANPEP;SLC16A3;TRIM24;ADAMTS13;SIAH1;ENPEP
prerank,Phospholipid Catabolic Process (GO:0009395),-0.42965302494630064,-1.178840838361196,0.2413793103448276,0.9990559194450042,1.0,6/21,14.85%,LIPG;ENPP2;PLA2G4D;PLBD2;SMPDL3A;PLA2G4A
prerank,Positive Regulation Of Endocytic Recycling (GO:2001137),0.6108521926800541,1.1787107955318687,0.3333333333333333,0.6650851936415263,1.0,2/5,19.89%,EHD1;EHD2
prerank,Polysaccharide Biosynthetic Process (GO:0000271),-0.4957372399610537,-1.1785495857139263,0.23214285714285715,0.9981450253004732,1.0,2/10,4.96%,NDST4;FUT9
prerank,Negative Regulation Of Interleukin-1 Production (GO:0032692),0.40198115881905044,1.1783176246004083,0.2631578947368421,0.6653655337248316,1.0,9/18,26.36%,CX3CR1;FFAR4;CX3CL1;NLRP2B;GIT1;CARD16;FFAR1;ZC3H12A;GHRL
prerank,"RNA Splicing, Via Endonucleolytic Cleavage And Ligation (GO:0000394)",0.49051546388551437,1.1782946525568103,0.23076923076923078,0.664783475587597,1.0,4/10,30.19%,FAM98A;TSEN54;RTRAF;DDX1
prerank,Response To Hydroperoxide (GO:0033194),0.6448405128843017,1.178266790918971,0.24489795918367346,0.6642289988392792,1.0,4/5,31.23%,DAPK1;PRKD1;PRKCD;GPX3
prerank,Mitotic Spindle Checkpoint Signaling (GO:0071174),-0.411225418320599,-1.1782113766071676,0.1774193548387097,0.9931312650949974,1.0,5/21,10.36%,CDC20;TRIP13;NDC80;SPC24;BUB1B
prerank,Spindle Assembly Checkpoint Signaling (GO:0071173),-0.411225418320599,-1.1782113766071676,0.1774193548387097,0.9931312650949974,1.0,5/21,10.36%,CDC20;TRIP13;NDC80;SPC24;BUB1B
prerank,Mitotic Spindle Assembly Checkpoint Signaling (GO:0007094),-0.411225418320599,-1.1782113766071676,0.1774193548387097,0.9931312650949974,1.0,5/21,10.36%,CDC20;TRIP13;NDC80;SPC24;BUB1B
prerank,Regulation Of Interleukin-10 Production (GO:0032653),-0.37719084410464904,-1.1781904918811146,0.2641509433962264,0.9910909882452631,1.0,9/32,14.38%,MMP8;FOXP3;TNFRSF21;INAVA;CD28;F2RL1;TIGIT;TNFSF4;JAK3
prerank,Spindle Assembly (GO:0051225),0.30436776344210675,1.177747390899828,0.23684210526315788,0.6647475806537916,1.0,16/63,19.68%,GOLGA8M;INO80;STAG1;STARD9;FLNA;GOLGA8J;TNKS;CSNK1D;GOLGA8O;NEK7;GOLGA6B;CLASP2;CLASP1;HAUS1;GOLGA8Q;KIF2A
prerank,Neuron Differentiation (GO:0030182),-0.31022552849096,-1.1771216136362554,0.15492957746478872,0.9930531393536846,1.0,31/124,14.61%,BHLHA15;FOXN4;BHLHE22;WNT5A;SOX11;WNT6;TENM4;TENM3;FUT9;BTG4;BRINP3;BRSK1;POU3F2;WNT4;HS6ST1;WNT10A;LMX1B;ITM2C;WNT16;FZD3;PTPRD;XBP1;UGCG;VSX1;EN2;RUNX1;UGDH;RORB;FOXA1;VEGFA;SPINK5
prerank,Response To Molecule Of Bacterial Origin (GO:0002237),0.34784588501424984,1.1770098648737244,0.17777777777777778,0.6658734322868061,1.0,16/52,15.48%,PALM3;TRIB1;SLC11A1;SNCA;SMAD6;NOS1;FOXP1;IL1B;GPR31;ERBIN;FZD5;NOCT;RPS6KA3;NOS3;ADAM17;S100A14
prerank,Amyloid Precursor Protein Catabolic Process (GO:0042987),0.4814938301946641,1.176945427884805,0.29545454545454547,0.6654383814734944,1.0,6/11,24.20%,CLN3;PSEN2;ADAM17;ABCG1;NCSTN;PSEN1
prerank,Negative Regulation Of Centriole Replication (GO:0046600),0.6043568874811496,1.1769091853367148,0.3333333333333333,0.6649381504029618,1.0,3/5,25.53%,CDK5RAP2;KAT2A;KAT2B
prerank,Organic Cyclic Compound Biosynthetic Process (GO:1901362),-0.48396120085208977,-1.1768216351848348,0.21818181818181817,0.9922969702245228,1.0,5/13,15.38%,CYP19A1;SRD5A2;HSD3B2;MOCOS;NOXRED1
prerank,Phagocytosis (GO:0006909),0.3112425185319084,1.1767586391180158,0.1951219512195122,0.6648344190824077,1.0,16/54,19.36%,ANXA3;CDC42;CD36;ANXA1;SLC11A1;LDLR;ITGB1;TICAM2;CORO1C;MSR1;AXL;RARA;BIN2;ITGAV;ARHGAP25;PIP5K1A
prerank,Negative Regulation Of miRNA-mediated Gene Silencing (GO:0060965),0.6469825846670882,1.1766527365889645,0.3333333333333333,0.6645201056379867,1.0,2/5,19.31%,PPARG;ELOC
prerank,Positive Regulation Of Leukocyte Apoptotic Process (GO:2000108),0.49146733614265303,1.1764236975958797,0.2682926829268293,0.664482760574896,1.0,4/8,31.41%,HCAR2;SIRT1;RAPGEF2;MEF2C
prerank,"Blood Coagulation, Fibrin Clot Formation (GO:0072378)",-0.498809232988325,-1.1762766845233532,0.265625,0.9899572136632976,1.0,5/9,20.58%,FGB;F13A1;GP5;FGA;FBLN1
prerank,Protein Activation Cascade (GO:0072376),-0.498809232988325,-1.1762766845233532,0.265625,0.9899572136632976,1.0,5/9,20.58%,FGB;F13A1;GP5;FGA;FBLN1
prerank,Negative Regulation Of Protein Catabolic Process (GO:0042177),0.3320707074755111,1.1761468699250657,0.16129032258064516,0.664300845686244,1.0,9/47,9.62%,PRKCG;OPHN1;SIRT2;PSMF1;LAMP3;HMGCR;SNCA;FLNA;ATRAID
prerank,Glycerolipid Metabolic Process (GO:0046486),0.5501304074724118,1.1760490169233064,0.3673469387755102,0.6640535835305904,1.0,4/8,24.06%,PNPLA3;PGPEP1;PIP5K1A;GAL3ST1
prerank,Positive Regulation Of Exocytosis (GO:0045921),0.35777838755597186,1.1757077398559344,0.24489795918367346,0.6643842646237225,1.0,11/31,18.00%,IFNG;TSG101;SNCA;EXPH5;S100A10;PDCD6IP;RAB27A;SNF8;CLASP2;RAB5A;CLASP1
prerank,Regulation Of Axonogenesis (GO:0050770),-0.3894393637893403,-1.1756054896739982,0.21311475409836064,0.990551582941435,1.0,10/36,13.84%,PLXNA4;THY1;CDH2;EFNB3;CHODL;BRSK1;LRRC4C;EPHB3;MAP6;PLXNC1
prerank,Cellular Response To Platelet-Derived Growth Factor Stimulus (GO:0036120),0.5752762914145573,1.1751408877924452,0.26666666666666666,0.6652781739884,1.0,2/7,4.51%,PDGFB;HYAL1
prerank,Positive Regulation Of Cell Migration (GO:0030335),0.26692234722590447,1.175031456184751,0.05555555555555555,0.6649782925858887,1.0,54/217,18.00%,MYADM;CDH13;CAV1;FAM107A;SEMA6A;MYO1C;SEMA4A;FGF1;CDC42;CDH5;TMSB15A;PDGFB;HBEGF;IFNG;RUFY3;HYAL1;RDX;GPER1;SEMA5A;SEMA6D;NEDD9;CD151;FLT4;SEMA3G;SPHK1;APC;SYDE1;ITGB1;IL1B;SEMA3E;VIL1;INSR;EDN1;GLIPR2;LGR6;CARMIL1;GAB1;AKT2;MYOC;GRB7;PLCG1;CSF1;FZD4;ADAM17;CXCL16;SRGAP2C;ZNF268;STAT3;SYNE2;DMTN;CLASP2;S100A11;RHOC;CLASP1
prerank,Positive Regulation Of Transcription From RNA Polymerase II Promoter In Response To Endoplasmic Reticulum Stress (GO:1990440),0.5234061045027136,1.1748495988658687,0.28205128205128205,0.6649799966098037,1.0,2/9,8.21%,DDIT3;CREB3L1
prerank,Regulation Of Vasculature Development (GO:1901342),-0.41368907195783444,-1.1747800213892514,0.2692307692307692,0.9916033022070742,1.0,3/24,4.95%,LEP;CXCL13;SFRP1
prerank,Regulation Of Carbohydrate Catabolic Process (GO:0043470),0.5484298167430933,1.174587035810601,0.3404255319148936,0.6651778418561797,1.0,3/9,11.71%,PRKAG2;PRKAG1;TIGAR
prerank,Regulation Of T Cell Chemotaxis (GO:0010819),-0.5059334120201033,-1.1743626979084385,0.2413793103448276,0.9912883019607457,1.0,5/11,15.00%,CXCL13;WNT5A;S100A7;CCL21;CCR2
prerank,2-Oxoglutarate Metabolic Process (GO:0006103),-0.5166689614601074,-1.1742154236226232,0.25,0.9896724003512194,1.0,3/11,6.45%,OGDHL;TAT;GPT2
prerank,Positive Regulation Of Cysteine-Type Endopeptidase Activity Involved In Apoptotic Process (GO:0043280),0.28501199148553596,1.174118677941303,0.1111111111111111,0.6658717642511432,1.0,20/82,18.30%,COL4A3;PPARG;GPER1;DDX3X;SNCA;ARL6IP5;DAPK1;SOX7;UACA;BCL10;MALT1;FASLG;NLRC4;VCP;BAD;BCAP31;SIRT1;PIDD1;DIABLO;NDUFA13
prerank,Epoxygenase P450 Pathway (GO:0019373),-0.5182878705641214,-1.173899810795647,0.25925925925925924,0.98879153734203,1.0,4/10,8.94%,CYP1B1;CYP2A13;CYP2B6;CYP2S1
prerank,Positive Regulation Of Neurogenesis (GO:0050769),0.30411966533983736,1.1731550580679004,0.125,0.6677913196398785,1.0,13/57,11.98%,MME;CX3CR1;CDKL5;CX3CL1;SLIT2;ROBO2;IFNG;SHANK3;GPER1;PLXND1;TIAM2;OBSL1;NPTN
prerank,Bicellular Tight Junction Assembly (GO:0070830),0.35032902437550406,1.172960166515137,0.21951219512195122,0.6676600295466718,1.0,12/37,12.32%,CLDN18;CLDN11;CDH5;CLDN24;CLDN34;APC;MARVELD2;CLDN5;ESAM;CLDN7;OCLN;PDCD6IP
prerank,Positive Regulation Of Mitochondrial Outer Membrane Permeabilization Involved In Apoptotic Signaling Pathway (GO:1901030),0.5283925868011538,1.1727784480107586,0.30952380952380953,0.6675289805739302,1.0,3/9,10.77%,NMT1;GZMB;GSK3A
prerank,Regulation Of Attachment Of Spindle Microtubules To Kinetochore (GO:0051988),0.5065159474408345,1.1725461947394078,0.24444444444444444,0.6676975471400752,1.0,2/8,2.11%,CDC42;SIRT2
prerank,Aminoglycan Metabolic Process (GO:0006022),-0.5411469624782658,-1.1718495529009667,0.2653061224489796,0.9952248394929981,1.0,2/6,15.92%,CHST9;XYLT1
prerank,Cardiac Cell Development (GO:0055006),0.5443112499224005,1.1718243983056882,0.3,0.6691012205362066,1.0,5/8,28.83%,TCAP;TTN;CXADR;ALPK3;JAG1
prerank,Negative Regulation Of Smooth Muscle Cell Differentiation (GO:0051151),0.598355282561556,1.1714411773719442,0.3111111111111111,0.6693459934033338,1.0,2/7,7.36%,PDGFB;SHH
prerank,Negative Regulation Of miRNA Metabolic Process (GO:2000629),0.45944358929351997,1.1711923827744246,0.23255813953488372,0.6693177261662346,1.0,7/17,16.01%,PPARG;PDGFB;TENT2;RELA;ESR1;RARA;NCOR2
prerank,Epiboly Involved In Wound Healing (GO:0090505),0.4617897728518217,1.1711495791117144,0.2653061224489796,0.6688096681030324,1.0,3/13,7.33%,CD151;FLNA;TMEFF2
prerank,Regulation Of DNA-templated DNA Replication Initiation (GO:0030174),-0.5372351477688856,-1.1708068069649316,0.2619047619047619,0.9969953946476323,1.0,4/9,20.82%,MCM4;TICRR;GMNN;MCM6
prerank,Regulation Of Megakaryocyte Differentiation (GO:0045652),0.41460896338732434,1.17069948536487,0.30952380952380953,0.6692613465810069,1.0,3/16,11.15%,CNOT4;MTURN;PF4
prerank,Tyrosine Phosphorylation Of STAT Protein (GO:0007260),-0.5886741863930758,-1.1703235796836788,0.2708333333333333,0.9967292405120238,1.0,3/7,18.09%,LEP;JAK3;IL21
prerank,Transcription By RNA Polymerase III (GO:0006383),0.4086813279186074,1.1701278796535142,0.2857142857142857,0.6701264424523535,1.0,10/24,25.25%,SNAPC5;TBP;POLR2F;POLR3G;POLR3H;POLR2K;ZFP36L1;ELL;SNAPC3;GTF3C1
prerank,Action Potential (GO:0001508),0.389594754080012,1.170008124695849,0.3023255813953488,0.6697742355882741,1.0,8/26,14.26%,MYH7B;KCNMB4;GPER1;CLN3;ANK3;GNA11;GNAQ;YWHAH
prerank,Regulation Of Superoxide Anion Generation (GO:0032928),-0.5290533242334181,-1.169628294008917,0.32075471698113206,0.9976396315673485,1.0,5/8,26.13%,CD177;F2RL1;ITGB2;TGFB1;GSTP1
prerank,Lymphocyte Proliferation (GO:0046651),-0.44005755118162504,-1.1695842093895301,0.2711864406779661,0.9957479851172665,1.0,3/19,8.51%,IFNE;CR2;IL10
prerank,Regulation Of Neuron Projection Arborization (GO:0150011),0.40710553462478216,1.1695049947715626,0.275,0.6702108800238561,1.0,6/13,20.95%,NTNG1;MFSD2A;DVL3;FZD4;NCOA2;DVL2
prerank,Spinal Cord Development (GO:0021510),-0.5451704723012057,-1.1682670923685818,0.2545454545454545,0.9987580764112217,1.0,7/10,30.95%,SOX11;VIT;GLI2;SOX4;SOX12;PKD1;NF1
prerank,Nerve Growth Factor Signaling Pathway (GO:0038180),0.5328699786441459,1.1678000597942997,0.3023255813953488,0.67475201887326,1.0,5/8,33.71%,RAP1A;RAPGEF2;KIDINS220;NTF4;RAPGEF1
prerank,Regulation Of Transcription Initiation By RNA Polymerase II (GO:0060260),0.33194710672724487,1.16757040220491,0.22580645161290322,0.6746674250385957,1.0,14/47,23.04%,DHX36;HNF1B;PWWP2A;TBP;MED4;TAF6;MED10;TAF2;PPM1D;MED23;PCID2;MED6;MED29;MED12
prerank,Positive Regulation Of Vascular Associated Smooth Muscle Cell Migration (GO:1904754),0.5350123524063989,1.167512600873434,0.2857142857142857,0.6741448519272029,1.0,3/7,5.02%,PDGFB;DOCK7;FGF9
prerank,Vesicle-Mediated Transport Between Endosomal Compartments (GO:0098927),0.4259818562641436,1.1674575881114477,0.25,0.67359747808529,1.0,4/19,17.70%,EMP2;HOOK2;SNF8;RAB5A
prerank,Regulation Of Interleukin-23 Production (GO:0032667),0.5782373137933303,1.1674326549651235,0.32075471698113206,0.6730253709672468,1.0,1/6,3.36%,IFNG
prerank,Lymphocyte Migration Into Lymphoid Organs (GO:0097021),0.5744013660658693,1.1674171342538007,0.32142857142857145,0.6724157465370227,1.0,3/5,28.97%,NEDD9;CRTAM;WNK1
prerank,Regulation Of Systemic Arterial Blood Pressure By Renin-Angiotensin (GO:0003081),0.5542874647550712,1.1674167088367107,0.32075471698113206,0.6718072254994328,1.0,5/6,38.67%,AGTR2;AGTR1;ENPEP;AGT;ACE2
prerank,Positive Regulation Of Intrinsic Apoptotic Signaling Pathway (GO:2001244),0.37253224011104197,1.167309306601532,0.23255813953488372,0.6714178809787948,1.0,4/32,4.30%,CAV1;NUPR1;UBB;DDIT3
prerank,"Regulation Of Nuclear-Transcribed mRNA Catabolic Process, Nonsense-Mediated Decay (GO:2000622)",0.5737460410187907,1.1671581054722013,0.30434782608695654,0.6713368339325109,1.0,4/7,27.79%,PABPC1;MAGOHB;EIF4A3;NBAS
prerank,Embryonic Skeletal Joint Development (GO:0072498),-0.6305706233866033,-1.1669995337650987,0.3157894736842105,1.0,1.0,1/5,1.70%,OSR2
prerank,Mitral Valve Morphogenesis (GO:0003183),0.5483325896154975,1.1667729653246601,0.2708333333333333,0.6718577612080703,1.0,3/8,9.16%,SMAD6;EFNA1;ZFPM1
prerank,Regulation Of Heart Rate By Cardiac Conduction (GO:0086091),-0.41227658056575717,-1.166233913115879,0.25862068965517243,1.0,1.0,12/29,18.87%,CACNA1G;KCND3;SCN1B;HCN4;KCNE4;ISL1;CAMK2D;KCNA5;DSC2;PKP2;HCN2;SCN2B
prerank,3'-UTR-mediated mRNA Destabilization (GO:0061158),0.45628667093449043,1.1657268145572313,0.3157894736842105,0.6744118845794634,1.0,4/13,9.26%,DHX36;TRIM71;ZFP36;TARDBP
prerank,Dephosphorylation (GO:0016311),0.27664497177761377,1.1656827175516673,0.12121212121212122,0.6739704694430515,1.0,42/116,27.83%,PTPRB;PTPN5;CTTNBP2NL;PTPN11;PTPN12;FBP1;ILKAP;PTPRM;PPP2R3B;SBF1;ALPP;INPP5K;PPEF1;PPM1A;PPP2CA;PLPPR2;MTM1;THNSL2;PTPN1;PDPR;PPP4R3A;PPP2R5A;PPM1D;PPP2CB;DUSP16;DUSP8;PTPRO;PTPRS;PPP3CC;PTPN22;FBXW11;PTPRC;DUSP3;PPP1CB;PPP4R1;PTPN9;PPP1R12A;CTDSP1;MTMR7;PPM1L;PP2D1;MTMR2
prerank,Peptidyl-Serine Phosphorylation (GO:0018105),0.2689501564377812,1.1655269580891363,0.08333333333333333,0.6737214030597367,1.0,37/129,25.19%,PRKCG;PDGFB;MARK3;PRKCZ;LRRK2;HIPK1;PRKD2;SRPK3;RPS6KB1;MKNK2;TNKS;DYRK3;MAPK9;CAMK2A;PRKD1;CSNK1D;PRKCH;AKT2;RPS6KA3;NEK7;CDK2;SGK1;PRKCQ;PKN2;PRKDC;PRKCD;CSNK1A1;HIPK4;DYRK4;RIPK1;MKNK1;CSNK1G2;TLK2;SMG1;SRPK2;CSNK2A1;RICTOR
prerank,Photoreceptor Cell Differentiation (GO:0046530),0.5947267016845867,1.1647972879091673,0.3469387755102041,0.675284532964123,1.0,3/5,19.11%,STAT3;NKD1;RP1L1
prerank,Phospholipid Biosynthetic Process (GO:0008654),0.37844212685878886,1.1647458127368524,0.3076923076923077,0.6747925342648298,1.0,7/24,19.36%,CLN3;SGMS2;IDI1;FAR1;AGPAT3;FITM1;PIP5K1A
prerank,Interleukin-5-Mediated Signaling Pathway (GO:0038043),-0.6280391716491655,-1.1647156205714906,0.2653061224489796,1.0,1.0,2/5,13.69%,IL5RA;IL5
prerank,Regulation Of Dendritic Cell Apoptotic Process (GO:2000668),-0.6099875696106705,-1.1644461461716598,0.24074074074074073,1.0,1.0,3/7,13.89%,CXCL12;CCR7;CCL21
prerank,Positive Regulation Of Chemotaxis (GO:0050921),0.34480613050430287,1.1644097253132628,0.21621621621621623,0.6751292513763175,1.0,6/32,6.38%,CDH13;PDGFB;DSCAM;XCL1;SEMA5A;PRKD2
prerank,Mesenchyme Morphogenesis (GO:0072132),0.43336679487904384,1.1643413397080533,0.1794871794871795,0.6746509989143467,1.0,5/14,14.67%,TBX2;ACVRL1;APC;ENG;NOS3
prerank,Lipid Catabolic Process (GO:0016042),0.4995150632738257,1.1643016659553111,0.30434782608695654,0.6741354643538454,1.0,3/10,7.37%,CYP1A2;SIRT2;HSD17B14
prerank,Clathrin-Dependent Endocytosis (GO:0072583),0.39229392897427384,1.1640436067441426,0.2619047619047619,0.6742432351423921,1.0,9/24,26.25%,FCHO2;CLTB;GAK;AP2M1;PIP5K1C;AP2B1;GPR107;ITSN2;ITSN1
prerank,Histone mRNA Catabolic Process (GO:0071044),0.4653754498373968,1.1637406110468282,0.2641509433962264,0.6745030969559455,1.0,6/13,24.21%,SSB;TENT2;ERI1;TUT4;LSM1;TUT1
prerank,Positive Regulation Of Macromolecule Metabolic Process (GO:0010604),0.25288558680319645,1.1637396665173554,0.08333333333333333,0.6739003238576827,1.0,64/275,15.32%,ODAM;HSPA1B;NR1H2;WNT3A;CTCFL;KLF2;AMH;FGF1;IL1A;WNT7A;CDH5;DHX36;PPARG;ADTRP;CD36;PDGFB;FGFR4;IFNG;LAMP3;CITED2;NFKBIA;RDX;GPER1;FGF9;RAMP3;DDX3X;SLC11A1;SNCA;KLF4;HSPA1A;EGR1;NFE2L2;PRKN;HPN;RGCC;IL1B;CLDN5;KRAS;DLL4;MAPK9;GSK3A;PF4;OCLN;ANK3;PRKAG1;NKX2-1;FAM98A;ACTG1;PPARGC1A;RELA;LIMS1;CALCOCO1;RPL11;MBIP;WARS1;TTN;CSF1;FGF20;NOS3;SFRP4;MYLK2;FGF17;CD74;PTPN1
prerank,Regulation Of Cell Migration (GO:0030334),0.23820673441145593,1.1637084750557238,0.0,0.6733492977671951,1.0,80/350,15.23%,MYADM;CDH13;CAV1;FAM107A;ACE;MYO1C;SEMA4A;AMH;LDB2;FGF1;CDC42;CDH5;SCAI;TMSB15A;CX3CL1;PDGFB;SLIT2;ANXA1;HBEGF;ACVRL1;NTNG1;CITED2;RUFY3;TNR;RDX;MGAT3;GPER1;FGF9;SEMA5A;DACH1;PARD6B;ULK4;GTPBP4;FUZ;SEMA6D;ARID4A;NEDD9;CLN3;LMNA;CD151;FLT4;SEMA3G;SPHK1;PHACTR1;APC;FLNA;ITGB1;TMEFF2;SHH;IL1B;SEMA3E;ENG;CLDN5;STC1;CORT;CORO1C;PLXND1;VIL1;INSR;EDN1;LGR6;CAMK2A;HACE1;AMOTL2;LIMCH1;FYN;NKX2-1;CARMIL1;ACTG1;AKT2;MYOC;GRB7;CSF1;BRMS1L;FGF20;FZD4;ADAM17;FGF17;CXCL16;CD74
prerank,Mitotic Sister Chromatid Cohesion (GO:0007064),0.44248743768930554,1.163498494634226,0.28205128205128205,0.6732675399643184,1.0,7/17,18.69%,STAG1;NAA50;HDAC8;RB1;PDS5A;NPC1;MAU2
prerank,Dopamine Metabolic Process (GO:0042417),0.46484115234855505,1.163345991713562,0.2564102564102564,0.6729709615998838,1.0,7/10,28.95%,SNCA;PRKN;COMT;ATP7A;SNCAIP;MAOA;TGFB2
prerank,Positive Regulation Of Phosphatase Activity (GO:0010922),0.4024526931122584,1.1632578646695755,0.25,0.6726117423437215,1.0,9/19,25.40%,PPP1R15A;IFNG;CALM3;ITGA1;CD300A;MTMR9;GNA12;RIPK3;GPLD1
prerank,Hyaluronan Catabolic Process (GO:0030214),0.5770023066002935,1.1631010476469712,0.3191489361702128,0.6725308589437204,1.0,3/6,17.59%,HYAL1;CEMIP2;HYAL2
prerank,Cellular Response To Chemical Stress (GO:0062197),0.3185998897267021,1.162997558101774,0.0975609756097561,0.6722987830630667,1.0,15/67,13.33%,CAV1;HSPA1B;SIRT2;LRRK2;MGAT3;DDX3X;SNCA;HSPA1A;NFE2L2;ETV5;PPIA;PRKD1;PPARGC1A;RBX1;ERMP1
prerank,Protein O-linked Glycosylation Via Threonine (GO:0018243),0.5072804990212775,1.1628547639202753,0.27906976744186046,0.6720167187714445,1.0,1/9,0.05%,GALNT13
prerank,Metanephric Mesenchyme Development (GO:0072075),-0.5268794043172808,-1.1624311925073494,0.2653061224489796,1.0,1.0,3/8,7.80%,SIX1;SIX4;WNT4
prerank,IMP Metabolic Process (GO:0046040),-0.5408695772013681,-1.1624029635594333,0.34,1.0,1.0,2/8,14.51%,NT5C1A;AMPD3
prerank,Response To Estrogen (GO:0043627),0.3557934962527077,1.1616485270217902,0.24390243902439024,0.674630619451422,1.0,14/29,26.62%,CAV1;GATA3;CITED2;WBP2;TRIM25;ESR1;RARA;CITED4;ARID5A;SFR1;PELP1;TRIM24;GHRL;BCAS3
prerank,Negative Regulation Of Amide Metabolic Process (GO:0034249),0.29807183650699326,1.1615721001771768,0.23076923076923078,0.6741331651833117,1.0,17/70,16.82%,IGF2BP2;NANOS3;DHX36;ZAR1;TRIM71;DDX3X;DAPK1;ORMDL3;SPHK1;DAPK3;TIA1;GZMB;RTN1;GRB7;CNOT10;CNOT9;ORMDL1
prerank,cGMP Biosynthetic Process (GO:0006182),-0.6198983186979838,-1.1614648829457725,0.3488372093023256,1.0,1.0,1/5,4.88%,GUCY2F
prerank,Phosphatidylcholine Biosynthetic Process (GO:0006656),0.4615127196146963,1.1612870665319912,0.2608695652173913,0.6742649258752806,1.0,5/14,11.83%,LCAT;SLC44A3;SLC44A2;CHKA;MFSD2A
prerank,Mitochondrial Calcium Ion Homeostasis (GO:0051560),0.4203764095603502,1.1609832047942585,0.19230769230769232,0.6744717866844029,1.0,6/18,24.23%,FATE1;C19ORF12;BCAP31;ATP2A1;MCU;MICU3
prerank,Regulation Of ER To Golgi Vesicle-Mediated Transport (GO:0060628),0.47502063682076107,1.160772711718924,0.3488372093023256,0.6743772148350928,1.0,5/8,36.89%,LRRK2;PGAP1;STX18;SCFD1;TBC1D20
prerank,Regulation Of Gene Expression (GO:0010468),0.22580084590405278,1.1603844767982325,0.0,0.6749596120914395,1.0,245/863,24.66%,UPK3B;MYADM;BTNL9;AFF3;ODAM;NFILZ;SRRM4;HSPA1B;BTNL3;WNT3A;CTCFL;IHH;IGF2BP2;AMH;ZNF683;FGF1;IL1A;GATA3;CDH5;DHX36;SIRT2;PPARG;ADTRP;CD36;LRRC19;PDGFB;MLXIPL;WWC2;NFKBID;TRIM71;FGFR4;ERC1;IFNG;ACVRL1;LAMP3;CITED2;DDIT3;WWP2;RDX;TCF7L1;SRRT;GPER1;FGF9;RAMP3;DDX3X;AHNAK;SLC11A1;TXK;KLF4;HSPA1A;PLAG1;EGR1;ANKRA2;NFE2L2;SOX7;FOXP1;ZNF66;PRKN;SH3GL2;MLF1;HPN;SOX17;BCL6B;RGCC;ATOH8;SHH;DAPK3;IL1B;ENG;SOX13;NFKB2;CREB3L1;CLDN5;BACH1;USP22;TEAD2;KRAS;SLC8A2;DLL4;NDFIP1;NFKBIZ;TARDBP;PSPC1;EZHIP;ATRAID;PQBP1;DLX4;BTNL8;INSR;PER1;MAPK9;TAF6L;SGF29;LARP4;UTP4;ILDR2;GSK3A;CCNL2;MLF2;PPP2CA;PF4;ASCC1;CDK11A;ZNF460;OCLN;ANK3;PRKAG1;ZFPL1;KDM4A;NKX2-1;FAM98A;MSR1;CHMP1A;ACTG1;KAT6B;PPARGC1A;RELA;LIMS1;CALCOCO1;RPL11;DAXX;SKOR1;RYBP;NOCT;TIPARP;BAZ2A;MBIP;ESR1;WARS1;TTN;AFF4;ASH1L;CSF1;MCRS1;RB1;CHD4;FGF20;SETDB1;NOS3;SFRP4;MYLK2;FGF17;NCOA2;PRKAR1A;CD74;APLN;ZNF131;CDK2;MBNL3;ZNF350;HDAC4;RBBP4;BPTF;WWTR1;JADE2;GPBP1;WTIP;CAVIN4;ZNF268;PHF19;STAT3;MATR3;CLK1;SIRT1;PITX3;PRKCQ;RAB27A;SNF8;SUPT3H;PTBP1;INHBA;NPC1;SLC26A9;ZNF682;CDK3;ATP2B4;MED23;PPP2CB;PTBP2;ZBTB11;TRIP4;ZNF90;SLC39A8;PHB1;SPIN4;ZBTB49;HNRNPA1;HOXA5;RORA;VPS72;KANSL3;MEAF6;POU1F1;MAP2K1;ZNF117;NFYC;BRAF;PPARGC1B;DMTF1;OXSR1;BTN2A1;TOB1;DVL2;SCRT1;NTRK3;RREB1;MAZ;REXO4;KDR;RIPK1;CELF1;ZBTB37;SCRT2;MITF;PTPN22;ZNF708;VSIR;PTPRC;RBL2;KDM6B;CREBBP;TRA2B;STX3;PEG3;ZC3H7A;MSL3;ERMAP;SNRNP70;NKX3-1;ZBTB45;HMG20A;GCFC2;BAZ1A;ZPR1;MTF2;MSL1;PSEN1;JMJD1C;ZNF580;YBX1;SRPK2;ZFP36L1;SPIN2A;ACVR1B;STC2
prerank,Negative Regulation Of T Cell Mediated Immunity (GO:0002710),0.5238493847863528,1.160014139845876,0.30434782608695654,0.6752654904966602,1.0,5/8,22.43%,KLRD1;XCL1;KLRC1;SMAD7;PTPRC
prerank,Protein Localization To Nuclear Envelope (GO:0090435),0.6069712283901233,1.1600063631328679,0.3488372093023256,0.6747075520807756,1.0,2/5,8.60%,LMNA;NUTF2
prerank,Folic Acid Metabolic Process (GO:0046655),0.5065660991342963,1.159990903708022,0.3333333333333333,0.6741880975448165,1.0,3/8,14.56%,SLC19A1;MTHFD2L;MTRR
prerank,Sensory Perception Of Pain (GO:0019233),0.5046488322496333,1.159943822763142,0.3181818181818182,0.6736695575414912,1.0,4/9,15.67%,MRGPRX2;MME;CHRNB2;SCN9A
prerank,Regulation Of Actin Cytoskeleton Reorganization (GO:2000249),0.38941662690884715,1.1596598060669894,0.25,0.6738756684321172,1.0,6/22,12.77%,TEK;DAPK3;HCK;SEMA3E;CARMIL1;FES
prerank,Steroid Hormone Biosynthetic Process (GO:0120178),-0.5170593620650281,-1.1595695454338215,0.27450980392156865,1.0,1.0,3/10,5.55%,CYP19A1;SRD5A2;HSD3B2
prerank,Regulation Of Actin Filament Length (GO:0030832),-0.5489736675008479,-1.1595478275449964,0.2698412698412698,1.0,1.0,5/8,25.13%,CXCL12;NEB;EPS8;MYO3A;TMSB4Y
prerank,Secondary Alcohol Biosynthetic Process (GO:1902653),0.39076325782900484,1.1590382473009995,0.24390243902439024,0.6751286694202474,1.0,4/17,7.22%,HMGCR;HMGCS1;HSD17B7;ARV1
prerank,Positive Regulation Of Nervous System Process (GO:0031646),0.4441552500913173,1.1589799229194182,0.2894736842105263,0.6746854074695137,1.0,2/13,0.49%,EGR2;MYRF
prerank,Synaptic Vesicle Endocytosis (GO:0048488),0.36049916347266975,1.15886516235461,0.30612244897959184,0.6743424865090644,1.0,14/30,26.25%,OPHN1;DNM3;FCHO2;SNCA;SH3GL2;SNCG;VAMP2;SH3GL1;GAK;AP2M1;PIP5K1C;AP2B1;ITSN2;ITSN1
prerank,Negative Chemotaxis (GO:0050919),0.40465370246422544,1.158515245050865,0.29411764705882354,0.6749078858490141,1.0,7/25,10.61%,SEMA6A;SEMA4A;SLIT2;SEMA6D;SEMA3G;SEMA3E;LGR6
prerank,Glycerophospholipid Catabolic Process (GO:0046475),-0.43252187044483836,-1.1579051851774884,0.25,1.0,1.0,6/18,18.11%,PLA2G7;ENPP2;PLA2G4D;ABHD12B;PLA2G4A;PNPLA8
prerank,Regulation Of Fatty Acid Biosynthetic Process (GO:0042304),0.3892801338982504,1.1577387636324616,0.2558139534883721,0.676602844544004,1.0,3/22,2.70%,NR1H2;SIRT2;MLXIPL
prerank,Visual Perception (GO:0007601),0.30325863663152103,1.1576652680451107,0.13793103448275862,0.6761722568262596,1.0,21/68,17.46%,RGS9BP;RS1;CRYBB2;KIFC3;RGS16;ARRB1;GNAT1;NXNL2;CACNA1F;CRYBB3;CABP4;ZIC2;CHRNB2;PDE6C;PITPNA;GUCA1B;SLC4A10;RABGGTB;ADGRV1;WFS1;OPA1
prerank,Regulation Of Nervous System Development (GO:0051960),0.3634496939746318,1.1575525411686798,0.3076923076923077,0.6759036466072895,1.0,15/33,26.37%,CX3CR1;SIRT2;CX3CL1;DOCK7;IL1B;S100A10;HES7;LGI4;GBX1;NPHP3;ZPR1;CTNNB1;HES1;ELAPOR2;BHLHE41
prerank,Regulation Of Vesicle-Mediated Transport (GO:0060627),0.3248707346299104,1.1575201216194435,0.23076923076923078,0.6753505109568759,1.0,16/65,17.23%,CDH13;SLC30A8;TSC2;OPHN1;LRRK2;RAB17;PLD1;SPHK1;ARFGAP3;ZFYVE16;FES;RAB5B;RUFY1;PTPN1;RAB8B;VAMP2
prerank,Acute-Phase Response (GO:0006953),0.5339452921075176,1.1572447644040575,0.25,0.6754668745692942,1.0,4/8,29.47%,ITIH4;SIGIRR;IL6R;APOL2
prerank,Calcium Import Into The Mitochondrion (GO:0036444),0.5483583614210004,1.1572344386256792,0.38095238095238093,0.6748779758120411,1.0,4/7,38.48%,MCU;MICU3;MAIP1;MICU1
prerank,Glycerophospholipid Biosynthetic Process (GO:0046474),0.2989796516707235,1.1568379118346372,0.25925925925925924,0.6752046460390884,1.0,24/87,20.53%,LCAT;SLC44A3;CLN3;PLD1;PITPNM2;PNPLA3;DGKE;SLC44A2;FAR1;ABHD5;INPP5K;CHKA;PIK3C2A;MFSD2A;MTM1;AGPAT3;SACM1L;FIG4;PGS1;GPAM;PIP5K1B;DGKD;PIP5K1A;SLC27A1
prerank,Negative Regulation Of Nitric Oxide Metabolic Process (GO:1904406),0.5740758566432095,1.156820948396406,0.3333333333333333,0.6740673886780496,1.0,1/6,0.27%,CAV1
prerank,Negative Regulation Of Nitric Oxide Biosynthetic Process (GO:0045019),0.5740758566432095,1.156820948396406,0.3333333333333333,0.6740673886780496,1.0,1/6,0.27%,CAV1
prerank,Response To Heparin (GO:0071503),0.6132466094257767,1.1567228974886785,0.34,0.6737652613546464,1.0,3/5,5.76%,GPIHBP1;SLIT2;EGR1
prerank,Transcription Elongation By RNA Polymerase II (GO:0006368),0.38885205701163766,1.1565526014727991,0.24324324324324326,0.6736114478873032,1.0,12/23,38.78%,CDC73;ERCC3;PCID2;CDK9;ELP4;SRCAP;RTF1;SUPT6H;USP15;IWS1;ELP2;SKIC8
prerank,B Cell Differentiation (GO:0030183),-0.35402977784448236,-1.156411704813592,0.2459016393442623,1.0,1.0,11/40,20.05%,IFNE;CR2;BLNK;IL11;IL10;DNAJB9;JAK3;HDAC9;SYVN1;PIK3R3;ADGRG3
prerank,Positive Regulation Of Nitric Oxide Biosynthetic Process (GO:0045429),0.4185256087248545,1.156007324960806,0.24,0.6741715967906028,1.0,8/21,10.31%,KLF2;CD36;IFNG;KLF4;AGTR2;IL1B;INSR;EDN1
prerank,Sodium Ion Export Across Plasma Membrane (GO:0036376),-0.5975021554903518,-1.1559400774812452,0.32,1.0,1.0,5/7,23.87%,ATP1B2;SLC4A4;ATP1B3;ATP1A1;SLC9A1
prerank,Regulation Of Potassium Ion Transport (GO:0043266),0.4144396497012578,1.1555821845909418,0.2894736842105263,0.6746693027338103,1.0,7/21,11.46%,FHL1;VIP;NOS1;KCNAB3;GNB2;KCNIP2;ANK3
prerank,Excitatory Chemical Synaptic Transmission (GO:0098976),-0.5712679291597733,-1.1555012258106572,0.3387096774193548,1.0,1.0,3/6,22.86%,SHISA6;GRIN2A;PDLIM4
prerank,Determination Of Bilateral Symmetry (GO:0009855),-0.45894332828959417,-1.1553868607075906,0.27450980392156865,1.0,1.0,8/17,21.38%,FOXJ1;CFAP53;DNAH11;STIL;PIERCE1;DNAH5;DNAAF4;KIF3B
prerank,Regulation Of T Cell Apoptotic Process (GO:0070232),0.5404854772034202,1.154844121121907,0.29411764705882354,0.676222552652871,1.0,4/6,23.47%,PRKD2;CD274;PRKCQ;RIPK3
prerank,Protein K11-linked Deubiquitination (GO:0035871),0.5672702586620293,1.1545415019290968,0.2857142857142857,0.676337155298317,1.0,1/7,4.08%,USP30
prerank,Cilium Organization (GO:0044782),-0.2888454732914551,-1.1538793960261786,0.1891891891891892,1.0,1.0,57/188,22.98%,CCNO;FOXJ1;CCDC113;ROPN1B;TEKT5;UBXN10;CIBAR2;KIF24;CFAP47;MNS1;IQUB;CCDC96;CFAP61;CFAP58;CFAP54;CFAP126;CEP250;CLUAP1;CATIP;IFT46;TMEM216;OFD1;CEP126;RAB23;CFAP43;TEKT2;KIAA0753;DUSP23;TTC39C;DNMBP;UNC119B;TMEM231;DZIP1;CDC14B;HYLS1;FAM161A;DNAH5;POC1A;CEP164;IFT43;DNAAF1;GSN;MKS1;TRAF3IP1;CFAP70;HOATZ;CPLANE2;IFT140;ARL3;RFX3;KIF3B;TMEM67;CFAP298;CEP19;IQCG;CIBAR1;NEK1
prerank,Aspartate Family Amino Acid Metabolic Process (GO:0009066),0.47893411943040726,1.153624777001663,0.29545454545454547,0.6778249659515676,1.0,1/11,0.15%,ASPG
prerank,Peripheral Nervous System Development (GO:0007422),-0.4546939004281521,-1.1535416365675222,0.25925925925925924,1.0,1.0,6/17,14.19%,ADGRB2;GDNF;ARTN;ASIC2;UGT8;GFRA3
prerank,Regulation Of Extent Of Cell Growth (GO:0061387),-0.6256913768256656,-1.153195331388658,0.40816326530612246,1.0,1.0,3/6,19.27%,APOE;SIN3A;OLFM1
prerank,Regulation Of Delayed Rectifier Potassium Channel Activity (GO:1902259),-0.4882434990813277,-1.1529004846451507,0.2692307692307692,1.0,1.0,5/13,16.33%,KCNS2;KCNE4;KCNRG;SUMO1;NOS1AP
prerank,Positive Regulation Of Cell Differentiation (GO:0045597),-0.2978657078405689,-1.1526989525193412,0.14666666666666667,1.0,1.0,54/220,17.03%,SFRP2;CCN4;MEDAG;TWIST1;TP63;GDNF;SOX11;IGF1;LTF;BEND6;ALX1;SFRP1;COL1A1;MYF6;BOC;BRINP3;TCF4;FBN2;WNT4;FOXC1;BMPR1B;DPF3;MDK;LAMA2;LEF1;SOX9;ECT2;APOB;TMEM119;ISL1;NID1;RBM24;GDF3;ADRA2C;TRIM32;XBP1;GDF6;ZNF703;SLC6A6;SP7;LOXL2;KCTD11;ARHGEF2;LRP3;LRG1;FRZB;BMP7;SCUBE3;REST;SNAI1;CDS1;LAMC1;LRRC8A;BRINP2
prerank,"tRNA Splicing, Via Endonucleolytic Cleavage And Ligation (GO:0006388)",0.5071771789524661,1.152521653864232,0.2926829268292683,0.6799840650661537,1.0,4/9,30.19%,FAM98A;TSEN54;RTRAF;DDX1
prerank,Regulation Of Fibrinolysis (GO:0051917),0.45187934727821694,1.1520014232546723,0.37209302325581395,0.6808540920158086,1.0,4/12,19.68%,F11;KLKB1;THBD;USF1
prerank,Acylglycerol Biosynthetic Process (GO:0046463),0.4510130429087616,1.1518358230738528,0.18421052631578946,0.6807686133164351,1.0,10/16,32.39%,MOGAT1;PNPLA3;LPIN2;GPAM;DGAT1;PLCE1;GPAT3;AWAT2;LPIN3;ANG
prerank,Cell Morphogenesis Involved In Differentiation (GO:0000904),0.4199830178013334,1.1518321777303853,0.3548387096774194,0.6801822493084106,1.0,11/21,27.57%,OPHN1;SIPA1L3;DACT2;UNK;RB1;METTL3;SIPA1;ARL13B;TBCD;ATF4;RILPL1
prerank,Positive Regulation Of Intracellular Signal Transduction (GO:1902533),0.24369854998450247,1.1517375774094696,0.0,0.6798288805370002,1.0,88/400,18.39%,RTKN2;CDH13;CAV1;TEK;MYO1C;CX3CR1;AMH;FGF1;GATA3;FFAR4;VWF;DHX36;CLEC6A;PPARG;CX3CL1;LRRC19;PDGFB;NUPR1;TCF7L2;HBEGF;TRIM34;DDIT3;ADRB2;MIB2;GPER1;SEMA5A;RAMP3;DDX3X;C1QTNF4;FLT4;PRKD2;SPHK1;PRKN;FLNA;ITGB1;S100A4;RUNDC3A;IL1B;FGFR2;SEMA3E;ENG;PPIA;MAP3K3;SLC44A2;BCL10;MALT1;FASLG;NDFIP1;TICAM2;SHISA5;INSR;TRIM58;JCAD;PPM1A;TRAF5;CAV2;TNFRSF1A;DOK2;TRIM25;RBCK1;ILK;PRKD1;RELA;LIMS1;MYOC;AXL;GET1;HCST;NEDD4;TRIM56;LAMTOR1;ADGRV1;RPL37;CD74;ADRA1D;TLR7;BCAP31;RBPMS;DOK6;RAF1;SIRT1;TCIM;RHOC;NFAT5;ITGAV;HSP90AA1;PHB1;TFG
prerank,Positive Regulation Of Wnt Signaling Pathway (GO:0030177),0.2888273534144966,1.1515924218557756,0.18181818181818182,0.6796957066915092,1.0,23/94,14.83%,CAV1;WNT3A;TBL1X;SCEL;CDC73;LRRK2;SEMA5A;DDX3X;JUP;DAPK3;FGFR2;TNKS;LGR5;RSPO1;PPM1A;LGR6;ATP6V0C;ILK;CSNK1D;VCP;LYPD6;SFRP4;ZEB2
prerank,Cell Migration Involved In Sprouting Angiogenesis (GO:0002042),-0.48540729226158863,-1.1515456177496874,0.2857142857142857,1.0,1.0,1/12,0.05%,GREM1
prerank,Dendritic Spine Organization (GO:0097061),0.39630430045256915,1.151390819400809,0.24444444444444444,0.6795871392884124,1.0,7/21,11.85%,WNT7A;CDC42;SHANK3;ITGA3;NOL3;INSR;FYN
prerank,Cellular Response To Osmotic Stress (GO:0071470),-0.43006533487537657,-1.151178908863717,0.2653061224489796,1.0,1.0,7/19,14.32%,SLC4A11;AQP5;TRPV4;WNK3;LRRC8E;LRRC8D;ARHGEF2
prerank,Regulation Of Translation (GO:0006417),0.26583182662437466,1.1510566841097027,0.12,0.6799293571497254,1.0,37/165,19.35%,IGF2BP2;EIF1;NANOS3;DHX36;ZAR1;TRIM71;PIWIL2;DDX3X;RPL26;SSB;DAPK1;PLD1;CIRBP;EIF3C;RPS6KB1;DAPK3;TIA1;LARP6;ZNF385A;EIF3D;GZMB;LARP4;TCOF1;TENT5B;VIM;GRB7;RPS6KA3;EIF4H;METTL3;LARP4B;CNOT10;CNOT9;PRKDC;BCL3;EIF1B;EIF4A3;EIF2S1
prerank,Regulation Of Cell Development (GO:0060284),0.328845764735475,1.1509506606944528,0.20454545454545456,0.6795652496061162,1.0,7/39,12.47%,CX3CR1;CX3CL1;DOCK7;IL1B;S100A10;HES7;KAT6B
prerank,Plasma Membrane Tubulation (GO:0097320),0.45024576519992054,1.1509445578354565,0.2631578947368421,0.6789950889600338,1.0,4/12,27.38%,CAVIN2;EHD2;CHMP4A;BIN3
prerank,Rap Protein Signal Transduction (GO:0032486),0.511665873147748,1.1508496554126653,0.25,0.6786445518435692,1.0,7/9,35.86%,SGSM3;RAP2A;RAPGEF3;RAP1A;RAPGEF2;RAPGEF1;RAP1B
prerank,Sphingoid Metabolic Process (GO:0046519),-0.4849647439700907,-1.1508139422202974,0.3508771929824561,1.0,1.0,4/11,14.78%,PLPP2;SGPP2;DEGS2;PLPP1
prerank,Regulation Of Stem Cell Division (GO:2000035),-0.5598605765445417,-1.150207858028085,0.3148148148148148,1.0,1.0,2/7,15.52%,SFRP2;PRDM15
prerank,Regulation Of Immune Response (GO:0050776),-0.3596740125848255,-1.1500125397655443,0.21311475409836064,1.0,1.0,5/53,4.98%,FCRLB;COL3A1;CXCL13;AHR;FOXP3
prerank,Regulation Of Stem Cell Proliferation (GO:0072091),-0.5035422728726283,-1.1498153325022196,0.34,1.0,1.0,3/11,12.41%,SOX11;HMGA2;EPCAM
prerank,Plasma Membrane Organization (GO:0007009),0.31713064624554954,1.149786113469255,0.25925925925925924,0.6809646834288701,1.0,15/54,20.71%,CAV3;SPTBN1;CAVIN2;DEGS1;CLN3;ARV1;PLSCR3;PLSCR4;ANK3;CHMP1A;EPB41L3;BIN2;OSBPL2;EHD2;MYMX
prerank,Regulation Of Autophagy (GO:0010506),0.25164210847719026,1.149341018811375,0.05263157894736842,0.6813648929523131,1.0,34/198,15.55%,DAPK2;SIRT2;NUPR1;IFNG;LAMP3;TRIM34;FKBP8;DDIT3;LRRK2;KIF25;ATP6V0A1;DAPK1;ORMDL3;PRKN;DAPK3;SNX32;CAPNS1;CDK16;UVRAG;TRIM58;PIK3C2A;GSK3A;EXOC7;ATP6V0C;KDM4A;FZD5;PRKD1;SREBF2;BAD;OPTN;ATP6V1A;NEDD4;RMC1;WAC
prerank,Positive Regulation Of Cysteine-Type Endopeptidase Activity (GO:2001056),0.2980401482902144,1.1492605720041107,0.17647058823529413,0.6809526503953854,1.0,14/48,18.30%,GPER1;DDX3X;ARL6IP5;DAPK1;SOX7;UACA;BCL10;MALT1;NLRC4;FYN;BAD;BCAP31;SIRT1;NDUFA13
prerank,Positive Regulation Of RNA Binding (GO:1905216),0.6080415960897632,1.148918621648245,0.3125,0.681182708686061,1.0,2/5,9.17%,LARP6;EIF3D
prerank,rRNA Base Methylation (GO:0070475),0.5828272251308901,1.148861762335204,0.3409090909090909,0.6808197054913598,1.0,6/6,41.74%,NOP2;FDXACB1;METTL15;METTL16;NSUN5;EMG1
prerank,Cellular Response To Organic Substance (GO:0071310),0.32030160666517354,1.14868436404704,0.2702702702702703,0.6806869354681397,1.0,15/57,10.31%,NR1H4;MME;FFAR4;SLIT2;ROBO2;SLC1A1;RAMP3;GHR;ARL6IP5;SOCS2;CLEC3B;IL1B;NPFFR1;INPP5K;EDN1
prerank,Odontogenesis Of Dentin-Containing Tooth (GO:0042475),-0.5050646149242626,-1.1484618986209745,0.3148148148148148,1.0,1.0,3/10,8.10%,AMTN;WNT6;FOXC1
prerank,Macromolecule Catabolic Process (GO:0009057),0.2984609604360054,1.148406855301391,0.2,0.6808079601923509,1.0,21/70,26.63%,DNASE1L3;CAPN3;DENND3;PRKN;LRSAM1;UVRAG;CASP7;SIDT2;NEDD4;PPT1;USE1;DNASE1L1;RNASEH2C;REXO4;RIPK1;RNF5;EXOSC9;SLC16A3;TREX2;TRIM24;SIAH1
prerank,Regulation Of miRNA Metabolic Process (GO:2000628),0.5495679618086502,1.1482960747424313,0.2857142857142857,0.680603039345643,1.0,2/7,12.66%,DDX5;RELA
prerank,Axonal Fasciculation (GO:0007413),0.5454047274391907,1.1479114476013532,0.2641509433962264,0.6809409050282024,1.0,2/7,5.07%,CRTAC1;SEMA5A
prerank,Regulation Of Neuron Death (GO:1901214),0.32487544561999465,1.1478798049469199,0.22857142857142856,0.6804230764824564,1.0,12/45,13.78%,GRID2;IFNG;UBB;LRRK2;SNCA;EGR1;PCSK9;PRKN;SNCG;FYN;DAXX;CSF1
prerank,Regulation Of Basement Membrane Organization (GO:0110011),-0.6617493418380471,-1.1478557119819148,0.32142857142857145,1.0,1.0,4/5,22.58%,LAMA2;NID1;LAMC1;LAMB2
prerank,Negative Regulation Of Myoblast Differentiation (GO:0045662),0.5315149542245825,1.1478436609934595,0.3076923076923077,0.6800384974608815,1.0,3/10,12.06%,SOSTDC1;TBX3;PRICKLE1
prerank,Protein Peptidyl-Prolyl Isomerization (GO:0000413),-0.5142253380300738,-1.1477619943292914,0.2698412698412698,1.0,1.0,5/11,18.01%,PPIL6;PPIL1;PPIF;PPID;PPIC
prerank,BMP Signaling Pathway (GO:0030509),0.3059374897512424,1.1476611550631395,0.1794871794871795,0.6800032528895198,1.0,15/53,17.20%,DDX5;PPARG;TMEM100;TGFBR3;ACVRL1;SMAD6;ENG;LEFTY2;LEFTY1;GDF5;GDF10;SMAD9;AMHR2;HIVEP1;INHBA
prerank,Intracellular Steroid Hormone Receptor Signaling Pathway (GO:0030518),0.3580663075484452,1.1475994381993808,0.1891891891891892,0.6795596138370362,1.0,12/34,25.24%,DDX5;GPER1;WBP2;CALCOCO1;DAXX;ESR1;NEDD4;TRIP4;PHB1;PPARGC1B;NKX3-1;KDM3A
prerank,Cell-Substrate Junction Assembly (GO:0007044),-0.4400925484509719,-1.147418655633915,0.26666666666666666,1.0,1.0,2/21,1.85%,COL17A1;THY1
prerank,Lipid Phosphorylation (GO:0046834),0.5282778821402999,1.1473528418286525,0.3,0.6797288883506494,1.0,3/7,27.16%,DGKE;DGKD;DGKH
prerank,Regulation Of Receptor Binding (GO:1900120),-0.5503181159088268,-1.1472336445757625,0.33962264150943394,1.0,1.0,4/7,20.17%,ADIPOQ;GREM2;ATP2A2;ATP2A3
prerank,Neuromuscular Process Controlling Balance (GO:0050885),-0.5210003283824454,-1.147047152598261,0.3333333333333333,1.0,1.0,3/8,8.64%,USH1C;USH1G;SHANK1
prerank,Actin-Myosin Filament Sliding (GO:0033275),0.5060357579153439,1.1460389704652432,0.2916666666666667,0.6824763819775035,1.0,4/7,10.45%,MYL1;TNNT2;MYH2;MYL6
prerank,Regulation Of Establishment Of Protein Localization (GO:0070201),0.45280990293753703,1.1453949603830351,0.22641509433962265,0.6834457626143425,1.0,5/12,29.53%,CEP135;CEP120;CEP295;GAPVD1;SPIDR
prerank,Proteasome-Mediated Ubiquitin-Dependent Protein Catabolic Process (GO:0043161),0.2400302859570202,1.1448675309624272,0.0,0.684197996649852,1.0,76/261,27.97%,TBL1X;ATXN3;SIRT2;TRIM71;ANAPC10;TBX21;DDIT3;RMND5B;WWP2;ARRB1;NEDD4L;NFE2L2;PRKN;APC;RNF216;UBE4A;HECTD1;PSMC2;ZNRF1;FBXO2;TMUB2;GSK3A;PSMD11;ANAPC15;TRIM25;RBCK1;USP44;KLHDC1;PSMD3;SGTA;VCP;KCTD13;RBX1;COP1;SPOP;TNFAIP1;MAEA;PSMC6;PSMD8;ANAPC11;UBE2J2;WFS1;SIRT1;FAM8A1;TRIP4;RFFL;WDR26;ANAPC7;PSMD12;LTN1;PSMA7;UBE2A;SELENOS;UBR3;TBL1XR1;CSNK1A1;KLHDC2;FBXW11;RNF5;ANAPC2;CUL1;UBE2G2;CTNNB1;DERL2;SMURF2;PSMB7;SKP1;FBXO3;FBXO38;SIAH1;UBR1;PSMD4;PELI1;CUL4A;GSK3B;RNF34
prerank,Positive Regulation Of Translational Initiation (GO:0045948),0.48042251988716655,1.1448614521542078,0.30434782608695654,0.6836211012057966,1.0,3/12,7.59%,DDX3X;EIF2B5;RPS6KB1
prerank,Cranial Nerve Development (GO:0021545),-0.5148545874709344,-1.144851557000391,0.29545454545454547,1.0,1.0,2/8,10.68%,TFAP2A;ISL1
prerank,Regulation Of mRNA Polyadenylation (GO:1900363),0.4869832689427801,1.1448238145308665,0.3181818181818182,0.6831527514833409,1.0,2/10,7.15%,HSF1;CPSF6
prerank,Cartilage Development (GO:0051216),-0.36542015512478443,-1.1442927012300095,0.19298245614035087,1.0,1.0,8/42,11.29%,EPYC;OSR2;CHI3L1;SULF1;HMGA2;TRPV4;SOX9;SLC39A14
prerank,Regulation Of ERBB Signaling Pathway (GO:1901184),0.4890162182961976,1.1442847984688211,0.35714285714285715,0.6838555622920095,1.0,2/11,5.85%,MVB12B;PTPN12
prerank,Negative Regulation Of Neuron Projection Development (GO:0010977),-0.3735505495238669,-1.144116349562688,0.28125,1.0,1.0,15/44,15.62%,THY1;STMN2;EFNB3;NGEF;TRPV4;MINAR1;ITM2C;KIAA0319;LPAR1;RTN4RL2;APOE;TSKU;BCL11A;RTN4RL1;SEMA3A
prerank,Regulation Of Primary Metabolic Process (GO:0080090),0.33611960274101316,1.1440883209544153,0.25,0.6838293067130271,1.0,6/35,5.54%,PSAPL1;PPARG;ANGPTL8;FGFR4;GPS2;LDLR
prerank,Positive Regulation Of Cyclase Activity (GO:0031281),0.5298217072946856,1.1438300407838016,0.3488372093023256,0.6838150177615957,1.0,4/8,28.76%,NOS1;NOS3;CACNA1C;STIM1
prerank,Positive Regulation Of Interleukin-6 Production (GO:0032755),-0.3556206520535708,-1.1437357401011536,0.2692307692307692,1.0,1.0,12/56,14.32%,MMP8;LEP;POU2AF1;WNT5A;TWIST1;INAVA;ISL1;F2RL1;XBP1;EREG;TNFSF4;ARHGEF2
prerank,Alpha-Amino Acid Metabolic Process (GO:1901605),0.36867697288207296,1.1437155172842688,0.20512820512820512,0.6834672030841548,1.0,7/25,14.56%,ASPG;RIMKLA;ALDH6A1;SLC25A2;RIMKLB;KMO;MTRR
prerank,Aortic Valve Development (GO:0003176),0.36406325235866677,1.1435536221595881,0.26666666666666666,0.6833580219150295,1.0,11/32,14.67%,GATA3;SLIT2;ROBO2;TIE1;SMAD6;EFNA1;DLL4;TNFRSF1A;ELN;RB1;NOS3
prerank,Anterograde Trans-Synaptic Signaling (GO:0098916),-0.30101064243805875,-1.1435502327003741,0.24675324675324675,1.0,1.0,31/134,14.47%,HTR2A;GABBR2;NPTX2;GABRP;CHRNB4;SYT5;HTR3A;PNOC;CACNA1E;HTR2B;CHRNA6;GABRQ;HTR4;GRM7;NRXN2;KCNMB1;AMPH;ASIC2;KCNA1;SLC1A3;CHRNA5;GPR176;GRIN2A;DLG3;NLGN2;PDE7B;CHRNA9;LPAR3;SYN1;OMP;DOC2A
prerank,Positive Regulation Of Cilium Assembly (GO:0045724),0.4079038255172084,1.1427515394619125,0.32558139534883723,0.6849020839769283,1.0,11/18,35.99%,CEP135;FUZ;MARK4;TAPT1;CEP120;HTT;GSK3B;BBS4;WRAP73;CCDC88A;IFT88
prerank,Cell-Cell Adhesion Via Plasma-Membrane Adhesion Molecules (GO:0098742),-0.304486153372078,-1.1426437459830945,0.2318840579710145,1.0,1.0,50/129,22.24%,FAT2;CDH3;CLDN10;CD177;CLDN14;CDH17;CD209;CLDN2;TENM4;NECTIN1;SDK2;TENM3;CDH2;LRFN5;CEACAM6;LRRC4C;CLDN16;CELSR2;CLDN12;HMCN1;CLDN1;CDH22;LRRC4;NECTIN4;CEACAM5;CLDN8;CD84;CADM3;PTPRD;PCDHGC3;ITGB2;FAT4;CDHR3;CDH4;SCARF2;SLITRK3;IGSF21;CDH26;EMB;MPZL2;SDK1;CDH11;PCDHA7;FGFRL1;CADM4;DSG2;SELL;PCDHB3;LRFN4;PALLD
prerank,Positive Regulation Of Ras Protein Signal Transduction (GO:0046579),-0.38877813581019044,-1.142409743982975,0.21666666666666667,1.0,1.0,8/39,10.97%,COL3A1;F2RL2;AUTS2;IGF1;MAP4K4;LPAR4;LPAR1;F2RL1
prerank,"Nuclear-Transcribed mRNA Catabolic Process, Deadenylation-Dependent Decay (GO:0000288)",0.3525064758001509,1.14238959170231,0.1951219512195122,0.6852077735183731,1.0,11/34,24.95%,CNOT4;ZFP36;PABPN1L;CNOT3;CNOT10;CNOT9;TUT4;LSM1;EXOSC9;SAMD4A;CNOT8
prerank,Positive Regulation Of Nitric Oxide Metabolic Process (GO:1904407),0.4164101540592186,1.1423814562884127,0.2708333333333333,0.6846699957387625,1.0,8/22,10.31%,KLF2;CD36;IFNG;KLF4;AGTR2;IL1B;INSR;EDN1
prerank,Branching Morphogenesis Of An Epithelial Tube (GO:0048754),0.33920450859590096,1.1422345853134428,0.22857142857142856,0.6844889979126595,1.0,9/33,11.99%,NOTCH4;SLIT2;TIE1;SHH;SEMA3E;ENG;DLL4;LRP5;NKX2-1
prerank,Sodium Ion Transmembrane Transport (GO:0035725),-0.3421410855308496,-1.142116428933782,0.23529411764705882,1.0,1.0,24/60,21.27%,ATP12A;SLC9A4;SLC24A2;SCN1B;HCN4;SLC6A17;SLC6A11;ASIC2;SLC12A3;SLC6A6;ATP1B2;SLC9A5;HCN2;SLC4A4;SCN2B;ATP1B3;SCN4A;SLC6A9;SCNN1B;KCNK1;SCNN1G;SLC24A3;SLC4A8;SLC9A9
prerank,Calcium Ion Homeostasis (GO:0055074),-0.3501027665048055,-1.1419869737277575,0.26865671641791045,1.0,1.0,25/70,20.73%,HTR2A;SLC24A2;CCL1;HTR2B;CCL13;EDN2;ATP13A3;CIB2;JPH2;TRPV4;CCL11;PLN;CXCL12;TRPA1;CALCB;SLC24A5;CSRP3;ATP2A2;CCR2;SLC30A1;CASQ2;ATP2A3;SLC24A3;CCL8;CCR1
prerank,Cardioblast Differentiation (GO:0010002),-0.594931127390519,-1.141787114701034,0.23636363636363636,1.0,1.0,3/5,20.65%,MYOCD;REST;RBPJ
prerank,Membrane Protein Intracellular Domain Proteolysis (GO:0031293),-0.5145731250828005,-1.1417715650413585,0.24,1.0,1.0,1/11,0.38%,MMP7
prerank,Axon Development (GO:0061564),0.2964945761862673,1.141695260893742,0.18421052631578946,0.6852328192132281,1.0,14/73,9.45%,CCK;KLF7;CRTAC1;SLITRK2;WNT7A;TRIM46;BRSK2;NTNG1;DOCK7;SEMA5A;PARD6B;SLITRK5;FGFR2;DCC
prerank,Regulation Of Histone H3-K4 Methylation (GO:0051569),0.48927369679477284,1.141640605742522,0.34,0.6847792674077735,1.0,7/11,28.32%,MCRS1;KANSL3;SMAD4;CTNNB1;KAT8;OGT;PHF20
prerank,Regulation Of Protein Kinase C Signaling (GO:0090036),0.4939507554346728,1.141366314201265,0.2916666666666667,0.6851074506273817,1.0,3/10,6.26%,MYADM;ULK4;FLT4
prerank,Mitochondrial Cytochrome C Oxidase Assembly (GO:0033617),0.3982755499860347,1.1413073616032319,0.2391304347826087,0.6847848138253464,1.0,12/18,45.96%,COX17;FASTKD3;PET117;COX16;TIMM21;COX19;COA5;COX20;COA1;COA8;COA3;COX14
prerank,Pyrimidine Deoxyribonucleotide Catabolic Process (GO:0009223),0.4805464099784031,1.141133618511468,0.24489795918367346,0.6846517271345934,1.0,1/9,1.32%,NTHL1
prerank,Positive Regulation Of Response To Endoplasmic Reticulum Stress (GO:1905898),0.419829968478167,1.1408580731394213,0.28,0.6848139487334232,1.0,3/16,8.82%,RNFT1;DDIT3;TMEM259
prerank,Peptidyl-Threonine Modification (GO:0018210),0.3032056268376129,1.1408197119324959,0.1891891891891892,0.6843036618916989,1.0,26/60,31.62%,GALNT13;LRRK2;HIPK1;PRKD2;TNKS;DYRK3;GSK3A;CDK10;PRKD1;MYLK2;PRKDC;PRKCD;OXSR1;HIPK4;DYRK4;CSNK2A3;ACVR1B;CSNK2A1;LMTK2;GSK3B;GALNT11;WNK1;ULK1;CDC42BPA;TBK1;DYRK1A
prerank,Macrophage Chemotaxis (GO:0048246),-0.538307500026859,-1.140625499388643,0.3673469387755102,1.0,1.0,2/8,4.73%,SAA1;EDN2
prerank,Release Of Sequestered Calcium Ion Into Cytosol (GO:0051209),-0.3809583263108446,-1.140280635383406,0.2698412698412698,1.0,1.0,7/32,14.13%,HTR2A;HTR2B;PLCH2;CCR7;GP5;CCL21;CLU
prerank,Cardiac Right Ventricle Morphogenesis (GO:0003215),0.5512161873036355,1.1398554081224102,0.358974358974359,0.6865280798002644,1.0,2/9,1.86%,HAND1;GATA3
prerank,Positive Regulation Of Smoothened Signaling Pathway (GO:0045880),0.42268452234503284,1.1396979220245755,0.3191489361702128,0.6864175363726184,1.0,4/16,7.57%,TEDC1;IHH;SHH;PDCL
prerank,Negative Regulation Of Muscle Cell Differentiation (GO:0051148),-0.5466444906490455,-1.1396916572040297,0.34,1.0,1.0,1/7,1.90%,TCF23
prerank,succinyl-CoA Metabolic Process (GO:0006104),0.5349244051600537,1.1394653797213388,0.3,0.6864601124889339,1.0,3/7,26.58%,NUDT7;OGDH;SUCLG2
prerank,Nucleocytoplasmic Transport (GO:0006913),0.3384332251633547,1.1394342113237999,0.2926829268292683,0.6859501528912955,1.0,12/44,24.73%,GLE1;RSRC1;MALT1;ANP32A;RITA1;NUP43;NUP107;NUP214;HNRNPA1;NUP85;NUP98;NUP93
prerank,Positive Regulation Of Protein Autophosphorylation (GO:0031954),-0.4125491602123402,-1.1393367962141416,0.26666666666666666,1.0,1.0,4/21,14.57%,GREM1;NEK10;PDGFD;VEGFA
prerank,Error-Prone Translesion Synthesis (GO:0042276),0.574648804740567,1.1391269098285892,0.4186046511627907,0.6862984114559331,1.0,4/7,19.69%,REV3L;TENT4A;POLD3;REV1
prerank,Membrane Depolarization (GO:0051899),0.517276357617311,1.1391036970887394,0.34782608695652173,0.6858363697431082,1.0,4/8,14.26%,CAV1;BEST2;CHRNB2;YWHAH
prerank,Regulation Of Oxidative Stress-Induced Cell Death (GO:1903201),-0.6125345332626818,-1.1389963756854278,0.3333333333333333,1.0,1.0,1/6,0.79%,MMP3
prerank,Chordate Embryonic Development (GO:0043009),-0.3452874445591804,-1.1386524509262115,0.29508196721311475,1.0,1.0,14/46,19.54%,WNT5A;SULF1;SIX4;COL1A1;ISL1;PTCH1;STIL;VEGFA;BMP7;XYLT1;DACT1;SULF2;FUT8;PROX1
prerank,Phosphatidylethanolamine Acyl-Chain Remodeling (GO:0036152),-0.571188250818947,-1.1384429566896281,0.2857142857142857,1.0,1.0,2/7,8.45%,PLAAT2;PLAAT4
prerank,Positive Regulation Of Transcription Elongation By RNA Polymerase II (GO:0032968),0.30904095862901054,1.138126689847524,0.175,0.6883533520740056,1.0,14/40,28.71%,CDC73;CDK13;BTBD18;PWWP2A;MED4;MED10;MED23;MED6;MED29;CDK9;ELL;EAPP;MED30;SUPT6H
prerank,Regulation Of Cell Differentiation (GO:0045595),0.2691465784737249,1.137780159898297,0.17391304347826086,0.6887339106815888,1.0,41/146,18.04%,NOTCH4;OCIAD1;EMP2;DDX5;GATA3;CASZ1;PHLDB1;SPOCK2;SIK1;BDNF;GPS2;TNR;KLF4;APC;SHH;GATAD2B;FGFR2;PHLDB2;CDK5RAP2;PPP2CA;BCL7B;FES;SMYD5;RPS6KA3;SMARCC2;CSF1;CHD4;YWHAH;NREP;BRD7;RBBP4;ST7;PPP1R13L;SMARCA4;ZNF268;RAF1;MCRIP1;PTBP1;CLASP2;CLASP1;TRIP4
prerank,Pexophagy (GO:0000425),0.6285601108181588,1.1377269527554799,0.3333333333333333,0.6883295335760679,1.0,1/5,4.08%,USP30
prerank,Regulation Of Lipid Kinase Activity (GO:0043550),0.5316677419882155,1.137477526693557,0.34782608695652173,0.6885457342631998,1.0,3/7,22.45%,RB1;PPP2R5A;RBL2
prerank,Negative Regulation Of Striated Muscle Cell Differentiation (GO:0051154),-0.4710542791719385,-1.1374586245920992,0.3582089552238806,1.0,1.0,6/14,19.40%,BHLHA15;CEACAM5;TMEM119;XBP1;DKK1;FZD7
prerank,Cholesterol Biosynthetic Process (GO:0006695),0.37544861309140043,1.1373643186399995,0.275,0.6882122991547106,1.0,4/18,7.22%,HMGCR;HMGCS1;HSD17B7;ARV1
prerank,Establishment Of Spindle Orientation (GO:0051294),0.36092675679212305,1.137347983923443,0.2857142857142857,0.68769257800521,1.0,10/24,22.54%,GPSM1;KIF25;ITGB1;GPSM2;MAP4;CDK5RAP2;PAFAH1B1;CLASP1;FBXW11;LLGL2
prerank,Isoprenoid Metabolic Process (GO:0006720),0.5421592031435861,1.1373083801584791,0.3333333333333333,0.6871970468175143,1.0,1/6,4.91%,HMGCR
prerank,Regulation Of Glycogen (Starch) Synthase Activity (GO:2000465),0.5747700167473561,1.137300794165664,0.3488372093023256,0.6866790139955701,1.0,2/5,10.77%,INPP5K;GSK3A
prerank,Fat Cell Differentiation (GO:0045444),0.31551548211680713,1.1372197835751436,0.22580645161290322,0.6864064486234034,1.0,14/55,12.89%,EGR2;FFAR4;PPARG;NR4A1;TCF7L2;NR4A2;KLF4;SMAD6;ERAP1;CLIP3;STEAP4;PPARGC1A;PRDM16;AKT2
prerank,Pseudouridine Synthesis (GO:0001522),-0.5214434077336823,-1.1371207803080992,0.328125,1.0,1.0,6/8,28.22%,PUS7;TRUB2;PUS7L;RPUSD2;PUS1;TRUB1
prerank,Positive Regulation Of Inositol Phosphate Biosynthetic Process (GO:0060732),0.5114323102025659,1.136672538107364,0.30612244897959184,0.6872516614227049,1.0,3/7,5.36%,CD244;GPER1;SNCA
prerank,Regulation Of Toll-Like Receptor 2 Signaling Pathway (GO:0034135),-0.486695522886116,-1.1365464266875325,0.3157894736842105,1.0,1.0,3/9,20.15%,F2RL1;TLR6;TREM2
prerank,Negative Regulation Of Translation (GO:0017148),0.2828361853996117,1.1361519789001249,0.2777777777777778,0.688142005924394,1.0,26/84,25.09%,IGF2BP2;NANOS3;DHX36;ZAR1;TRIM71;ZFP36;DDX3X;DAPK1;DAPK3;TIA1;GZMB;UNK;GRB7;METTL3;CNOT10;CNOT9;EIF4A3;TOB1;CPEB2;AGO2;CELF1;AGO4;BTG2;YBX1;EIF4G1;CSNK2A1
prerank,Sensory Perception Of Sound (GO:0007605),0.2948531531993711,1.135743752795594,0.25,0.6886474386449831,1.0,12/59,10.85%,TMIE;COL4A3;LHFPL3;TBL1X;MYH7B;TSPEAR;HPN;CLIC5;PCDH15;MARVELD2;EPS8L2;CHRNB2
prerank,Dicarboxylic Acid Metabolic Process (GO:0043648),-0.367929574688036,-1.1353862059042097,0.2857142857142857,1.0,1.0,16/39,22.18%,OGDHL;TAT;GPT2;ALDH18A1;ME2;GCLC;MDH1B;ACLY;MTHFS;GLUD2;GCLM;ACOT8;IDH1;ASS1;ME1;DHFR
prerank,Regulation Of Cytokine Production (GO:0001817),0.2689813196688312,1.1352551929700645,0.16,0.6892565367626342,1.0,24/128,11.11%,BTNL9;GBP7;BTNL3;IGF2BP2;AMH;IL1A;GATA3;FFAR4;CLEC6A;LRRC19;ISG15;ANXA1;IFNG;SLC11A1;TXK;FOXP1;BCL6B;RGCC;IRF8;BTNL8;PER1;TMIGD2;ITK;CCDC88B
prerank,Response To Purine-Containing Compound (GO:0014074),0.3952795643395828,1.1351669279781527,0.20454545454545456,0.688901772596272,1.0,6/18,16.08%,TRPC3;STAT1;P2RY1;CREB1;ENPP1;TLR7
prerank,Negative Regulation Of Platelet Aggregation (GO:0090331),0.5160514491696149,1.1350559045632058,0.3953488372093023,0.688686683949409,1.0,6/7,42.64%,CD9;PRKCD;SH2B3;PRKG1;ALOX12;CEACAM1
prerank,Protein Localization To Ciliary Transition Zone (GO:1904491),0.5831741575058518,1.1349903298245827,0.3,0.6882287274569203,1.0,3/6,18.88%,SPATA7;CC2D2B;TCTN1
prerank,Activation Of Adenylate Cyclase Activity (GO:0007190),-0.4395176865767359,-1.1348922834548916,0.22641509433962265,1.0,1.0,5/12,11.52%,TMIGD3;ADCYAP1;LHCGR;ADORA3;GIPR
prerank,Pyrimidine Nucleobase Metabolic Process (GO:0006206),-0.5783098684105096,-1.1347628816057083,0.3392857142857143,1.0,1.0,4/7,31.33%,DPYS;DPYSL4;DPYSL2;CTPS1
prerank,Nucleoside Phosphate Biosynthetic Process (GO:1901293),-0.5188862436014889,-1.1346687544606207,0.3333333333333333,1.0,1.0,3/10,11.55%,AK4;NME2;NMNAT2
prerank,Response To Lipopolysaccharide (GO:0032496),0.2755052312043952,1.1344479551470728,0.1388888888888889,0.6892296417981153,1.0,32/120,15.48%,CX3CR1;PALM3;IL1A;ANKRD1;CDC73;ZFP36;TRIB1;SBNO2;SLC11A1;SNCA;SMAD6;NOS1;FOXP1;IL1B;SCARB1;CXCL11;BCL10;TICAM2;ERBIN;PF4;CASP7;VIM;RELA;CD274;NOCT;RPS6KA3;AXL;NOS3;CD68;ADAM17;GIT1;S100A14
prerank,Commissural Neuron Axon Guidance (GO:0071679),-0.6149576998583078,-1.134270876444548,0.34782608695652173,1.0,1.0,2/5,14.57%,GDNF;VEGFA
prerank,Positive Regulation Of Calcium Ion Import Across Plasma Membrane (GO:1905665),0.5509366658289535,1.134257411128436,0.2909090909090909,0.6890726267249101,1.0,3/6,34.05%,RAMP3;PPP3CC;PPP3CA
prerank,Mitotic Chromosome Condensation (GO:0007076),0.4490598627291347,1.1341370067361236,0.41304347826086957,0.6888234388708608,1.0,4/12,13.65%,NCAPH2;TENT4A;CHMP1A;TTN
prerank,Cellular Response To Epidermal Growth Factor Stimulus (GO:0071364),0.3550085242933107,1.134040031422542,0.23255813953488372,0.6884938473929816,1.0,11/25,29.78%,ZFP36;PTPN11;PTPN12;INPP5K;VIL1;PLCG1;DUSP3;ZPR1;ZFP36L1;ERBB2;GAREM1
prerank,Positive Regulation Of Cardiac Muscle Cell Proliferation (GO:0060045),0.4720288336850009,1.1339733115108188,0.3404255319148936,0.6880840483976722,1.0,3/10,7.91%,TBX2;TGFBR3;FGFR2
prerank,Neurotransmitter Secretion (GO:0007269),0.3775418557536174,1.133772506592502,0.24390243902439024,0.6881474568749323,1.0,8/26,13.45%,PCLO;SYN2;SYN3;SNCA;RPH3AL;LIN7A;STXBP1;LIN7C
prerank,"Synaptic Transmission, Glutamatergic (GO:0035249)",-0.445975548452805,-1.133653530488929,0.32727272727272727,1.0,1.0,9/21,15.60%,SLC1A4;GRIK5;GRIA3;GRIN3B;UNC13A;GRIN2A;SLC17A8;SLC17A7;CDHR3
prerank,RNA Metabolic Process (GO:0016070),0.275066149665733,1.133623395658388,0.25,0.6881071179515387,1.0,26/94,26.98%,CTAG2;DHX36;RBMS2;ADARB2;DDX3X;THOC1;TENT2;RBM6;SIDT2;RBPMS;RBM5;WDR74;HNRNPU;RBM39;RNASEH2C;PAPOLG;AGO2;ATXN2;EXOSC9;AGO4;ZC3H12A;FASTKD1;MPHOSPH10;DEDD2;RBM4;AGO3
prerank,Regulation Of Amyloid Fibril Formation (GO:1905906),0.4704884038095065,1.1334837474036386,0.34,0.6878482169364316,1.0,2/11,5.54%,PFDN1;LDLR
prerank,Positive Regulation Of Neuron Projection Development (GO:0010976),-0.33737736638057514,-1.1334555007060898,0.2753623188405797,1.0,1.0,18/73,18.27%,TNN;ALKAL1;WNT5A;STMN2;CUX2;TENM3;FUT9;ROR2;SCN1B;TWF1;MDK;APOE;ATP1B2;BMP7;CAMK1D;MUSK;CAMK2B;ALK
prerank,Protein O-linked Mannosylation (GO:0035269),0.4770472488318679,1.1332985117783358,0.21568627450980393,0.6877392015657268,1.0,6/13,24.86%,FKRP;RXYLT1;POMT1;TMTC3;TMTC2;CRPPA
prerank,Carboxylic Acid Transport (GO:0046942),-0.37356285300999165,-1.1329116928240854,0.23076923076923078,1.0,1.0,15/44,19.43%,SLC36A1;SLC1A4;SLC7A5;SLC16A2;SLC7A1;SLC6A11;SLC1A7;SLC16A7;SLC38A4;SLC13A3;SLC6A6;SLC3A2;SLC16A9;SLC25A10;SLC16A14
prerank,Positive Regulation Of Signal Transduction (GO:0009967),0.260430741264409,1.1322976765032517,0.1,0.6896867285983659,1.0,56/213,18.34%,TEK;TEDC1;ENHO;IHH;KLF2;MYO1C;EMP2;LIMS2;FGF1;GATA3;VWF;WNT7A;CLEC6A;CDC73;CITED2;SHANK3;BDNF;EPN2;GPS2;PRKCZ;CD226;LRRK2;GPER1;PTPN11;ARNT;PRKD2;FLNA;SHH;PDCL;IL1B;FGFR2;DLL4;RSPO1;JCAD;LGR6;ESM1;CAV2;GKAP1;ATP6V0C;ILK;NPTN;LIMS1;HOMER1;AXL;CDKN2AIP;NOS3;CD74;TMEM108;SMARCA4;STAT3;SIRT1;CTSK;DMTN;ITGAV;LY86;PHB1
prerank,Protein Acetylation (GO:0006473),0.39812312299532077,1.1320326845741406,0.2647058823529412,0.6899552019936798,1.0,13/25,34.16%,SPHK1;NAA50;SIRT1;GTF2B;NAA80;CREBBP;BLOC1S1;NAA60;KAT2B;NAA15;NAT10;NAA10;NAA16
prerank,Arachidonic Acid Metabolic Process (GO:0019369),-0.37298798418854845,-1.1320000465262898,0.30158730158730157,1.0,1.0,12/32,19.75%,CYP1A1;CYP1B1;CYP2A13;CYP2B6;CYP4F11;CYP2S1;ALOXE3;FAAH2;PLA2G4A;PTGIS;PNPLA8;PTGS1
prerank,Regulation Of calcineurin-NFAT Signaling Cascade (GO:0070884),-0.4023419805732747,-1.1319865235591073,0.2807017543859649,1.0,1.0,6/26,10.56%,FHL2;CHP2;IGF1;STIMATE;PRNP;EFHB
prerank,Mitotic Metaphase Plate Congression (GO:0007080),-0.35769085192035466,-1.1317199013017931,0.3125,1.0,1.0,12/40,18.43%,NDC80;KIF2C;CEP55;KIF14;CDCA5;CDT1;CDCA8;RRS1;CENPE;SPDL1;NUDC;BOD1
prerank,Fatty Acid Elongation (GO:0030497),-0.5128767692449482,-1.1315200694195944,0.3559322033898305,1.0,1.0,2/11,7.55%,ELOVL2;ELOVL4
prerank,Protein Localization To Organelle (GO:0033365),0.28850148084949145,1.1315076599114549,0.16,0.6908311249940757,1.0,25/110,17.42%,SGCG;ISG15;PPP1R15A;FKBP8;LRRK2;CAMLG;DDX3X;SSB;LMNA;TIA1;EHD1;WASHC2A;OBSL1;FSIP2;CSNK1D;RPL11;OPTN;GET1;CCDC47;OBSCN;TOR1AIP1;TMEM30A;SNX10;ARL1;GBP1
prerank,Purine Ribonucleoside Triphosphate Metabolic Process (GO:0009205),0.3555866356941647,1.1312704503519415,0.2926829268292683,0.6909263366950403,1.0,9/27,13.26%,HSPA1B;CTNS;LRRK2;HSPA1A;EFNA1;OLA1;BAD;ENPP1;MFN1
prerank,Cell Differentiation In Hindbrain (GO:0021533),0.48535284327018485,1.1311281985854635,0.32432432432432434,0.6906206100825449,1.0,2/9,1.74%,GRID2;OPHN1
prerank,Regulation Of Tau-Protein Kinase Activity (GO:1902947),0.4747393773271937,1.1310153593519283,0.3191489361702128,0.6902810513138731,1.0,4/9,18.22%,IFNG;EGR1;RB1;HSP90AA1
prerank,Positive Regulation Of Protein Localization To Nucleus (GO:1900182),0.31211598128084794,1.1310138155418765,0.20930232558139536,0.6897362541537715,1.0,20/52,24.98%,NMD3;TCF7L2;IFNG;TCP1;ORMDL3;PINX1;FLNA;JUP;CCT8;MCRS1;TYK2;WWTR1;HYAL2;CARD10;PRKCD;CREBBP;PYHIN1;ZPR1;PSEN1;ZC3H12A
prerank,Cellular Response To Salt (GO:1902075),0.2885199923105281,1.1310051626507323,0.15,0.6891923342837829,1.0,24/77,19.86%,ADCY8;PDGFB;CAPN3;SYT15;EGR1;HSF1;SYT13;ADCY1;CPNE2;ADD1;P2RY1;CPNE4;FYN;DAXX;SYT17;CDKN2AIP;CPNE8;P2RY11;NEK7;ADGRV1;DMTN;ATP2B4;HNRNPA1;BRAF
prerank,Skeletal Muscle Tissue Development (GO:0007519),0.35766191644021805,1.1309571005599657,0.16279069767441862,0.6887634309833989,1.0,9/32,14.74%,CAV1;EGR2;MYH7B;TAFAZZIN;MYL6;CAV2;MYOZ1;POPDC2;MYLK2
prerank,Membrane Biogenesis (GO:0044091),0.5512902771465046,1.130941712509501,0.32727272727272727,0.6882667874521737,1.0,2/6,9.13%,SPTBN1;CLIP3
prerank,Regulation Of Interleukin-8 Production (GO:0032677),0.33372342337600147,1.1307252369036556,0.2222222222222222,0.68810142004968,1.0,24/58,22.43%,HSPA1B;ANXA1;CD244;DDIT3;ARRB1;KLF4;HSPA1A;PRKD2;IL1B;BCL10;RELA;CD74;TLR7;STAT3;HYAL2;TLR8;BCL3;CD58;ANXA4;TMSB4X;IL17D;RIPK1;PTPN22;PTPRC
prerank,Regulation Of Cyclin-Dependent Protein Kinase Activity (GO:1904029),-0.36551245121969306,-1.130404499399912,0.24193548387096775,1.0,1.0,13/42,21.48%,CDK5R2;CCNO;CCNA1;CDC6;STOX1;TTBK1;CDKN2C;CCND1;DIRAS3;HSP90AB1;CCNI2;CCNA2;CCNP
prerank,Mitotic Recombination (GO:0006312),0.4268764803146401,1.1303513147545523,0.2682926829268293,0.6884259443701423,1.0,9/13,42.84%,MSH2;ERCC1;RAD51;XRCC3;RAD52;SMC5;RAD54B;RAD50;SMC6
prerank,Myotube Cell Development (GO:0014904),-0.5497172664144692,-1.1303253060928298,0.2553191489361702,1.0,1.0,2/9,3.68%,SIX1;IGF1
prerank,Negative Regulation Of Growth (GO:0045926),0.27683947573543133,1.1299074105963423,0.2222222222222222,0.6891481616323323,1.0,28/102,18.34%,HSPA1B;RERG;MT1M;MT1E;SLIT2;VGLL4;ACVRL1;MT1H;FHL1;HYAL1;DDX3X;HSPA1A;CGRRF1;FBP1;AGTR2;SOX17;PPP2CA;ENPP1;RB1;CDKN2AIP;PPT1;SMARCA4;DCSTAMP;SIRT1;INHBA;HYAL2;NDUFA13;PHB1
prerank,Granulocyte Chemotaxis (GO:0071621),-0.3486227322412407,-1.1296902824406767,0.25,1.0,1.0,13/52,15.30%,CXCL13;CCL1;SAA1;CXCL6;CCL13;PF4V1;EDN2;CCL22;CCL11;S100A12;CCL21;ITGB2;PPBP
prerank,Positive Regulation Of Nitric-Oxide Synthase Biosynthetic Process (GO:0051770),0.5024997665059981,1.1295254192773034,0.3125,0.6897214321656068,1.0,4/8,33.59%,IFNG;KDR;NOD2;NAMPT
prerank,Regulation Of Calcium Ion-Dependent Exocytosis (GO:0017158),-0.4007254997545979,-1.1291495341056166,0.3103448275862069,1.0,1.0,8/20,17.52%,SYT5;SCAMP5;CBARP;SYT7;DOC2A;REST;BAIAP3;KCNB1
prerank,Xenobiotic Catabolic Process (GO:0042178),0.46393845281481905,1.1289125115128311,0.26666666666666666,0.6907027198178057,1.0,2/11,6.27%,CYP1A2;NOS1
prerank,Regulation Of DNA-templated Transcription In Response To Stress (GO:0043620),0.5427555226689242,1.1288456442221257,0.32653061224489793,0.6902977105084813,1.0,4/7,17.84%,DDIT3;RELA;RPS6KA3;TCIM
prerank,Negative Regulation Of Tyrosine Phosphorylation Of STAT Protein (GO:0042532),0.483727246113923,1.1287774709675076,0.3404255319148936,0.689984077876728,1.0,3/8,20.52%,PPP2CA;SOCS3;SH2B3
prerank,Positive Regulation Of Cytokine Production Involved In Inflammatory Response (GO:1900017),0.4926642915728362,1.1286844846921364,0.2545454545454545,0.6896256178989301,1.0,5/10,27.58%,TICAM2;MAPK9;STAT3;IL17D;NOD2
prerank,Sulfur Amino Acid Transport (GO:0000101),-0.5795193898318204,-1.1284528143079258,0.3673469387755102,1.0,1.0,4/6,17.66%,SLC1A4;SLC7A5;SLC7A11;SLC3A2
prerank,Microtubule Bundle Formation (GO:0001578),-0.37550922169987705,-1.1282358978272942,0.2786885245901639,1.0,1.0,16/40,20.22%,CFAP206;FOXJ1;RSPH4A;RSPH9;KIF20A;CAPN6;GAS2L2;LRRC43;SPACA9;LRGUK;PIERCE1;MTCL1;CFAP46;DNAAF1;NAV1;HOATZ
prerank,Regulation Of Flagellated Sperm Motility (GO:1901317),0.4896619904523044,1.1280519037265457,0.2692307692307692,0.6906264955071654,1.0,1/8,0.03%,TACR3
prerank,Regulation Of Stress Granule Assembly (GO:0062028),0.6100008321966744,1.1279815380513565,0.3181818181818182,0.6902341528941534,1.0,4/5,26.20%,UBAP2L;G3BP2;STYXL1;G3BP1
prerank,Regulation Of Transforming Growth Factor Beta2 Production (GO:0032909),-0.6416786976179343,-1.1279617354426128,0.3269230769230769,1.0,1.0,1/5,0.81%,CDH3
prerank,Positive Regulation Of Axonogenesis (GO:0050772),0.343740717953464,1.127945103657618,0.325,0.6898424355283334,1.0,7/31,9.89%,CDKL5;SLIT2;ROBO2;RUFY3;BDNF;PLXND1;TIAM2
prerank,Sphingolipid Biosynthetic Process (GO:0030148),-0.32606439459913833,-1.1278170520732917,0.2898550724637681,1.0,1.0,16/69,14.78%,FUT6;ALDH3B2;ELOVL2;FUT9;PLPP2;SGPL1;ST8SIA5;FA2H;ELOVL4;ALOXE3;SGPP2;DEGS2;ACER2;CERS6;SPTSSB;PLPP1
prerank,Neuron Projection Guidance (GO:0097485),0.2911607381992158,1.1275050106929883,0.125,0.6906148298857634,1.0,18/87,10.61%,CNTN6;KLF7;SEMA6A;SEMA4A;OPHN1;DSCAM;SLIT2;ROBO2;BDNF;TNR;SEMA5A;SEMA6D;SEMA3G;SHH;SEMA3E;EFNA1;DCC;LGR6
prerank,Dendrite Morphogenesis (GO:0048813),0.36665437635470544,1.1273115640223685,0.2631578947368421,0.6905620433286754,1.0,7/27,12.31%,KLF7;WNT7A;CDC42;SHANK3;PHACTR1;NOL3;BTBD3
prerank,Synapse Organization (GO:0050808),0.28708949415528,1.1271732815536641,0.19230769230769232,0.6903965602825854,1.0,22/105,12.05%,GPM6A;CX3CR1;SLITRK2;CDC42;CX3CL1;DSCAM;SPOCK2;DNM3;NTNG1;SHANK3;BDNF;LRRK2;SNCA;SNCG;SEMA3E;KIRREL3;SLC8A2;PLXND1;UNC13B;PPFIBP1;ANK3;FZD5
prerank,Negative Regulation Of Protein Serine/Threonine Kinase Activity (GO:0071901),0.3082255488758547,1.1271408458537946,0.20833333333333334,0.6899608821221376,1.0,21/65,20.52%,CAV3;PPARG;HEG1;INCA1;IPO7;PRKAR2A;APC;IL1B;DUSP1;INPP5K;LRP5;RB1;PKIA;PRKAR1A;PTPN1;SIRT1;CD300A;HYAL2;RASIP1;PRKCD;SH2B3
prerank,Protein Modification By Small Protein Removal (GO:0070646),0.2794582593504076,1.126647633573793,0.1875,0.6906181290348833,1.0,16/80,18.55%,USP30;USP11;OTULINL;PRKN;USP16;USP22;USP32;COPS3;SENP7;USP24;USP44;USP17L7;COPS7A;USP4;STAMBP;USP25
prerank,Artery Development (GO:0060840),0.3777357830268785,1.126570495329566,0.30434782608695654,0.6903067294783015,1.0,4/20,7.98%,ROBO2;ACVRL1;ENG;HECTD1
prerank,Regulation Of Catecholamine Secretion (GO:0050433),0.40446889472609,1.1265662583235376,0.25,0.6897597352394121,1.0,7/17,14.25%,SNCA;SYT15;PRKN;SYT13;CHRNB2;SYT17;FGF20
prerank,mRNA Polyadenylation (GO:0006378),0.4021497422572625,1.1257697324948654,0.2857142857142857,0.6910221834902809,1.0,4/24,12.73%,PAPOLB;CDC73;TENT2;PABPC1
prerank,Digestive System Development (GO:0055123),-0.537887354039156,-1.1257572995473146,0.3695652173913043,1.0,1.0,2/8,3.13%,MIXL1;CLMP
prerank,Establishment Of Protein Localization To Endoplasmic Reticulum (GO:0072599),-0.4632238329522972,-1.1256184146733832,0.3333333333333333,1.0,1.0,9/13,35.67%,SPCS2;SRPRB;SRPRA;SPCS3;SRP54;RYR2;RAB10;RAB3GAP1;ZFAND2A
prerank,Golgi Inheritance (GO:0048313),0.4543024300831978,1.1256000207352677,0.2857142857142857,0.6909020199541801,1.0,1/8,4.39%,YWHAZ
prerank,Basic Amino Acid Transport (GO:0015802),-0.6083529662601119,-1.1254963356749426,0.35555555555555557,1.0,1.0,2/5,8.36%,SLC7A7;SLC7A1
prerank,Negative Regulation Of Intrinsic Apoptotic Signaling Pathway By P53 Class Mediator (GO:1902254),0.40685501642403443,1.1250573420635361,0.2571428571428571,0.6918363158932506,1.0,4/15,16.82%,PRKN;ZNF385A;CD74;SIRT1
prerank,Peptidyl-Serine Modification (GO:0018209),0.2612190529490415,1.1250435445392042,0.08333333333333333,0.691312255257676,1.0,38/137,25.19%,GALNT13;PRKCG;PDGFB;MARK3;PRKCZ;LRRK2;HIPK1;PRKD2;SRPK3;RPS6KB1;MKNK2;TNKS;DYRK3;MAPK9;CAMK2A;PRKD1;CSNK1D;PRKCH;AKT2;RPS6KA3;MBOAT4;NEK7;CDK2;SGK1;PRKCQ;PKN2;PRKDC;PRKCD;CSNK1A1;HIPK4;DYRK4;MKNK1;CSNK1G2;TLK2;SMG1;SRPK2;CSNK2A1;RICTOR
prerank,Intracellular Water Homeostasis (GO:0009992),0.6207485659835525,1.1247591608284424,0.32727272727272727,0.6915952727329755,1.0,3/5,32.89%,CLN3;FLNB;AQP4
prerank,Cellular Response To Hormone Stimulus (GO:0032870),0.29307802743809025,1.1246978312720897,0.24324324324324326,0.6911953088610743,1.0,17/77,9.23%,CAV1;HSPA1B;SOST;FFAR4;ADTRP;SLIT2;ROBO2;RDX;GPER1;RAMP3;GHR;WBP2;HSPA1A;SOCS2;GAS2L1;NPFFR1;INPP5K
prerank,Endocardial Cushion Morphogenesis (GO:0003203),0.40922352563412634,1.124599058190355,0.36585365853658536,0.6907736147894001,1.0,4/17,7.93%,TBX2;ACVRL1;APC;ENG
prerank,Carboxylic Acid Transmembrane Transport (GO:1905039),-0.3760158592252842,-1.1245953147363699,0.35294117647058826,1.0,1.0,9/32,18.51%,SLC7A7;SLC38A11;SLC7A5;SLC7A11;SLC16A7;SLC38A4;SLC13A3;SLC16A9;SLC25A10
prerank,Diacylglycerol Biosynthetic Process (GO:0006651),0.6042079288251861,1.1245290289491103,0.2916666666666667,0.6904419566178569,1.0,3/5,26.67%,MOGAT1;GPAM;PLCE1
prerank,tRNA Threonylcarbamoyladenosine Metabolic Process (GO:0070525),0.5123739500016956,1.1243587910749449,0.3617021276595745,0.6903117487040985,1.0,1/7,0.76%,CTAG2
prerank,Positive Regulation Of Smooth Muscle Cell Migration (GO:0014911),-0.4572034570633876,-1.124184772496367,0.3508771929824561,1.0,1.0,4/13,9.17%,CCN4;IGFBP5;IGF1;MDK
prerank,Gastrulation (GO:0007369),-0.42340850859196455,-1.1240698847594244,0.36065573770491804,1.0,1.0,5/15,19.68%,MIXL1;MESP1;UGDH;GSC;MEGF8
prerank,Neuromuscular Process (GO:0050905),-0.5496503219003779,-1.1231574720953765,0.2857142857142857,1.0,1.0,3/8,9.66%,STRA6;SHANK1;KCNA1
prerank,Preassembly Of GPI Anchor In ER Membrane (GO:0016254),0.6194749259071377,1.1230182861180698,0.37037037037037035,0.693193301667189,1.0,2/5,10.83%,PIGZ;PIGV
prerank,Neuron Apoptotic Process (GO:0051402),-0.4286437726665351,-1.1230044559605477,0.3220338983050847,1.0,1.0,3/16,14.36%,NGFR;TNFRSF21;CIT
prerank,Response To Transforming Growth Factor Beta (GO:0071559),-0.3689627001923793,-1.1228975274537596,0.2647058823529412,1.0,1.0,8/34,10.00%,WNT5A;MXRA5;SFRP1;WNT4;WNT10A;PDE3A;SOX9;PDCD5
prerank,Regulation Of Synapse Assembly (GO:0051963),0.35270569374223454,1.122345665047655,0.35294117647058826,0.6943539743847038,1.0,12/44,10.85%,GRID2;WNT3A;SLITRK2;WNT7A;ROBO2;BDNF;SNCA;RAB17;IL1RAP;SLITRK5;LRRTM3;CHRNB2
prerank,Pathway-Restricted SMAD Protein Phosphorylation (GO:0060389),0.41073590575068797,1.1222256064793057,0.3023255813953488,0.694165320417441,1.0,2/13,2.87%,AMH;TGFBR3
prerank,Phosphatidylinositol-3-Phosphate Biosynthetic Process (GO:0036092),0.5070894740938798,1.1221543520833412,0.3137254901960784,0.6937544090347877,1.0,2/8,10.59%,UVRAG;PIK3C2A
prerank,Negative Regulation Of Viral Genome Replication (GO:0045071),0.33572119230935765,1.122107993320939,0.25,0.6933219038210289,1.0,12/41,17.91%,OAS3;ISG15;RSAD2;OASL;MX1;INPP5K;FAM111A;MPHOSPH8;SETDB1;IFIT1;N4BP1;ZNFX1
prerank,Positive Regulation Of Stem Cell Differentiation (GO:2000738),-0.4786853283272746,-1.1219795784347053,0.28846153846153844,1.0,1.0,5/14,13.81%,FOXC1;SOX9;LTBP2;RBM24;SP7
prerank,Positive Regulation Of Sprouting Angiogenesis (GO:1903672),0.4651864904508279,1.1219158878712059,0.2708333333333333,0.6933344855575773,1.0,4/12,9.53%,FGF1;FUT1;KLF4;S100A1
prerank,Leukotriene D4 Metabolic Process (GO:1901748),0.54744723838018,1.121869808808209,0.29411764705882354,0.6928918842235343,1.0,3/7,11.42%,GGTLC1;GGTLC3;DPEP2
prerank,Regulation Of Tumor Necrosis Factor-Mediated Signaling Pathway (GO:0010803),0.33756539316345585,1.1217848436073445,0.2571428571428571,0.6925719965209025,1.0,8/38,6.77%,HSPA1B;GPS2;MIB2;HIPK1;HSPA1A;SPHK1;PRKN;PELI3
prerank,Regulation Of mRNA Processing (GO:0050684),0.37058492855561376,1.121761949560905,0.2,0.6920863456471668,1.0,17/28,34.66%,SRPK3;TIA1;SRSF3;CDK11A;RBM23;QKI;MAGOHB;RBM39;CDK9;SRPK2;ZFP36L1;SRSF10;SUPT6H;HNRNPK;CWC22;METTL16;IWS1
prerank,Megakaryocyte Differentiation (GO:0030219),0.4147201971912132,1.1202656362722792,0.2391304347826087,0.6957104809246303,1.0,4/12,9.16%,TAL1;FLNA;ZNF385A;ZFPM1
prerank,Regulation Of Cell Activation (GO:0050865),0.4777969383098505,1.1201614485424374,0.3333333333333333,0.695444477734125,1.0,4/8,26.00%,TXK;GNAQ;FCER1G;TEC
prerank,Negative Regulation Of Innate Immune Response (GO:0045824),0.3312159013973605,1.1199746042254668,0.3448275862068966,0.6954332296845563,1.0,14/40,29.50%,OAS3;MYO1C;ISG15;YWHAZ;NLRC5;METTL3;PRKDC;BANF1;SAMHD1;ATG12;CEP63;FAM3A;VSIG4;SERPING1
prerank,Leukocyte Adhesion To Vascular Endothelial Cell (GO:0061756),0.43223247930873115,1.1199090141286425,0.2972972972972973,0.6950352607230904,1.0,5/13,18.19%,JAM2;CX3CR1;ITGB1;SELPLG;SLC39A8
prerank,Regulation Of I-kappaB kinase/NF-kappaB Signaling (GO:0043122),0.2615496860256561,1.119840330010917,0.20689655172413793,0.6946379111685683,1.0,34/180,13.50%,GBP7;NR1H4;TRIM59;DHX36;CLEC6A;CX3CL1;TRIM34;CAPN3;MIB2;STAT1;PRKN;FLNA;S100A4;IL1B;MAP3K3;SLC44A2;BCL10;MALT1;FASLG;NDFIP1;TICAM2;SHISA5;PER1;TRIM58;PPM1A;TRAF5;TNFRSF1A;TRIM25;RBCK1;PRKD1;RELA;TANK;OPTN;ESR1
prerank,Dicarboxylic Acid Biosynthetic Process (GO:0043650),-0.5476961516682141,-1.1198204955565818,0.3269230769230769,1.0,1.0,3/6,21.71%,KYNU;GLUD2;GLS2
prerank,Regulation Of Toll-Like Receptor 9 Signaling Pathway (GO:0034163),0.527593786441784,1.1194008183444317,0.2926829268292683,0.6953995904943223,1.0,5/7,32.54%,RSAD2;PTPRS;PTPN22;RTN4;HMGB1
prerank,Cellular Response To cAMP (GO:0071320),-0.4071535701844167,-1.1193534307154542,0.2982456140350877,1.0,1.0,4/23,5.88%,SLC5A5;IGFBP5;AHR;HCN4
prerank,Negative Regulation Of Protein-Containing Complex Assembly (GO:0031333),0.31372328162405955,1.1189874404840097,0.3333333333333333,0.6958293687886176,1.0,10/48,11.79%,SOST;CDC42;PRKCZ;DDX3X;SMAD6;HSF1;PPM1A;NLRP2B;THRA;TMC8
prerank,Negative Regulation Of Plasminogen Activation (GO:0010757),-0.5925190412584821,-1.1187811640140646,0.36507936507936506,1.0,1.0,2/5,21.03%,PLAU;SERPINE1
prerank,Positive Regulation Of Vascular Permeability (GO:0043117),-0.46915632391964224,-1.1186477631515603,0.32075471698113206,1.0,1.0,6/10,25.17%,TRPV4;TJP3;PDE3A;VEGFA;TGFB1;BMP6
prerank,Signal Release From Synapse (GO:0099643),0.3720173641236954,1.1186333678019915,0.27906976744186046,0.696390663970293,1.0,7/24,13.45%,PCLO;SYN2;SYN3;SNCA;LIN7A;STXBP1;LIN7C
prerank,Regulation Of Type I Interferon-Mediated Signaling Pathway (GO:0060338),0.3719184079145806,1.1186025051337487,0.25,0.6959384619074945,1.0,7/25,15.32%,OAS3;ISG15;PTPN11;NLRC5;TRIM56;METTL3;PTPN1
prerank,Photoperiodism (GO:0009648),0.3877633129303445,1.11855993053048,0.3488372093023256,0.6954759626574849,1.0,9/19,35.40%,SIK1;PER1;PPP1CB;RBM4;PML;ID2;MTA1;PER3;RBM4B
prerank,Cellular Response To Peptide Hormone Stimulus (GO:0071375),0.300965042364755,1.1184178879536713,0.2571428571428571,0.6953218930868558,1.0,26/70,25.53%,CAV1;ADCY8;PPARG;NR4A1;NR4A2;GPER1;PCSK9;RPS6KB1;INPP5K;INSR;GSK3A;RELA;AKT2;ENPP1;LPIN2;VAMP2;PRKDC;USF1;PRKCD;SELENOS;CPEB2;C2CD5;ZFP36L1;DENND4C;GPLD1;KAT2B
prerank,Positive Regulation Of Release Of Sequestered Calcium Ion Into Cytosol (GO:0051281),0.3920505817401188,1.1182898184086603,0.225,0.6951460995130421,1.0,8/26,13.47%,CX3CL1;CAPN3;XCL1;GPER1;SNCA;CXCL11;CALM3;PLCG1
prerank,Purine Ribonucleoside Monophosphate Catabolic Process (GO:0009169),-0.5152070127318245,-1.1182877980600607,0.28846153846153844,1.0,1.0,3/7,25.19%,NT5C1A;PRTFDC1;NT5E
prerank,Regulation Of Early Endosome To Late Endosome Transport (GO:2000641),0.4400852285058433,1.1182267216126438,0.2619047619047619,0.6947072316716948,1.0,7/14,33.74%,RDX;VPS11;MAP2K1;DENND10;MTMR2;DNAJC13;SRC
prerank,Regulation Of Telomere Maintenance (GO:0032204),0.3267343967818423,1.117801675746217,0.2222222222222222,0.6952996842667477,1.0,8/31,24.31%,DHX36;NSMCE4A;GNL3;HDAC8;ERCC1;SLF2;MRE11;SMG1
prerank,Striated Muscle Tissue Development (GO:0014706),0.4695624413199734,1.1177502136103141,0.3541666666666667,0.6948504198040112,1.0,3/11,6.15%,SGCG;TBX2;TAFAZZIN
prerank,Vesicle Cytoskeletal Trafficking (GO:0099518),0.37297160926202677,1.1177059322576908,0.32432432432432434,0.6944346907238433,1.0,6/29,14.12%,MYO1C;MYO6;CLN3;MYO1B;MYO1H;PAFAH1B1
prerank,Positive Regulation Of Ruffle Assembly (GO:1900029),0.4974565710645083,1.1172409029764565,0.3148148148148148,0.6952775781859771,1.0,3/8,12.36%,EPS8L2;FAM98A;DEF8
prerank,Clathrin Coat Assembly (GO:0048268),0.4465055677715913,1.117004225609244,0.2553191489361702,0.695310310662451,1.0,3/11,10.59%,FCHO2;NSG2;PIK3C2A
prerank,Regulation Of Cardiac Muscle Cell Action Potential Involved In Regulation Of Contraction (GO:0098909),0.5637180047681813,1.1169991755821993,0.38,0.6947968889846936,1.0,2/6,1.42%,CAV1;CAV3
prerank,Aromatic Compound Catabolic Process (GO:0019439),0.6253538495233899,1.1168926536413442,0.36538461538461536,0.6945570990254379,1.0,3/5,16.74%,PON1;PON3;TET2
prerank,Cellular Response To Light Stimulus (GO:0071482),0.335857139327563,1.1168068657011592,0.23076923076923078,0.6943067724053757,1.0,19/44,31.83%,DHX36;INO80;RPL26;TENT4A;RHO;OPN3;RBX1;NEDD4;METTL3;N4BP1;EIF2S1;PRKCD;CREBBP;ATF4;RRH;CUL4A;YY1;RHBDD1;OPN1SW
prerank,Positive Regulation Of Immunoglobulin Mediated Immune Response (GO:0002891),0.48105690075323193,1.1168040188985804,0.23404255319148937,0.6937735106754178,1.0,3/11,8.95%,XCL1;CD226;KMT5B
prerank,Regulation Of Ventricular Cardiac Muscle Cell Action Potential (GO:0098911),0.49363860796971804,1.1166914936783334,0.3181818181818182,0.6935023925667405,1.0,2/9,6.93%,CAV1;JUP
prerank,Negative Regulation Of Nitrogen Compound Metabolic Process (GO:0051172),0.49468487622753654,1.1165763375154494,0.36,0.6932425704794167,1.0,3/9,10.31%,EDNRB;LDLR;EDN1
prerank,Protein N-linked Glycosylation Via Asparagine (GO:0018279),-0.4144500478367149,-1.1161498416400595,0.3275862068965517,1.0,1.0,9/20,25.59%,B4GALNT2;ST6GAL1;MGAT2;MGAT1;UBE2J1;FUT8;MGAT5;OST4;STT3B
prerank,Regulation Of Vesicle Fusion (GO:0031338),0.6060310483592496,1.1160432699367757,0.32558139534883723,0.6940377168825742,1.0,4/6,22.25%,ANXA1;SPHK1;STXBP1;C2CD5
prerank,Histone H2A Acetylation (GO:0043968),0.3850044800755558,1.1160251773162824,0.2826086956521739,0.6935280215030742,1.0,12/17,41.87%,MORF4L1;EPC1;VPS72;MEAF6;MBTD1;MSL3;RUVBL1;BRD8;YEATS4;EPC2;ING3;TRRAP
prerank,"Negative Regulation Of Gene Expression, Epigenetic (GO:0045814)",0.356892391004936,1.1160077720201047,0.2682926829268293,0.6930082508482347,1.0,12/37,17.81%,SIRT2;LMNA;CREBZF;MPHOSPH8;SDR16C5;SMYD5;BAZ2A;RB1;PHF19;SIRT1;PPM1D;EPC1
prerank,T-helper Cell Differentiation (GO:0042093),0.43843303683894075,1.1157308529042518,0.27906976744186046,0.6933678757340427,1.0,4/13,9.16%,GATA3;FOXP1;KMT2A;ZFPM1
prerank,Regulation Of Response To Endoplasmic Reticulum Stress (GO:1905897),0.45686520444878886,1.1155277872908906,0.36363636363636365,0.6933259215915828,1.0,2/12,2.80%,NR1H2;NUPR1
prerank,cGMP Metabolic Process (GO:0046068),-0.5743580825775958,-1.1151538645777197,0.38636363636363635,1.0,1.0,1/6,4.88%,GUCY2F
prerank,Nucleoside Phosphate Catabolic Process (GO:1901292),-0.5243034898989382,-1.1149414414096326,0.32653061224489793,1.0,1.0,4/9,15.69%,ENPP3;SMPDL3A;ENTPD2;ENTPD1
prerank,Lung Development (GO:0030324),-0.38333548720562605,-1.1149003988944994,0.32075471698113206,1.0,1.0,5/30,4.81%,CHI3L1;STRA6;SOX11;FOXJ1;FGF7
prerank,Regulation Of Cholesterol Transport (GO:0032374),0.4175151916166743,1.1146856003020695,0.2391304347826087,0.6948760948732308,1.0,7/16,16.40%,NR1H2;ABCA8;ARV1;ABCA5;LAMTOR1;YJEFN3;NAXE
prerank,Homophilic Cell Adhesion Via Plasma Membrane Adhesion Molecules (GO:0007156),-0.3377980980171646,-1.1145412912786783,0.31746031746031744,1.0,1.0,22/43,22.24%,FAT2;CDH17;NECTIN1;SDK2;TENM3;CDH2;CEACAM6;CELSR2;HMCN1;NECTIN4;CEACAM5;CD84;CADM3;CDH4;IGSF21;EMB;MPZL2;SDK1;PCDHA7;CADM4;DSG2;PALLD
prerank,Autophagosome-Lysosome Fusion (GO:0061909),0.5529092816430308,1.1142653998281342,0.3333333333333333,0.6954066257021078,1.0,2/6,16.86%,CLN3;TOM1
prerank,Cellular Response To Glucose Starvation (GO:0042149),-0.36847276658905054,-1.1142103945678505,0.234375,1.0,1.0,15/35,27.10%,BHLHA15;SESN3;XBP1;IFI16;SESN2;NUAK2;EIF2AK3;PLIN3;CPEB4;NUAK1;FOXO3;PRKAA2;PLIN2;TSSK6;KPTN
prerank,Presynaptic Membrane Assembly (GO:0097105),-0.5923741748507896,-1.113942243935517,0.4032258064516129,1.0,1.0,4/6,22.90%,PTPRD;NLGN2;PTEN;NLGN3
prerank,Extrinsic Apoptotic Signaling Pathway In Absence Of Ligand (GO:0097192),-0.4419593372432941,-1.1133717718771106,0.3333333333333333,1.0,1.0,2/12,7.78%,BCL2L10;BCL2L2
prerank,Positive Regulation Of Cation Channel Activity (GO:2001259),-0.39047295439840735,-1.1133606105172715,0.2413793103448276,1.0,1.0,9/30,19.48%,GAL;LRRC26;STAC2;P2RY6;JPH2;CASQ1;GALR2;LRRC38;AKAP6
prerank,Protein Localization To Non-Motile Cilium (GO:0097499),0.6016607847106211,1.1131955996712546,0.36363636363636365,0.6976773781883238,1.0,3/5,23.85%,SPATA7;PCARE;ARL13B
prerank,Regulation Of Centrosome Duplication (GO:0010824),0.3853767963129739,1.113109702401539,0.2894736842105263,0.6973621292426794,1.0,15/25,38.50%,CHMP1A;PDCD6IP;CEP76;CEP120;SIRT1;CENATAC;XRCC3;CEP295;CHMP4A;NAT10;PKHD1;RAB6C;CEP295NL;SPICE1;VPS4B
prerank,Positive Regulation Of Metabolic Process (GO:0009893),-0.3096254303795152,-1.1129964542133477,0.21212121212121213,1.0,1.0,11/84,6.50%,ADIPOQ;LEP;DIO2;IGHA2;SLN;TSHR;ADCYAP1;LCN2;OXTR;JCHAIN;OXT
prerank,Negative Regulation Of DNA Binding (GO:0043392),-0.41907864414884327,-1.1129893571355,0.38,1.0,1.0,11/25,20.26%,SOX11;HMGA2;MDFI;LEF1;SUMO1;HEY2;IFI16;SIN3A;HABP4;MAD2L2;MSX2
prerank,Positive Regulation Of Telomere Maintenance In Response To DNA Damage (GO:1904507),0.4384159719424935,1.1129134041578757,0.3617021276595745,0.6973496871581246,1.0,6/12,38.41%,INO80;MCRS1;RUVBL1;YY1;INO80C;UCHL5
prerank,Negative Regulation Of Cellular Metabolic Process (GO:0031324),0.32225179754969746,1.1127623238128492,0.22857142857142856,0.6972185829840356,1.0,12/35,18.07%,AMH;SIRT2;TBX2;NUPR1;FBP1;PRKN;MAP3K3;TIGAR;GIT1;HDAC4;SIRT1;ITGAV
prerank,"DNA Damage Response, Signal Transduction By P53 Class Mediator Resulting In Transcription Of P21 Class Mediator (GO:0006978)",-0.5434612883121512,-1.1126260889676443,0.3695652173913043,1.0,1.0,4/7,35.73%,RPS27L;MUC1;RPS6KA6;TFAP4
prerank,Regulation Of Inflammatory Response (GO:0050727),0.2556961333951285,1.1122700937882224,0.13636363636363635,0.6979932807560627,1.0,32/171,10.91%,NR1H4;NKG7;TEK;DNASE1L3;MYO1C;GATA3;FFAR4;CDH5;PPARG;CX3CL1;LRRC19;ANXA1;IFNG;NFKBIA;GPS2;XCL1;GPER1;SBNO2;SNCA;KLF4;ARNT;FOXP1;SPHK1;DAGLB;HCK;IL1B;GPR31;NFKBIZ;NLRC4;BST1;NLRP9;TNFRSF1A
prerank,Negative Regulation Of Centrosome Duplication (GO:0010826),0.49462723148683996,1.111906473839434,0.37209302325581395,0.6983789813237261,1.0,4/8,25.53%,CDK5RAP2;CENATAC;KAT2A;KAT2B
prerank,Multivesicular Body Organization (GO:0036257),0.3910973906095158,1.111820815675732,0.32558139534883723,0.6982258653644329,1.0,8/26,30.71%,TSG101;VPS37B;PDCD6IP;RAB27A;SNF8;CHMP4A;RAB11A;HGS
prerank,Auditory Behavior (GO:0031223),-0.5927329941886419,-1.1117898193918179,0.39215686274509803,1.0,1.0,2/5,6.91%,STRA6;NRXN2
prerank,Learned Vocalization Behavior Or Vocal Learning (GO:0098598),-0.5927329941886419,-1.1117898193918179,0.39215686274509803,1.0,1.0,2/5,6.91%,STRA6;NRXN2
prerank,Water Transport (GO:0006833),-0.46480779133707073,-1.1113948480664908,0.3269230769230769,1.0,1.0,3/12,5.98%,AQP2;AQP5;AQP7
prerank,Central Nervous System Neuron Differentiation (GO:0021953),0.38305134371209865,1.110832691670596,0.2765957446808511,0.7001597355338165,1.0,4/24,3.11%,NOVA2;GRID2;OPHN1;NR4A2
prerank,Positive Regulation Of Regulated Secretory Pathway (GO:1903307),-0.520035265203558,-1.1105337788426461,0.39215686274509803,1.0,1.0,4/8,20.80%,SCAMP5;RAB3D;KCNB1;SLC4A8
prerank,Negative Regulation Of Reactive Oxygen Species Metabolic Process (GO:2000378),-0.4895769750449461,-1.1103666387706352,0.35185185185185186,1.0,1.0,2/14,2.00%,MMP3;TFAP2A
prerank,Negative Regulation Of Coagulation (GO:0050819),0.518874914457637,1.110195205514136,0.3157894736842105,0.7012200620924458,1.0,4/9,12.22%,APOH;PROCR;EDN1;THBD
prerank,Vascular Endothelial Growth Factor Receptor Signaling Pathway (GO:0048010),0.37230371938322016,1.110052412938637,0.2702702702702703,0.701086623512687,1.0,6/24,12.07%,VEGFD;FLT4;PRKD2;CLEC14A;FYN;PRKD1
prerank,DNA Methylation Involved In Embryo Development (GO:0043045),0.5700331381012826,1.109702530194172,0.41304347826086957,0.7014255971907086,1.0,1/5,5.48%,ZFP57
prerank,Positive Regulation Of Organelle Organization (GO:0010638),0.3450265688368307,1.109488568334974,0.36585365853658536,0.701388720457293,1.0,9/29,23.01%,ANXA1;SORBS3;UVRAG;PPARGC1A;AKT2;CALCOCO2;TOM1;C2CD5;KATNBL1
prerank,Activation Of Cysteine-Type Endopeptidase Activity Involved In Apoptotic Process By Cytochrome C (GO:0008635),-0.5763133960152156,-1.1094136865203335,0.37735849056603776,1.0,1.0,1/5,5.15%,CASP9
prerank,Nucleic Acid Transport (GO:0050657),0.5899289082940509,1.1093503368744317,0.38636363636363635,0.7011697301043858,1.0,4/5,28.07%,SIDT2;HNRNPA2B1;YBX1;RTRAF
prerank,O-glycan Processing (GO:0016266),-0.37442623262713187,-1.1092159807334239,0.35,1.0,1.0,15/37,21.50%,B3GNT3;GCNT3;CHST4;GALNT2;ST6GAL1;C1GALT1;GXYLT2;C1GALT1C1L;GALNT10;GALNT6;ST3GAL1;B4GALT5;GALNT1;C1GALT1C1;XXYLT1
prerank,Negative Regulation Of Receptor Binding (GO:1900121),-0.5450053570799642,-1.1089869892678565,0.38596491228070173,1.0,1.0,4/8,20.17%,ADIPOQ;IL10;ATP2A2;ATP2A3
prerank,Regulation Of Triglyceride Catabolic Process (GO:0010896),0.5247310422875409,1.1086630399013393,0.2978723404255319,0.7024394482744818,1.0,4/7,30.65%,DAGLB;ABHD5;GPLD1;PLIN5
prerank,"Nuclear-Transcribed mRNA Catabolic Process, Deadenylation-Independent Decay (GO:0031086)",0.5875061448829034,1.1086593075064985,0.3409090909090909,0.7019097051008207,1.0,3/5,31.77%,ZFP36;ZFP36L1;DCP1B
prerank,Organic Cation Transport (GO:0015695),0.41424821720625693,1.1086481908678134,0.3617021276595745,0.7014021435681568,1.0,10/19,32.20%,SLC47A1;SLC19A3;SLC44A2;PDZK1;SLC22A3;SLC7A6;SEC14L1;SLC25A26;SLC22A1;SLC25A29
prerank,Negative Regulation Of Transcription By RNA Polymerase I (GO:0016479),0.504709723198665,1.1086308274102403,0.2916666666666667,0.7009167135673611,1.0,3/7,22.59%,FLNA;BAZ2A;CREBBP
prerank,Ether Lipid Metabolic Process (GO:0046485),-0.4526180767295749,-1.1083466495066006,0.2549019607843137,1.0,1.0,2/11,2.67%,DHRS7B;PLA2G7
prerank,Leukotriene D4 Biosynthetic Process (GO:1901750),0.5988465433392149,1.1080761028946913,0.4074074074074074,0.7017771305109693,1.0,2/5,3.87%,GGTLC1;GGTLC3
prerank,Negative Regulation Of Lymphocyte Activation (GO:0051250),-0.4541648490297854,-1.1079491551256377,0.3269230769230769,1.0,1.0,5/17,14.38%,SOX11;LAX1;FOXJ1;TIGIT;JAK3
prerank,Modulation By Host Of Symbiont Process (GO:0051851),0.3423344548384269,1.1074876012477968,0.3170731707317073,0.7026575885954561,1.0,7/31,9.26%,CX3CR1;CDC42;LRRC19;JUN;HPN;INPP5K;TARDBP
prerank,Progesterone Receptor Signaling Pathway (GO:0050847),0.48921820555517614,1.1071451209312961,0.34210526315789475,0.7031743011596451,1.0,6/9,35.84%,WBP2;NEDD4;PHB1;PGR;SRC;ZDHHC7
prerank,Negative Regulation Of Lipopolysaccharide-Mediated Signaling Pathway (GO:0031665),-0.5638340106168024,-1.1057989273441848,0.38,1.0,1.0,2/6,3.99%,NFKBIL1;LTF
prerank,Cell Proliferation In Forebrain (GO:0021846),0.4621803879160138,1.1052985960751622,0.35555555555555557,0.7072691362357221,1.0,3/10,3.98%,WNT3A;WNT7A;DOCK7
prerank,Response To Interleukin-6 (GO:0070741),0.5326176374286165,1.1052937976057604,0.38,0.7067598387226087,1.0,5/8,18.34%,SBNO2;FOXA2;RELA;SELPLG;PHB1
prerank,"Endonucleolytic Cleavage Of Tricistronic rRNA Transcript (SSU-rRNA, 5.8S rRNA, LSU-rRNA) (GO:0000479)",-0.503269773337971,-1.1048551998197094,0.30612244897959184,1.0,1.0,4/11,27.52%,RRS1;UTP20;TSR1;BMS1
prerank,Regulation Of Cytokine-Mediated Signaling Pathway (GO:0001959),0.3370840788051359,1.104774898712523,0.2682926829268293,0.7074956599077613,1.0,9/35,15.47%,PALM3;MIB2;HIPK1;PTPN11;SPHK1;AXL;CD74;PTPN1;SIGIRR
prerank,C4-dicarboxylate Transport (GO:0015740),0.5027415391999487,1.1045900402789715,0.38181818181818183,0.7074333126925691,1.0,2/9,3.57%,SLC1A1;SLC25A22
prerank,Eye Photoreceptor Cell Differentiation (GO:0001754),-0.47414708478345746,-1.1045395872995925,0.32608695652173914,1.0,1.0,5/10,14.57%,SDK2;PROM1;DZANK1;RORB;VEGFA
prerank,Phasic Smooth Muscle Contraction (GO:0014821),-0.5345833558741561,-1.1045046614818155,0.39215686274509803,1.0,1.0,3/8,4.73%,GDNF;HTR2B;EDN2
prerank,Negative Regulation Of Apoptotic Process (GO:0043066),0.23876855026455612,1.1042354548763402,0.0625,0.7077427445502854,1.0,96/364,20.79%,CAV1;NR1H4;FATE1;TEK;ANGPT4;HSPA1B;ANGPTL4;PRKCG;MAG;CX3CR1;AMH;FFAR4;CX3CL1;NUPR1;ANXA1;NR4A2;LAMP3;CITED2;CAPN3;BDNF;FKBP8;IFIT3;YWHAZ;APOH;DDX3X;SNCA;KLF4;HSPA1A;SOCS2;SMAD6;VIP;CLN3;FLT4;CAT;SPHK1;PRKN;PRAP1;HPN;FLNA;PSEN2;ITGB1;SHH;RPS6KB1;HCK;SEMA3E;MALT1;NOL3;MSH2;TBX3;PTMA;TMBIM6;OPN3;SH3RF1;PRR5;PPARGC1A;PRKCH;TENT5B;RELA;AKT2;AREL1;RPS6KA3;AXL;RB1;MAEA;FGF20;RNF144B;BABAM2;PPT1;CD74;NAIP;ZNF268;GATA6;WFS1;RAF1;HYPK;SIRT1;PIDD1;OPA1;RPS3A;TCIM;FZD9;PRKDC;BCL3;TPT1;SOCS3;BRAF;IL6ST;CARD16;ANXA4;ARHGAP21;PRKCD;UBE2Z;PHIP;MAPKAP1;PCID2;OXSR1
prerank,Mitotic Spindle Midzone Assembly (GO:0051256),-0.6036290430322209,-1.1041576948006886,0.391304347826087,1.0,1.0,4/6,25.28%,KIF4A;CDCA8;INCENP;MAP10
prerank,Mitotic Spindle Elongation (GO:0000022),-0.6036290430322209,-1.1041576948006886,0.391304347826087,1.0,1.0,4/6,25.28%,KIF4A;CDCA8;INCENP;MAP10
prerank,Skeletal Muscle Cell Differentiation (GO:0035914),-0.5475812930186754,-1.1041538323582876,0.38,1.0,1.0,2/5,15.16%,SIX4;MEGF10
prerank,Positive Regulation Of Protein Targeting To Mitochondrion (GO:1903955),0.383622738958599,1.1040600143540424,0.3611111111111111,0.7076803057941715,1.0,7/26,16.29%,GSK3A;ARIH2;TOMM7;FZD5;SREBF2;VPS11;UBE2J2
prerank,Positive Regulation Of Lipid Localization (GO:1905954),-0.5360905573560704,-1.103732719429831,0.3333333333333333,1.0,1.0,3/7,15.39%,HILPDA;LRP1;IKBKE
prerank,RIG-I Signaling Pathway (GO:0039529),0.566268650301816,1.1036272855426443,0.32727272727272727,0.7083284095227956,1.0,3/6,18.34%,OAS3;TRIM25;PHB1
prerank,Apoptotic DNA Fragmentation (GO:0006309),0.5660846343276912,1.1035230579813886,0.3684210526315789,0.7080643064467493,1.0,1/6,1.31%,DNASE1L3
prerank,Positive Regulation Of DNA-templated DNA Replication (GO:2000105),-0.5039943953147344,-1.1034717759929218,0.34615384615384615,1.0,1.0,5/10,18.69%,E2F8;E2F7;CDT1;ENDOG;DBF4
prerank,Regulation Of Interleukin-1 Beta Production (GO:0032651),0.31053046456337313,1.1033943611035375,0.34285714285714286,0.7078853006924753,1.0,15/49,17.80%,CX3CR1;FFAR4;CX3CL1;CD36;IFNG;EGR1;FOXP1;MALT1;NLRC4;NLRP2B;FZD5;GIT1;NAIP;STAT3;TLR8
prerank,Negative Regulation Of Mitotic Cell Cycle (GO:0045930),-0.4030232465040253,-1.1033141082214766,0.3392857142857143,1.0,1.0,8/27,15.29%,BTG4;BRINP3;FOXC1;IL10;FZD3;CHEK1;BMP7;BCL6
prerank,Negative Regulation Of Cellular Process (GO:0048523),0.22576644552420028,1.1031371151199907,0.14285714285714285,0.7080239618139244,1.0,101/433,18.38%,CDH13;NOTCH4;JAM2;TSC2;HSPA1B;NR1H2;MYO1C;COL4A3;RERG;RND1;IL1A;GATA3;CTTNBP2NL;NR4A1;NUPR1;DSCAM;SLIT2;TP53I11;CDC73;VGLL4;P3H2;ACVRL1;INCA1;HPGD;FHL1;PIWIL2;IFIT3;HYAL1;GPER1;SEMA5A;DDX3X;BRINP1;GTPBP4;FUZ;HSPA1A;CGRRF1;SMAD6;PINX1;LMNA;SOX7;FBP1;APC;AGTR2;SOX17;DACT2;RGCC;IRF1;SHH;IL1B;CDKN2B;AGR3;INHA;KLF11;LPXN;DLL4;ADGRG1;DUSP1;PLXND1;RPS6KA2;BNIPL;NLRP2B;BTBD18;PPP2CA;BCL7B;CDK10;SULT2B1;CHMP1A;TENT5B;ITGA1;TP53I13;ENPP1;WARS1;TP53BP2;GET1;ACTB;RB1;CDKN2AIP;NOS3;SFRP4;NEURL1;PPT1;TAF6;ADRA1D;RBBP4;SMARCA4;ZNF268;WFS1;DCSTAMP;TES;RAF1;SIRT1;INHBA;PPM1D;S100A11;HYAL2;RRP8;RBM5;PPP1R13B;NDUFA13;PHB1;APLP2
prerank,Regulation Of Neutrophil Migration (GO:1902622),-0.5440754403986704,-1.103132665631726,0.43137254901960786,1.0,1.0,1/7,3.59%,OLFM4
prerank,Entrainment Of Circadian Clock By Photoperiod (GO:0043153),0.3933580649595346,1.1026370784288024,0.3488372093023256,0.7089658968738792,1.0,9/18,35.40%,SIK1;PER1;PPP1CB;RBM4;PML;ID2;MTA1;PER3;RBM4B
prerank,Regulation Of Lamellipodium Organization (GO:1902743),0.473935028779883,1.102151158043964,0.38596491228070173,0.7098113510322923,1.0,4/10,17.40%,CDC42;VIL1;CARMIL1;DMTN
prerank,Negative Regulation Of Cell-Cell Adhesion Mediated By Cadherin (GO:2000048),0.5257667045815798,1.1016093447363535,0.3333333333333333,0.7108244491652062,1.0,2/7,7.05%,NOTCH4;RGCC
prerank,Positive Regulation Of ATP-dependent Activity (GO:0032781),0.3743479377065589,1.1015366238411444,0.3111111111111111,0.7104647316640023,1.0,12/29,26.79%,DNAJB1;RGN;TNNT2;MYL4;MSH2;VMP1;TOR1AIP1;HNRNPU;ATP2A1;ALDOB;CHTOP;ATP1B1
prerank,GTP Metabolic Process (GO:0046039),0.4520314359912998,1.1012838078293579,0.3191489361702128,0.7105166357708883,1.0,5/11,21.36%,LRRK2;EFNA1;MFN1;OPA1;GIMAP7
prerank,Substantia Nigra Development (GO:0021762),0.3180517786329442,1.1011637007292476,0.3684210526315789,0.7102840753267974,1.0,9/36,14.26%,CDC42;SIRT2;ATP5PF;FGF9;CASP5;NDRG2;S100A1;CALM3;YWHAH
prerank,Embryonic Forelimb Morphogenesis (GO:0035115),-0.5256939454309999,-1.100995923167238,0.38181818181818183,1.0,1.0,2/8,2.00%,OSR2;TFAP2A
prerank,Positive Regulation Of Reproductive Process (GO:2000243),0.3523206462567942,1.1009931431978173,0.3617021276595745,0.7101992107133283,1.0,4/22,6.80%,TACR3;SIRT2;VIP;SYDE1
prerank,"Post-Translational Protein Targeting To Membrane, Translocation (GO:0031204)",0.5695937456373029,1.1009488347241418,0.3488372093023256,0.709788437044828,1.0,5/5,43.06%,SEC61G;SEC61A2;SEC62;SEC63;HYOU1
prerank,Negative Regulation Of Defense Response (GO:0031348),0.2785544393434706,1.1005618410840388,0.2,0.7103556520287193,1.0,12/87,6.08%,NR1H4;TEK;MYO1C;GATA3;FFAR4;CDH5;PPARG;GPS2;YWHAZ;GPER1;KLF4;ARNT
prerank,Arginine Catabolic Process (GO:0006527),0.5854358518002446,1.1001978178988983,0.3333333333333333,0.7109850374225288,1.0,2/5,14.67%,NOS1;NOS3
prerank,Regulation Of Transcription By RNA Polymerase II (GO:0006357),0.20560461196128893,1.1001604426109977,0.0,0.7105850879181738,1.0,301/1538,17.66%,FOSB;FIGLA;DPRX;CDH13;NOTCH4;HAND1;CAV1;EGR2;DUXA;NR1H4;FOS;RFX6;KLF7;ZBED2;ZNF266;HIF3A;NR1H2;WNT3A;CTCFL;KLF2;DDX5;ZNF683;LDB2;FGF1;GATA3;CASZ1;RFX4;TBL1X;TCF25;WNT7A;DHX36;SIRT2;ZNF254;GTF2I;PPARG;FOXD4L1;UTF1;CX3CL1;NR4A1;TEAD4;MLXIPL;BEX1;TBX2;WWC2;EDNRB;ANKRD1;DNAJB1;CDC73;TCF7L2;NR4A2;LHX9;IFNG;ACVRL1;CITED2;TAL1;CAMTA1;IER2;EPO;RFX2;NFKBIA;SFTPC;ZFP36;LMO7;TBX21;GPS2;CSRNP1;DDIT3;ZNF620;YWHAZ;WWP2;INO80;TCF7L1;JUN;GPER1;MYH2;SBNO2;DACH1;DDX3X;SLC11A1;SNCA;SEM1;WBP2;ZNF140;STAT1;ZFP57;ARID4A;BRD2;TXK;ARRB1;KLF4;HSPA1A;PLAG1;JUND;EGR1;SMAD6;NKX2-3;ARNT;HSF1;NFE2L2;NOS1;FBP1;FOXP1;CDK13;PRKD2;PRKN;ZNF672;ZNF136;KLF6;SOX17;MIDEAS;JUP;BCL6B;RGCC;ETV5;CHD8;ATOH8;ZNF560;IRF1;SHH;GATAD2B;KMT2A;USP16;FHOD1;TCF15;FGFR2;ENG;LIN37;SOX13;ZNF575;NFKB2;THRAP3;CREB3L1;ZHX3;HIVEP2;BACH1;KLF11;TNKS;ZNF441;USP22;TEAD2;EFNA1;ZNF596;DLL4;FASLG;IRF8;S100A10;NFE2;ZFPM1;FOXF1;ZNF444;NLRC5;NKX2-8;TEAD1;CBFB;HNF1B;RELB;FOXP2;TGIF1;DLX4;ZSCAN5A;LEFTY1;TBX3;LRP5;PER1;ID1;RITA1;HES7;ZSCAN31;ZNF641;PPM1A;EDN1;GABPB1;TAF6L;SP4;SGF29;ZIC2;ZNF439;THRA;CREB1;ZSCAN18;KLF8;IRX2;CCNL2;PTMA;TNFRSF1A;INSM2;CREBZF;MYOZ1;ZNF684;PF4;BCL7B;EHMT1;JUNB;ERFL;ZBTB16;ZNF396;ZNF662;ZKSCAN1;FOXA2;NKX2-1;TRIM33;FZD5;PRKD1;DVL3;SREBF2;PPARGC1A;HDAC8;PRDM16;SP6;SDR16C5;RELA;SP2;ID4;CALCOCO1;CBX1;MLXIP;ARID3A;FOXP4;SKOR1;SUB1;ATAD2B;PLAGL1;MBIP;EPAS1;RPS6KA3;PROX2;ESR1;SMARCC2;NACC1;GET1;MCRS1;BRMS1L;ZFP2;ACTB;GBX1;RB1;CHD4;MED4;HESX1;IRF3;PURG;CDKN2AIP;ZEB2;VSX2;ZNF784;RARA;NCOA2;PRKAR1A;NCOA7;ZNF131;TAF6;ELF5;ZBTB21;MXD1;TMPRSS6;MED10;BRD7;ZNF350;HDAC4;RBBP4;ETS2;SMAD9;BPTF;WWTR1;HSFX4;PPP1R13L;TAF2;SMARCA4;PHF12;NCOR2;JDP2;JADE2;LPIN2;ZNF823;IRX1;ZNF268;ZNF559;GATA6;WFS1;STAT3;TET2;SIRT1;PITX3;HIVEP1;ACTR3;ZNF763;SNF8;ELK3;SUPT3H;EBF1;INHBA;MAFF;PPM1D;TEF;HOXB5;ZNF236;ATP2B4;ZNF613;HYAL2;CREB3L2;RCOR3
prerank,Cell-Cell Adhesion Mediated By Cadherin (GO:0044331),-0.406263483234011,-1.099926713820975,0.3333333333333333,1.0,1.0,8/21,19.12%,CDH3;CDH17;CDH2;CDH22;CDHR3;CDH4;CDH26;CDH11
prerank,Negative Regulation Of Canonical Wnt Signaling Pathway (GO:0090090),-0.30511676288851597,-1.0999079685134943,0.2535211267605634,1.0,1.0,28/100,17.79%,GREM1;SFRP2;TNN;WNT5A;SOX2;HECW1;TPBGL;SFRP1;TLE3;TPBG;IGFBP2;MESP1;SHISA6;MDK;SOX9;SFRP5;KREMEN1;GLI1;APOE;BICC1;FRZB;CSNK1A1L;DKK3;DACT1;GLI3;DKK1;SNAI2;AXIN2
prerank,Response To Light Stimulus (GO:0009416),0.31939883870325025,1.0997924027703392,0.3142857142857143,0.7111189979333226,1.0,15/40,22.22%,SLC24A4;ERCC3;GNAT1;CIRBP;RHO;COPS3;OPN3;TP53I13;CPT1B;MAP4K3;UVSSA;USF1;REV1;UBE2A;CCAR2
prerank,Regulation Of Protein Targeting To Membrane (GO:0090313),0.35983871275602736,1.0992380310863745,0.35555555555555557,0.7121655617045535,1.0,10/22,28.08%,MYO1C;PDZK1;INPP5K;ANK3;FYN;DMTN;C2CD5;SLC51B;ERBB2;ITGB1BP1
prerank,Regulation Of Interleukin-6 Production (GO:0032675),-0.31779299502986497,-1.0990078839718653,0.2857142857142857,1.0,1.0,23/83,20.40%,MMP8;LEP;POU2AF1;WNT5A;TWIST1;FOXJ1;INAVA;NLRC3;IL10;ISL1;F2RL1;CD84;XBP1;EREG;TNFSF4;ARHGEF2;NMBR;IL37;TLR6;DHX9;SLAMF1;TREM2;CD47
prerank,Antigen Processing And Presentation Of Peptide Antigen Via MHC Class I (GO:0002474),0.4139895403544144,1.0987684144029575,0.358974358974359,0.7130325791191672,1.0,5/14,19.55%,ACE;ERAP1;MFSD6;B2M;FCER1G
prerank,Negative Regulation Of Cell-Substrate Adhesion (GO:0010812),0.31762733202549603,1.0978222973467553,0.29411764705882354,0.7149236879620273,1.0,16/33,29.27%,CX3CL1;AJAP1;SEMA3E;CORO1C;MYOC;FZD4;DMTN;GBP1;PTPRO;PLET1;CASK;TBCD;ITGB1BP1;GCNT2;JAG1;ADAM15
prerank,Sphingolipid Metabolic Process (GO:0006665),-0.30781672159547524,-1.097385578871343,0.29333333333333333,1.0,1.0,20/82,15.97%,FUT6;ALDH3B2;ELOVL2;FUT3;PLPP2;ENPP2;SGPL1;FA2H;ELOVL4;ALOXE3;SGPP2;DEGS2;ACER2;UGT8;CERS6;UGCG;SPTSSB;B4GALNT1;PLPP1;NSMAF
prerank,Regulation Of Monoatomic Cation Transmembrane Transport (GO:1904062),-0.3794805704136874,-1.0972878407923283,0.34375,1.0,1.0,7/28,12.04%,BPIFA1;HCN4;HRC;WNK3;DPP10;GRIN2A;KCNIP3
prerank,Extrinsic Apoptotic Signaling Pathway (GO:0097191),0.29040961402311766,1.0968276349874262,0.2571428571428571,0.7169479278774565,1.0,22/50,29.67%,IFNG;HIPK1;DDX3X;FASLG;DEDD;GSK3A;TNFRSF1A;DAXX;BAD;INHBA;DIABLO;ITGAV;DELE1;RIPK1;BCL2A1;DEDD2;RNF41;BAG3;GSK3B;IL6R;TGFB2;CRADD
prerank,Regulation Of Canonical Wnt Signaling Pathway (GO:0060828),0.24656726834347098,1.0964517560627323,0.29411764705882354,0.7173811586800236,1.0,40/178,14.83%,AMER2;CAV1;WNT3A;SOST;TMEM88;TBL1X;TLE4;SCEL;TCF7L2;DDIT3;LRRK2;SEMA5A;DDX3X;FUZ;SOX7;PRKN;APC;DKKL1;CCNYL1;SOX17;JUP;CHD8;DAPK3;FGFR2;SOX13;TNKS;LGR5;RSPO1;PPM1A;LGR6;GSK3A;ILK;PRICKLE1;CSNK1D;VCP;RBX1;LYPD6;GNAQ;SFRP4;ZEB2
prerank,Protein Maturation (GO:0051604),-0.3056707598014455,-1.0959863379179209,0.2857142857142857,1.0,1.0,16/84,16.14%,PCSK1;CPXM1;TMPRSS4;MMP16;TLL2;BACE2;CASP9;CPXM2;GALNT2;ADAM19;ADAMTS3;PTCH1;CPD;ACTMAP;TYSND1;MMP14
prerank,Folic Acid-Containing Compound Metabolic Process (GO:0006760),0.48466208294437185,1.0958704438934561,0.38636363636363635,0.7182835458046284,1.0,3/9,14.56%,SLC19A1;MTHFD2L;MTRR
prerank,Central Nervous System Development (GO:0007417),0.2539582190852587,1.095655985368774,0.18181818181818182,0.7184752171079505,1.0,49/208,18.38%,CNTN6;EGR2;NDRG4;MYRF;EML1;CADM2;CX3CR1;SPTBN1;NR4A2;ROBO2;PPP1R17;NOTO;VCX3B;CTNS;PTPN11;PRKN;SH3GL2;BTD;ADGRL2;AGTR2;CHD8;SHH;EIF2B5;B3GNT5;ADGRG1;HSPG2;ROGDI;ZIC2;CDK5RAP2;ZBTB16;SHROOM4;MFSD2A;NKX2-1;RTN1;MAL;RPS6KA3;AMIGO2;HESX1;PPT1;GIT1;RBBP4;BPTF;GRIK1;STAT3;TPPP;NPTX1;PHGDH;SH3GL1;APLP2
prerank,Negative Regulation Of Cell-Matrix Adhesion (GO:0001953),0.35144746741701005,1.0953848043592544,0.35294117647058826,0.7185415124743578,1.0,16/30,29.27%,FAM107A;ACVRL1;AJAP1;SEMA3E;CORO1C;PHLDB2;MYOC;DMTN;CLASP2;DYNLL1;PLET1;CASK;BCAS3;ITGB1BP1;JAG1;ADAM15
prerank,Plasma Membrane Invagination (GO:0099024),0.3904434978848117,1.0952169464260473,0.275,0.7184306237171187,1.0,6/21,18.50%,CDC42;CD36;MSR1;BIN2;SPIRE2;ARHGAP25
prerank,Positive Regulation Of mRNA Catabolic Process (GO:0061014),0.35495361206605075,1.0948992183275206,0.3235294117647059,0.7186946298242359,1.0,11/38,24.98%,NANOS3;DHX36;ZFP36;PABPC1;METTL3;TOB1;CELF1;BTG2;ZFP36L1;CNOT8;ZC3H12A
prerank,Homologous Chromosome Pairing At Meiosis (GO:0007129),-0.43515871731793887,-1.09465614872465,0.2830188679245283,1.0,1.0,6/16,16.57%,TEX11;P3H4;TRIP13;HORMAD1;SYCE3;SHOC1
prerank,Regulation Of Viral Life Cycle (GO:1903900),0.4009220985093326,1.094482527348323,0.30434782608695654,0.7190726663710103,1.0,5/17,11.56%,LAMP3;TRIM34;PPIA;TRIM58;TRIM25
prerank,Central Nervous System Neuron Development (GO:0021954),0.419614086243084,1.0939676599609638,0.35714285714285715,0.7200529995575815,1.0,6/12,25.85%,NOVA2;HSP90AA1;ATP7A;GBA2;PALS1;RAPGEF2
prerank,Chondrocyte Differentiation (GO:0002062),-0.38347349455281143,-1.093764743886183,0.26,1.0,1.0,6/26,11.29%,OSR2;SULF1;HMGA2;BMPR1B;SOX9;SLC39A14
prerank,Ceramide Metabolic Process (GO:0006672),-0.3349552378860723,-1.093553802579726,0.328125,1.0,1.0,12/43,15.97%,FUT6;FUT3;PLPP2;SGPL1;FA2H;ALOXE3;DEGS2;ACER2;CERS6;SPTSSB;PLPP1;NSMAF
prerank,Regulation Of Trans-Synaptic Signaling (GO:0099177),0.3772202920239122,1.0934724390420263,0.3404255319148936,0.7208761019236614,1.0,4/26,1.81%,GRID2;CX3CR1;CDKL5;NRG3
prerank,Mitochondrial Respiratory Chain Complex Assembly (GO:0033108),0.28189994572795746,1.0934599320796194,0.3103448275862069,0.7203798965286065,1.0,17/70,26.84%,COX17;FOXRED1;TAFAZZIN;FASTKD3;NDUFA5;NDUFAF7;CHCHD7;ECSIT;NDUFA13;NDUFC1;OXA1L;NDUFA11;NDUFB5;PET117;COX16;NDUFAF5;AIFM1
prerank,Alpha-Beta T Cell Activation (GO:0046631),0.4670667093452372,1.0928027797495437,0.3333333333333333,0.7216682597145334,1.0,2/9,4.96%,NKG7;RSAD2
prerank,Negative Regulation Of Calcium Ion Transmembrane Transporter Activity (GO:1901020),-0.3855883771104975,-1.092685314362717,0.34615384615384615,1.0,1.0,3/23,8.79%,SLN;CBARP;PLN
prerank,Positive Regulation Of Viral Genome Replication (GO:0045070),0.3458757840268374,1.0926848569255199,0.23809523809523808,0.7214727451494328,1.0,6/24,17.35%,GBP7;DDX3X;PPIA;PABPC1;IFIT1;PKN2
prerank,Detection Of Visible Light (GO:0009584),0.4085672706434386,1.0925937639332473,0.37209302325581395,0.7211428874791992,1.0,6/15,14.23%,RGS9BP;GNAT1;CACNA1F;RHO;GNA11;GNAQ
prerank,Hepaticobiliary System Development (GO:0061008),0.43365747997339155,1.0924240320041014,0.375,0.7210308292280215,1.0,4/16,9.62%,TGFBR3;CITED2;PCSK9;NKX2-8
prerank,Mitochondrial tRNA Modification (GO:0070900),-0.5083424576502489,-1.0923928826158291,0.36507936507936506,1.0,1.0,4/7,29.11%,TRMT61B;METTL8;PUS1;TRMT5
prerank,Mature B Cell Differentiation Involved In Immune Response (GO:0002313),-0.4925401825258411,-1.0923545247414492,0.32727272727272727,1.0,1.0,4/11,18.09%,POU2AF1;DOCK10;GPR183;IL21
prerank,Nonribosomal Peptide Biosynthetic Process (GO:0019184),-0.540880972025462,-1.092284027350246,0.3191489361702128,1.0,1.0,4/7,18.46%,CHAC1;GCLC;CHAC2;GCLM
prerank,Interferon-Mediated Signaling Pathway (GO:0140888),0.3699822694538906,1.0920533501965193,0.2558139534883721,0.7214980272098344,1.0,8/26,15.76%,IFNG;STAT1;IRF1;HCK;IFNA5;TANK;TYK2;HDAC4
prerank,Cellular Lipid Catabolic Process (GO:0044242),-0.4167568742151022,-1.092035333940719,0.3709677419354839,1.0,1.0,5/19,10.06%,CYP1B1;LIPG;SMPDL3B;ENPP2;PLBD2
prerank,Receptor-Mediated Virion Attachment To Host Cell (GO:0046813),-0.6166043411546331,-1.0916088208334334,0.4339622641509434,1.0,1.0,2/5,14.25%,LRRC15;DPP4
prerank,Regulation Of Morphogenesis Of A Branching Structure (GO:0060688),-0.5805278651091157,-1.091569587909,0.38596491228070173,1.0,1.0,2/5,3.27%,SIX2;GDNF
prerank,Intermembrane Lipid Transfer (GO:0120009),0.5433675998875193,1.0913725377859322,0.37735849056603776,0.7226465498788108,1.0,1/7,1.71%,TTPA
prerank,Mitochondrial Proton-Transporting ATP Synthase Complex Assembly (GO:0033615),0.5641692050918603,1.0913491022005444,0.37735849056603776,0.72167797468264,1.0,4/5,41.76%,OXA1L;TMEM242;ATPAF2;FMC1
prerank,Proton-Transporting ATP Synthase Complex Assembly (GO:0043461),0.5641692050918603,1.0913491022005444,0.37735849056603776,0.72167797468264,1.0,4/5,41.76%,OXA1L;TMEM242;ATPAF2;FMC1
prerank,Positive Regulation Of Filopodium Assembly (GO:0051491),0.39751815389504325,1.0913052173142863,0.3673469387755102,0.7212566082448465,1.0,10/20,32.47%,GPM6A;CDC42;PALM;NEURL1;DOCK11;RALA;BCAS3;FMR1;TENM1;ARAP1
prerank,Intracellular Glucose Homeostasis (GO:0001678),-0.37007892798934117,-1.0911851893016593,0.35,1.0,1.0,15/34,24.92%,NGFR;FOXA3;HK2;NR1D1;SLC39A14;XBP1;LRRC8D;LRRC8A;KCNB1;HKDC1;RACK1;FOXO1;SOX4;ZBTB20;PRKAA2
prerank,Generation Of Neurons (GO:0048699),0.2573284352137399,1.0906499870066315,0.2903225806451613,0.722412273327706,1.0,28/131,14.58%,CCK;NOVA2;GPM6A;EML1;WNT3A;CDKL5;OPHN1;WNT7A;TRIM46;BRSK2;NR4A2;LHX9;IER2;NOTO;PCSK9;SHH;DCC;WNT2B;IRX2;INSM2;FZD5;FZD8;SH3RF1;RTN1;THOC2;TAFA1;PAFAH1B1;FZD4
prerank,Positive Regulation Of DNA Recombination (GO:0045911),0.32099864629797414,1.0904958754967604,0.35714285714285715,0.7223925263991412,1.0,23/33,41.87%,MMS19;KMT5B;MORF4L1;EPC1;VPS72;MEAF6;MBTD1;RUVBL1;MRNIP;SHLD1;ERCC2;BRD8;WAS;TP53BP1;YEATS4;EPC2;INSL6;ERCC6;ING3;HMCES;ARID2;ACTR2;TRRAP
prerank,Mitochondrial ATP Synthesis Coupled Electron Transport (GO:0042775),0.30066831022316337,1.0903493248990321,0.22580645161290322,0.7222184813265874,1.0,9/52,19.88%,COX4I2;UQCRHL;TAFAZZIN;NDUFA5;NDUFA12;NDUFA7;SDHD;NDUFC1;NDUFB5
prerank,Negative Regulation Of Viral-Induced Cytoplasmic Pattern Recognition Receptor Signaling Pathway (GO:0039532),0.4137041142863701,1.090335037334357,0.3333333333333333,0.7217568205819791,1.0,5/12,24.70%,RNF125;GPATCH3;PTPRS;RIOK3;SEC14L1
prerank,Thyroid Hormone Transport (GO:0070327),-0.6470329703603466,-1.0899696517781883,0.40476190476190477,1.0,1.0,4/5,24.87%,SLC7A5;SLC16A2;SLC3A2;SLC16A10
prerank,Regulation Of Rho Protein Signal Transduction (GO:0035023),0.29059588769009614,1.0898515987933692,0.2857142857142857,0.7224053720671311,1.0,18/59,17.81%,OPHN1;SCAI;GPR17;SYNPO2L;HEG1;ITGA3;ARRB1;ADGRG1;EPS8L2;ARHGEF18;KCTD13;MYOC;TNFAIP1;MCF2L;RAF1;MYO9B;STARD8;RASIP1
prerank,Negative Regulation Of Axonogenesis (GO:0050771),0.36956064282816553,1.0895341294700718,0.37037037037037035,0.722673138602065,1.0,5/18,9.45%,MAG;TRIM46;RUFY3;SEMA3G;DCC
prerank,Synaptic Vesicle Budding From Presynaptic Endocytic Zone Membrane (GO:0016185),0.5906514759458779,1.0892807709022352,0.44680851063829785,0.7225917222704643,1.0,2/5,17.19%,AP3S1;AP3D1
prerank,cAMP Biosynthetic Process (GO:0006171),0.4738545114497127,1.0886620476074584,0.3404255319148936,0.7236483160019823,1.0,2/9,0.87%,ADCY8;ADCY4
prerank,Regulation Of Rac Protein Signal Transduction (GO:0035020),-0.43972048284138476,-1.0886442359267225,0.26785714285714285,1.0,1.0,6/14,25.10%,AUTS2;ARHGAP24;ARHGAP17;CADM4;KBTBD6;ARF6
prerank,Negative Regulation Of Intrinsic Apoptotic Signaling Pathway In Response To DNA Damage By P53 Class Mediator (GO:1902166),0.41345930586439605,1.0886214975755257,0.35555555555555557,0.7232487528189733,1.0,3/11,16.82%,ZNF385A;CD74;SIRT1
prerank,Endothelial Cell Migration (GO:0043542),0.3475304189085442,1.088485602358189,0.2894736842105263,0.7231261514457177,1.0,11/30,14.67%,CDH13;EMP2;CDH5;NR4A1;STAT1;LPXN;PLXND1;ID1;PXN;GIPC1;NOS3
prerank,Peptidyl-Amino Acid Modification (GO:0018193),0.5112085528072823,1.0882541687578255,0.40425531914893614,0.7230957888492447,1.0,2/7,6.19%,PFDN1;METAP2
prerank,Cellular Response To Gamma Radiation (GO:0071480),0.44867084359571796,1.0880040191985778,0.375,0.7231574656662036,1.0,2/12,6.15%,RPL26;HSF1
prerank,Sphingosine Metabolic Process (GO:0006670),-0.4185905868914321,-1.0879995582352155,0.3793103448275862,1.0,1.0,5/18,14.78%,PLPP2;SGPP2;ACER2;SPTSSB;PLPP1
prerank,Mesoderm Development (GO:0007498),0.4027379541180247,1.0878813094158029,0.3181818181818182,0.7229330509992072,1.0,5/16,10.14%,TIE1;HCK;TCF15;TBX3;HES7
prerank,Heterocycle Biosynthetic Process (GO:0018130),-0.5754069520013243,-1.0878503815420826,0.39215686274509803,1.0,1.0,2/5,15.38%,MOCOS;NOXRED1
prerank,Cell Junction Maintenance (GO:0034331),-0.4610905630258869,-1.087760147417918,0.3389830508474576,1.0,1.0,5/10,13.55%,CD177;CLDN1;F2RL1;NLGN2;CLDN3
prerank,G-quadruplex DNA Unwinding (GO:0044806),0.5619120938353666,1.0876420831254991,0.43902439024390244,0.7229539280188314,1.0,3/6,18.43%,DHX36;DNA2;HNRNPA2B1
prerank,Negative Regulation Of Transposition (GO:0010529),0.43883774144453,1.0874346211313304,0.3469387755102041,0.7229849747160896,1.0,9/14,40.32%,PIWIL2;BTBD18;SMYD5;TDRD9;MOV10;APOBEC3A;APOBEC3H;APOBEC3G;UBR2
prerank,Heterophilic Cell-Cell Adhesion Via Plasma Membrane Cell Adhesion Molecules (GO:0007157),-0.3569212265337336,-1.087406792953384,0.3442622950819672,1.0,1.0,13/33,17.58%,CD209;TENM4;NECTIN1;TENM3;CEACAM6;HMCN1;NECTIN4;CEACAM5;CADM3;PTPRD;FAT4;SCARF2;IGSF21
prerank,Positive Regulation Of Gene Expression (GO:0010628),0.23130492916659057,1.0873535630091475,0.15384615384615385,0.7226796286769152,1.0,93/369,18.34%,ODAM;HSPA1B;WNT3A;CTCFL;AMH;FGF1;IL1A;CDH5;DHX36;CLEC6A;PPARG;ADTRP;CD36;PDGFB;FGFR4;IFNG;LAMP3;CITED2;PIWIL2;RDX;GPER1;FGF9;RAMP3;DDX3X;RPL26;SLC11A1;WBP2;SSB;TXK;KLF4;HSPA1A;EGR1;PLD1;NFE2L2;CIRBP;PRKN;HPN;RGCC;EIF3C;KMT2A;RPS6KB1;IL1B;TENT4A;CLDN5;LARP6;KRAS;DLL4;EIF3D;TMIGD2;MAPK9;SGF29;LARP4;ITK;GSK3A;CCDC88B;PF4;OCLN;ANK3;PRKAG1;NKX2-1;FAM98A;ACTG1;PPARGC1A;TENT5B;VIM;RELA;LIMS1;CALCOCO1;RPL11;MBIP;WARS1;TTN;CSF1;FGF20;METTL3;NOS3;SFRP4;MYLK2;FGF17;CD74;LARP4B;BRD7;SMARCA4;IL15;STAT3;RAB27A;SNF8;INHBA;SLC26A9;MED23;PRKDC;BCL3;PHB1
prerank,Regulation Of Protein Export From Nucleus (GO:0046825),0.39777650191383707,1.0872238787346793,0.3181818181818182,0.7224154612411792,1.0,9/15,40.70%,IL1B;RAPGEF3;BARD1;BAG3;GSK3B;XPO4;GAS6;PARK7;SP100
prerank,Negative Regulation Of Signal Transduction (GO:0009968),0.26047403703953226,1.0868759044620517,0.16666666666666666,0.7227725152173308,1.0,59/215,17.84%,SOSTDC1;ENTREP1;NDRG4;SEMA6A;TSC2;SOST;CX3CR1;PALM3;GATA3;PPARG;CX3CL1;EGFL7;CYP26B1;VGLL4;NR4A2;CLEC12B;BDNF;EPN2;HHIP;GPS2;WWP2;PRKCZ;TRIB1;WIF1;SNCA;ARRB1;PTPN12;AGTR2;NOTUM;RPS6KB1;IL1B;CREB3L1;DLL4;INPP5K;RITA1;NLRP2B;PALM;GSK3A;TMBIM6;VCP;ENPP1;GRB7;RB1;NEDD4;METTL3;SFRP4;NEURL1;APLN;PTPN1;SIGIRR;ARRDC1;TSPAN15;CTNNBIP1;NKD1;PRKCQ;MGRN1;CDK3;SHISA2;TCIM
prerank,Phosphate Ion Transport (GO:0006817),-0.4694153589193986,-1.0868241345577598,0.3617021276595745,1.0,1.0,5/13,18.51%,SLC17A8;SLC37A3;SLC17A7;XPR1;SLC25A10
prerank,Vesicle Docking (GO:0048278),0.41317726707435176,1.0867850740122382,0.3695652173913043,0.7225696826218085,1.0,3/14,14.73%,STX11;CLN3;CEP83
prerank,Lymphocyte Activation Involved In Immune Response (GO:0002285),-0.4472572933888461,-1.0867064855082436,0.37777777777777777,1.0,1.0,4/10,13.88%,IFNE;MDK;F2RL1;GPR183
prerank,Microtubule Anchoring At Microtubule Organizing Center (GO:0072393),0.4716221099828355,1.0862715331876163,0.3333333333333333,0.7232716621294892,1.0,4/9,25.41%,CCDC68;NIN;MAP1S;CCDC120
prerank,Mammary Gland Development (GO:0030879),0.4266630446399026,1.0861201640634794,0.3409090909090909,0.7231398538343778,1.0,2/15,0.27%,NOTCH4;CAV1
prerank,Negative Regulation Of DNA-binding Transcription Factor Activity (GO:0043433),0.260800477340452,1.0860579136394772,0.28125,0.7227545185191617,1.0,36/119,21.63%,HAND1;NUPR1;TCF7L2;SIK1;NFKBIA;DDIT3;XCL1;WWP2;LRRK2;TRIB1;ARRB1;KLF4;FLNA;MTURN;NLRC5;ERBIN;ID1;NLRP2B;RBCK1;FOXA2;ESR1;RB1;COMMD1;SFRP4;SIGIRR;HDAC4;CTNNBIP1;WFS1;SIRT1;PPP2CB;BCL3;SMAD7;ANXA4;TMSB4X;EOMES;FZD6
prerank,Regulation Of SNARE Complex Assembly (GO:0035542),0.4333222528961549,1.0859719515562811,0.35555555555555557,0.722390016815015,1.0,4/12,22.33%,SNCA;STXBP1;VPS11;VPS41
prerank,Midbrain Dopaminergic Neuron Differentiation (GO:1904948),0.4693146999116812,1.0855232124258434,0.35294117647058826,0.7230698507487818,1.0,2/8,3.11%,WNT3A;NR4A2
prerank,Regulation Of Lysosomal Protein Catabolic Process (GO:1905165),0.5304618716667984,1.0853425043717826,0.2777777777777778,0.7231107199913113,1.0,2/7,5.54%,MGAT3;LDLR
prerank,Positive Regulation Of Deacetylase Activity (GO:0090045),0.5558896746997943,1.0851144015771896,0.41509433962264153,0.7232223686139477,1.0,2/5,12.07%,PRKD2;PRKD1
prerank,Regulation Of Interleukin-1 Production (GO:0032652),-0.5158490156191149,-1.084922766038821,0.41509433962264153,1.0,1.0,3/11,11.00%,SAA1;IL10;CCR7
prerank,RNA-mediated Gene Silencing (GO:0031047),0.37366763128892194,1.0848687245458117,0.35714285714285715,0.7234147577268036,1.0,9/19,26.98%,PIWIL2;PABPC1;ZNFX1;NRDE2;HELZ;AGO2;CELF1;AGO4;AGO3
prerank,DNA-templated Transcription (GO:0006351),0.25184270485366494,1.084782011507287,0.27586206896551724,0.7230915048629879,1.0,45/158,26.33%,DDX5;CRCP;NR4A2;TCEANC;MMS19;ERCC3;CCNH;HSF1;MLF1;TCEA2;MTERF4;TCEA3;NKX2-8;CBFB;POLR2C;THRA;PTMA;NKX2-1;NOCT;BAZ2A;TBP;MED4;POLR2F;TAF6;PDE10A;POLR3G;EPC1;NFAT5;DEAF1;PMF1;POLR3H;COPS2;SMAD4;RREB1;NFKBIB;CCDC124;GTF2B;CDK9;POLR2K;POLR2H;ZFP36L1;SNAPC3;GTF3C1;TRIM24;ATF4
prerank,Positive Regulation Of T Cell Migration (GO:2000406),-0.44363923438916025,-1.0845743206554435,0.3333333333333333,1.0,1.0,7/19,17.70%,CXCL13;WNT5A;CXCL12;S100A7;CCL21;CCR2;ABL2
prerank,"Positive Regulation Of mRNA Splicing, Via Spliceosome (GO:0048026)",0.41634621301439145,1.0844642577856853,0.38461538461538464,0.7233543996804133,1.0,6/15,28.83%,CIRBP;THRAP3;TRA2B;NUP98;CLNS1A;PRMT5
prerank,Membrane Invagination (GO:0010324),0.5511265134863461,1.084399479930806,0.41509433962264153,0.7230114678070089,1.0,3/6,30.71%,FCHO2;CHMP4A;HGS
prerank,T-helper 1 Type Immune Response (GO:0042088),-0.5253724220703804,-1.0841884798135575,0.4186046511627907,1.0,1.0,3/7,23.25%,LEF1;TMEM98;STAT4
prerank,Negative Regulation Of T Cell Proliferation (GO:0042130),-0.3973971295261748,-1.083992057370103,0.3333333333333333,1.0,1.0,4/21,8.65%,FOXP3;TNFRSF21;IL10;PRNP
prerank,Cytoskeleton-Dependent Intracellular Transport (GO:0030705),0.3804071649951872,1.0838181440925103,0.2765957446808511,0.7240504912461592,1.0,8/17,27.54%,TUBA1A;HOOK2;CCDC88B;MYO10;TUBA1C;KIF1C;DYNC1I2;KIF13A
prerank,Negative Regulation Of Cysteine-Type Endopeptidase Activity (GO:2000117),-0.3433141599314352,-1.0837722796150835,0.3389830508474576,1.0,1.0,3/41,3.99%,CST1;CST2;LTF
prerank,Peptidyl-Serine Dephosphorylation (GO:0070262),0.5006563156466132,1.0836293891160453,0.35185185185185186,0.7240400780999569,1.0,4/6,34.05%,PPP2CA;PPP2CB;PPM1F;PPP3CA
prerank,CENP-A Containing Chromatin Assembly (GO:0034080),0.5547986422280928,1.083568506551831,0.35294117647058826,0.7231640046802534,1.0,1/5,4.12%,NASP
prerank,Chromatin Remodeling At Centromere (GO:0031055),0.5547986422280928,1.083568506551831,0.35294117647058826,0.7231640046802534,1.0,1/5,4.12%,NASP
prerank,Maintenance Of Blood-Brain Barrier (GO:0035633),0.35990732976722123,1.0833062970977512,0.3157894736842105,0.723315123877106,1.0,10/23,15.24%,JAM2;CDH5;SLC1A1;ITGB1;CLDN5;ESAM;OCLN;MFSD2A;ACTG1;TJP2
prerank,Positive Regulation Of Protein Catabolic Process In The Vacuole (GO:1904352),0.5666402255512543,1.0831800863432701,0.4166666666666667,0.7231444930325382,1.0,2/5,5.54%,RNF128;LDLR
prerank,Negative Regulation Of Hydrolase Activity (GO:0051346),-0.3437069761104188,-1.08311401999067,0.3103448275862069,1.0,1.0,2/38,1.03%,SERPINB4;SERPINA5
prerank,Vascular Transport (GO:0010232),-0.31127667636460365,-1.0830696692300505,0.28,1.0,1.0,25/71,20.80%,SLC5A5;SLC1A4;SLC7A5;SLC6A17;SLC16A2;SLC7A1;SLC1A3;AVPR1A;SLC16A7;LRP1;SLC13A3;ABCC3;SLC6A6;LRP3;ATP1B2;AVPR1B;SLC5A3;SLC29A4;SLC4A4;SLC27A4;SLC6A9;ATP2A3;SLC24A3;SLC2A13;SLC4A8
prerank,Forelimb Morphogenesis (GO:0035136),-0.5017399001456535,-1.0829298638282727,0.39655172413793105,1.0,1.0,2/9,2.00%,OSR2;TFAP2A
prerank,Positive Regulation Of Early Endosome To Late Endosome Transport (GO:2000643),0.5537527191144931,1.0827894269880718,0.37209302325581395,0.7236066796870821,1.0,3/6,27.83%,RDX;VPS11;MTMR2
prerank,Positive Regulation Of Myotube Differentiation (GO:0010831),-0.6194709061756811,-1.0823294998766007,0.43859649122807015,1.0,1.0,4/5,30.42%,RBM24;MMP14;MAML1;MAPK14
prerank,Blood Vessel Morphogenesis (GO:0048514),0.3096858276798099,1.081974883973093,0.2702702702702703,0.7251317940949816,1.0,9/43,10.03%,CAV1;EGFL7;SLC1A1;FLT4;SOX17;SHH;ENG;LRP5;ID1
prerank,Intracellular Triglyceride Homeostasis (GO:0035356),0.5453094175151001,1.0818843937405196,0.375,0.7249000809667027,1.0,1/5,0.43%,NR1H4
prerank,Regulation Of Type B Pancreatic Cell Development (GO:2000074),-0.5184327914424004,-1.0818236332349302,0.39655172413793105,1.0,1.0,1/7,1.14%,NKX6-1
prerank,Regulation Of Autophagosome Assembly (GO:2000785),0.3459524877542015,1.08174197201443,0.37142857142857144,0.724808969734643,1.0,8/32,23.46%,NUPR1;LRRK2;LRSAM1;MTM1;PHF23;RAB5A;FEZ2;EFNB1
prerank,Regulation Of Dendritic Spine Morphogenesis (GO:0061001),0.32330045199472135,1.0817025182753734,0.358974358974359,0.7244376358525368,1.0,8/24,21.00%,DHX36;SHANK3;LRRK2;EFNA1;NOL3;PDLIM5;ABI3;SIPA1L1
prerank,Endosomal Transport (GO:0016197),0.2476595811690728,1.081686725234769,0.17391304347826086,0.723956765394872,1.0,59/151,34.86%,ERC1;NSG2;TMEM87A;ACAP2;RAB17;TBC1D17;SNX27;ZFYVE16;DENND2A;ALS2CL;CORO1C;EHD1;SNX1;WASHC2A;CHMP1A;REPS2;LAMTOR1;ANKFY1;ZFYVE9;ARL1;TOM1;SNF8;TBC1D10C;VAMP4;RAB11FIP3;VPS54;SNX2;EHD2;GOSR1;TMCC1;UBE2O;BLOC1S1;HEATR5B;PHETA1;GGA1;ITSN2;ITSN1;VPS29;DENND10;AP5Z1;PLEKHJ1;LMTK2;VTI1A;WASHC3;RCSD1;VPS51;RAB14;HGS;WASHC4;TBC1D5;BLTP1;RAB35;RBSN;RAB6D;MICALL2;PREPL;SORT1;RAB6C;HEATR5A
prerank,Intracellular Monoatomic Ion Homeostasis (GO:0006873),-0.43475286776873745,-1.0815919838525847,0.2982456140350877,1.0,1.0,6/16,21.19%,SLC4A11;CLDN16;SLC39A14;SLC39A6;P2RY2;SLC4A1
prerank,Ornithine Metabolic Process (GO:0006591),-0.514711235921998,-1.08111961091338,0.3684210526315789,1.0,1.0,2/7,9.27%,HNF4A;ALDH18A1
prerank,fatty-acyl-CoA Metabolic Process (GO:0035337),0.4087435527341546,1.0810512347868988,0.35714285714285715,0.724986335994799,1.0,9/14,29.75%,FAR2;FAR1;HSD17B4;PPT1;NUDT7;DGAT1;HTD2;ACSL3;GCDH
prerank,Negative Regulation Of Epidermal Growth Factor Receptor Signaling Pathway (GO:0042059),0.3477213534568061,1.0809246074148153,0.3111111111111111,0.7247255670192371,1.0,7/20,24.97%,TSG101;GPRC5A;ITGA1;ZFYVE28;ERRFI1;DUSP3;CBLB
prerank,Response To Leptin (GO:0044321),-0.5002442145356573,-1.0806411116882142,0.3684210526315789,1.0,1.0,2/7,10.38%,LEP;NR1D1
prerank,Positive Regulation Of Monooxygenase Activity (GO:0032770),-0.42886904471811016,-1.0804424436144613,0.37037037037037035,1.0,1.0,3/17,3.32%,CDH3;GDNF;HTR2B
prerank,Dicarboxylic Acid Transport (GO:0006835),0.41995598740956097,1.08043656973777,0.3076923076923077,0.7254835697903277,1.0,3/14,4.70%,FOLR3;SLC1A1;SLC19A1
prerank,Chromatin Remodeling (GO:0006338),0.24515929251917765,1.0803251472502307,0.3,0.7252727045997831,1.0,72/183,34.69%,KDM5C;SIRT2;INO80;CHD8;GATAD2B;EZHIP;PER1;TAF6L;BCL7B;KDM4A;KDM5A;CECR2;PRDM16;DAXX;RYBP;BAZ2A;PWWP2A;ESR1;SMARCC2;GET1;MCRS1;RB1;CHD4;SETDB1;WAC;BRD7;HDAC4;RBBP4;BPTF;SMARCA4;GATAD1;NFAT5;PHB1;BABAM1;KDM4E;PCID2;PIH1D1;KDM6B;CDK9;CHRAC1;BAZ1A;MTF2;SRPK2;YEATS2;CHTOP;KAT2A;KAT2B;SMARCA2;SKP1;RUVBL1;BAZ2B;SLFN11;SETD4;CFDP1;GATAD2A;BRD9;SUPT6H;YY1;PCGF1;USP15;HP1BP3;RNF8;LIN54;MTHFR;MTA1;ASF1A;CTCF;HDAC1;INO80C;PSIP1;IWS1;ARID1B
prerank,Negative Regulation Of Nuclear Division (GO:0051784),-0.5438764668665248,-1.080279670019222,0.4,1.0,1.0,3/7,22.36%,CHEK1;BMP7;FBXO5
prerank,Regulation Of Potassium Ion Transmembrane Transporter Activity (GO:1901016),0.3633190597157829,1.0800263294068757,0.2857142857142857,0.725431037883316,1.0,9/20,17.23%,CAV3;FHL1;WWP2;AKAP9;NEDD4L;ITGB1;NEDD4;KCNS1;VAMP2
prerank,Sphingomyelin Metabolic Process (GO:0006684),0.45095051034702777,1.0798778236234416,0.2653061224489796,0.7254396989049211,1.0,2/10,6.31%,ABCA8;SGMS2
prerank,Positive Regulation Of Cytokine Production Involved In Immune Response (GO:0002720),-0.3823209534619003,-1.0797256176041057,0.37735849056603776,1.0,1.0,7/25,17.39%,WNT5A;SLC7A5;HLA-A;INAVA;F2RL1;TNFSF4;FFAR3
prerank,Negative Regulation Of miRNA Transcription (GO:1902894),0.42059624109766386,1.0797050528748287,0.3488372093023256,0.7252293084276797,1.0,6/16,16.01%,PPARG;PDGFB;RELA;ESR1;RARA;NCOR2
prerank,Morphogenesis Of A Polarized Epithelium (GO:0001738),0.43701979835373456,1.079359495742754,0.36585365853658536,0.7255564780239724,1.0,2/10,12.35%,FUZ;ACTG1
prerank,Positive Regulation Of DNA-templated Transcription (GO:0045893),0.20829532897290598,1.0793162736064337,0.0,0.7252071072685569,1.0,256/987,23.07%,CDH13;NOTCH4;HAND1;EGR2;NR1H4;MYRF;FOS;RFX6;KLF7;NR1H2;WNT3A;CTCFL;KLF2;SOST;LDB2;FGF1;GATA3;CASZ1;RFX4;TBL1X;WNT7A;DHX36;SIRT2;GTF2I;PPARG;UTF1;CX3CL1;NR4A1;PDGFB;MLXIPL;BEX1;CDC73;TCF7L2;NR4A2;ACVRL1;CITED2;TAL1;IER2;CAPN3;EPO;NFKBIA;GPATCH3;LMO7;TBX21;GPS2;CSRNP1;DDIT3;INO80;JUN;GPER1;SBNO2;DDX3X;SLC11A1;SEM1;WBP2;STAT1;THOC5;MMS19;TXK;ARRB1;KLF4;PLAG1;JUND;EGR1;ARNT;XPC;HSF1;NFE2L2;NOS1;CDK13;PRKD2;PRKN;THOC1;KLF6;SOX17;JUP;RGCC;ETV5;CHD8;ATOH8;IRF1;SHH;GATAD2B;KMT2A;USP16;FHOD1;TCF15;IL1B;FGFR2;ENG;NFKB2;THRAP3;TNKS;QRICH1;USP22;TEAD2;BCL10;HAS3;MSANTD1;IRF8;S100A10;NFE2;ZFPM1;INPP5K;FOXF1;NLRC5;ILF2;NKX2-8;TEAD1;HNF1B;RELB;TBX3;LRP5;PER1;PPM1A;EDN1;GABPB1;TAF6L;SGF29;ZIC2;THRA;CREB1;CDK5RAP2;PTMA;TNFRSF1A;CREBZF;PF4;JUNB;RBM23;GNL3;ZBTB16;ILK;FOXA2;NKX2-1;FZD5;PRKD1;DVL3;KDM5A;SREBF2;KAT6B;PPARGC1A;PRDM16;SP6;RELA;CALCOCO1;MLXIP;RYBP;ATAD2B;PLAGL1;EPAS1;RPS6KA3;ESR1;SMARCC2;MCRS1;MORF4L1;ACTB;CHD4;MED4;IRF3;YWHAH;FZD4;ZEB2;RARA;NCOA2;NCOA7;CD74;APLN;TAF6;WAC;TMPRSS6;MED10;HDAC4;RBBP4;ETS2;BPTF;WWTR1;TAF2;SMARCA4;LPIN2;ZNF268;GATA6;STAT3;TP53INP2;TET2;SIRT1;PITX3;HIVEP1;ACTR3;ELK3;SUPT3H;INHBA;MAFF;WBP2NL;HYAL2;CREB3L2;EPC1;NFAT5;DEAF1;TRIP4;LBH;POU2F2;PRKDC;BCL3;PHB1;ZBTB49;DOT1L;RAX2;HOXA5;RORA;MAP2K3;VPS72;KANSL3;MEAF6;POU1F1;MAP2K1;USF1;NFYC;LDB1;PRDM5;HNRNPU;MEIS1;CD81;PPARGC1B;PHIP;PCID2;CCDC62;OXSR1;MED6;SMAD4;DVL2;RREB1;CXCL10;MAZ;TBL1XR1;EOMES;ELF2;MBTD1;EDRF1;RIPK1;FLI1;CREB5;PRDM11;AGO2;MITF;FBXW11;KDM6B;SREBF1;CREBBP;NUP85;CDK9;PEG3;IFNL1;PYHIN1;MICAL2;MED12;MSL3
prerank,Transcription-Coupled Nucleotide-Excision Repair (GO:0006283),0.5092875673008178,1.078554957818236,0.43478260869565216,0.7268949863347263,1.0,2/6,19.09%,ERCC3;UVSSA
prerank,Negative Regulation Of Cell Development (GO:0010721),0.4063326382117233,1.0783071587204227,0.3611111111111111,0.7271309472764724,1.0,5/17,10.77%,WNT3A;CAV3;WNT7A;IL1B;GSK3A
prerank,Ganglioside Metabolic Process (GO:0001573),-0.43511004250414265,-1.078110731816377,0.38,1.0,1.0,3/14,8.58%,ST8SIA2;B3GALT4;ST8SIA4
prerank,Positive Regulation Of Lymphocyte Chemotaxis (GO:0140131),-0.4575964276107939,-1.077908492013333,0.39655172413793105,1.0,1.0,5/12,15.00%,CXCL13;WNT5A;S100A7;CCL21;CCR2
prerank,Response To Epidermal Growth Factor (GO:0070849),0.34048488566075513,1.0771616791706065,0.26666666666666666,0.7296584496504939,1.0,6/27,13.47%,ZFP36;PTPN11;PTPN12;INPP5K;VIL1;PLCG1
prerank,Cell Differentiation Involved In Metanephros Development (GO:0072202),-0.5127871081666241,-1.076993245709202,0.40425531914893614,1.0,1.0,2/6,7.80%,SIX2;WNT4
prerank,L-alpha-amino Acid Transmembrane Transport (GO:1902475),-0.3466216643017198,-1.0766358658111705,0.35,1.0,1.0,10/35,14.28%,SLC7A7;SLC1A4;SLC7A5;SLC7A1;SLC1A3;SLC1A7;SLC7A11;SLC17A8;PRAF2;SLC17A7
prerank,Lysosome Organization (GO:0007040),0.3653038563077818,1.0765898226737605,0.40625,0.7303482207205997,1.0,9/29,20.16%,LRRK2;CLN3;NAGPA;HOOK2;LAMTOR1;CLVS2;ARSB;SPG11;GNPTAB
prerank,p38MAPK Cascade (GO:0038066),0.5158715220560386,1.076414966970576,0.4,0.7303633072342564,1.0,3/7,24.51%,ZFP36;MAP2K3;ZFP36L1
prerank,Regulation Of Mitotic Cell Cycle (GO:0007346),0.2652240207872357,1.076268800397069,0.2857142857142857,0.7301803576798148,1.0,37/101,23.77%,ANAPC10;SIK1;TAL1;TTC28;ERCC3;XPC;HSF1;NEK9;SPHK1;TMEM8B;DYNLT3;RPS6KB1;DAPK3;USP22;CAV2;OBSL1;CDK11A;ANAPC15;CDK10;RB1;MAEA;NEK7;BRD7;ANAPC11;ZNF268;SIRT1;ANGEL2;PKN2;ANAPC7;HNRNPU;CCDC57;GAS1;CDK9;NKX3-1;ANAPC2;DUSP3;BTG2
prerank,Negative Regulation Of Small Molecule Metabolic Process (GO:0062014),0.3598457145872001,1.076131232411154,0.41935483870967744,0.7299877694388189,1.0,9/20,16.87%,NUPR1;SIK1;FBP1;DKKL1;GSK3A;TIGAR;GIT1;HDAC4;PGPEP1
prerank,"Regulation Of Synaptic Transmission, GABAergic (GO:0032228)",0.46146868028974247,1.0757613120301435,0.38636363636363635,0.7304974231811405,1.0,4/10,12.01%,SYN3;CLN3;NALCN;STXBP1
prerank,Positive Regulation Of T Cell Differentiation In Thymus (GO:0033089),0.5545908390244099,1.0757582903936096,0.39285714285714285,0.7300084803733932,1.0,2/5,7.36%,IHH;SHH
prerank,Bile Acid And Bile Salt Transport (GO:0015721),0.40674950567832713,1.0756753899056395,0.34210526315789475,0.7296683159372764,1.0,3/20,8.57%,SLCO1A2;ABCC4;SLC10A1
prerank,rRNA Catabolic Process (GO:0016075),-0.42795815525270453,-1.0755872017850636,0.2916666666666667,1.0,1.0,1/17,0.93%,ERN2
prerank,Glutamine Family Amino Acid Biosynthetic Process (GO:0009084),-0.5048181618768399,-1.0755017949577474,0.30612244897959184,1.0,1.0,5/9,21.71%,ALDH18A1;LGSN;GLUD2;ASS1;GLS2
prerank,Positive Regulation Of Dendrite Morphogenesis (GO:0050775),0.40193707241374266,1.0751116974864172,0.3953488372093023,0.730591514233593,1.0,3/14,10.96%,CDKL5;DHX36;OBSL1
prerank,Positive Regulation Of MAPK Cascade (GO:0043410),-0.2723417986679383,-1.0750878060153752,0.2727272727272727,1.0,1.0,40/227,13.89%,HTR2A;MMP8;LEP;CHI3L1;DOK5;CCL1;ALKAL1;FGB;TNFSF11;GDF15;SOX2;HTR2B;IGF1;CCL13;DIRAS1;ADCYAP1;ROR2;CD24;ADRA2A;CCL22;P2RY6;INAVA;IL11;GPR37;CCL11;S100A12;NEK10;S100A7;LPAR1;PDGFRA;F2RL1;CCR7;APOE;ADRA2C;PRXL2C;PDGFD;GSDME;THPO;GPR183;CCL21
prerank,Dolichol-Linked Oligosaccharide Biosynthetic Process (GO:0006488),-0.44225149176954315,-1.0748961686112135,0.42105263157894735,1.0,1.0,7/13,32.55%,ALG3;DPAGT1;DOLPP1;DOLK;SRD5A3;ALG12;ALG14
prerank,Positive Regulation Of Potassium Ion Transmembrane Transporter Activity (GO:1901018),-0.5099823133315745,-1.0747082274595734,0.36666666666666664,1.0,1.0,6/10,19.24%,GAL;LRRC26;GALR2;ATP1B2;ATP1B3;LRRC38
prerank,Cellular Response To Mechanical Stimulus (GO:0071260),0.3471720373303684,1.074668471791984,0.3404255319148936,0.7312866616362104,1.0,9/35,17.80%,CNN2;CASP5;IRF1;IL1B;BCL10;TNFRSF1A;BAD;TLR7;TLR8
prerank,Positive Regulation Of RIG-I Signaling Pathway (GO:1900246),0.5105753542033735,1.0746295213753758,0.4,0.7308477920304872,1.0,3/7,31.26%,OASL;DDX60;USP15
prerank,Histidine Catabolic Process (GO:0006548),0.6007210728324692,1.0739942823368092,0.46296296296296297,0.7314969172018108,1.0,2/5,13.00%,HAL;CARNS1
prerank,Histidine Metabolic Process (GO:0006547),0.6007210728324692,1.0739942823368092,0.46296296296296297,0.7314969172018108,1.0,2/5,13.00%,HAL;CARNS1
prerank,Negative Regulation Of Response To External Stimulus (GO:0032102),0.25397303232028645,1.0738930989558895,0.32,0.731265289204845,1.0,16/109,8.22%,NR1H4;GRID2;TEK;MYO1C;GATA3;FFAR4;CDH5;PPARG;GPS2;YWHAZ;TRIB1;GPER1;KLF4;ARNT;AJAP1;GPR31
prerank,Tubulin Complex Assembly (GO:0007021),0.5854727609352177,1.0735958845767657,0.3617021276595745,0.7314466458563311,1.0,3/5,26.17%,TCP1;TBCEL;TBCD
prerank,Cardiac Muscle Cell Action Potential (GO:0086001),-0.40100189194690283,-1.0734839684418285,0.3230769230769231,1.0,1.0,4/22,5.88%,CACNA1G;KCND3;SCN1B;HCN4
prerank,Ventricular Septum Development (GO:0003281),0.3537432628278502,1.0734382465196302,0.4523809523809524,0.7313037400102236,1.0,7/30,9.16%,GATA3;SLIT2;TGFBR3;ROBO2;CITED2;HECTD1;ZFPM1
prerank,Hippo Signaling (GO:0035329),0.38462452519928536,1.073177719128012,0.2857142857142857,0.7314848192314826,1.0,5/17,15.84%,TEAD4;TEAD2;TEAD1;AMOTL2;WWTR1
prerank,Cellular Response To Interferon-Alpha (GO:0035457),0.5796563069771923,1.0731029992816994,0.35714285714285715,0.7311263754271885,1.0,1/5,1.86%,GATA3
prerank,Cellular Response To Oxygen-Containing Compound (GO:1901701),0.23013980368621673,1.072991424131967,0.10526315789473684,0.7307488303358454,1.0,63/291,15.36%,ADCY8;NR1H4;FOS;WNT3A;CX3CR1;IL1A;DHX36;SSTR1;PDGFB;SLIT2;ANKRD1;CDC73;CAPN3;SPAAR;AQP9;ZFP36;JUN;AKAP9;GPER1;SBNO2;RAMP3;SYT15;DAPK1;EGR1;SYT13;ADCY1;IL1B;CXCL11;CPNE2;BCL10;ADD1;TICAM2;P2RY1;INPP5K;MAPK9;CREB1;GPBAR1;CPNE4;PF4;PXN;CASP7;PRKD1;VIM;RELA;VCP;CD274;FES;ESR1;AXL;ACTB;SYT17;LAMTOR1;FZD4;CDKN2AIP;CPNE8;CD68;P2RY11;NEK7;RARA;ADGRV1;NEURL1;GIT1;CDK2
prerank,Negative Regulation Of Cell Communication (GO:0010648),-0.4426088401554462,-1.0723176081170147,0.39622641509433965,1.0,1.0,5/15,18.78%,ADIPOQ;IL11;SOCS5;HSP90AB1;INPP5D
prerank,Regulation Of Anoikis (GO:2000209),0.3890926081261892,1.0717349307409745,0.4444444444444444,0.7332309026175319,1.0,3/17,7.06%,CAV1;SIK1;ITGB1
prerank,Heme Transport (GO:0015886),0.5487873376435478,1.0716602115406346,0.46153846153846156,0.7329111349170572,1.0,2/5,14.32%,FLVCR2;SLC48A1
prerank,Myeloid Dendritic Cell Differentiation (GO:0043011),0.5336292034567763,1.0712006279212756,0.36538461538461536,0.7334327099039689,1.0,4/5,45.26%,DCSTAMP;CSF2;BATF3;CAMK4
prerank,tRNA 3'-End Processing (GO:0042780),0.5989331852471238,1.0709068328504638,0.3958333333333333,0.7337581425613138,1.0,2/5,21.74%,SSB;ELAC2
prerank,Regulation Of DNA-templated Transcription Elongation (GO:0032784),0.3132352851819251,1.0699447434996021,0.3333333333333333,0.735879789843719,1.0,11/34,26.13%,THOC5;THOC1;TCEA2;INTS12;WDR82;LDB1;INTS2;CCAR2;ELL;INTS9;SRCAP
prerank,Organophosphate Biosynthetic Process (GO:0090407),-0.38644769901480935,-1.0695336299980251,0.3220338983050847,1.0,1.0,12/30,28.50%,G6PD;AGPAT5;CPS1;MOCOS;ITPKA;TPI1;IPPK;DDR2;FGF2;LPCAT1;FITM2;IPMK
prerank,Positive Regulation Of Protein-Containing Complex Assembly (GO:0031334),-0.30222555899110104,-1.0694017475508446,0.29411764705882354,1.0,1.0,20/85,19.15%,MMP1;MMP3;CXCL13;TRABD2B;HRK;BIK;TTBK1;CAPG;FNIP2;IL5;CLU;VEGFA;BMF;SUMO1;BCL2L11;TLR6;FSCN1;DEPDC1B;BAK1;RACK1
prerank,Outer Dynein Arm Assembly (GO:0036158),-0.4409353026927082,-1.0689579718763011,0.43333333333333335,1.0,1.0,8/15,24.24%,DNAAF6;DNAAF8;CLXN;DNAH5;DNAAF1;DNAAF4;DNAL1;LRRC61
prerank,Positive Regulation Of Cell Projection Organization (GO:0031346),-0.3034537857131952,-1.0688166258008038,0.36231884057971014,1.0,1.0,21/97,15.94%,PLXNA4;PROM2;TNN;ALKAL1;WNT5A;STMN2;CUX2;TENM3;FUT9;ROR2;SCN1B;CHODL;TWF1;MDK;APOE;PTPRD;MAP6;PLXNC1;ATP1B2;CAMK1D;MUSK
prerank,Interleukin-6-Mediated Signaling Pathway (GO:0070102),0.4635555252027814,1.0687552045727533,0.40425531914893614,0.7382912514137936,1.0,6/11,33.74%,STAT3;IL6ST;SMAD4;IL6R;SPI1;SRC
prerank,Negative Regulation Of Programmed Necrotic Cell Death (GO:0062099),0.495290342057191,1.0685685950951322,0.3888888888888889,0.7382226319305223,1.0,5/8,27.71%,NUPR1;FZD9;RIPK1;SLC25A4;PELI1
prerank,Negative Regulation Of Cellular Response To Vascular Endothelial Growth Factor Stimulus (GO:1902548),0.4830428664615633,1.0683408043686138,0.4666666666666667,0.7383684824354237,1.0,1/9,0.94%,SEMA6A
prerank,Transition Metal Ion Transport (GO:0000041),0.32820042020795615,1.0683245080473587,0.3125,0.7379298729275032,1.0,4/26,5.62%,SLC30A8;COX17;SLC11A1;SLC30A6
prerank,Regulation Of Protein Kinase Activity (GO:0045859),0.25455182333056914,1.068063902931688,0.3548387096774194,0.7381049171120184,1.0,38/97,29.64%,TSC2;CAV3;LRRK2;TRIB1;SNCA;CCNYL1;PRKAG2;PPIA;INPP5K;UVRAG;PRKAG1;DAXX;WARS1;TTN;CSF1;RB1;GNAQ;CAMKK1;WWTR1;SPDYA;TRIB2;SIRT1;MAP2K3;RAP1A;PTPRC;CAMK2N1;UBASH3B;RAPGEF2;PLCE1;PTK2;MRNIP;LCP2;RTRAF;ITGB1BP1;FGR;CEP43;PPM1F;CAMKK2
prerank,Adherens Junction Organization (GO:0034332),-0.37366424445100094,-1.0679508835005416,0.3709677419354839,1.0,1.0,10/27,19.12%,CDH3;CDH17;CDH2;INAVA;CDH22;ZNF703;CDHR3;CDH4;CDH26;CDH11
prerank,Ventricular Septum Morphogenesis (GO:0060412),0.3709041067265379,1.0678664137869374,0.38636363636363635,0.7381241323051594,1.0,5/23,9.16%,SLIT2;TGFBR3;ROBO2;CITED2;ZFPM1
prerank,Positive Regulation Of Cellular Catabolic Process (GO:0031331),0.24892213701516624,1.0678183586074024,0.32,0.737744897339993,1.0,20/118,13.16%,MLXIPL;IFNG;TRIM34;LRRK2;SNCA;DAPK1;ORMDL3;ARNT;DAGLB;IL1B;CDK16;ABHD5;INSR;TRIM58;PIK3C2A;GSK3A;PRKD1;AKT2;BAD;OPTN
prerank,Transepithelial Transport (GO:0070633),0.4706727890528092,1.0674940544111688,0.38,0.738211038794782,1.0,7/11,29.23%,SLC1A1;CXADR;ABCG2;BEST1;GPLD1;SLC1A2;SLC12A2
prerank,Regulation Of Mitochondrion Organization (GO:0010821),0.32714373733370683,1.0671285413801965,0.32432432432432434,0.7386280207686894,1.0,9/38,15.08%,FKBP8;LRRK2;PRKN;PLSCR3;GSK3A;FZD5;SREBF2;PPARGC1A;INF2
prerank,Glycolipid Biosynthetic Process (GO:0009247),0.3362817793362914,1.0670716804703906,0.3404255319148936,0.7382686144895706,1.0,9/33,16.59%,ST8SIA6;PIGA;ST6GALNAC5;TM9SF2;B3GNT5;PIGZ;PIGV;MPPE1;TP53INP2
prerank,Cellular Response To Acidic pH (GO:0071468),-0.46039921985091364,-1.0667529225064896,0.37735849056603776,1.0,1.0,5/10,25.59%,RAB11FIP5;SCNN1B;SCNN1G;SLC9A1;PKD1L3
prerank,Macroautophagy (GO:0016236),0.28112303115510784,1.0666122884066873,0.3142857142857143,0.7388400451454475,1.0,30/89,32.57%,TSG101;CLN3;PRKN;ATG16L2;VPS37B;GABARAPL1;UVRAG;CHMP1A;VCP;CALCOCO2;UBXN6;TOM1;SNF8;SPG11;ILRUN;TECPR1;VPS41;PGAM5;ATG12;CHMP4A;MAP1LC3B;VTI1A;ULK1;ATG16L1;HGS;MAP1LC3C;EI24;CALR;TBC1D5;KLHL3
prerank,Negative Regulation Of Sodium Ion Transmembrane Transport (GO:1902306),0.5070558615749277,1.0662866005259282,0.3584905660377358,0.7390426851288527,1.0,6/8,20.79%,HECW2;NEDD4L;PCSK9;NEDD4;COMMD1;OXSR1
prerank,Omega-Hydroxylase P450 Pathway (GO:0097267),0.48845930215770256,1.0662393709111724,0.39215686274509803,0.7386256641844613,1.0,3/8,5.92%,CYP1A2;CYP4A22;CYP4A11
prerank,Regulation Of Transferase Activity (GO:0051338),0.40005054897758524,1.0662023354800625,0.37254901960784315,0.7381705266343283,1.0,4/19,9.51%,EMP2;LDB2;PINX1;NLRC5
prerank,Regulation Of Histamine Secretion By Mast Cell (GO:1903593),0.5172147296540563,1.0657168325225512,0.4782608695652174,0.7387114729839027,1.0,4/5,45.16%,VAMP2;VAMP3;SNX4;VAMP8
prerank,Osteoclast Differentiation (GO:0030316),-0.4027992462063473,-1.0655156866804596,0.36666666666666664,1.0,1.0,3/19,3.01%,EFNA2;TNFSF11;OCSTAMP
prerank,Positive Regulation Of Nucleocytoplasmic Transport (GO:0046824),0.32533375320279145,1.0653815215011386,0.4222222222222222,0.7391647597872892,1.0,16/33,29.49%,IFNG;FLNA;JUP;CPSF6;IL1B;NEDD4;HYAL2;RAPGEF3;PRKCD;NRDE2;ZPR1;PSEN1;ZC3H12A;BAG3;GSK3B;XPO4
prerank,Regulation Of Vascular Associated Smooth Muscle Cell Migration (GO:1904752),-0.4666073889056561,-1.0649139244996395,0.4153846153846154,1.0,1.0,2/12,3.02%,ADIPOQ;IGFBP5
prerank,NADH Dehydrogenase Complex Assembly (GO:0010257),0.31487299415328085,1.0648966868295913,0.3055555555555556,0.7393654004629581,1.0,10/41,19.88%,FOXRED1;TAFAZZIN;NDUFA5;NDUFAF7;ECSIT;NDUFA13;NDUFC1;OXA1L;NDUFA11;NDUFB5
prerank,Mitochondrial Respiratory Chain Complex I Assembly (GO:0032981),0.31487299415328085,1.0648966868295913,0.3055555555555556,0.7393654004629581,1.0,10/41,19.88%,FOXRED1;TAFAZZIN;NDUFA5;NDUFAF7;ECSIT;NDUFA13;NDUFC1;OXA1L;NDUFA11;NDUFB5
prerank,Positive Regulation Of Interleukin-8 Production (GO:0032757),0.3259741679124342,1.064886752810785,0.34210526315789475,0.7388727526199994,1.0,16/42,21.97%,HSPA1B;CD244;DDIT3;HSPA1A;PRKD2;IL1B;BCL10;RELA;CD74;TLR7;STAT3;HYAL2;TLR8;CD58;IL17D;RIPK1
prerank,Intestinal Lipid Absorption (GO:0098856),0.5116689418515528,1.0647935146394114,0.4230769230769231,0.7386889941971206,1.0,3/8,6.94%,CD36;LDLR;SOAT2
prerank,Response To Alcohol (GO:0097305),-0.376501358216649,-1.0647583070245228,0.36363636363636365,1.0,1.0,6/18,14.29%,HSD3B2;ADH7;CCR7;GRIN2A;CCL21;SLIT1
prerank,Negative Regulation Of GTPase Activity (GO:0034260),0.3999220231884403,1.0647186209031727,0.40476190476190477,0.7384381076110469,1.0,3/17,4.68%,GPSM1;RDX;LRRK2
prerank,Determination Of Left/Right Symmetry (GO:0007368),-0.37166977199021156,-1.0645839030941573,0.42592592592592593,1.0,1.0,14/30,21.38%,FOXJ1;CFAP53;ENKUR;DNAH11;STIL;OFD1;CFAP52;PIERCE1;DNAH5;DNAAF1;DNAAF4;MEGF8;RFX3;KIF3B
prerank,Receptor Clustering (GO:0043113),-0.4244121170384565,-1.064514704109518,0.3387096774193548,1.0,1.0,5/13,16.79%,THY1;NRXN2;ITGB2;MUSK;PIGR
prerank,Negative Regulation Of Phosphate Metabolic Process (GO:0045936),0.3746642981424453,1.0641903721002686,0.38095238095238093,0.7392937267676016,1.0,6/17,21.39%,CDKN2B;INHA;INPP5K;SIRT1;INHBA;DYNLL1
prerank,Negative Regulation Of Glucose Import (GO:0046325),-0.5024110481000154,-1.0639872070651586,0.41379310344827586,1.0,1.0,2/7,11.74%,LEP;PID1
prerank,In Utero Embryonic Development (GO:0001701),0.3607537504798195,1.0636002412890946,0.3333333333333333,0.7401866358050496,1.0,3/18,9.39%,PDGFB;FGFR2;FOXF1
prerank,Nuclear Chromosome Segregation (GO:0098813),-0.4782930969224914,-1.0634063729053023,0.4067796610169492,1.0,1.0,4/9,24.02%,NDC80;KIF2C;TOP2B;INCENP
prerank,Positive Regulation Of Macroautophagy (GO:0016239),0.2940213894663277,1.0633708442865473,0.28205128205128205,0.740223419013821,1.0,18/53,27.94%,TSC2;GPSM1;LRSAM1;UVRAG;HSPB8;SCOC;OPTN;CALCOCO2;WAC;SIRT1;TOM1;PAFAH1B2;KDR;RNF31;SLC25A4;HTT;SESN1;BAG3
prerank,Cellular Response To Hydrogen Peroxide (GO:0070301),0.33742846390637715,1.0633235254316145,0.37209302325581395,0.7398089850230477,1.0,13/25,24.44%,ANXA1;NFE2L2;CAT;EDN1;FYN;RELA;PLEKHA1;SIRT1;PRKCD;RHOB;RIPK1;RIPK3;ZNF580
prerank,Apical Junction Assembly (GO:0043297),0.32370573752584875,1.0632531477202938,0.35294117647058826,0.7395102252550708,1.0,12/42,12.32%,CLDN18;CLDN11;CDH5;CLDN24;CLDN34;APC;MARVELD2;CLDN5;ESAM;CLDN7;OCLN;PDCD6IP
prerank,Gland Development (GO:0048732),-0.32699845581236536,-1.0632243416994736,0.36363636363636365,1.0,1.0,13/54,12.74%,FOXE1;STRA6;SIX3;SOX2;SIX1;TG;WNT4;WNT10A;MDK;SOX9;EPHB3;XBP1;FADD
prerank,Regulation Of Mitophagy (GO:1901524),0.5782025959765017,1.0631010899966225,0.45652173913043476,0.7393844232444166,1.0,1/6,1.05%,TSC2
prerank,Regulation Of Striated Muscle Tissue Development (GO:0016202),0.5430410460203706,1.0626249517752633,0.3829787234042553,0.7401497182880586,1.0,1/5,2.11%,SIRT2
prerank,Positive Regulation Of Signaling (GO:0023056),0.37854829667137174,1.0625121147383731,0.34146341463414637,0.7399374939631923,1.0,10/25,16.44%,GATA3;RAMP3;SNCA;RIMS4;EDN1;ILK;KCTD13;HOMER1;CDKN2AIP;GATA6
prerank,Regulation Of Protein Glycosylation (GO:0060049),-0.5022037007421589,-1.0623761221264922,0.3898305084745763,1.0,1.0,2/7,12.09%,RAMP1;ACER2
prerank,Regulation Of Endothelial Cell Chemotaxis To Fibroblast Growth Factor (GO:2000544),0.5366110092988017,1.0623551148075985,0.39215686274509803,0.739811658329695,1.0,1/5,1.77%,FGF1
prerank,Cholesterol Efflux (GO:0033344),0.3662904262470519,1.0620411799166936,0.35714285714285715,0.740001488644302,1.0,6/15,19.28%,ABCA8;SOAT2;SCARB1;ABCA5;NPC1;ABCG1
prerank,Quinone Biosynthetic Process (GO:1901663),0.47001642565344903,1.0618411990917318,0.38,0.7399426577959771,1.0,2/10,8.16%,COQ8B;FDXR
prerank,Regulation Of Myeloid Cell Differentiation (GO:0045637),0.3702209617746128,1.0614967194365503,0.3235294117647059,0.7402085254894046,1.0,11/22,34.67%,CNOT4;ZBTB16;FES;HOXA5;MEIS1;MEIS2;MEF2C;L3MBTL1;SPI1;PTK2B;HSPA9
prerank,Membrane Repolarization During Action Potential (GO:0086011),-0.492512588867188,-1.0614789667441051,0.38461538461538464,1.0,1.0,2/9,6.49%,KCND3;KCNE4
prerank,Protein Ubiquitination (GO:0016567),0.2261141056974183,1.0611440420986145,0.2222222222222222,0.7404835768010173,1.0,71/344,20.67%,RNFT1;CNOT4;RNF125;ISG15;ASB9;TRIM71;TRIM34;UBB;LMO7;WWP2;ASB11;RUSC1;MIB2;HECW2;ARRB1;RNF182;NEDD4L;NFE2L2;PRKN;UBE4A;LRSAM1;TNKS;CBFB;FBXO2;TRIM58;UBE2D4;HACE1;ARIH2;TRIM25;RBCK1;CHFR;TRIM33;KLHL18;SH3RF1;HERC3;RNF227;FBXO24;VCP;KCTD13;RBX1;AREL1;UBE3C;SPOP;TNFAIP1;NEDD4;RNF144B;BABAM2;TRIM56;RNF166;KLHL2;NEURL1;VPS11;PCMTD1;ANAPC11;UBE2V2;ARRDC1;UBE2J2;ZC4H2;SIRT1;MGRN1;RAD51;UVSSA;ANAPC7;FBXO25;ELOC;FANCA;ARRDC4;MYLIP;UBE2A;WSB1;TPP2
prerank,Positive Regulation Of Focal Adhesion Assembly (GO:0051894),-0.4217625127862702,-1.0606633359218596,0.42,1.0,1.0,6/17,14.57%,THY1;SFRP1;MAP4K4;COL16A1;TSC1;VEGFA
prerank,Positive Regulation Of Telomerase Activity (GO:0051973),-0.3856799831256975,-1.0601837951491218,0.40350877192982454,1.0,1.0,3/25,6.51%,GREM1;PKIB;NEK2
prerank,Establishment Of Chromosome Localization (GO:0051303),-0.49206250619840525,-1.0599502228282132,0.42857142857142855,1.0,1.0,2/8,8.90%,NDC80;KIF2C
prerank,Regulation Of Protein Localization To Membrane (GO:1905475),0.38697961267329434,1.0597141601115148,0.37142857142857144,0.7434375359411293,1.0,5/23,11.85%,SPTBN1;CLN3;PRKN;PDZK1;FYN
prerank,Insulin Secretion (GO:0030073),0.38371393403876924,1.0597127282824046,0.358974358974359,0.7429382494831434,1.0,2/14,3.03%,SLC30A8;ANXA1
prerank,Protein Export From Nucleus (GO:0006611),0.3435763005262403,1.0594868692046306,0.4146341463414634,0.7428776450733438,1.0,5/25,18.47%,EGR2;STRADB;NUTF2;NUP214;DUSP16
prerank,Coronary Vasculature Morphogenesis (GO:0060977),0.5804648351073831,1.0593355741423334,0.4489795918367347,0.7427505126819376,1.0,1/5,2.87%,TGFBR3
prerank,mRNA Cleavage Involved In mRNA Processing (GO:0098787),0.40315353512745494,1.059041614471455,0.41304347826086957,0.7428517723011558,1.0,4/12,24.21%,CPSF4;CPSF6;CSTF2;TUT1
prerank,Regulation Of Release Of Sequestered Calcium Ion Into Cytosol (GO:0051279),0.33079413662861373,1.0590000649062026,0.3617021276595745,0.742449244494041,1.0,11/40,13.47%,CX3CL1;CAPN3;JPH1;XCL1;GPER1;SNCA;NOS1;CXCL11;JPH4;CALM3;PLCG1
prerank,Negative Regulation Of Response To Stimulus (GO:0048585),-0.3510189232186335,-1.0588929552947808,0.32786885245901637,1.0,1.0,5/42,5.71%,FCRLB;COL3A1;THY1;FOXP3;ADRA2A
prerank,Regulation Of Feeding Behavior (GO:0060259),-0.4620150431798785,-1.0588722516352227,0.39215686274509803,1.0,1.0,1/11,0.10%,MC4R
prerank,Negative Regulation Of Fat Cell Differentiation (GO:0045599),0.35349613670790864,1.0587796963303278,0.38095238095238093,0.7423321506390348,1.0,11/29,21.28%,SIRT2;GPS2;GPER1;PTGR3;ENPP1;TRIO;WWTR1;TRIB2;SIRT1;RORA;RUNX1T1
prerank,Regulation Of Chromatin Binding (GO:0035561),-0.47624171317854347,-1.0586819717369116,0.43137254901960786,1.0,1.0,5/10,29.54%,CDT1;GMNN;KDM4D;DDX11;WAPL
prerank,Transmembrane Receptor Protein Tyrosine Kinase Signaling Pathway (GO:0007169),0.24232990399534265,1.0582360805364062,0.23529411764705882,0.743145248221648,1.0,44/221,14.25%,TEK;TSC2;FGF1;SHC2;VEGFD;PDGFB;TRIM71;FGFR4;CEP57;PILRB;BDNF;ADRB2;TIE1;FGF9;GHR;PTPN11;IRS4;KL;NEDD9;SOCS2;ANKS1A;FLT4;PRKD2;HCK;FGFR2;EFNA1;MTSS1;INSR;AP3S1;PIK3C2A;GSK3A;CAV2;DOK2;GFRA2;PXN;FYN;PRKD1;GAB1;AKT2;GRB7;AXL;CSF1;SHOC2;FGF20
prerank,Neurotransmitter Receptor Transport To Postsynaptic Membrane (GO:0098969),0.5224220065692572,1.05793700583583,0.4166666666666667,0.7433787465338967,1.0,3/5,29.19%,NCOA2;STX3;RAB11A
prerank,Ubiquinone Biosynthetic Process (GO:0006744),0.45296479860367744,1.0577394425119084,0.41509433962264153,0.7434129059785369,1.0,2/11,8.16%,COQ8B;FDXR
prerank,ATP Synthesis Coupled Electron Transport (GO:0042773),0.5084375489205458,1.0572057456787134,0.40384615384615385,0.7442615383104318,1.0,2/5,11.83%,TAFAZZIN;NDUFA12
prerank,Positive Regulation Of Circadian Rhythm (GO:0042753),0.4736022450771874,1.0571422843042066,0.4,0.7438880756985918,1.0,5/9,22.36%,CRH;THRAP3;NKX2-1;RORA;FBXW11
prerank,Protein Modification Process (GO:0036211),0.2149916471582275,1.0570878109994934,0.375,0.74347727696856,1.0,160/572,24.72%,PRKAG3;PTPRB;PRKCG;DAPK2;ST8SIA6;PRKG2;PTPN5;CDKL5;MAP4K2;PFDN1;TGM4;CTTNBP2NL;CDK17;PDGFB;BRSK2;ANXA1;PAK4;ACVRL1;SIK1;WNK4;KRT2;NIM1K;FUT1;MARK3;YWHAZ;WWP2;PRKCZ;LRRK2;CDKL2;TSSK3;TRIB1;HIPK1;STRADB;MAP3K21;EVPL;PTPN11;BRD2;TXK;DAPK1;PTPN12;METAP2;PRKD2;ATG16L2;COQ8B;ILKAP;PTPRM;PRKAG2;PPP2R3B;DAPK3;HCK;NAGPA;SBF1;MARK4;CDK16;MKNK2;B3GNT5;B3GALT2;PPEF1;UVRAG;DYRK3;FBXO2;INSR;MAPK9;NEK3;PPM1A;UBA7;DDOST;CAMK2A;CREB1;GSK3A;PPP2CA;CDK11A;PRKAG1;ILK;FYN;CDK10;CSNK1D;PRKCH;SUMF1;RBX1;AKT2;MTM1;PPP4R2;TAOK3;TBP;MCRS1;HCST;RABGGTB;RSKR;NEK7;RARA;PTPN1;TAF6;CDK2;LIPT1;PEAK1;TAF2;TRIB2;PDPR;JADE2;AMHR2;PPP4R3A;GRK6;TP53INP2;SGK1;ALG5;PRKCQ;PPP2R5A;OGA;STK10;NPC1;PPM1D;PKN2;CDK3;MAP4K3;PGAP1;PPP2CB;MAP3K11;PRKDC;DUSP16;USP25;MEAF6;MAP2K1;PTPRO;FN3K;BRAF;MGAT4B;PTPRS;GMFG;COPS2;PRKCD;OXSR1;FGFR1;GLYCTK;RPN2;CSNK1A1;PPP3CC;PTPN22;MINK1;MKNK1;FBXW11;NAA80;PTPRC;CDK9;CSNK2A3;FBXW2;SERP2;CSNK1G2;RIPK3;ADPRH;CSK;TLK2;UBA52;ATG12;LIPE;SMG1;SRPK2;ACVR1B;PPP1CB;PPP4R1
prerank,Regulation Of Positive Chemotaxis (GO:0050926),0.5118162302249532,1.0570645337641669,0.3541666666666667,0.7430481211740407,1.0,1/6,0.17%,CDH13
prerank,"Positive Regulation Of CD4-positive, Alpha-Beta T Cell Differentiation (GO:0043372)",-0.5176672756736385,-1.0569862713399412,0.42857142857142855,1.0,1.0,4/7,30.26%,KLHL25;TNFSF4;SOCS1;ZBTB7B
prerank,Regulation Of Smooth Muscle Cell Differentiation (GO:0051150),-0.5761547242532894,-1.0567888088188906,0.4888888888888889,1.0,1.0,2/5,11.53%,OLFM2;MYOCD
prerank,Insulin-Like Growth Factor Receptor Signaling Pathway (GO:0048009),0.43257051179295813,1.0566612135542508,0.4146341463414634,0.7433846565495921,1.0,2/9,5.33%,TSC2;GHR
prerank,"Base-Excision Repair, AP Site Formation (GO:0006285)",0.4432305993912793,1.0565981806588436,0.40816326530612246,0.7430599694602721,1.0,1/10,1.32%,NTHL1
prerank,Phosphate Ion Transmembrane Transport (GO:0035435),-0.48512546005661206,-1.056530913146723,0.46808510638297873,1.0,1.0,3/9,18.51%,SLC37A3;XPR1;SLC25A10
prerank,Neurotransmitter Transport (GO:0006836),0.3381542271653389,1.056460215268697,0.3404255319148936,0.7429904148949753,1.0,10/34,15.43%,SLC6A4;SYN2;SLC1A1;SLC29A2;SYN3;SLC6A16;LIN7A;STXBP1;LIN7C;SLC22A3
prerank,Positive Regulation Of calcineurin-NFAT Signaling Cascade (GO:0070886),-0.4405324324680646,-1.0564262283302521,0.43137254901960786,1.0,1.0,3/13,6.27%,CHP2;IGF1;STIMATE
prerank,Positive Regulation Of Calcineurin-Mediated Signaling (GO:0106058),-0.4405324324680646,-1.0564262283302521,0.43137254901960786,1.0,1.0,3/13,6.27%,CHP2;IGF1;STIMATE
prerank,Positive Regulation Of Telomere Maintenance (GO:0032206),0.3107420607579529,1.0562277125395367,0.4,0.7431660571904461,1.0,9/39,18.43%,DHX36;INO80;TNKS;GNL3;MCRS1;NEK7;ERCC1;PRKCQ;HNRNPA2B1
prerank,Myeloid Cell Development (GO:0061515),0.35162487628207495,1.0558045248133427,0.4146341463414634,0.7436806162442252,1.0,6/21,20.52%,FOXP1;FLNA;ZNF385A;ALAS1;DMTN;SH2B3
prerank,Synapse Assembly (GO:0007416),0.28639741041294087,1.0557842244085138,0.4074074074074074,0.743234205004607,1.0,12/58,9.48%,GPM6A;GRID2;WNT3A;WNT7A;DSCAM;SPOCK2;DNM3;SHANK3;BDNF;GABRB2;KIRREL3;PLXND1
prerank,Regulation Of Lipase Activity (GO:0060191),0.531606760330085,1.055748166390281,0.4883720930232558,0.7428166108401627,1.0,5/7,38.18%,SNCA;RHOC;PLIN5;RHOA;FURIN
prerank,Negative Regulation Of Reproductive Process (GO:2000242),-0.4535114099547547,-1.0557050773398422,0.36363636363636365,1.0,1.0,4/12,9.90%,SULF1;IGF1;TIMP1;ZP3
prerank,Regulation Of DNA Damage Checkpoint (GO:2000001),0.3788472638769941,1.0556383961546074,0.375,0.7426346227585721,1.0,7/15,26.61%,THOC5;THOC1;RAD51;CCAR2;BARD1;ETAA1;WDR76
prerank,Regulation Of Postsynaptic Neurotransmitter Receptor Activity (GO:0098962),-0.5390608330049538,-1.0552745571948574,0.41509433962264153,1.0,1.0,3/6,16.08%,NPTX2;DLGAP3;NPTXR
prerank,Rac Protein Signal Transduction (GO:0016601),0.40270233825419455,1.0551613176767354,0.32,0.7433079006096295,1.0,2/14,10.84%,CDH13;HACE1
prerank,Aortic Valve Morphogenesis (GO:0003180),0.34776768245504064,1.054962198076918,0.39473684210526316,0.74328545248308,1.0,10/31,14.67%,GATA3;SLIT2;ROBO2;TIE1;SMAD6;EFNA1;DLL4;ELN;RB1;NOS3
prerank,Response To cGMP (GO:0070305),-0.563826623347149,-1.0544109379327282,0.44,1.0,1.0,2/5,9.41%,HCN4;PDE3A
prerank,Tight Junction Organization (GO:0120193),0.5339342143360473,1.0542753697074196,0.5,0.7446236342257725,1.0,2/5,8.23%,CLDN11;CLDN5
prerank,Regulation Of Endothelial Cell Chemotaxis (GO:2001026),0.42239104858238485,1.0541097378228084,0.34285714285714286,0.7444690646873571,1.0,4/10,21.03%,SEMA5A;PRKD2;PRKD1;TMSB4X
prerank,Cellular Response To Reactive Oxygen Species (GO:0034614),0.2897973221493654,1.0539763899621026,0.3939393939393939,0.7443146993359144,1.0,16/52,24.44%,FOS;ANXA1;JUN;NFE2L2;MAPK9;EDN1;PXN;FYN;RELA;PLEKHA1;SIRT1;PRKCD;RHOB;RIPK1;RIPK3;ZNF580
prerank,Regulation Of Epidermal Growth Factor Receptor Signaling Pathway (GO:0042058),0.3159113387708775,1.05376436886074,0.3333333333333333,0.7444508486875521,1.0,13/39,24.88%,CDH13;MVB12B;TSG101;GPER1;PTPN12;ITGA1;ZFYVE28;CNOT9;PDE6G;DGKD;ERRFI1;DUSP3;RALA
prerank,Positive Regulation Of Calcium Ion Import (GO:0090280),0.5331274051065378,1.0534162813177044,0.42857142857142855,0.7449986008287168,1.0,2/6,8.38%,PDGFB;STC1
prerank,Type III Interferon-Mediated Signaling Pathway (GO:0038196),0.5216816165975741,1.0533272076158624,0.45454545454545453,0.744269399735367,1.0,4/5,36.77%,TYK2;IFNL1;IL10RB;IFNLR1
prerank,Cellular Response To Type III Interferon (GO:0071358),0.5216816165975741,1.0533272076158624,0.45454545454545453,0.744269399735367,1.0,4/5,36.77%,TYK2;IFNL1;IL10RB;IFNLR1
prerank,Tight Junction Assembly (GO:0120192),0.3187506487879986,1.053172002509952,0.34375,0.7441623749829028,1.0,12/42,12.32%,CLDN18;CLDN11;CDH5;CLDN24;CLDN34;APC;MARVELD2;CLDN5;ESAM;CLDN7;OCLN;PDCD6IP
prerank,Foam Cell Differentiation (GO:0090077),0.506342880291961,1.0531135992825145,0.46938775510204084,0.7437661351021765,1.0,3/7,6.94%,PPARG;STAT1;SOAT2
prerank,Response To Muscle Stretch (GO:0035994),0.4072254702925675,1.0531032834986755,0.40476190476190477,0.7433424324685756,1.0,2/14,1.42%,TCAP;CAV3
prerank,Regulation Of Monooxygenase Activity (GO:0032768),-0.4214622413847838,-1.0529915907898924,0.3469387755102041,1.0,1.0,2/11,3.27%,LEP;GDNF
prerank,Negative Regulation Of Platelet Activation (GO:0010544),0.42017272452034404,1.0527282929840633,0.3611111111111111,0.7437675701683537,1.0,7/13,24.94%,PDGFB;THBD;NOS3;CD9;PRKCD;SH2B3;PDGFA
prerank,Intracellular Potassium Ion Homeostasis (GO:0030007),-0.4893772529342859,-1.051904025822907,0.4716981132075472,1.0,1.0,5/8,26.24%,ATP1B2;KCNMA1;ATP1B3;ATP1A1;KCNJ2
prerank,Positive Regulation Of Chemokine Production (GO:0032722),-0.3599215987546777,-1.0517995838252938,0.42857142857142855,1.0,1.0,6/33,11.09%,ADIPOQ;WNT5A;TWIST1;ADCYAP1;F2RL1;CD84
prerank,pre-mRNA Cleavage Required For Polyadenylation (GO:0098789),0.41071564689723317,1.0515678126188377,0.3191489361702128,0.7462229671008801,1.0,4/11,24.21%,CPSF4;CPSF6;CSTF2;TUT1
prerank,Negative Regulation Of Insulin Secretion (GO:0046676),-0.43212751245927783,-1.0515393436389058,0.38181818181818183,1.0,1.0,8/14,20.36%,INHBB;SFRP1;BMP8A;REST;KCNB1;FAM3D;IRS1;FOXO1
prerank,"Mitochondrial Electron Transport, Cytochrome C To Oxygen (GO:0006123)",0.4294469222931999,1.0514905792646594,0.43478260869565216,0.7459474394580584,1.0,1/11,3.75%,COX4I2
prerank,B Cell Activation (GO:0042113),-0.31176153623138,-1.0514038486128565,0.375,1.0,1.0,13/56,20.05%,IFNE;CR2;BLNK;LAX1;IL11;IL10;DNAJB9;GPR183;JAK3;HDAC9;CD22;PIK3R3;ADGRG3
prerank,Negative Regulation Of Stem Cell Population Maintenance (GO:1902455),-0.39428875563321925,-1.0512279330665386,0.4461538461538462,1.0,1.0,5/17,18.72%,RBBP7;ZNF706;SAP30;LOXL2;SIN3A
prerank,Androgen Biosynthetic Process (GO:0006702),-0.49771711889681103,-1.0511522561683093,0.4166666666666667,1.0,1.0,2/6,5.55%,SRD5A2;HSD3B2
prerank,Protein Monoubiquitination (GO:0006513),0.32105564075319365,1.0506290200102595,0.3225806451612903,0.7475050546703029,1.0,11/36,24.64%,PRKN;TRIM25;RBX1;TRIM56;NEURL1;WAC;ZC4H2;MGRN1;FANCA;UBE2O;RNF220
prerank,Regulation Of Epithelial Cell Proliferation (GO:0050678),-0.30272890359963633,-1.0502502539622072,0.36764705882352944,1.0,1.0,15/82,10.38%,LEP;SFRP2;FUT2;OSR2;SOX2;IGF1;SIX4;FGF7;SFRP1;NLRC3;NME1;NME2;SOX9;SGPP2;NR1D1
prerank,Regulation Of Cold-Induced Thermogenesis (GO:0120161),0.24944351954988156,1.0502202667885607,0.375,0.7480565132650936,1.0,31/119,18.38%,NOVA2;CAV1;NR1H2;FFAR4;ADRB1;CD36;CNKSR2;DOCK7;DDIT3;ADRB2;SLC25A44;HSF1;APC;MFN2;ID1;THRA;EHMT1;TRPV2;CNOT3;PPARGC1A;PRDM16;EPAS1;RB1;ADAM17;DYNC1H1;SMARCA4;IL15;LEPR;IL4R;PLCL2;APLP2
prerank,Microtubule-Based Transport (GO:0099111),-0.4809378777767271,-1.050156177709009,0.39215686274509803,1.0,1.0,6/12,20.54%,SPAG17;SPA17;DNAAF2;ROPN1L;SPAG6;SPEF2
prerank,Regulation Of Actin Filament Depolymerization (GO:0030834),0.4921791101986552,1.0500380202319513,0.4375,0.7480962295044672,1.0,3/10,9.57%,SEMA5A;PLEKHH2;VIL1
prerank,Glucose Homeostasis (GO:0042593),0.29699740663728624,1.049956259691316,0.3103448275862069,0.7478109119876533,1.0,9/63,3.32%,ADCY8;RFX6;KLF7;SLC30A8;CAV3;PPARG;MLXIPL;TCF7L2;FGFR4
prerank,Negative Regulation Of Microglial Cell Activation (GO:1903979),0.5299007403052448,1.0499524999522747,0.42,0.7473496643845768,1.0,2/6,5.54%,CX3CL1;LDLR
prerank,Cardiac Conduction (GO:0061337),-0.36170172652304194,-1.0498260287361876,0.35714285714285715,1.0,1.0,15/33,23.87%,CACNA1G;KCND3;SCN1B;HCN4;KCNE4;ISL1;CAMK2D;KCNA5;DSC2;PKP2;HCN2;SCN2B;DSG2;CACNB2;SLC9A1
prerank,Metaphase Plate Congression (GO:0051310),-0.3361217606552916,-1.0494443136558713,0.3968253968253968,1.0,1.0,11/39,18.43%,NDC80;KIF2C;CEP55;KIF14;CDCA5;CDCA8;RRS1;CENPE;SPDL1;NUDC;BOD1
prerank,Peptidyl-Tyrosine Phosphorylation (GO:0018108),0.2815191098708137,1.049281976177364,0.3235294117647059,0.748465439233751,1.0,13/48,17.98%,TEK;PDGFB;FGFR4;FLT4;HCK;FGFR2;INSR;FYN;FES;ABI2;IL15;CLK1;ABI3
prerank,"Regulation Of CD8-positive, Alpha-Beta T Cell Differentiation (GO:0043376)",-0.5516588429044398,-1.0492321639846836,0.4375,1.0,1.0,4/6,30.26%,RUNX1;SOCS1;SLC4A2;ZBTB7B
prerank,Regulation Of B Cell Differentiation (GO:0045577),-0.3941794806807489,-1.0492212761532016,0.3448275862068966,1.0,1.0,7/17,20.33%,CD27;SFRP1;XBP1;MMP14;IKZF3;INPP5D;SLAMF8
prerank,Visual Learning (GO:0008542),-0.5533881926822872,-1.048921731013879,0.4909090909090909,1.0,1.0,3/7,19.45%,NETO1;FOXB1;RGS14
prerank,Learning (GO:0007612),-0.3403035242304994,-1.0489069317352384,0.39285714285714285,1.0,1.0,6/33,8.64%,STRA6;MAP1A;BRSK1;GPR88;NRXN3;SHANK1
prerank,Regulation Of Protein Metabolic Process (GO:0051246),0.26602349464850766,1.048682555657268,0.2857142857142857,0.7495056205135446,1.0,20/84,17.95%,ACE;NR1H2;KLF2;NANOS3;WNT7A;ANGPTL8;EDNRB;NFKBIA;LDLR;KLF4;SHH;EDN1;TCOF1;SPOP;CSF1;GSAP;WFS1;SNF8;INHBA;CENATAC
prerank,Regulation Of Protein Kinase B Signaling (GO:0051896),0.26640702532264565,1.0486415961165232,0.28,0.7490534308803841,1.0,27/99,21.38%,TEK;TSC2;CX3CR1;GATA3;CX3CL1;TCF7L2;HBEGF;DDIT3;GPER1;SEMA5A;RAMP3;ITGB1;ENG;INPP5K;INSR;PPP2CA;MYOC;AXL;PLEKHA1;SIRT1;HYAL2;HSP90AA1;PHB1;SH2B3;FGFR1;NTRK3;MAZ
prerank,Genitalia Development (GO:0048806),-0.48590350759448,-1.048385096980393,0.4222222222222222,1.0,1.0,3/10,9.41%,STRA6;WNT5A;LHCGR
prerank,Regulation Of Histone Modification (GO:0031056),0.4004309251210213,1.048066928384198,0.40540540540540543,0.7501474010052925,1.0,10/16,35.55%,SGF29;MBIP;NFYC;YEATS2;KAT2A;KAT2B;FLCN;MTHFR;UBE2N;NFYB
prerank,Notch Signaling Pathway (GO:0007219),-0.36815348261488773,-1.047556452813397,0.44776119402985076,1.0,1.0,12/35,20.97%,DLL3;GMDS;DTX1;CFAP58;SUSD5;DTX2;NOTCH3;SNAI1;HEY2;SNAI2;RBPJ;NLE1
prerank,T Cell Mediated Immunity (GO:0002456),0.4325988292517305,1.0472797137640237,0.3695652173913043,0.7517023886276872,1.0,3/12,2.71%,C4BPA;EMP2;SCART1
prerank,Intracellular Estrogen Receptor Signaling Pathway (GO:0030520),0.38965881586477974,1.0472203024334796,0.38461538461538464,0.7513420801391937,1.0,4/13,20.30%,DDX5;ESR1;TRIP4;PPARGC1B
prerank,Smoothened Signaling Pathway (GO:0007224),0.3289616322579303,1.0469628264350823,0.38461538461538464,0.7514256087907487,1.0,4/29,7.36%,IHH;DISP1;HIPK1;SHH
prerank,Regulation Of Immunoglobulin Production (GO:0002637),-0.40637493065751007,-1.0467405262048257,0.39655172413793105,1.0,1.0,5/16,18.09%,IL10;XBP1;DNAJB9;TNFSF4;IL21
prerank,Peptidyl-Proline Hydroxylation To 4-hydroxy-L-proline (GO:0018401),-0.537581034772749,-1.0465393769214217,0.4727272727272727,1.0,1.0,2/6,13.28%,EGLN3;P4HA3
prerank,Calcium-Dependent Cell-Cell Adhesion Via Plasma Membrane Cell Adhesion Molecules (GO:0016339),-0.3773049134384375,-1.0464953071994043,0.43636363636363634,1.0,1.0,17/31,27.24%,CDH3;CDH17;CDH2;CDH22;PCDHGC3;CDHR3;CDH4;CDH26;CDH11;SELL;PCDHB3;PCDHB13;CDH15;PCDHB14;PCDHB5;PCDHB10;PCDHB11
prerank,Protein Glycosylation (GO:0006486),-0.28675577266676544,-1.046144887916677,0.3235294117647059,1.0,1.0,18/129,10.35%,ST8SIA2;B3GNT3;FUT6;GCNT3;FUT2;ALG3;B3GALT4;FUT3;B3GALT5;FUT9;GALNT17;ST8SIA5;GALNT2;ST6GALNAC1;ST8SIA4;B3GNT9;MGAT2;MGAT1
prerank,Negative Regulation Of Myeloid Cell Differentiation (GO:0045638),0.38187819329334,1.0460701789330775,0.4318181818181818,0.7532259619117117,1.0,8/18,24.58%,ZFP36;PF4;ZBTB16;HOXA5;LDB1;MEIS1;ZFP36L1;MEIS2
prerank,Negative Regulation Of Inflammatory Response To Antigenic Stimulus (GO:0002862),0.41740620400238615,1.0457759687991595,0.5111111111111111,0.7534742038416973,1.0,6/13,33.74%,HCK;FYN;PLCG1;SELENOS;FGR;SRC
prerank,Negative Regulation Of Wound Healing (GO:0061045),0.3480655757090358,1.0457494267060359,0.4473684210526316,0.7530122734473126,1.0,8/22,18.00%,APOH;AJAP1;PHLDB2;EDN1;MYOZ1;THBD;CLASP2;CLASP1
prerank,Neuron Migration (GO:0001764),0.3145504915400976,1.0456821649742642,0.42105263157894735,0.7526707098996492,1.0,9/40,14.12%,CCK;GPM6A;CDKL5;TRIM46;NR4A2;SEMA3E;DCC;SH3RF1;PAFAH1B1
prerank,Positive Regulation Of Heart Rate (GO:0010460),-0.38688586303895073,-1.0454217112698212,0.4166666666666667,1.0,1.0,3/16,6.75%,ADM2;EDN2;HRC
prerank,Positive Regulation Of Chondrocyte Differentiation (GO:0032332),-0.49370780362598665,-1.045397214938015,0.4716981132075472,1.0,1.0,4/8,13.82%,BMPR1B;SOX9;GDF6;LOXL2
prerank,Cell Differentiation In Spinal Cord (GO:0021515),-0.5050939525874031,-1.0453878135494419,0.46153846153846156,1.0,1.0,2/7,10.68%,FOXN4;ISL1
prerank,Cardiac Pacemaker Cell Development (GO:0060926),-0.52968497524668,-1.0448384850935892,0.40816326530612246,1.0,1.0,2/6,10.68%,SHOX2;ISL1
prerank,Response To Magnesium Ion (GO:0032026),0.47328501265697315,1.0444473138324502,0.3829787234042553,0.7552297514459986,1.0,4/8,23.15%,SNCA;FBP1;D2HGDH;SLFN14
prerank,Glutamate Metabolic Process (GO:0006536),-0.4308885933680773,-1.044244834119096,0.4642857142857143,1.0,1.0,9/15,27.71%,TAT;ALDH18A1;GCLC;MTHFS;GLUD2;GCLM;GLS2;OAT;GOT2
prerank,Zinc Ion Import Into Organelle (GO:0062111),0.5276538218285387,1.043845382950842,0.37254901960784315,0.7561109115089727,1.0,2/5,5.62%,SLC30A8;SLC30A6
prerank,Golgi To Vacuole Transport (GO:0006896),0.41522372072312896,1.0437758817063925,0.28205128205128205,0.7557863937188188,1.0,8/12,34.25%,CLN3;AP3D1;VPS54;GAK;AP1G1;VTI1A;RBSN;SORT1
prerank,Regulation Of Alpha-Beta T Cell Proliferation (GO:0046640),0.5360665255488222,1.0437071921293315,0.5208333333333334,0.755471485262349,1.0,3/6,12.24%,IRF1;MAPK8IP1;SH3RF1
prerank,Phosphatidylinositol 3-Kinase Signaling (GO:0014065),-0.37790822227363186,-1.0436226453526358,0.375,1.0,1.0,3/24,3.68%,HTR2A;HTR2B;IGF1
prerank,Negative Regulation Of Leukocyte Apoptotic Process (GO:2000107),-0.5394708150991221,-1.0436105832372806,0.38461538461538464,1.0,1.0,3/7,13.89%,CXCL12;CCR7;CCL21
prerank,Positive Regulation Of Cell Division (GO:0051781),0.35103507039861115,1.0435964734724443,0.32558139534883723,0.7552304486647374,1.0,7/28,7.91%,MRGPRX2;FGF1;CDC42;SIRT2;TAL1;SHH;FGFR2
prerank,Monocarboxylic Acid Transport (GO:0015718),0.3005381571809441,1.043411184586082,0.358974358974359,0.7552099739612163,1.0,11/54,12.60%,SLCO1A2;FABP12;ARID4A;SLC6A13;ABCC4;SLC10A1;SLC16A5;MFSD2A;KDM5A;SLC16A4;SLC16A12
prerank,Spermatid Development (GO:0007286),0.35341288323056286,1.0433773797390542,0.36585365853658536,0.7547676526323076,1.0,4/30,4.04%,JAM2;IQCN;CEP57;RFX2
prerank,Glucose Import (GO:0046323),0.4683575414051278,1.0423938542759417,0.4444444444444444,0.7569196627926392,1.0,6/7,35.84%,SLC2A3;SLC27A1;RAB4B;SLC2A14;SORT1;ZDHHC7
prerank,Positive Regulation Of Osteoclast Differentiation (GO:0045672),-0.4224560042931883,-1.0419997281987439,0.39285714285714285,1.0,1.0,4/12,13.03%,TNFSF11;OCSTAMP;EEIG1;TNFRSF11A
prerank,Peptidyl-Proline Modification (GO:0018208),-0.4007969468823196,-1.0418709974156934,0.4027777777777778,1.0,1.0,6/15,18.01%,NTMT1;PPIL6;PPIL1;PPIF;PPID;PPIC
prerank,Receptor Signaling Pathway Via STAT (GO:0097696),0.3386196132582082,1.0414181802195275,0.4,0.7588124336128153,1.0,7/26,17.86%,MYO1C;IFNG;GHR;STAT1;TYK2;STAT3;STAMBP
prerank,Smooth Muscle Contraction (GO:0006939),0.41439225824586956,1.0413803203493326,0.34615384615384615,0.7583869510294491,1.0,3/11,10.85%,NMUR1;PIK3C2A;CHRNB2
prerank,Negative Regulation Of Carbohydrate Metabolic Process (GO:0045912),0.3479050486001135,1.0412233220695861,0.43902439024390244,0.7581815571502964,1.0,8/20,16.87%,NUPR1;SIK1;FBP1;GSK3A;TIGAR;GIT1;HDAC4;PGPEP1
prerank,Fatty Acid Beta-Oxidation (GO:0006635),0.2978988025163704,1.040654647066192,0.3902439024390244,0.7590917041309108,1.0,16/41,21.43%,SCP2;IVD;ACAD11;ACOXL;AMACR;ACOX1;ETFDH;HSD17B4;ABCD4;ACADVL;ETFB;ACAT1;DECR1;HADHB;ECHDC2;ACOX3
prerank,DNA Strand Resection Involved In Replication Fork Processing (GO:0110025),0.5508865000698031,1.0404812559494108,0.4418604651162791,0.7590779711164343,1.0,5/5,44.93%,SAMHD1;MRE11;BRCA1;RAD50;NBN
prerank,Sphingolipid Catabolic Process (GO:0030149),-0.4585572052948682,-1.0403652458222525,0.4230769230769231,1.0,1.0,4/12,12.09%,ENPP2;SGPL1;SMPDL3A;ACER2
prerank,Positive Regulation Of Transcription By RNA Polymerase II (GO:0045944),0.2163146233263668,1.0398793564255533,0.16666666666666666,0.7600046295792419,1.0,179/730,21.15%,CDH13;NOTCH4;HAND1;EGR2;NR1H4;FOS;RFX6;KLF7;NR1H2;WNT3A;CTCFL;KLF2;LDB2;FGF1;GATA3;CASZ1;RFX4;TBL1X;WNT7A;DHX36;SIRT2;GTF2I;PPARG;UTF1;CX3CL1;NR4A1;MLXIPL;BEX1;CDC73;TCF7L2;NR4A2;ACVRL1;CITED2;TAL1;IER2;NFKBIA;LMO7;TBX21;GPS2;CSRNP1;DDIT3;INO80;JUN;GPER1;SBNO2;DDX3X;SLC11A1;SEM1;WBP2;STAT1;TXK;ARRB1;KLF4;PLAG1;JUND;EGR1;ARNT;HSF1;NFE2L2;NOS1;CDK13;PRKD2;PRKN;KLF6;SOX17;JUP;RGCC;ETV5;CHD8;ATOH8;IRF1;SHH;KMT2A;USP16;FHOD1;TCF15;FGFR2;ENG;NFKB2;THRAP3;TNKS;IRF8;S100A10;ZFPM1;FOXF1;NLRC5;NKX2-8;TEAD1;HNF1B;RELB;TBX3;LRP5;PER1;EDN1;GABPB1;BTBD18;THRA;CREB1;PTMA;TNFRSF1A;CREBZF;PF4;JUNB;FOXA2;NKX2-1;FZD5;PRKD1;DVL3;SREBF2;PPARGC1A;SP6;RELA;CALCOCO1;MLXIP;ATAD2B;PLAGL1;PWWP2A;EPAS1;RPS6KA3;ESR1;TBP;MCRS1;MED4;IRF3;ZEB2;RARA;NCOA2;NCOA7;TAF6;TMPRSS6;MED10;HDAC4;ETS2;SMAD9;BPTF;WWTR1;TAF2;SMARCA4;LPIN2;ZNF268;GATA6;STAT3;TET2;SIRT1;HIVEP1;ACTR3;ELK3;INHBA;MAFF;HYAL2;EPC1;MED23;NFAT5;POU2F2;PRKDC;BCL3;ZBTB49;DOT1L;RAX2;HOXA5;RORA;KANSL3;POU1F1;USF1;NFYC;LDB1;PRDM5;HNRNPU;MEIS1;CD81;PPARGC1B;PHIP;CCDC62;OXSR1;MED6;SMAD4;DVL2;RREB1;CXCL10
prerank,Cytosolic Pattern Recognition Receptor Signaling Pathway (GO:0002753),0.37004071732841526,1.0397172689570722,0.36363636363636365,0.7600268230233456,1.0,4/18,18.34%,OAS3;TRIM25;IRF3;PHB1
prerank,Positive Regulation Of Oxidoreductase Activity (GO:0051353),-0.4012953711104384,-1.0396553273080718,0.38461538461538464,1.0,1.0,5/18,17.70%,GDNF;EDN2;PPM1H;FXN;ABL2
prerank,NADPH Regeneration (GO:0006740),-0.4484840588400502,-1.039445917434268,0.43103448275862066,1.0,1.0,5/11,26.28%,G6PD;PGD;DDR2;RBKS;H6PD
prerank,fatty-acyl-CoA Biosynthetic Process (GO:0046949),-0.394739675131199,-1.039334417749325,0.3709677419354839,1.0,1.0,2/20,2.85%,ELOVL2;SLC27A2
prerank,Positive Regulation Of Neuroinflammatory Response (GO:0150078),-0.47806132966964787,-1.0392211292503888,0.45614035087719296,1.0,1.0,2/8,8.71%,MMP8;TTBK1
prerank,Negative Regulation Of T Cell Differentiation In Thymus (GO:0033085),0.4821950885671426,1.0392098949860198,0.4716981132075472,0.760678137374541,1.0,1/5,1.38%,IHH
prerank,Positive Regulation Of Cell Communication (GO:0010647),0.3749798208675498,1.0390862625906196,0.4418604651162791,0.7604447267002994,1.0,9/18,16.44%,GATA3;RIMS4;EDN1;ANK3;ILK;KCTD13;HOMER1;CDKN2AIP;GATA6
prerank,Regulation Of NLRP3 Inflammasome Complex Assembly (GO:1900225),0.37045476434022123,1.0389493459829235,0.4146341463414634,0.7602389348631771,1.0,9/25,22.28%,CD36;DDX3X;MARK4;NLRP2B;PPP2CA;PRKD1;NEK7;CSNK1A1;PTPN22
prerank,Adaptive Immune Response Based On Somatic Recombination Of Immune Receptors Built From Immunoglobulin Superfamily Domains (GO:0002460),0.3840066970485582,1.0388619336380018,0.3877551020408163,0.7599150997293981,1.0,5/15,18.34%,C4BPA;SCART1;MSH2;STAT3;PHB1
prerank,Protein O-linked Glycosylation (GO:0006493),-0.30214776254366094,-1.038750638623353,0.43548387096774194,1.0,1.0,23/82,19.46%,B3GNT3;FUT6;GCNT3;B3GALT4;FUT3;B3GALT5;FUT9;GALNT17;CHST4;GALNT2;ST6GAL1;B3GNT9;GXYLT2;SLC35C1;PLOD1;POMK;GALNT10;GALNT6;POMGNT2;ST3GAL1;B4GALT5;GALNT1;POGLUT1
prerank,Establishment Of Apical/Basal Cell Polarity (GO:0035089),0.4280714260337276,1.0387413320013559,0.3191489361702128,0.7597826690561655,1.0,2/10,2.07%,OPHN1;CDC42
prerank,NAD Metabolic Process (GO:0019674),-0.3933006538599755,-1.0387341898200768,0.39655172413793105,1.0,1.0,4/18,11.55%,KRT17;KYNU;MDH1B;NMNAT2
prerank,Postsynapse Assembly (GO:0099068),-0.5282626534007129,-1.0385171267678497,0.3793103448275862,1.0,1.0,3/6,12.47%,WNT5A;NRXN2;NLGN2
prerank,Regulation Of DNA Strand Elongation (GO:0060382),0.3973472711467668,1.038264714832912,0.43478260869565216,0.7605229426248433,1.0,6/13,38.41%,INO80;MCRS1;RUVBL1;YY1;INO80C;UCHL5
prerank,Positive Regulation Of Glial Cell Differentiation (GO:0045687),0.43263108126861805,1.0381601565590417,0.4,0.7603085446262589,1.0,2/10,3.99%,EGR2;IL34
prerank,Calcium Ion Import Across Plasma Membrane (GO:0098703),-0.36439651127772343,-1.0379366589957657,0.4393939393939394,1.0,1.0,8/26,14.13%,CACNA1G;SLC24A2;NALF2;CACNA1E;TRPV4;CACNA1I;NALF1;CLU
prerank,Maturation Of LSU-rRNA (GO:0000470),-0.3946797760077399,-1.0377933328841145,0.3548387096774194,1.0,1.0,7/15,28.83%,URB1;RPL35;WDR12;ZNHIT6;RPL7L1;RPL7;MAK16
prerank,One-Carbon Compound Transport (GO:0019755),0.35826340318023303,1.037686500248388,0.34,0.7609839935934635,1.0,3/21,1.55%,CA4;CA2;CYB5R2
prerank,Intrinsic Apoptotic Signaling Pathway (GO:0097193),-0.292827880910214,-1.0374996500479439,0.4411764705882353,1.0,1.0,20/80,20.33%,ERN2;CYP1B1;BCL2L10;CASP9;CD24;CHAC1;TP73;PDK1;BCL2L2;MLLT11;SFN;FNIP2;IKBKE;BCL2L11;IFI16;BBC3;BAK1;STK11;ATP2A3;POU4F1
prerank,Positive Regulation Of Platelet Aggregation (GO:1901731),-0.5128822978494407,-1.0374587973997815,0.36,1.0,1.0,2/7,8.16%,EMILIN1;MMRN1
prerank,Cellular Response To Nitrogen Compound (GO:1901699),0.40708090743557934,1.0373781161875335,0.3617021276595745,0.7612685057000971,1.0,3/14,12.90%,NR1H4;HSF1;DAXX
prerank,Positive Regulation Of Macrophage Cytokine Production (GO:0060907),-0.5396855727100633,-1.0370889551689901,0.42105263157894735,1.0,1.0,1/6,2.77%,WNT5A
prerank,Actin Cytoskeleton Reorganization (GO:0031532),0.3055373602601425,1.037008028904074,0.325,0.7616070482409507,1.0,24/47,33.70%,BRSK2;ANXA1;NEDD9;PHACTR1;SYDE1;FLNA;CXADR;PTPN1;RAP2A;DMTN;S1PR1;PIP5K1A;SIPA1L1;PARVG;MINK1;MCU;RICTOR;MYH9;CASS4;CDC42BPA;BCAR1;TNIK;ATP2C1;MICALL2
prerank,Positive Regulation Of Cell Cycle Phase Transition (GO:1901989),0.4289796542105576,1.03614019443402,0.4444444444444444,0.7632860209911546,1.0,3/14,12.13%,CDC73;DYRK3;KLHL18
prerank,Positive Regulation Of Adenylate Cyclase Activity (GO:0045762),-0.3862461662974715,-1.0361031074201337,0.45614035087719296,1.0,1.0,5/16,11.52%,TMIGD3;ADCYAP1;LHCGR;ADORA3;GIPR
prerank,Protein Oxidation (GO:0018158),-0.501362689830598,-1.035747560376445,0.41379310344827586,1.0,1.0,4/8,21.17%,LOX;LOXL2;LOXL4;LOXL1
prerank,Negative Regulation Of Mitotic Metaphase/Anaphase Transition (GO:0045841),-0.3609055436584788,-1.0356904077295643,0.3442622950819672,1.0,1.0,5/23,10.36%,CDC20;TRIP13;NDC80;SPC24;BUB1B
prerank,Positive Regulation Of Plasma Membrane Bounded Cell Projection Assembly (GO:0120034),0.2723459154466502,1.035428629778251,0.3783783783783784,0.7647093360112495,1.0,25/69,28.32%,GPM6A;CDC42;FUZ;APC;MARK4;EPS8L2;PALM;OCLN;FAM98A;DEF8;TAPT1;NEURL1;CEP120;ACTR3;CDC42EP4;DOCK11;RALA;CDC42EP1;HTT;BCAS3;PLCE1;CDC42EP2;GSK3B;BBS4;FMR1
prerank,Positive Regulation Of Cellular Process (GO:0048522),0.2115752173813306,1.035001424423688,0.26666666666666666,0.7652802929069441,1.0,92/442,15.99%,RTKN2;CAV1;EGR2;MYRF;LIFR;WNT3A;EMP2;AMH;FGF1;PFDN1;CDC42;DHX36;SIRT2;VEGFD;CX3CL1;PDGFB;MLXIPL;BRAT1;NUPR1;HBEGF;FGFR4;IFNG;SPOCK2;CITED2;TAL1;MYL1;COX17;EPO;IL34;ZFP36;EPOR;HP;HYAL1;INO80;SSR1;GPER1;FGF9;FLT3LG;DDX3X;NEDD9;VIP;FLT4;PRKD2;SPHK1;HPN;SHH;HCK;IL1B;CAPNS1;PTGFR;FGFR2;MARK4;CLDN5;KRAS;ADGRG1;TEAD1;INSR;TBX3;LRP5;EDN1;DDX49;BST1;ESM1;BCL7B;MFSD2A;FAM98A;PRR5;RELA;AKT2;RPS6KA3;SMARCC2;NACC1;VIPR1;CSF1;ACTB;FGF20;CDKN2AIP;ADAM17;SERTAD1;DYNC1H1;RARA;FGF17;CXCL16;CDK2;BRD7;HDAC4;ADRA1D;WWTR1;PPP1R13L;SPDYA;SMARCA4;IL15
prerank,Calcium-Mediated Signaling (GO:0019722),0.28431899780631786,1.0348543513606079,0.4375,0.7650999895789902,1.0,26/66,26.88%,NCALD;NMUR1;EDNRB;CNKSR2;LRRK2;SPHK1;PTGFR;EDN1;PLCG1;RCAN1;PPP1R9A;P2RY11;BCAP31;DMTN;CACNA1C;FPR2;KDR;PPP3CC;AGTR1;PTPRC;SELP;MCU;LAT2;PLCE1;ATP1B1;MCTP1
prerank,Regulation Of Cell Junction Assembly (GO:1901888),0.365152097334674,1.0346101091028899,0.4473684210526316,0.7651548727306419,1.0,6/20,17.22%,MYO1C;RAB17;CHRNB2;PRKCH;PDLIM5;RAP2A
prerank,Regulation Of Mitotic Sister Chromatid Separation (GO:0010965),0.4668858687619531,1.0343508390141143,0.4222222222222222,0.7651825928694437,1.0,3/7,12.09%,DUSP1;CDK5RAP2;USP44
prerank,"RNA Splicing, Via Transesterification Reactions (GO:0000375)",0.3665446932047395,1.0341110029696108,0.4444444444444444,0.7651922271357691,1.0,6/18,28.35%,SRSF4;GEMIN2;LSM1;TRA2B;MPHOSPH10;SRSF10
prerank,Positive Regulation Of Glycolytic Process (GO:0045821),0.42587145658642106,1.033911178320183,0.4074074074074074,0.7651928295876246,1.0,4/12,9.92%,MLXIPL;IFNG;ARNT;INSR
prerank,Negative Regulation Of Lymphocyte Apoptotic Process (GO:0070229),0.5708338783607207,1.0338036695870256,0.43902439024390244,0.7650582237552862,1.0,3/5,16.96%,ORMDL3;FOXP1;PRKCQ
prerank,Phosphatidylcholine Catabolic Process (GO:0034638),-0.5094081163330327,-1.033461033894711,0.4375,1.0,1.0,3/6,18.11%,PLA2G7;PLA2G4A;PNPLA8
prerank,Positive Regulation Of Cell Junction Assembly (GO:1901890),0.2940830376683302,1.0333226756376914,0.4594594594594595,0.7659417054515912,1.0,13/52,13.75%,CAV1;GRID2;TEK;SLITRK2;WNT7A;BDNF;IL1RAP;SLITRK5;CLDN5;S100A10;LIMS1;MYOC;NPHP1
prerank,Cellular Response To Inorganic Substance (GO:0071241),-0.4344170712318709,-1.0329712020722128,0.42,1.0,1.0,1/14,0.79%,MMP3
prerank,Regulation Of Muscle System Process (GO:0090257),-0.48997935924707936,-1.0329694777113996,0.4791666666666667,1.0,1.0,3/9,11.40%,SLN;KCNA1;PPP1R12B
prerank,Neural Tube Closure (GO:0001843),0.3345677929293464,1.0329062260661228,0.4186046511627907,0.7665449917114391,1.0,10/26,23.10%,TSC2;FUZ;BCL10;PRICKLE1;DVL3;DEAF1;DVL2;VASP;DYNLL1;LRP2
prerank,Sulfur Compound Catabolic Process (GO:0044273),0.3851385300013551,1.0326617827484366,0.3181818181818182,0.7665807215749172,1.0,5/15,26.58%,GNS;DPEP2;NUDT7;FMO1;SUCLG2
prerank,Presynapse Organization (GO:0099172),0.41754422609999475,1.0326500572221635,0.45,0.7661129109473384,1.0,2/9,2.02%,WNT3A;WNT7A
prerank,Regulation Of T Cell Differentiation (GO:0045580),0.3146319862165849,1.0321726829344697,0.35,0.7668227660756216,1.0,13/34,25.55%,ZNF683;GATA3;TBX21;SMARCC2;ACTB;METTL3;BRD7;SMARCA4;FANCA;CRTAM;IFNL1;KAT2A;SMARCA2
prerank,Potassium Ion Import Across Plasma Membrane (GO:1990573),-0.36288964628949427,-1.0321148634757957,0.4426229508196721,1.0,1.0,11/30,23.47%,ATP12A;HCN4;KCNJ16;SLC12A3;ATP1B2;KCNJ12;HCN2;SLC12A7;ATP1B3;ATP1A1;ABCC9
prerank,Mitral Valve Development (GO:0003174),0.4804777716597415,1.0320833041735042,0.41304347826086957,0.7665080477027442,1.0,2/7,8.65%,SMAD6;EFNA1
prerank,Regulation Of Oxidative Phosphorylation (GO:0002082),0.46066110401782945,1.032069259104159,0.4857142857142857,0.7660770664289077,1.0,3/12,3.80%,MLXIPL;NUPR1;COX7A1
prerank,Phosphatidylinositol Phosphate Biosynthetic Process (GO:0046854),0.32176522376130323,1.031996374407167,0.5526315789473685,0.7657094077795609,1.0,11/36,26.77%,EFR3B;SOCS2;HYCC2;UVRAG;PIK3C2A;HYCC1;TTC7B;SOCS3;PI4KB;SMG1;TTC7A
prerank,Presynaptic Endocytosis (GO:0140238),0.35419070193704255,1.0319504872438885,0.4090909090909091,0.7653063632899028,1.0,5/23,7.39%,OPHN1;DNM3;FCHO2;SNCA;SNCG
prerank,Protein Localization (GO:0008104),0.2249959170696465,1.0317364387607586,0.3333333333333333,0.7653337602895862,1.0,53/285,17.70%,CAV1;GPIHBP1;GRID2;TSC2;CAV3;EMP2;RAB5C;MYO6;HEG1;STX11;ANO1;CCDC68;CAPN3;LRRK2;NBEAL1;MGAT3;TM9SF2;ERCC3;RAB17;MFN2;FLNA;ARFGAP3;SNX27;HOOK2;ESAM;EHD1;ERBIN;SNX1;ID1;OCLN;ANK3;TIMM17B;STXBP1;NIN;TMED5;RAB5B;MAL;NPHP1;ACTB;YWHAH;LAMTOR1;CD74;VPS13A;AP4B1;DUOXA1;ARF3;ARL1;LYST;AP3D1;RAP2A;USP4;SNX8;RAB5A
prerank,Respiratory Chain Complex IV Assembly (GO:0008535),0.3634726561590178,1.031592697963106,0.3409090909090909,0.7652537073829391,1.0,2/22,6.43%,COX17;FASTKD3
prerank,Ceramide Biosynthetic Process (GO:0046513),-0.33461326845662204,-1.0312426302156112,0.3793103448275862,1.0,1.0,9/33,14.49%,ST8SIA2;B3GALT4;FA2H;ST8SIA4;ALOXE3;DEGS2;CERS6;SPTSSB;B4GALNT1
prerank,Positive Regulation Of Peptide Hormone Secretion (GO:0090277),0.3026703668404072,1.0311332026988338,0.43243243243243246,0.7659878081256927,1.0,5/33,4.98%,SLC30A8;CRH;FFAR4;TCF7L2;GPER1
prerank,Response To Organophosphorus (GO:0046683),0.4151326725224449,1.03100426648111,0.44680851063829785,0.7658180440039847,1.0,4/13,16.08%,TRPC3;STAT1;ENPP1;TLR7
prerank,Nuclear Export (GO:0051168),0.2961508528181061,1.030992723580187,0.40540540540540543,0.7653715282977551,1.0,7/44,14.77%,EGR2;STRADB;NUTF2;MALT1;RITA1;NPAP1;NUP214
prerank,Nuclear Transport (GO:0051169),0.31929870384424347,1.0309261987338096,0.3829787234042553,0.7650327195386287,1.0,12/33,31.94%,GLE1;RSRC1;ANP32A;NUP43;NUP107;NUP214;NUP85;NUP98;NUP93;NUP37;SEH1L;NUP58
prerank,Regulation Of Leukocyte Mediated Cytotoxicity (GO:0001910),0.456660670776868,1.030832066146734,0.42,0.7647121832126935,1.0,3/8,8.58%,NCR1;DNASE1L3;KLRB1
prerank,Response To Gamma Radiation (GO:0010332),0.37441988534527804,1.030444897623156,0.41304347826086957,0.7651054514894491,1.0,2/17,6.15%,RPL26;HSF1
prerank,Fatty Acid Metabolic Process (GO:0006631),-0.3044589528595063,-1.0301746913554604,0.352112676056338,1.0,1.0,16/84,12.46%,ADIPOQ;CYP1A1;SLC27A2;GGT5;ABCB11;ACSM5;SGPL1;FA2H;ELOVL4;ACBD7;CYP4F11;ALOXE3;PLA2G2C;ACBD5;XBP1;ACLY
prerank,Phosphatidylinositol-Mediated Signaling (GO:0048015),-0.3027752563267688,-1.0300404039562043,0.38571428571428573,1.0,1.0,5/52,5.49%,HTR2A;MUC5AC;HTR2B;IGF1;PLCH2
prerank,Positive Regulation Of Cardiocyte Differentiation (GO:1905209),0.47493252264549934,1.0300397423029053,0.4888888888888889,0.7657655832915079,1.0,2/8,4.98%,WNT3A;GPER1
prerank,Chloride Transport (GO:0006821),0.2931841529334345,1.029837864902421,0.4857142857142857,0.7657390992825498,1.0,15/52,17.69%,NMUR1;BSND;SLC1A1;FXYD1;ANO2;GABRB2;CLIC5;CLCN6;SLC4A10;SLC12A9;SLC12A4;ANO3;SLC26A9;CLCN4;CLCN5
prerank,Regulation Of Nucleic Acid-Templated Transcription (GO:1903506),0.2145011170970609,1.0298003042858945,0.23529411764705882,0.7653299167892877,1.0,106/355,27.23%,NFILZ;MLXIPL;WWC2;ERC1;ACVRL1;DDIT3;TCF7L1;SRRT;PLAG1;SOX7;ZNF66;RALY;MLF1;SOX17;DAPK3;ENG;SOX13;NFKB2;BACH1;TEAD2;PSPC1;PQBP1;DLX4;INSR;TAF6L;SGF29;UTP4;MLF2;PPP2CA;ASCC1;CDK11A;ZNF460;ZFPL1;NKX2-1;KAT6B;PPARGC1A;RELA;DAXX;SKOR1;RYBP;BAZ2A;MBIP;ESR1;ASH1L;RB1;NCOA2;ZNF350;RBBP4;BPTF;WWTR1;JADE2;GPBP1;WTIP;ZNF268;PHF19;STAT3;PITX3;PRKCQ;SUPT3H;ZNF682;MED23;ZBTB11;TRIP4;ZNF90;SLC39A8;PHB1;SPIN4;RORA;VPS72;MEAF6;POU1F1;ZNF117;NFYC;PPARGC1B;DMTF1;DVL2;SCRT1;RREB1;REXO4;SCRT2;MITF;ZNF708;CREBBP;MSL3;NKX3-1;ZNF653;HMG20A;GCFC2;BAZ1A;MTF2;JMJD1C;YBX1;SPIN2A;ACVR1B;NR3C1;YEATS2;KAT2A;KAT2B;SMARCA2;SRCAP;RUVBL1;ATF4;ZNF37A;ZNF33A;SOX6;ZNF737
prerank,Autophagy Of Peroxisome (GO:0030242),0.4518740157549049,1.0295990667993309,0.43636363636363634,0.7652681585057269,1.0,1/9,4.08%,USP30
prerank,Negative Regulation Of Osteoclast Differentiation (GO:0045671),-0.4400540658238554,-1.029467434818056,0.41379310344827586,1.0,1.0,3/15,6.90%,LTF;LRRC17;TNFAIP6
prerank,Sensory Perception Of Mechanical Stimulus (GO:0050954),0.27485456445595075,1.0294362403201318,0.39473684210526316,0.7652598151158593,1.0,11/57,10.85%,TMIE;COL4A3;LHFPL3;TBL1X;MYH7B;TSPEAR;CLIC5;PCDH15;MARVELD2;EPS8L2;CHRNB2
prerank,Regulation Of Golgi To Plasma Membrane Protein Transport (GO:0042996),0.47726213420834696,1.0290204266559362,0.3877551020408163,0.7656601469706138,1.0,4/6,33.29%,CLN3;RSC1A1;CSK;ATP2C1
prerank,Synaptic Vesicle Exocytosis (GO:0016079),0.3200198964231837,1.0287643840934986,0.47058823529411764,0.7658380163382555,1.0,6/27,12.17%,PCLO;STX11;SNCA;RIMS4;UNC13B;SNAP23
prerank,Positive Regulation Of Macrophage Migration (GO:1905523),0.41542511482365496,1.028642568255242,0.4523809523809524,0.7656075095848108,1.0,3/13,13.78%,CX3CL1;IL34;CSF1
prerank,Multivesicular Body Assembly (GO:0036258),0.3643706964419726,1.028046267435528,0.4090909090909091,0.7663438331794564,1.0,7/25,30.71%,TSG101;VPS37B;PDCD6IP;SNF8;CHMP4A;RAB11A;HGS
prerank,Positive Regulation Of Synaptic Transmission (GO:0050806),0.29262570325480664,1.0279851628923473,0.3902439024390244,0.7660867129780307,1.0,11/49,12.76%,ADCY8;SHANK3;PRKCZ;GPER1;NALCN;CACNG4;SLC8A2;NOL3;RIMS4;NPTN;KCTD13
prerank,cAMP Metabolic Process (GO:0046058),0.4549306158707931,1.0279061209804512,0.3953488372093023,0.7658299137756078,1.0,2/10,0.87%,ADCY8;ADCY4
prerank,Lamellipodium Assembly (GO:0030032),0.33019444637991346,1.0278350162122063,0.4090909090909091,0.7655114796193544,1.0,8/22,23.89%,CDH13;ITGB1;CARMIL1;DMTN;S1PR1;PTPRO;SPATA13;ARHGEF6
prerank,Positive Regulation Of T Cell Receptor Signaling Pathway (GO:0050862),0.39735133667016503,1.0276615934513293,0.40816326530612246,0.7654145736794412,1.0,5/12,24.39%,CD226;PRKD2;RELA;CD81;TRAT1
prerank,Macrophage Migration (GO:1905517),-0.4807651644032502,-1.0276083209149807,0.45098039215686275,1.0,1.0,3/9,15.00%,SAA1;EDN2;CCR2
prerank,Negative Regulation Of Excitatory Postsynaptic Potential (GO:0090394),0.48295722068544333,1.027585505338679,0.38095238095238093,0.7650879553691571,1.0,3/5,29.27%,LRRK2;MTMR2;TMEM25
prerank,miRNA Metabolic Process (GO:0010586),0.4277682796399611,1.0274810972098818,0.3783783783783784,0.7649030915088524,1.0,2/11,3.17%,DDX5;TRIM71
prerank,Regulation Of Cholesterol Biosynthetic Process (GO:0045540),0.4044194730550893,1.0273702226113115,0.40384615384615385,0.764647827849355,1.0,5/13,22.55%,FGF1;SREBF2;SH2D2A;ABCG1;SREBF1
prerank,Long-Chain Fatty Acid Import Into Cell (GO:0044539),0.4790830512513847,1.0273689498219776,0.44680851063829785,0.7641811238367795,1.0,3/8,7.59%,SPX;CD36;RPS6KB1
prerank,Regulation Of Dephosphorylation (GO:0035303),0.39632504304842625,1.027047635678694,0.40540540540540543,0.7646673180068234,1.0,3/13,10.20%,PPP1R17;INPP5K;SMG7
prerank,Positive Regulation Of Lipid Metabolic Process (GO:0045834),0.3962753516965038,1.0269875600314355,0.4090909090909091,0.7643862395880695,1.0,7/15,29.14%,MLXIPL;IL1B;CREB1;HSD17B13;DISP3;FLNB;SORBS1
prerank,Activation Of Phospholipase C Activity (GO:0007202),-0.375447932829655,-1.0266149731465115,0.4,1.0,1.0,5/23,11.28%,HTR2A;HTR2B;P2RY6;LPAR1;AVPR1A
prerank,Positive Regulation Of Phospholipid Biosynthetic Process (GO:0071073),-0.5876891874976512,-1.0263937079597782,0.48936170212765956,1.0,1.0,2/5,3.32%,HTR2A;HTR2B
prerank,Inorganic Cation Import Across Plasma Membrane (GO:0098659),-0.3022671932369643,-1.0261630070030612,0.3787878787878788,1.0,1.0,24/79,20.43%,ATP12A;SLC9A4;CACNA1G;SLC24A2;NALF2;CACNA1E;HCN4;KCNJ16;TRPV4;CACNA1I;SLC39A14;NALF1;SLC12A3;CLU;ATP1B2;KCNJ12;SLC9A5;HCN2;SLC39A6;SLC12A7;ATP1B3;SCN4A;SCNN1B;SCNN1G
prerank,DNA-templated Transcription Termination (GO:0006353),-0.4421610251320172,-1.0257113143755556,0.5,1.0,1.0,1/12,1.54%,FOXE1
prerank,Regulation Of Insulin Secretion (GO:0050796),0.29161418059725047,1.0254900222409369,0.41935483870967744,0.7677074966060848,1.0,12/62,8.09%,ADCY8;NR1H4;RFX6;SLC30A8;BRSK2;TCF7L2;IFNG;SLC25A22;GPER1;PRKN;IL1B;CDK16
prerank,Glucose 6-Phosphate Metabolic Process (GO:0051156),-0.4510992706421867,-1.025399509818213,0.47368421052631576,1.0,1.0,6/12,26.28%,G6PD;HK2;PGD;HKDC1;RBKS;H6PD
prerank,Positive Regulation Of Cell Growth (GO:0030307),0.2540794991155008,1.0253573503797686,0.5,0.7675480998480184,1.0,21/88,15.20%,CDKL5;CDC42;BRAT1;RUFY3;BDNF;HYAL1;INO80;DDX3X;NEDD4L;SPHK1;HPN;TEAD1;EDN1;DDX49;MFSD2A;PRR5;RPS6KA3;SYT17;CDKN2AIP;ADAM17;CXCL16
prerank,Mitotic intra-S DNA Damage Checkpoint Signaling (GO:0031573),0.4198817870313216,1.0251451803469591,0.3877551020408163,0.767635185737873,1.0,8/10,40.68%,HUS1B;RAD9B;MRE11;FANCD2;RAD9A;HUS1;CHEK2;TIPIN
prerank,Negative Regulation Of Stem Cell Differentiation (GO:2000737),0.431867135384882,1.0250761364547087,0.43902439024390244,0.7673002224319919,1.0,6/10,28.83%,TCF15;HNRNPU;HES1;N4BP2L2;GSK3B;JAG1
prerank,Regulation Of Telomere Maintenance In Response To DNA Damage (GO:1904505),0.4023233007301439,1.0245067745852816,0.41304347826086957,0.768371274003554,1.0,6/13,38.41%,INO80;MCRS1;RUVBL1;YY1;INO80C;UCHL5
prerank,Regulation Of Postsynaptic Membrane Potential (GO:0060078),-0.39147780668144067,-1.0244178062301341,0.44285714285714284,1.0,1.0,5/24,11.93%,GABRA3;INSYN2A;GABRG1;INSYN2B;GRIN2A
prerank,Skeletal Muscle Organ Development (GO:0060538),-0.3418281603783375,-1.0242100980852857,0.423728813559322,1.0,1.0,5/28,5.21%,STRA6;DES;SIX1;SIX4;MYF6
prerank,Negative Regulation Of Extrinsic Apoptotic Signaling Pathway (GO:2001237),0.27803310535999665,1.0241278968312788,0.3939393939393939,0.7687474144502738,1.0,18/56,22.30%,HSPA1B;IL1A;TCF7L2;DDX3X;HSPA1A;PELI3;IL1B;NOL3;PF4;SH3RF1;RELA;NOS3;ITGAV;RFFL;PHIP;RIPK1;SCRT2;EYA4
prerank,Negative Regulation Of MAP Kinase Activity (GO:0043407),0.3169224703505002,1.0240181580842058,0.47058823529411764,0.7685790933201101,1.0,14/41,22.28%,CAV3;PPARG;IL1B;DUSP1;INPP5K;MAPK8IP1;PTPN1;CD300A;HYAL2;DUSP16;PRKCD;SH2B3;ANKS1B;PTPN22
prerank,7-Methylguanosine Cap Hypermethylation (GO:0036261),0.4868454971937032,1.0239610388345093,0.44680851063829785,0.7677085138228962,1.0,1/7,3.37%,SNRPF
prerank,RNA Capping (GO:0036260),0.4868454971937032,1.0239610388345093,0.44680851063829785,0.7677085138228962,1.0,1/7,3.37%,SNRPF
prerank,Negative Regulation Of Protein Processing (GO:0010955),-0.44429427322778003,-1.0235534860474516,0.43333333333333335,1.0,1.0,3/12,8.65%,CHAC1;PLAU;PRNP
prerank,Establishment Of Protein Localization To Chromosome (GO:0070199),0.44447425200321466,1.0235447968235247,0.46153846153846156,0.7682330187042258,1.0,3/10,10.46%,CTCFL;WBP2;SGF29
prerank,Striated Muscle Hypertrophy (GO:0014897),0.4988080944273985,1.0233709283262173,0.47058823529411764,0.7682667373764726,1.0,3/5,13.65%,TCAP;MYOC;TTN
prerank,Tooth Mineralization (GO:0034505),0.5248871078696349,1.0232676399442366,0.43478260869565216,0.7680117605906034,1.0,2/6,4.40%,TSPEAR;SLC24A4
prerank,Membrane Depolarization During Action Potential (GO:0086010),-0.4364479836973506,-1.023201347690342,0.46,1.0,1.0,4/11,18.87%,SCN1B;HCN4;HCN2;SCN2B
prerank,Long-Chain Fatty Acid Biosynthetic Process (GO:0042759),0.38198769923900755,1.0230663406492786,0.4166666666666667,0.7680805408298745,1.0,2/14,1.34%,CYP1A2;LTC4S
prerank,Dorsal Aorta Morphogenesis (GO:0035912),0.532119043379377,1.023064883280064,0.5,0.7671352109334685,1.0,2/5,8.75%,ENG;DLL4
prerank,Dorsal Aorta Development (GO:0035907),0.532119043379377,1.023064883280064,0.5,0.7671352109334685,1.0,2/5,8.75%,ENG;DLL4
prerank,Regulation Of Cardiac Muscle Cell Apoptotic Process (GO:0010665),0.5193977778895152,1.0230226417459924,0.5192307692307693,0.7667768504612845,1.0,3/6,10.66%,NUPR1;ENG;CAMK2A
prerank,Establishment Of Mitotic Spindle Localization (GO:0040001),0.33048909626985723,1.0229832243029682,0.5116279069767442,0.7664102102996821,1.0,10/22,26.57%,GPSM1;ITGB1;GPSM2;CDK5RAP2;PAFAH1B1;CLASP2;CLASP1;FBXW11;KPNB1;HTT
prerank,Regulation Of Cell Morphogenesis (GO:0022604),0.3192801695695334,1.0227538025324554,0.5365853658536586,0.7665320521500479,1.0,13/30,32.81%,NTNG1;NOL3;VIL1;LARP4;MFSD2A;WTIP;FMNL2;PHIP;CFL1;PDPN;MYO9A;CAPZB;MOV10
prerank,DNA Catabolic Process (GO:0006308),0.3314630845363024,1.0222191400396174,0.37209302325581395,0.7672111524144607,1.0,6/16,29.97%,DNASE1L3;CECR2;DNASE1L1;REXO4;TREX2;DNASE1L2
prerank,Smooth Muscle Cell Migration (GO:0014909),-0.5031387138753122,-1.0222127110454111,0.39285714285714285,1.0,1.0,1/6,6.83%,ITGB3
prerank,Detection Of Mechanical Stimulus (GO:0050982),0.3861274474648665,1.0220173482839858,0.46875,0.767410690801535,1.0,3/17,6.93%,TCAP;PKD1L1;JUP
prerank,Glutamine Family Amino Acid Catabolic Process (GO:0009065),0.43589758933676037,1.021688124039574,0.4423076923076923,0.7676708762472367,1.0,3/9,15.33%,NOS1;NOS3;GLS
prerank,Regulation Of Apoptotic Process (GO:0042981),0.20643494444833196,1.0215115255729057,0.5555555555555556,0.7675482292796308,1.0,134/542,21.15%,NR1H4;FATE1;GRID2;TEK;ANGPT4;HSPA1B;ANGPTL4;DAPK2;AMH;FFAR4;CX3CL1;BEX1;NUPR1;SLIT2;ANKRD1;ANXA1;CITED2;CAPN3;UBB;FKBP8;IFIT3;YWHAZ;JUN;GPER1;DDX3X;SNCA;ARL6IP5;STAT1;HSPA1A;DAPK1;ERCC3;EGR1;SOCS2;SMAD6;VIP;CLN3;DUSP6;FLT4;PCSK9;CAT;SPHK1;PRKN;APC;DKKL1;PRAP1;HPN;FLNA;PSEN2;ITGB1;SHH;RPS6KB1;DAPK3;HCK;PPIA;KLF11;QRICH1;BCL10;MALT1;FASLG;NOL3;CLIP3;TARDBP;PLSCR3;RPS6KA2;UNC13B;ANP32A;TBX3;ADAMTSL4;NLRC4;NLRP2B;CCNL2;PTMA;TMBIM6;OPN3;FYN;SH3RF1;PRR5;TENT5B;RELA;VCP;AKT2;BAD;AREL1;RYBP;RPS6KA3;AXL;USP17L7;MORF4L1;ACTB;IRF3;RNF144B;BABAM2;SFRP4;NEURL1;PPT1;CD74;NAIP;ZNF268;GATA6;WFS1;RAF1;HYPK;SGK1;SIRT1;PIDD1;OPA1;RPS3A;DIABLO;EPC1;TCIM;FZD9;MAP3K11;RBM5;HSP90AA1;PRKDC;BCL3;PHB1;TPT1;SOCS3;HOXA5;VPS72;MEAF6;BRAF;IL6ST;ANXA4;ARHGAP21;UBE2Z;PHIP;MAPKAP1;PCID2;OXSR1;GAS1;RHOB;CXCL10
prerank,Regulation Of Type II Interferon Production (GO:0032649),0.25715615585455404,1.0214333880614705,0.3333333333333333,0.7672345928632328,1.0,24/68,23.47%,NR1H4;ISG15;CD244;DDIT3;XCL1;CD226;SLC11A1;TXK;IL1B;INHA;ZFPM1;FZD5;CD274;TYK2;RARA;TLR7;INHBA;TLR8;CRTAM;PTPN22;VSIR;PDCD1LG2;IFNL1;RIPK3
prerank,Inflammatory Response (GO:0006954),-0.25851993261495676,-1.0212973372637453,0.44155844155844154,1.0,1.0,37/176,16.76%,KRT16;CXCL13;XCR1;CHI3L1;CCL1;TMIGD3;BLNK;WNT5A;CXCL6;CCL13;PF4V1;BDKRB2;ACKR1;TLR10;PTGER1;GGT5;CCL22;TNFAIP6;CCL11;VNN1;CCR3;IL1RL1;ADORA3;TPST1;CCR7;TAB2;CCL21;ITGB2;TNFSF4;CCR2;PPBP;NLRP6;PROK2;HDAC9;ADORA2A;NFATC4;FPR3
prerank,Positive Regulation Of T Cell Activation (GO:0050870),-0.2991106744463418,-1.0212795647405526,0.39705882352941174,1.0,1.0,19/71,18.75%,LEP;THY1;TNFSF11;TNFRSF13C;CD209;HLA-A;SLC7A1;MDK;ZP3;CD28;CCR7;XBP1;RHOH;CCR2;SIRPG;CYRIB;ABL2;IL21;SMARCD1
prerank,Regulation Of Long-Chain Fatty Acid Import Across Plasma Membrane (GO:0010746),0.5742422198955487,1.0208877102925036,0.45454545454545453,0.7679980136381984,1.0,4/5,41.51%,AKT2;IRS2;AKT1;THBS1
prerank,Positive Regulation Of Axon Extension (GO:0045773),0.42466283023299367,1.0207473755668848,0.4186046511627907,0.7679361343971414,1.0,3/14,5.07%,DSCAM;RUFY3;SEMA5A
prerank,Negative Regulation Of Protein Localization (GO:1903828),0.3407190942443515,1.0206514519937289,0.34146341463414637,0.7676835416442681,1.0,14/33,34.28%,CAV3;YWHAZ;NEDD4L;VCP;GPM6B;COMMD1;ILRUN;CDK9;GDI2;GSK3B;FLCN;CTNNA1;SPI1;OTUD7B
prerank,Regulation Of Systemic Arterial Blood Pressure (GO:0003073),-0.450393353566729,-1.0205821480012687,0.5102040816326531,1.0,1.0,2/11,2.46%,ADM2;SLC2A5
prerank,Neurotransmitter Biosynthetic Process (GO:0042136),0.5564458650488167,1.0204383738355214,0.5,0.7677779349699658,1.0,2/5,7.02%,NOS1;DAGLB
prerank,Negative Regulation Of B Cell Proliferation (GO:0030889),-0.5201957423759979,-1.0202977585060111,0.4782608695652174,1.0,1.0,2/7,8.51%,TNFRSF21;IL10
prerank,Choline Metabolic Process (GO:0019695),-0.5308413158868589,-1.0201192490231419,0.43548387096774194,1.0,1.0,1/5,8.55%,BCHE
prerank,Positive Regulation Of Purine Nucleotide Biosynthetic Process (GO:1900373),0.44507209975139866,1.0195994821819059,0.45614035087719296,0.7694572942011875,1.0,5/9,21.03%,NOS1;PPARGC1A;VCP;NOS3;TMSB4X
prerank,Protein K63-linked Deubiquitination (GO:0070536),0.33306486918382405,1.019588898785576,0.42857142857142855,0.7689964830245105,1.0,6/27,18.60%,ATXN3;OTUD1;BABAM2;STAMBP;USP25;BABAM1
prerank,Cellular Response To Interleukin-6 (GO:0071354),0.39885170238352396,1.0194375515456593,0.4444444444444444,0.7689514857822795,1.0,7/18,20.93%,SBNO2;RELA;SELPLG;STAT3;PHB1;IL6ST;SMAD4
prerank,Cytoplasmic Microtubule Organization (GO:0031122),0.32475658628870196,1.0190315925752214,0.34285714285714286,0.7693734171679516,1.0,19/42,32.24%,HOOK2;CLIP3;CCDC88B;FYN;DYNC1H1;TPPP;CLASP1;SLAIN2;SLAIN1;CLIP2;KATNBL1;KPNB1;TBCB;CRIPT;KATNAL2;RAB11A;NUMA1;WDR73;KATNA1
prerank,Alpha-Amino Acid Biosynthetic Process (GO:1901607),-0.44704296294992485,-1.0189105542619463,0.4339622641509434,1.0,1.0,3/9,13.79%,BCAT1;SDS;CPS1
prerank,Positive Regulation Of Cold-Induced Thermogenesis (GO:0120162),-0.2891109505769889,-1.0188348768872053,0.4393939393939394,1.0,1.0,9/78,6.50%,ADIPOQ;LEP;DIO2;SLN;TSHR;ADCYAP1;LCN2;OXTR;OXT
prerank,Negative Regulation Of Programmed Cell Death (GO:0043069),0.22400357598179504,1.0182467178743406,0.4117647058823529,0.7708144189929155,1.0,78/293,20.79%,NR1H4;FATE1;TEK;ANGPT4;HSPA1B;ANGPTL4;AMH;FFAR4;CX3CL1;NUPR1;ANXA1;CITED2;CAPN3;FKBP8;IFIT3;YWHAZ;DDX3X;SNCA;HSPA1A;SOCS2;SMAD6;VIP;CLN3;FLT4;CAT;SPHK1;PRAP1;HPN;FLNA;PSEN2;SHH;RPS6KB1;HCK;MALT1;NOL3;TBX3;PTMA;TMBIM6;OPN3;TIGAR;SH3RF1;PRR5;TENT5B;RELA;AKT2;AREL1;RPS6KA3;AXL;AMIGO2;RNF144B;BABAM2;GPX4;PPT1;CD74;NAIP;ZNF268;GATA6;WFS1;RAF1;HYPK;SIRT1;PIDD1;OPA1;RPS3A;TCIM;PRKDC;BCL3;TPT1;SOCS3;BRAF;IL6ST;ANXA4;ARHGAP21;UBE2Z;PHIP;MAPKAP1;PCID2;OXSR1
prerank,Kidney Development (GO:0001822),-0.31088754388590933,-1.0181160949141441,0.4864864864864865,1.0,1.0,10/58,9.61%,OSR2;TFAP2A;STRA6;SIX2;GDNF;SIX1;SULF1;WNT4;FOXC1;C1GALT1
prerank,Regulation Of MAPK Cascade (GO:0043408),-0.2649410747782948,-1.017981097337812,0.42028985507246375,1.0,1.0,15/152,7.17%,GREM1;MMP8;LEP;DUSP9;DOK5;GDF15;SOX2;IGF1;CD24;ADRA2A;MAP4K4;INAVA;IL11;GPR37;SPRED3
prerank,Mitochondrial Calcium Ion Transmembrane Transport (GO:0006851),0.41297554591091207,1.017900762120467,0.46808510638297873,0.7712865146255657,1.0,5/10,38.48%,MCU;MICU3;MAIP1;SLC8B1;MICU1
prerank,Recombinational Repair (GO:0000725),0.2487809440504588,1.0178183907038332,0.38461538461538464,0.7710503731580031,1.0,29/78,32.28%,REV3L;INO80;SEM1;NSMCE4A;PPP4C;MORF4L1;CHD4;NPC1;EPC1;RAD51;RPA4;HUS1B;MBTD1;SLF2;SAMHD1;XRCC3;RAD51B;MRE11;EXD2;SFR1;RPA3;AP5Z1;SPIDR;YY1;XRCC5;RAD52;RECQL5;SWI5;UBE2N
prerank,Establishment Of Endothelial Barrier (GO:0061028),0.3641564180703165,1.0177684706652441,0.5,0.7707196461287555,1.0,7/23,22.42%,MYADM;RDX;MARVELD2;TJP2;RAPGEF6;RAPGEF3;RAP1A
prerank,Substrate-Dependent Cell Migration (GO:0006929),-0.42542011744937,-1.0176552747028118,0.42592592592592593,1.0,1.0,3/11,9.55%,ITGA11;NTN1;ITGA2
prerank,Digestive Tract Development (GO:0048565),-0.3598393254825507,-1.0173132487039758,0.391304347826087,1.0,1.0,10/28,19.68%,STRA6;MIXL1;CLMP;CDX2;EPHB3;GLI1;GLI2;GLI3;DNAAF1;MEGF8
prerank,Regulation Of Cellular Biosynthetic Process (GO:0031326),0.27448834033280295,1.0170983247948526,0.35,0.771820165884614,1.0,7/65,6.38%,NR1H4;CX3CR1;NANOS3;FGFR4;CTNS;TM9SF2;CYP7A1
prerank,Regulation Of Cell-Cell Adhesion Mediated By Cadherin (GO:2000047),0.3875127206596998,1.016729530362429,0.3953488372093023,0.77227327567593,1.0,3/13,11.88%,NOTCH4;RGCC;FOXA2
prerank,Positive Regulation Of DNA-templated Transcription Initiation (GO:2000144),0.30087017574609554,1.0165087470883334,0.5,0.7723384266548448,1.0,13/45,23.04%,DHX36;JUN;HNF1B;TBP;MED4;TAF6;MED10;TAF2;MED23;MED6;MED29;MITF;MED12
prerank,Phospholipid Dephosphorylation (GO:0046839),-0.3967863358091911,-1.016473591529332,0.3870967741935484,1.0,1.0,7/23,14.78%,PLPP4;PLPP2;PLPPR4;PLPPR3;SGPP2;SYNJ2;PLPP1
prerank,Macrophage Derived Foam Cell Differentiation (GO:0010742),0.5116596827016135,1.0164528421627366,0.42857142857142855,0.7719733052969792,1.0,3/6,6.94%,PPARG;STAT1;SOAT2
prerank,Negative Regulation Of mRNA Catabolic Process (GO:1902373),0.3038460750245731,1.0163068618113287,0.40476190476190477,0.7717634022445785,1.0,9/33,13.82%,ZAR1;SLC11A1;VIP;CIRBP;THRAP3;TENT5B;PABPC1;NOCT;TENT5A
prerank,Leptin-Mediated Signaling Pathway (GO:0033210),-0.5055166089109752,-1.016159914168391,0.45098039215686275,1.0,1.0,2/7,12.55%,LEP;UGCG
prerank,Regulation Of Cell Population Proliferation (GO:0042127),0.20537859542316933,1.015590790933968,0.2857142857142857,0.7734185307593202,1.0,125/592,16.82%,RTKN2;CDH13;CHRM1;LIFR;TSC2;HSPA1B;WNT3A;MYO1C;COL4A3;RERG;EMP2;AMH;FGF1;IL1A;GATA3;PFDN1;VEGFD;CX3CL1;PDGFB;AMELX;MLXIPL;NUPR1;TP53I11;CDC73;TCF7L2;P3H2;HBEGF;TRIM71;FGFR4;IFNG;ACVRL1;INCA1;COX17;EPO;IL34;IFIT3;EPOR;JUN;SSR1;GPER1;FGF9;FLT3LG;GTPBP4;FUZ;STAT1;HSPA1A;CGRRF1;JUND;SMAD6;VIP;PINX1;CHRNA10;LMNA;SOX7;FLT4;APC;GKN2;JUP;RGCC;IRF1;SHH;HCK;IL1B;CAPNS1;CDKN2B;PTGFR;FGFR2;ENG;CXCL11;INHA;CLDN5;KLF11;KRAS;DLL4;ADGRG1;RPS6KA2;INSR;TBX3;LRP5;BNIPL;EDN1;BST1;ESM1;PF4;BCL7B;JUNB;GNL3;CDK10;SULT2B1;FAM98A;TENT5B;RELA;FES;LIMS1;AKT2;ITGA1;WARS1;NACC1;ELN;VIPR1;CSF1;GET1;ACTB;FGF20;NOS3;SFRP4;ADAM17;SERTAD1;RARA;FGF17;NEURL1;CDK2;HDAC4;ADRA1D;RBBP4;WWTR1;SPDYA;SMARCA4;IL15;ZNF268;STAT3;TES;RAF1;SGK1;SIRT1
prerank,Muscle Contraction (GO:0006936),0.264857732816111,1.0154965033152987,0.40540540540540543,0.7732251834768337,1.0,18/66,15.78%,NMUR1;FXYD1;MYL1;TNNT2;MYH2;TAFAZZIN;NOS1;SNTB1;SCN7A;TPM3;LMOD2;KCNIP2;MYL6;CHRNB2;TMOD3;TTN;MYLK2;ADRA1D
prerank,Detection Of Molecule Of Bacterial Origin (GO:0032490),-0.5089074463628078,-1.0153912487710894,0.45454545454545453,1.0,1.0,2/5,17.54%,SSC5D;LY96
prerank,Regulation Of Dopamine Secretion (GO:0014059),0.37628847438160784,1.0152059721762796,0.4222222222222222,0.773392558076341,1.0,7/16,14.25%,SNCA;SYT15;PRKN;SYT13;CHRNB2;SYT17;FGF20
prerank,Eye Morphogenesis (GO:0048592),-0.4175769832734141,-1.014288195076767,0.4107142857142857,1.0,1.0,5/14,18.44%,TENM3;FBN2;ALDH1A3;VEGFA;COL5A2
prerank,Regulation Of Leukocyte Adhesion To Vascular Endothelial Cell (GO:1904994),-0.47514950664754985,-1.0138788048506653,0.41509433962264153,1.0,1.0,3/9,14.04%,FUT9;MDK;ITGB2
prerank,Positive Regulation Of Glucose Transmembrane Transport (GO:0010828),0.3444308249303568,1.01368114771647,0.43478260869565216,0.7765019352702611,1.0,11/23,30.37%,PTPN11;CLIP3;INSR;OCLN;AKT2;BRAF;C2CD5;CAPN10;SORBS1;APPL1;IRS2
prerank,Positive Regulation Of Rho Protein Signal Transduction (GO:0035025),-0.37147310183593873,-1.0135535410004737,0.48148148148148145,1.0,1.0,5/23,10.97%,COL3A1;F2RL2;LPAR4;LPAR1;F2RL1
prerank,Protein Alkylation (GO:0008213),0.3845229595833122,1.0135436347383642,0.4782608695652174,0.7763413660783173,1.0,7/16,38.92%,FAM98A;METTL21C;EEF1AKMT2;LCMT1;METTL22;ETFBKMT;METTL21A
prerank,Positive Regulation Of Trophoblast Cell Migration (GO:1901165),0.5287493389941984,1.013341668156982,0.5581395348837209,0.7764979882128319,1.0,4/5,25.06%,SYDE1;APELA;AGO2;SMURF2
prerank,Endosome Organization (GO:0007032),0.2880573311924348,1.0130994222254623,0.40540540540540543,0.7767486068999337,1.0,16/42,31.61%,ATP6V0A1;HOOK2;CORO1C;ATP6V0C;ATP6V1A;LAMTOR1;VPS11;SNX10;RAB27A;TMCC1;PHETA1;PLEKHJ1;PLEKHF1;DNAJC13;FHIP1B;WASHC4
prerank,Glycerol Transmembrane Transport (GO:0015793),-0.5747417210069947,-1.0130448764833602,0.49019607843137253,1.0,1.0,2/5,5.98%,AQP2;AQP7
prerank,Mesoderm Morphogenesis (GO:0048332),-0.4778870551160497,-1.012733766685918,0.4375,1.0,1.0,4/10,16.06%,MESP2;MESP1;TBX19;SNAI1
prerank,Glucosamine-Containing Compound Metabolic Process (GO:1901071),-0.4340993305310802,-1.0124386987462937,0.4807692307692308,1.0,1.0,6/12,22.57%,CHST6;CHST4;CHST3;CHST2;CHST7;CHST5
prerank,Regulation Of Myotube Differentiation (GO:0010830),-0.4289228981403533,-1.011924446758991,0.5,1.0,1.0,7/18,16.26%,BHLHA15;CEACAM5;TMEM119;RBM24;XBP1;MMP14;HDAC9
prerank,"Wound Healing, Spreading Of Cells (GO:0044319)",0.3606473356567516,1.0118172203618931,0.39473684210526316,0.779566072059283,1.0,5/22,7.33%,WNT7A;CD151;FLNA;ITGB1;TMEFF2
prerank,Regulation Of Postsynapse Organization (GO:0099175),0.35130050816989916,1.0116417795945,0.48717948717948717,0.7795579791188643,1.0,8/21,21.00%,CDKL5;SHANK3;LRRK2;NOL3;HOMER1;PDLIM5;ABI3;SIPA1L1
prerank,Positive Regulation Of Cardiac Muscle Tissue Growth (GO:0055023),0.37597806210043583,1.0116218811519397,0.40476190476190477,0.7791567407007343,1.0,4/13,10.31%,TBX2;TGFBR3;FGFR2;EDN1
prerank,Regulation Of Endothelial Cell Development (GO:1901550),0.4897386693056665,1.0116135908795592,0.43859649122807015,0.7786961934610757,1.0,2/6,10.91%,IL1B;TNFRSF1A
prerank,Response To cAMP (GO:0051591),-0.3476898936821501,-1.0115521342475318,0.4098360655737705,1.0,1.0,4/28,5.88%,SLC5A5;IGFBP5;AHR;HCN4
prerank,Regulation Of Protein Sumoylation (GO:0033233),0.3772754500264418,1.0115013006119538,0.4166666666666667,0.7786032728438465,1.0,7/14,27.44%,EGR1;GNL3;HDAC4;PIAS3;CTNNB1;PIAS1;SAE1
prerank,Regulation Of Cell Size (GO:0008361),0.35939222074650395,1.011458393343389,0.40816326530612246,0.7781692065959015,1.0,3/19,10.31%,CAV3;RDX;EDN1
prerank,Cell Chemotaxis (GO:0060326),0.30613684139232056,1.0112904599485124,0.47368421052631576,0.7780426091310692,1.0,5/34,5.07%,CX3CL1;NR4A1;PDGFB;HBEGF;SEMA5A
prerank,Glial Cell Differentiation (GO:0010001),0.341262999844411,1.0111508402969616,0.38095238095238093,0.7779246849218269,1.0,4/23,7.41%,EGR2;MYRF;SHH;EIF2B5
prerank,Regulation Of Protein Localization To Cell Periphery (GO:1904375),0.38787107158801437,1.0111122954494698,0.4358974358974359,0.7775940004831257,1.0,4/16,17.42%,SPTBN1;CLN3;ACTB;GBP1
prerank,Positive Regulation Of Cell-Substrate Junction Organization (GO:0150117),-0.3699924332469413,-1.0110270849741716,0.41509433962264153,1.0,1.0,6/22,14.57%,THY1;SFRP1;MAP4K4;COL16A1;TSC1;VEGFA
prerank,Negative Regulation Of Cytokine Production Involved In Inflammatory Response (GO:1900016),-0.488211132296841,-1.0110003757998696,0.5098039215686274,1.0,1.0,5/10,25.78%,CHID1;NLRC3;PPARA;TREM2;ABCD2
prerank,Lactate Metabolic Process (GO:0006089),0.47991064253792926,1.010963988879764,0.4358974358974359,0.7774764868660048,1.0,2/7,20.26%,LDHD;LDHAL6A
prerank,Transport Across Blood-Brain Barrier (GO:0150104),-0.28773536771420455,-1.0109525616938486,0.39215686274509803,1.0,1.0,25/73,20.80%,SLC5A5;SLC1A4;SLC7A5;SLC6A17;SLC16A2;SLC7A1;SLC1A3;AVPR1A;SLC16A7;LRP1;SLC13A3;ABCC3;SLC6A6;LRP3;ATP1B2;AVPR1B;SLC5A3;SLC29A4;SLC4A4;SLC27A4;SLC6A9;ATP2A3;SLC24A3;SLC2A13;SLC4A8
prerank,Negative Regulation Of Transcription Elongation By RNA Polymerase II (GO:0034244),-0.5375220204327018,-1.0106550965429781,0.4727272727272727,1.0,1.0,1/7,3.60%,NELFA
prerank,Nucleic Acid Metabolic Process (GO:0090304),0.33276185955694293,1.010552569577506,0.43243243243243246,0.7780565947289314,1.0,14/25,35.13%,DNASE1L3;MMS19;DNA2;ENPP1;WDR74;DNASE1L1;ATXN2;EXD2;TREX2;DNASE1L2;DDX1;RECQL5;POLG;WRN
prerank,Icosanoid Secretion (GO:0032309),-0.47621857771861315,-1.010523825651832,0.4067796610169492,1.0,1.0,2/7,4.62%,LEP;BDKRB2
prerank,Regulation Of Cytoplasmic Translation (GO:2000765),0.3519625228926524,1.0100149768160507,0.4634146341463415,0.7789590364792955,1.0,8/19,28.32%,DHX36;ZNF385A;UNK;PABPC1;HNRNPU;CPEB2;YBX1;FMR1
prerank,Positive Regulation Of Immune Effector Process (GO:0002699),0.319514353750613,1.0098949575639524,0.3488372093023256,0.7788239252295992,1.0,9/27,24.29%,COLEC10;IFNG;IL1B;PHB1;APLP2;CD81;DDX60;PTPRC;FCN2
prerank,Regulation Of Cardiac Muscle Cell Proliferation (GO:0060043),0.3814809021727365,1.0098038270218999,0.4090909090909091,0.7785531262554589,1.0,4/17,7.91%,TBX2;TGFBR3;VGLL4;FGFR2
prerank,Cellular Response To Organic Cyclic Compound (GO:0071407),0.2462898640433927,1.0094648865540417,0.40625,0.779088774818756,1.0,27/116,13.96%,ADCY8;NR1H4;HSPA1B;SSTR1;ADTRP;PDGFB;SLC1A1;AQP9;AKAP9;GPER1;RAMP3;ARL6IP5;HSPA1A;EGR1;GABRB2;JUP;ADCY1;IL1B;P2RY1;INPP5K;CREB1;GPBAR1;CASP7;FES;TIPARP;ESR1;ACTB
prerank,Negative Regulation Of Calcium Ion Transport (GO:0051926),-0.4324645308474521,-1.0094535367225326,0.5106382978723404,1.0,1.0,4/10,8.79%,SLN;MRLN;CBARP;PLN
prerank,Negative Regulation Of Epithelial Cell Differentiation (GO:0030857),0.4392871438517596,1.0093734016920926,0.5660377358490566,0.778741817307681,1.0,2/11,3.36%,NOTCH4;IFNG
prerank,Synaptic Vesicle Cycle (GO:0099504),0.3124228299706031,1.008789679620187,0.4117647058823529,0.7797343833714119,1.0,9/26,17.70%,WNT3A;PCLO;WNT7A;SNCA;AP3S1;GIT1;AP3D1;VAMP2;RAB5A
prerank,Positive Regulation Of Excitatory Postsynaptic Potential (GO:2000463),-0.3924183082150321,-1.0087450556877247,0.5409836065573771,1.0,1.0,9/17,22.90%,NETO1;CUX2;SHANK1;GRIN2A;NLGN2;DLG4;RIMS1;PTEN;NLGN3
prerank,Regulation Of Leukocyte Chemotaxis (GO:0002688),-0.3970760703467118,-1.008310561710881,0.46153846153846156,1.0,1.0,5/12,15.72%,EDN2;MTUS1;MDK;F2RL1;CAMK1D
prerank,Dendrite Self-Avoidance (GO:0070593),0.538302436457044,1.0079206428816523,0.45454545454545453,0.7815050331519404,1.0,2/5,2.81%,CNTN6;DSCAM
prerank,Membrane Fusion (GO:0061025),0.3567578288716914,1.0078028124371938,0.43478260869565216,0.7813519559831332,1.0,8/24,23.24%,STX11;HACE1;SNAP23;DCSTAMP;VAMP2;MYMX;STX3;GCA
prerank,Protein Autoubiquitination (GO:0051865),0.27317722837507297,1.007555767481089,0.4722222222222222,0.7815205494334055,1.0,18/62,31.33%,RNFT1;CNOT4;TRIM71;WWP2;PRKN;LRSAM1;SH3RF1;BABAM2;RAD51;UBE2A;RNF220;BARD1;RNF41;SH3RF2;CUL3;UBE2D2;RNF10;RNF8
prerank,Cyclic Nucleotide Biosynthetic Process (GO:0009190),0.3716554693580881,1.0074130734398046,0.46,0.7813338247887609,1.0,2/15,0.87%,ADCY8;ADCY4
prerank,Positive Regulation Of Viral Entry Into Host Cell (GO:0046598),-0.43395534595873764,-1.0069241726013758,0.40384615384615385,1.0,1.0,1/11,1.28%,TMPRSS4
prerank,Positive Regulation By Symbiont Of Entry Into Host (GO:0075294),-0.43395534595873764,-1.0069241726013758,0.40384615384615385,1.0,1.0,1/11,1.28%,TMPRSS4
prerank,Negative Regulation Of Appetite (GO:0032099),-0.5139831147597792,-1.0063364784709432,0.5,1.0,1.0,1/5,0.70%,LEP
prerank,Regulation Of Lipopolysaccharide-Mediated Signaling Pathway (GO:0031664),-0.37015878710978467,-1.0061326859811972,0.49056603773584906,1.0,1.0,3/17,3.99%,NFKBIL1;CD180;LTF
prerank,DNA Biosynthetic Process (GO:0071897),0.40170401338280537,1.0057218183892254,0.4489795918367347,0.7850512846523733,1.0,4/12,24.55%,SIRT1;POLD3;RRM2B;POLA1
prerank,Protein-Containing Complex Assembly (GO:0065003),0.21493135297576066,1.005176962148295,0.47368421052631576,0.7858507579020922,1.0,67/260,22.78%,ADCY8;TCAP;WNT3A;CX3CL1;FCHO2;STXBP6;PILRB;HIGD1B;COX7A1;CAPN3;NSG2;ADRB2;LRRK2;TCP1;PARD6B;SNCA;HSPA1A;MAGI1;IL1RAP;HSF1;APC;KMT2A;PDCL;TEAD2;LPXN;NOL3;LIN7A;VIL1;UVRAG;TEAD1;PIK3C2A;PSMD11;PXN;OCLN;STXBP1;CHCHD7;CSNK1D;CAPZA2;PPARGC1A;CCDC40;BAD;REPS2;TRAPPC8;GPX4;CD74;VAMP2;BIN2;NPC1;DMTN;GBP1;OPA1;HSP90AA1;CARD10;VAMP4;TBCEL;FANCA;SRP19;WASF3;GAK;SMAD4;PIH1D1;TTC12;GTF2B;RIPK1;MITF;CREBBP;AP2M1
prerank,Cytoplasmic Sequestering Of NF-kappaB (GO:0007253),0.5036994378161787,1.004912356403915,0.5098039215686274,0.786117554881106,1.0,4/7,21.33%,NFKBIA;G3BP2;TMSB4X;NFKBIB
prerank,Positive Regulation Of Heart Contraction (GO:0045823),-0.37016936136660905,-1.004734708185607,0.4090909090909091,1.0,1.0,3/17,6.75%,ADM2;EDN2;HRC
prerank,Cardiac Ventricle Development (GO:0003231),0.3697104299002668,1.0045777373604938,0.3829787234042553,0.7865274306899153,1.0,4/14,8.75%,GATA3;ENG;HECTD1;DLL4
prerank,Regulation Of Nitric Oxide Metabolic Process (GO:0080164),0.5035281150247576,1.0041197021117727,0.5283018867924528,0.7872824515071172,1.0,1/7,1.56%,CX3CR1
prerank,Mismatch Repair (GO:0006298),0.35781924677303795,1.004020086562902,0.4634146341463415,0.787000295101123,1.0,6/18,20.51%,MLH1;XPC;MSH2;POLD3;PMS1;RNASEH2C
prerank,Positive Regulation Of Leukocyte Tethering Or Rolling (GO:1903238),-0.541311717327849,-1.0037450667819205,0.5,1.0,1.0,1/5,6.03%,CHST4
prerank,Positive Regulation Of Growth (GO:0045927),-0.2828966604321388,-1.0035637521231067,0.4307692307692308,1.0,1.0,5/67,4.95%,PRSS2;LEP;SFRP2;AGR2;SFRP1
prerank,Negative Regulation Of Translational Initiation (GO:0045947),-0.4234620977727439,-1.0033552071956566,0.4727272727272727,1.0,1.0,7/12,33.72%,C8ORF88;PAIP2B;LARP1;EIF4EBP1;TPR;EIF2AK4;EIF3E
prerank,Positive Regulation Of Transcription Initiation By RNA Polymerase II (GO:0060261),0.2908742615270442,1.0030394302311134,0.42857142857142855,0.7887729645503287,1.0,11/42,23.04%,HNF1B;TBP;MED4;PSMC6;TAF6;MED10;TAF2;MED23;MED6;MED29;MED12
prerank,Protein Targeting To Membrane (GO:0006612),0.2653854308543546,1.0029828053053182,0.40540540540540543,0.788473428695054,1.0,10/57,16.29%,MYO1C;ZDHHC22;SSR1;ZDHHC11B;YIF1B;VPS37B;NACA2;SGTA;ZDHHC14;RAB8B
prerank,Amide Transport (GO:0042886),0.33730379326116766,1.00297061786864,0.4523809523809524,0.7880144567608115,1.0,4/27,4.70%,FOLR3;DISP1;SLC1A1;SLC19A1
prerank,Positive Regulation Of Endothelial Cell Chemotaxis (GO:2001028),0.4109209875881874,1.0028860535684851,0.47368421052631576,0.7877241302391434,1.0,6/12,21.92%,SEMA5A;PRKD2;PRKD1;FGFR1;TMSB4X;KDR
prerank,Placenta Development (GO:0001890),-0.3935896029835567,-1.0028693978039653,0.46551724137931033,1.0,1.0,3/16,8.11%,LEP;E2F8;E2F7
prerank,Negative Regulation Of Catecholamine Secretion (GO:0033604),0.531894251168729,1.002575844559362,0.5178571428571429,0.7878709529097149,1.0,1/5,1.51%,CRH
prerank,Steroid Hormone Mediated Signaling Pathway (GO:0043401),0.43714230188395364,1.0022260720899214,0.4444444444444444,0.7882358752968445,1.0,3/9,13.50%,GPER1;CALCOCO1;ESR1
prerank,Regulation Of Dendrite Development (GO:0050773),0.2984299721059327,1.0020060626875409,0.42424242424242425,0.7882983199977663,1.0,9/33,17.22%,CDKL5;HECW2;RAB17;NEDD4L;DCC;CHRNB2;MFSD2A;NEDD4;RAP2A
prerank,Negative Regulation Of Ubiquitin-Protein Transferase Activity (GO:0051444),-0.4096445021558005,-1.00195408738604,0.4406779661016949,1.0,1.0,7/16,22.36%,CDC20;BUB1B;BAG2;LIMK1;MAD2L1;MAD2L2;FBXO5
prerank,Cellular Response To Calcium Ion (GO:0071277),0.27385279629295856,1.0018048735521627,0.4,0.7882600683648016,1.0,12/47,15.11%,ADCY8;CAPN3;SYT15;SYT13;ADCY1;CPNE2;ADD1;CPNE4;SYT17;CDKN2AIP;CPNE8;ADGRV1
prerank,Adipose Tissue Development (GO:0060612),-0.458313256448566,-1.0015301033175643,0.41818181818181815,1.0,1.0,3/10,16.28%,SH3PXD2B;XBP1;VPS13B
prerank,Nicotinamide Nucleotide Biosynthetic Process (GO:0019359),-0.4873267030908939,-1.0014435440036988,0.44,1.0,1.0,2/8,11.55%,KYNU;NMNAT2
prerank,Nuclear Envelope Organization (GO:0006998),0.3819397811218135,1.001358335866078,0.42857142857142855,0.7888587614754774,1.0,6/14,29.62%,LMNA;TOR1AIP1;TMEM43;REEP4;NUP93;TMEM170A
prerank,Type B Pancreatic Cell Differentiation (GO:0003309),0.4987508546464246,1.0010928774214334,0.48936170212765956,0.7890296069219015,1.0,1/6,0.52%,RFX6
prerank,Cellular Response To Sterol Depletion (GO:0071501),0.5320188294036341,1.0009432528989282,0.46153846153846156,0.788458861130719,1.0,3/6,22.55%,SREBF2;SH2D2A;SREBF1
prerank,SREBP Signaling Pathway (GO:0032933),0.5320188294036341,1.0009432528989282,0.46153846153846156,0.788458861130719,1.0,3/6,22.55%,SREBF2;SH2D2A;SREBF1
prerank,Intracellular pH Reduction (GO:0051452),0.3448250869499447,1.0009113875795264,0.5217391304347826,0.7881196494473289,1.0,6/26,14.05%,ATP6V0A1;SLC11A1;DMXL2;ATP6V0C;ATP6V1A;DMXL1
prerank,Sodium Ion Transport (GO:0006814),-0.2920763161051947,-1.000633218685893,0.43859649122807015,1.0,1.0,24/66,20.80%,SLC4A11;SLC5A5;SLC24A2;SCN1B;SLC5A8;HCN4;SLC6A17;SLC6A11;ASIC2;SLC12A3;SLC9B2;SLC6A6;SLC9A5;HCN2;SLC4A4;SCN2B;ATP1B3;SCN4A;SLC6A9;SCNN1B;KCNK1;SCNN1G;SLC24A3;SLC4A8
prerank,Positive Regulation Of Locomotion (GO:0040017),-0.3631748959953076,-1.00056213968216,0.453125,1.0,1.0,7/24,13.89%,TWIST1;C1QTNF8;NTN1;F2RL1;CCR7;TRIM32;CCL21
prerank,Fatty Acid Oxidation (GO:0019395),-0.32758060256974797,-1.0001775487943716,0.38333333333333336,1.0,1.0,5/41,7.61%,ADIPOQ;SLC27A2;ADH4;ECI2;ADH7
prerank,DNA Replication-Dependent Chromatin Assembly (GO:0006335),0.5155765718566688,1.0001214823240145,0.45454545454545453,0.7894686645602853,1.0,2/5,15.79%,NASP;RBBP4
prerank,Collecting Duct Development (GO:0072044),0.4952571401181741,1.0000477460958204,0.4318181818181818,0.7891793618078573,1.0,2/6,7.36%,DACT2;SHH
prerank,Regulation Of Chemotaxis (GO:0050920),0.3284328574331842,0.9999709404234232,0.4090909090909091,0.788923782413086,1.0,2/21,2.68%,NOVA2;PDGFB
prerank,Regulation Of Heart Contraction (GO:0008016),-0.3151082574208102,-0.9990199267921529,0.4827586206896552,1.0,1.0,10/53,11.98%,KCNG2;DES;FOXN4;TMIGD3;SCN1B;HCN4;HRC;PLN;ADORA3;CAMK2D
prerank,Positive Regulation Of Leukocyte Adhesion To Vascular Endothelial Cell (GO:1904996),-0.4314141473196905,-0.9989755392629518,0.4482758620689655,1.0,1.0,4/13,14.26%,CHST4;MDK;ITGB2;CHST2
prerank,Protein Targeting To Vacuole (GO:0006623),0.32863916627733447,0.9988375357282145,0.3953488372093023,0.7912958693802005,1.0,5/31,15.39%,ZFYVE16;VPS37B;NAGPA;NEDD4;VPS13A
prerank,Regulation Of Cell Adhesion (GO:0030155),-0.2751718581238944,-0.998680803768459,0.4358974358974359,1.0,1.0,29/119,18.37%,PRSS2;PLXNA4;FUT2;IBSP;TNN;SAA1;C2CD4A;CELSR2;PLAU;MDK;LAMA2;CXCL12;KIF14;EPHB3;NID1;CCR7;TNFRSF18;PLXNC1;EFNA5;VEGFA;TGFBI;PKP2;LAMC1;ROCK2;TNFSF18;CYTIP;ABL2;TGM2;RHOD
prerank,Response To Ethanol (GO:0045471),-0.47908065670641764,-0.9985412694883655,0.49122807017543857,1.0,1.0,2/7,11.93%,ADH7;GRIN2A
prerank,Negative Regulation Of Peptidyl-Lysine Acetylation (GO:2000757),-0.5569541751949894,-0.9984966744223183,0.5454545454545454,1.0,1.0,1/5,2.93%,TWIST1
prerank,Regulation Of Mast Cell Chemotaxis (GO:0060753),0.49838621345554224,0.9983010272408043,0.4897959183673469,0.7921396912980588,1.0,3/5,25.90%,VEGFD;VEGFC;RIN3
prerank,Cardiac Muscle Cell Contraction (GO:0086003),-0.41362822182018416,-0.9979463375949769,0.5079365079365079,1.0,1.0,6/15,18.87%,CACNA1G;SCN1B;CAMK2D;PKP2;GSN;SCN2B
prerank,Negative Regulation Of Microtubule Polymerization (GO:0031115),0.4017824329723994,0.9979220436086725,0.38636363636363635,0.7925992940011681,1.0,3/10,9.13%,CDH5;SNCA;CLIP3
prerank,Response To Glucocorticoid (GO:0051384),0.3548337631493147,0.9974732826630969,0.5,0.7933164682060717,1.0,5/18,5.95%,FAM107A;SLIT2;ANXA1;ZFP36;SSTR4
prerank,Regulation Of Endodeoxyribonuclease Activity (GO:0032071),0.464838102465167,0.9971691432560025,0.4878048780487805,0.7935584884173108,1.0,3/6,32.54%,SIRT1;PRKCD;HMGB1
prerank,Phosphatidylinositol Dephosphorylation (GO:0046856),0.409025075053561,0.9971521667163132,0.3611111111111111,0.7931099638351528,1.0,4/11,16.07%,INPP5K;MTM1;INPP5B;SACM1L
prerank,Positive Regulation Of I-kappaB kinase/NF-kappaB Signaling (GO:0043123),0.2413296115042599,0.9969730760637079,0.46875,0.7930692295605108,1.0,24/133,12.66%,DHX36;CLEC6A;CX3CL1;TRIM34;MIB2;PRKN;FLNA;S100A4;MAP3K3;SLC44A2;BCL10;MALT1;FASLG;NDFIP1;TICAM2;SHISA5;TRIM58;PPM1A;TRAF5;TNFRSF1A;TRIM25;RBCK1;PRKD1;RELA
prerank,Regulation Of Sodium Ion Transmembrane Transport (GO:1902305),0.385642973690174,0.9966125016458922,0.5263157894736842,0.7936100091983395,1.0,6/21,6.27%,CAV3;FGF12;FXYD1;FXYD6;NEDD4L;NOS1
prerank,Regulation Of Osteoclast Differentiation (GO:0045670),-0.3514900906944666,-0.996597942025196,0.4375,1.0,1.0,10/30,20.73%,TNFSF11;OCSTAMP;LRRC17;TNFAIP6;EEIG1;TNFRSF11A;PRXL2A;MAFB;POU4F1;CCR1
prerank,Kinetochore Organization (GO:0051383),-0.5022369681061603,-0.9962311258023512,0.5263157894736842,1.0,1.0,2/6,15.25%,DLGAP5;CENPE
prerank,Sensory Perception Of Light Stimulus (GO:0050953),0.25609982542877374,0.995856644475633,0.5384615384615384,0.794947128743131,1.0,21/69,17.46%,RS1;CRYBB2;KIFC3;RGS16;ARRB1;GNAT1;NXNL2;CACNA1F;CRYBB3;CABP4;PCDH15;ZIC2;CHRNB2;PDE6C;PITPNA;GUCA1B;SLC4A10;RABGGTB;ADGRV1;WFS1;OPA1
prerank,Cellular Response To Leptin Stimulus (GO:0044320),-0.5154998704635457,-0.9958325379225906,0.52,1.0,1.0,2/6,12.55%,LEP;UGCG
prerank,Positive Regulation Of Mononuclear Cell Migration (GO:0071677),-0.38619533923696303,-0.9958193387889368,0.5344827586206896,1.0,1.0,9/24,21.03%,CCL1;PLA2G7;CXCL12;S100A7;CCR7;CCR2;CD47;CCR1;SERPINE1
prerank,Positive Regulation Of Platelet Activation (GO:0010572),-0.44999313243438127,-0.9955757744759787,0.43478260869565216,1.0,1.0,2/7,14.85%,GP5;PLA2G4A
prerank,Positive Regulation Of DNA Repair (GO:0045739),0.2586420394278776,0.995427903171673,0.4473684210526316,0.7954612868690639,1.0,16/66,22.30%,PRKCG;INO80;BCL7B;TIGAR;SMARCC2;MCRS1;ACTB;BABAM2;BRD7;SMARCA4;UBE2V2;SIRT1;SPIRE2;BABAM1;SLF2;EYA4
prerank,Negative Regulation Of DNA Recombination (GO:0045910),-0.3527755885192152,-0.99497872693196,0.5,1.0,1.0,11/30,26.32%,H1-3;H1-5;H1-1;ZSCAN4;POLQ;MAD2L2;RMI2;H1-0;MAGEF1;FBH1;HELB
prerank,Positive Regulation Of Cellular Response To Transforming Growth Factor Beta Stimulus (GO:1903846),0.36279410967057696,0.9946949616506673,0.4594594594594595,0.7963220561224991,1.0,8/18,28.96%,CITED2;CDKN2B;GIPC1;ZEB2;SMAD4;CREBBP;FLCN;SDCBP
prerank,Positive Regulation Of Transforming Growth Factor Beta Receptor Signaling Pathway (GO:0030511),0.36279410967057696,0.9946949616506673,0.4594594594594595,0.7963220561224991,1.0,8/18,28.96%,CITED2;CDKN2B;GIPC1;ZEB2;SMAD4;CREBBP;FLCN;SDCBP
prerank,Blood Circulation (GO:0008015),0.2833219789834696,0.9943912723352833,0.35135135135135137,0.7965363442400487,1.0,10/38,14.67%,COL4A3;SGCG;ACVRL1;EPO;OLR1;STAT1;DLL4;CYB5R3;ELN;NOS3
prerank,Cellular Response To Ionizing Radiation (GO:0071479),0.28921355884598465,0.9934356748737149,0.5142857142857142,0.7982900125737875,1.0,13/43,25.48%,INO80;RPL26;HSF1;PRAP1;TANK;BABAM2;SIRT1;RAD51;RHOB;RAD9B;TLK2;BARD1;NIPBL
prerank,Negative Regulation Of BMP Signaling Pathway (GO:0030514),-0.34670475139405543,-0.9933796277508194,0.48484848484848486,1.0,1.0,6/31,12.02%,GREM1;CHRDL1;CAPN5;TNFAIP6;GREM2;GDF3
prerank,I-kappaB Phosphorylation (GO:0007252),0.47662448588871076,0.9931047871095426,0.4897959183673469,0.7985608125844617,1.0,2/7,16.08%,ERC1;TLR7
prerank,Detection Of Calcium Ion (GO:0005513),0.3856669298465794,0.9928373549924834,0.5,0.7989883877331944,1.0,3/11,12.50%,KCNMB4;KCNIP2;CALM3
prerank,Negative Regulation Of Tumor Necrosis Factor-Mediated Signaling Pathway (GO:0010804),0.3528190212513014,0.992439446478329,0.45454545454545453,0.7996137796930926,1.0,7/17,20.27%,GPS2;PELI3;NLRP2B;NAIP;PPP2CB;RFFL;CARD16
prerank,Positive Regulation Of Striated Muscle Contraction (GO:0045989),0.5418985304525553,0.992334945889109,0.5555555555555556,0.7993878377335554,1.0,4/5,38.56%,ATP2A1;RGS2;KCNQ1;GSTO1
prerank,Response To UV (GO:0009411),0.25903723329774003,0.9923309273100032,0.5161290322580645,0.7989228069960723,1.0,25/76,22.59%,DHX36;INO80;RPL26;ERCC3;CAT;CIRBP;TENT4A;MSH2;RELA;RBX1;TP53I13;NEDD4;METTL3;N4BP1;MAP4K3;BCL3;XPA;UVSSA;EIF2S1;USF1;REV1;UBE2A;PRKCD;CCAR2;CREBBP
prerank,Positive Regulation Of Vascular Associated Smooth Muscle Cell Proliferation (GO:1904707),-0.3900119000556494,-0.9923296244090414,0.5507246376811594,1.0,1.0,4/18,8.51%,IGFBP5;IGF1;P2RY6;IL10
prerank,Neuron Projection Development (GO:0031175),-0.2610029724150027,-0.9921201721329335,0.4861111111111111,1.0,1.0,25/149,11.58%,OLIG2;BHLHA15;USH1C;BHLHE22;STMN2;GDNF;MAP1B;DCLK1;ADGRF1;GRM7;STMND1;MAP4K4;SRGAP3;NCDN;GAS7;GPRIN1;SHANK1;DOCK10;BICDL1;MNX1;EPHB3;RAB6B;APOE;NMNAT2;TSKU
prerank,Positive Regulation Of Toll-Like Receptor 2 Signaling Pathway (GO:0034137),-0.5405956279861035,-0.9920399476979646,0.5,1.0,1.0,1/5,10.97%,F2RL1
prerank,Regulation Of Protein Autophosphorylation (GO:0031952),0.32210732837646716,0.991572123540066,0.5238095238095238,0.8003720169604147,1.0,9/28,24.94%,PDGFB;DDX3X;ENG;CALM3;ENPP1;RAP2A;ERRFI1;MRE11;PDGFA
prerank,Negative Regulation Of Complement Activation (GO:0045916),-0.4597470962015838,-0.9914439496094489,0.47058823529411764,1.0,1.0,2/8,8.21%,CR2;SUSD4
prerank,Response To Prostaglandin E (GO:0034695),-0.44948672213874974,-0.9912919000604504,0.5111111111111111,1.0,1.0,4/9,14.14%,SFRP1;CCR7;CCL21;TNFSF4
prerank,Regulation Of Ketone Biosynthetic Process (GO:0010566),0.5077362358230378,0.9911388478041353,0.43478260869565216,0.8007395900699175,1.0,1/5,5.76%,EGR1
prerank,Gene Expression (GO:0010467),0.21693141710333969,0.9907669800162395,0.375,0.8011067362652394,1.0,55/222,26.72%,NXF3;GLE1;ZAR1;RBMS2;ADARB2;RPL26;THOC5;THOC1;RBM6;GZMB;SRSF3;NXF1;SMG7;RPL41;MRPL10;CASP7;RPL11;ENPP1;THOC2;WARS1;MRPL43;NUP107;NUP214;LMF2;RPL37;FYTTD1;RBPMS;TSPAN15;AGFG1;RPS3A;RBM5;MAGOHB;HNRNPA2B1;DDX19B;RPS13;EIF4A3;HARS1;HNRNPU;RBM39;RPS28;AGO2;NUP85;EXOSC9;DDX39A;SMG1;YARS2;EIF4G1;RPS20;CHTOP;RPL27;MRPL28;MPHOSPH10;ABCC6;DEDD2;RBM4
prerank,Regulation Of Cellular Respiration (GO:0043457),0.4265124672345511,0.9902862937979369,0.41935483870967744,0.8020416260623794,1.0,3/9,12.66%,IFNG;PRDM16;VCP
prerank,Mesenchymal Cell Differentiation (GO:0048762),-0.3205648799032934,-0.9901945512583474,0.45614035087719296,1.0,1.0,15/45,17.48%,WNT5A;HTR2B;HMGA2;IGF1;WNT4;FOXC1;LEF1;SOX9;ISL1;LOXL2;BMP7;SNAI1;HEY2;ROCK2;SNAI2
prerank,Cognition (GO:0050890),0.29733762406800796,0.9901080234889797,0.4634146341463415,0.8020537196588723,1.0,8/34,12.60%,FAM107A;CTNS;MGAT3;SLC8A2;CHRNB2;SHROOM4;MFSD2A;TTC8
prerank,Lipoprotein Transport (GO:0042953),0.4308053790174689,0.9900817667349546,0.391304347826087,0.8016627841579982,1.0,2/11,2.57%,PPARG;CD36
prerank,Regulation Of Phospholipase Activity (GO:0010517),0.4329917437232657,0.9899184806095465,0.4444444444444444,0.8016011029422434,1.0,2/9,7.91%,SNCA;FGFR2
prerank,Positive Regulation Of Signaling Receptor Activity (GO:2000273),-0.36129547074473806,-0.9898258016773863,0.5,1.0,1.0,7/27,15.85%,GREM1;ADRA2A;IL10;ADRA2C;EREG;CCR2;TGFA
prerank,Neuron Projection Regeneration (GO:0031102),-0.551314451267171,-0.9891025011093876,0.4444444444444444,1.0,1.0,3/5,16.89%,RTN4RL2;RTN4RL1;MAPK8IP3
prerank,Regulation Of Extracellular Exosome Assembly (GO:1903551),0.5103687530223928,0.989065354169039,0.42857142857142855,0.8030593185728042,1.0,1/5,4.83%,TSG101
prerank,Protein Kinase A Signaling (GO:0010737),-0.45604794620125366,-0.9885401598652475,0.5178571428571429,1.0,1.0,1/7,1.82%,GAL
prerank,Regulation Of Cell Communication By Electrical Coupling (GO:0010649),0.3736638414764241,0.9882336581640466,0.41818181818181815,0.8044747938622769,1.0,1/12,0.27%,CAV1
prerank,Regulation Of Transposition (GO:0010528),0.47082969873518243,0.9881318814099685,0.54,0.8043295355948533,1.0,6/9,37.15%,PIWIL2;BTBD18;TDRD9;APOBEC3A;APOBEC3H;APOBEC3G
prerank,Kinetochore Assembly (GO:0051382),-0.4768601056535503,-0.9881113075451208,0.5087719298245614,1.0,1.0,2/7,15.25%,DLGAP5;CENPE
prerank,Endothelial Cell Differentiation (GO:0045446),0.3784225222660548,0.9877141970478636,0.5609756097560976,0.8048815324978942,1.0,3/13,7.05%,ACVRL1;TIE1;SCUBE1
prerank,NAD Biosynthesis Via Nicotinamide Riboside Salvage Pathway (GO:0034356),-0.5401619629591355,-0.9876514755590046,0.4909090909090909,1.0,1.0,2/6,16.43%,SLC5A8;PTGIS
prerank,Positive Regulation Of Receptor Internalization (GO:0002092),-0.3947557204681017,-0.9875794396403105,0.5087719298245614,1.0,1.0,1/17,0.05%,GREM1
prerank,Regulation Of Steroid Metabolic Process (GO:0019218),0.4118865187647187,0.9875780371387012,0.4473684210526316,0.8046952256456986,1.0,5/14,19.28%,NR1H4;ARV1;ACADVL;RORA;ABCG1
prerank,Pattern Recognition Receptor Signaling Pathway (GO:0002221),0.2762079139933913,0.987543681753388,0.5121951219512195,0.8043125365756253,1.0,9/42,17.80%,COLEC10;BCL10;NLRC4;TRIM25;RPS6KA3;IRF3;TLR7;NAIP;TLR8
prerank,Regulation Of Mitotic Cell Cycle Phase Transition (GO:1901990),0.27325724354501135,0.9875278241076857,0.46153846153846156,0.8038811681774347,1.0,17/68,18.38%,SIRT2;INO80;HECW2;ERCC3;CCNH;XPC;RGCC;CDKN2B;PPP2CA;BCL7B;KLHL18;SMARCC2;CDK2;BRD7;SMARCA4;CDK3;APLP2
prerank,Negative Regulation Of Chemokine Production (GO:0032682),0.38016206561441235,0.9874501854616707,0.4807692307692308,0.8035975752683434,1.0,4/12,20.92%,OAS3;KLF4;SIGIRR;C1QTNF3
prerank,Protein Heterotetramerization (GO:0051290),0.428613758529639,0.9874470810432641,0.47058823529411764,0.8031425840293575,1.0,1/8,7.15%,CPSF6
prerank,Regulation Of Receptor Signaling Pathway Via JAK-STAT (GO:0046425),0.3117824577478854,0.987095391308128,0.42857142857142855,0.8035707666096618,1.0,15/33,25.56%,GBP7;CAV1;OCIAD1;GHR;CAMK2A;TYK2;TP53INP2;BCL3;SOCS3;DOT1L;SH2B3;PTPRC;IFNL1;HES1;CRLF3
prerank,Negative Regulation Of Mitochondrial Fusion (GO:0010637),0.5319319291845913,0.9867744831887587,0.375,0.8037044090127847,1.0,1/5,6.48%,PRKN
prerank,Regulation Of Ubiquitin Protein Ligase Activity (GO:1904666),-0.409208173270547,-0.9866630200617624,0.4423076923076923,1.0,1.0,7/15,22.36%,CDC20;UBE2C;CDC14B;MAD2L1;MAD2L2;PTEN;FBXO5
prerank,Positive Regulation Of Dendritic Cell Cytokine Production (GO:0002732),0.5105791308903961,0.9862657312415959,0.5,0.8043113676999181,1.0,2/6,19.20%,TICAM2;SCIMP
prerank,Positive Regulation Of Extracellular Matrix Assembly (GO:1901203),0.45173636062154643,0.9862508580240478,0.45098039215686275,0.8039222812208789,1.0,4/7,17.54%,PHLDB1;RGCC;PHLDB2;CLASP2
prerank,Negative Regulation Of Telomerase Activity (GO:0051974),0.5136225222734875,0.9861640158123578,0.5116279069767442,0.8036559503782628,1.0,1/5,6.06%,PINX1
prerank,Cellular Response To Amyloid-Beta (GO:1904646),-0.3767884349494186,-0.9858899496024033,0.5666666666666667,1.0,1.0,12/24,27.94%,NGFR;IGF1;GRM5;PRNP;GRIN2A;LRP1;TLR6;TREM2;FCGR2B;CACNB1;LGMN;CDK5
prerank,Regulation Of Calcium Ion Transmembrane Transporter Activity (GO:1901019),0.3438233717465703,0.9855616251836963,0.4489795918367347,0.8048160373395307,1.0,7/24,10.29%,CAV3;CABP5;JPH1;AHNAK;NOS1;CABP4;JPH4
prerank,Autophagosome Maturation (GO:0097352),0.28922440385980996,0.9852495456070689,0.4583333333333333,0.805306940732826,1.0,6/37,14.24%,TSG101;CLN3;UVRAG;CHMP1A;VCP;VMP1
prerank,Metal Ion Transport (GO:0030001),-0.26073097384817634,-0.9851183054207043,0.5072463768115942,1.0,1.0,40/132,20.73%,SLC4A11;KCNG2;KCNS2;SLC5A5;SLN;NIPAL4;KCND3;CACNG6;RAMP1;KCNN4;SLC5A8;KCNV1;KCNF1;KCNJ16;CLDN16;KCNMB1;TRPV4;KCNB2;KCNA1;TRPC4;SLC12A3;SLC9B2;CLU;SLC17A7;KCNA5;PANX1;KCNH4;KCNMA1;KCNJ12;SLC3A2;SLC4A4;SCN4A;SLC41A2;SCNN1B;ATP2A3;KCNK1;KCNK5;SCNN1G;CCL8;CCR1
prerank,ATP Metabolic Process (GO:0046034),0.341557509014518,0.9850929493422836,0.5294117647058824,0.805162371776288,1.0,7/25,13.24%,HSPA1B;CTNS;HSPA1A;PRKAG2;OLA1;BAD;ENPP1
prerank,Regulation Of Leukocyte Proliferation (GO:0070663),-0.524773535294877,-0.9849171636210008,0.5882352941176471,1.0,1.0,3/5,29.58%,IL5RA;GSTP1;CSF2RB
prerank,Ethanol Metabolic Process (GO:0006067),0.39174629729623606,0.9847216955523327,0.5384615384615384,0.8056362432358225,1.0,3/11,7.29%,SULT1A1;SULT1A2;SULT1C4
prerank,Synaptic Vesicle Transport Along Microtubule (GO:0099517),0.4090802491686238,0.9845600973565453,0.46938775510204084,0.805079071080486,1.0,5/14,23.38%,TRIM46;AP3S1;AP3D1;BLOC1S6;BLOC1S1
prerank,Anterograde Synaptic Vesicle Transport (GO:0048490),0.4090802491686238,0.9845600973565453,0.46938775510204084,0.805079071080486,1.0,5/14,23.38%,TRIM46;AP3S1;AP3D1;BLOC1S6;BLOC1S1
prerank,Rho Protein Signal Transduction (GO:0007266),-0.32265592719842967,-0.9843709122279977,0.47619047619047616,1.0,1.0,12/48,18.37%,RHOV;NGFR;COL1A2;ROPN1B;ADRA2A;NTN1;PLEKHG7;EPS8;LIMK1;ROCK2;ARHGAP1;RHOD
prerank,Negative Regulation Of Homotypic Cell-Cell Adhesion (GO:0034111),0.4532168298509603,0.9841324378455767,0.5384615384615384,0.8056496311455453,1.0,4/9,20.52%,RDX;CD9;PRKCD;SH2B3
prerank,Positive Regulation Of RNA Splicing (GO:0033120),0.33927619987511637,0.9836088202811977,0.55,0.8064305693834848,1.0,10/26,31.62%,HSPA1A;CIRBP;THRAP3;TRA2B;NUP98;ZPR1;HNRNPLL;CLNS1A;PRMT5;DYRK1A
prerank,Negative Regulation Of Endocytosis (GO:0045806),-0.3533517339011869,-0.9835051411102086,0.5263157894736842,1.0,1.0,3/29,4.18%,ADIPOQ;PROM2;SCAMP5
prerank,Cortical Actin Cytoskeleton Organization (GO:0030866),0.354732397976949,0.9834710371654513,0.4642857142857143,0.8062696300632146,1.0,10/16,39.08%,FHOD1;FMNL3;FMNL2;LLGL2;FMNL1;IKBKB;NCKAP1;STRIP1;FHOD3;NCKAP1L
prerank,Extrinsic Apoptotic Signaling Pathway Via Death Domain Receptors (GO:0008625),0.33318581175885065,0.9831701454692245,0.5217391304347826,0.8066196345961995,1.0,7/25,19.52%,DDX3X;FASLG;DEDD;TNFRSF1A;DAXX;DIABLO;DELE1
prerank,Neurogenesis (GO:0022008),-0.316102670826323,-0.9830384921403146,0.4166666666666667,1.0,1.0,12/39,16.91%,SIX1;SIX4;CHAC1;MESP1;LPAR1;NDUFS2;GCM1;EPHB1;CIT;FAT4;BTBD1;ERBB4
prerank,Regulation Of Epidermal Cell Differentiation (GO:0045604),0.381912698783703,0.982462733122034,0.5416666666666666,0.8079253544433032,1.0,7/16,24.51%,KLF7;ZFP36;SULT2B1;SFRP4;MAFF;ERRFI1;ZFP36L1
prerank,Inorganic Anion Transport (GO:0015698),0.2961444053981783,0.9823988297782292,0.4772727272727273,0.8076342687890464,1.0,13/39,17.69%,NMUR1;BSND;FXYD1;SLC11A1;SLC26A2;CLIC5;CLCN6;SLC34A3;SLC4A10;ENPP1;SLC26A9;CLCN4;CLCN5
prerank,Regulation Of Fat Cell Differentiation (GO:0045598),-0.30067621283304097,-0.9823541603347223,0.5151515151515151,1.0,1.0,15/64,18.76%,ADIPOQ;LEP;SFRP2;MEDAG;WNT5A;SFRP1;NR1D1;GDF3;XBP1;LRP3;FRZB;CDS1;WNT1;ANKRD26;BBS12
prerank,Positive Regulation Of DNA Binding (GO:0043388),-0.36422477072218973,-0.9823071336841609,0.5166666666666667,1.0,1.0,5/26,8.10%,MMP8;TWIST1;IGF1;NME1;FOXC1
prerank,Regulation Of DNA-templated Transcription (GO:0006355),0.19396315978059603,0.9817830348119383,0.5,0.8087274910661492,1.0,301/1522,18.34%,FOSB;FIGLA;DPRX;NOTCH4;HAND1;EGR2;DUXA;NR1H4;MYRF;FOS;RFX6;KLF7;NFILZ;HIF3A;NR1H2;WNT3A;CTCFL;KDM5C;KLF2;SOST;DDX5;ZNF683;GATA3;CASZ1;RFX4;TBL1X;WNT7A;DHX36;SIRT2;PPARG;FOXD4L1;UTF1;NR4A1;CDK17;TEAD4;PDGFB;MLXIPL;TBX2;WWC2;ANKRD1;TCF7L2;VGLL4;NR4A2;LHX9;ERC1;IFNG;ACVRL1;CITED2;TAL1;CAMTA1;CAPN3;EPO;RFX2;GPATCH3;SFTPC;TBX21;GPS2;CSRNP1;DDIT3;XCL1;WWP2;INO80;TCF7L1;SRRT;JUN;MYH2;SBNO2;DACH1;WBP2;STAT1;ARID4A;BRD2;MMS19;ARRB1;KLF4;PLAG1;JUND;EGR1;SMAD6;NKX2-3;ARNT;XPC;HSF1;NFE2L2;SOX7;NOS1;FOXP1;ZNF66;ZNF672;THOC1;MLF1;KLF6;SOX17;MIDEAS;ETV5;CHD8;ATOH8;IRF1;SHH;GATAD2B;KMT2A;USP16;DAPK3;TCEA2;TCF15;IL1B;ENG;SOX13;CDK16;ZNF575;NFKB2;THRAP3;CREB3L1;ZHX3;HIVEP2;BACH1;KLF11;ZNF441;QRICH1;USP22;TEAD2;BCL10;HAS3;MSANTD1;IRF8;NFE2;INPP5K;PSPC1;FOXF1;ZNF444;ILF2;NKX2-8;TEAD1;CBFB;HNF1B;RELB;FOXP2;PQBP1;DLX4;ZMYND15;ZSCAN5A;INSR;TBX3;LRP5;PER1;ID1;HES7;ZSCAN31;PPM1A;TAF6L;SP4;SGF29;ZIC2;THRA;UTP4;CREB1;ZSCAN18;KLF8;IRX2;CDK5RAP2;CCNL2;CREBZF;MLF2;PPP2CA;MPHOSPH8;ASCC1;BCL7B;CDK11A;EHMT1;JUNB;ZNF460;ERFL;RBM23;ZBTB16;ZNF396;ZNF662;ZKSCAN1;ZFPL1;ILK;FOXA2;KDM4A;NKX2-1;TRIM33;PRICKLE1;DVL3;KDM5A;KAT6B;PPARGC1A;PRDM16;SP6;RELA;SP2;LIMS1;ID4;CALCOCO1;MLXIP;DAXX;ARID3A;FOXP4;SKOR1;SUB1;RYBP;BAZ2A;MBIP;EPAS1;RPS6KA3;PROX2;ESR1;SMARCC2;NACC1;ASH1L;GET1;MCRS1;MORF4L1;ZFP2;ACTB;GBX1;RB1;CHD4;MED4;HESX1;IRF3;YWHAH;FZD4;PURG;CDKN2AIP;ZEB2;VSX2;ZNF784;RARA;NCOA2;PRKAR1A;NCOA7;CD74;TAF6;ELF5;WAC;ZBTB21;MXD1;TMPRSS6;BRD7;ZNF350;HDAC4;RBBP4;ETS2;SMAD9;BPTF;WWTR1;HSFX4;PPP1R13L;TAF2;SMARCA4;PHF12;NCOR2;JDP2;JADE2;ZNF823;GPBP1;WTIP;IRX1;ZNF268;GATA6;PHF19;STAT3;TP53INP2;SIRT1;PITX3;PRKCQ;HIVEP1;ZNF763;SNF8;ELK3;SUPT3H;EBF1;INHBA;MAFF;POLR3G;TEF;ZNF682;HOXB5;WBP2NL;ZNF236;ATP2B4;ZNF613;CREB3L2;RCOR3;EPC1;MED23;TCIM;ZBTB11;NFAT5;DEAF1;TRIP4;ZNF90;LBH;RRP8;POU2F2;SLC39A8;NDUFA13;BCL3;PHB1
prerank,Regulation Of Heterotypic Cell-Cell Adhesion (GO:0034114),-0.3835892893553654,-0.981666065482506,0.4915254237288136,1.0,1.0,6/16,15.44%,THY1;FGB;CEACAM6;IL10;BMP7;FGA
prerank,"Regulation Of Retrograde Protein Transport, ER To Cytosol (GO:1904152)",0.41763664575362586,0.9815964090442584,0.5217391304347826,0.8087112996000526,1.0,6/10,39.49%,BRSK2;UBE2G2;DERL2;EDEM1;SVIP;ERLEC1
prerank,Canonical Wnt Signaling Pathway (GO:0060070),0.2798066365585833,0.9815370038406164,0.4444444444444444,0.8084121794934757,1.0,16/57,14.72%,CAV1;WNT3A;GATA3;WNT7A;TCF7L2;NR4A2;LRRK2;TCF7L1;JUP;WNT2B;LRP5;FZD5;DVL3;FZD8;FZD4;SFRP4
prerank,N-acetylglucosamine Metabolic Process (GO:0006044),-0.4202995648096495,-0.9812274646293188,0.4528301886792453,1.0,1.0,6/13,22.57%,CHST6;CHST4;CHST3;CHST2;CHST7;CHST5
prerank,Negative Regulation Of SMAD Protein Signal Transduction (GO:0060392),-0.47800905201554245,-0.9810546120760156,0.46938775510204084,1.0,1.0,2/7,13.12%,CILP;LRP1
prerank,Modulation Of Chemical Synaptic Transmission (GO:0050804),0.25475012729751256,0.9809892296016879,0.5172413793103449,0.8092849419075442,1.0,26/87,17.44%,GRID2;CX3CR1;CDKL5;OPHN1;NRG3;KCNMB4;LRRK2;SYN3;AKAP9;CLN3;GRM3;ITGB1;IL1B;SLC8A2;NOL3;RIMS4;DLGAP4;CAMK2A;CHRNB2;KCTD13;HOMER1;TRIO;TMEM108;GRIK1;DYSF;NPTX1
prerank,Regulation Of Programmed Cell Death (GO:0043067),0.23150030710095854,0.9809620133552632,0.5454545454545454,0.8088889357966252,1.0,46/139,26.16%,DAPK2;BEX1;LRRK2;STAT1;DAPK1;PRKN;DAPK3;MARK4;MALT1;TARDBP;PLSCR3;ANP32A;CCNL2;TIGAR;FYN;VCP;USP17L7;MORF4L1;ACTB;AMIGO2;IRF3;NAIP;WFS1;RAF1;SGK1;SIRT1;EPC1;HSP90AA1;BCL3;PHB1;TPT1;VPS72;MEAF6;GAS1;CXCL10;NAE1;MBTD1;RIPK1;TM7SF3;RIPK3;RTKN;ZDHHC17;DPP9;TRIM24;OSGIN1;RUVBL1
prerank,Positive Regulation Of Peptidyl-Threonine Phosphorylation (GO:0010800),-0.37654183548100445,-0.9808209018859972,0.5686274509803921,1.0,1.0,7/20,22.83%,CHI3L1;STOX1;WNK3;BMP7;S1PR2;AXIN1;TGFB1
prerank,T Cell Activation (GO:0042110),-0.2879373971520171,-0.9806620312325639,0.46774193548387094,1.0,1.0,15/73,14.81%,LEP;IFNE;FOXP3;NLRC3;ICOSLG;MDK;CD28;LY9;F2RL1;CCR7;CD84;CCL21;TNFSF4;DPP4;RHOH
prerank,Secretion (GO:0046903),0.487651611419905,0.9805592596707609,0.5,0.8092681392832587,1.0,2/6,11.77%,VIP;GUCA1B
prerank,Cellular Response To Oxidised Low-Density Lipoprotein Particle Stimulus (GO:0140052),0.45237131947628534,0.9805287129733424,0.5,0.8088806588064921,1.0,2/8,14.70%,CD36;CD68
prerank,Muscle Tissue Development (GO:0060537),0.31115370415859933,0.9800803983378452,0.5263157894736842,0.8095415793482346,1.0,10/31,13.54%,CAV1;MYH7B;TAFAZZIN;SRPK3;SHH;ENG;CSRP2;MYL6;MYOZ1;POPDC2
prerank,Regulation Of Macrophage Chemotaxis (GO:0010758),0.3550798410419978,0.9798664101159603,0.5681818181818182,0.8096780664675498,1.0,2/14,3.99%,AMH;IL34
prerank,Inner Ear Morphogenesis (GO:0042472),-0.38706566786146307,-0.9795393841052239,0.4426229508196721,1.0,1.0,4/17,9.55%,TFAP2A;USH1C;SIX1;SOX9
prerank,Regulation Of Establishment Of Endothelial Barrier (GO:1903140),0.3970495883419094,0.9795030938621758,0.46296296296296297,0.8099190757826217,1.0,4/12,10.91%,CDH5;IL1B;CLDN5;TNFRSF1A
prerank,Glycosaminoglycan Metabolic Process (GO:0030203),-0.3503253112312511,-0.979502758815415,0.5454545454545454,1.0,1.0,6/22,15.92%,CHST9;HS3ST2;HS3ST3A1;HS3ST1;UGDH;XYLT1
prerank,Skeletal Muscle Tissue Regeneration (GO:0043403),0.4468001516991773,0.9793140150843579,0.4897959183673469,0.8099827662761151,1.0,4/8,34.05%,ANXA1;MYMX;LARGE1;PPP3CA
prerank,Positive Regulation Of Reactive Oxygen Species Metabolic Process (GO:2000379),-0.32452061960124545,-0.9790715520202272,0.5254237288135594,1.0,1.0,8/35,17.53%,MMP8;CD177;F2RL1;PID1;AKR1C1;ITGB2;TLR6;SLC5A3
prerank,RNA Phosphodiester Bond Hydrolysis (GO:0090501),-0.35704598381504477,-0.9783648441634564,0.5217391304347826,1.0,1.0,8/24,25.53%,RNASE2;RNASE6;ZC3H12D;CSTF3;NUDT16;RNASE1;RNASEH1;POP1
prerank,Regulation Of Lymphocyte Apoptotic Process (GO:0070228),0.47599696115878376,0.9783575893544463,0.48,0.8116871477260131,1.0,2/6,12.70%,PRKD2;CD274
prerank,Protein Acylation (GO:0043543),0.3421471806895662,0.9779294686078319,0.43243243243243246,0.8123124522937388,1.0,11/30,25.95%,ZDHHC22;SPHK1;HHAT;ZDHHC14;GTF2B;NAA80;CREBBP;ZDHHC17;KAT2A;KAT2B;GLUL
prerank,Positive Regulation Of rRNA Processing (GO:2000234),0.49365491035546316,0.977488214166053,0.5106382978723404,0.8129450825503053,1.0,4/6,45.98%,DIMT1;RIOK2;WDR75;HEATR1
prerank,Negative Regulation Of Transmembrane Receptor Protein Serine/Threonine Kinase Signaling Pathway (GO:0090101),-0.2741831551096805,-0.9770572357738473,0.49295774647887325,1.0,1.0,14/88,13.12%,GREM1;CILP;EMILIN1;CHRDL1;CAPN5;TNFAIP6;RBBP7;SPRED3;SPRY1;IL17RD;SAP30;IGSF1;GDF3;LRP1
prerank,Barbed-End Actin Filament Capping (GO:0051016),-0.39155619329718705,-0.9770443236713285,0.4782608695652174,1.0,1.0,5/15,18.82%,VILL;TWF1;CAPG;EPS8;GSN
prerank,Actin Filament Capping (GO:0051693),-0.39155619329718705,-0.9770443236713285,0.4782608695652174,1.0,1.0,5/15,18.82%,VILL;TWF1;CAPG;EPS8;GSN
prerank,Glycosylceramide Biosynthetic Process (GO:0046476),-0.5492186693163532,-0.9770297097161496,0.5094339622641509,1.0,1.0,3/5,12.55%,FA2H;UGT8;UGCG
prerank,Vesicle-Mediated Transport In Synapse (GO:0099003),0.39139808492533557,0.9769579680857152,0.525,0.8139061981154337,1.0,2/10,5.36%,PCLO;SNCA
prerank,Regulation Of Skeletal Muscle Cell Differentiation (GO:2001014),0.47554778845286216,0.9767287204412675,0.5238095238095238,0.8139353542891806,1.0,1/6,1.56%,DDX5
prerank,Synaptic Vesicle Transport (GO:0048489),0.4681466726299087,0.9766703709704448,0.46938775510204084,0.8136115876590984,1.0,2/7,18.78%,RAB27A;SPG11
prerank,Toxin Transport (GO:1901998),0.43796842131581576,0.9765992311469553,0.5087719298245614,0.8133683437914675,1.0,4/7,30.16%,ANTXR2;SLC22A3;RAB40B;SLC22A1
prerank,Positive Regulation Of Phospholipase C Activity (GO:0010863),-0.3365913041463818,-0.9762050232019945,0.5074626865671642,1.0,1.0,6/29,11.28%,HTR2A;HTR2B;P2RY6;LPAR1;PDGFRA;AVPR1A
prerank,Calcium Ion-Regulated Exocytosis Of Neurotransmitter (GO:0048791),-0.4488549469325827,-0.9759953098313954,0.44642857142857145,1.0,1.0,5/10,22.37%,SYT5;UNC13A;SYT7;RIMS1;SYT11
prerank,Positive Regulation Of Myoblast Differentiation (GO:0045663),-0.34147411498520325,-0.9757774004138295,0.4827586206896552,1.0,1.0,9/27,25.55%,MYF6;BOC;DPF3;RBM24;LRRC8A;SMARCD1;SOX4;ARID1A;SMARCE1
prerank,Negative Regulation Of Steroid Biosynthetic Process (GO:0010894),-0.45207192357953135,-0.9755056425151121,0.5208333333333334,1.0,1.0,4/8,19.54%,WNT4;SNAI1;SNAI2;PROX1
prerank,Lipoprotein Localization (GO:0044872),0.40307700470833574,0.9754861355620803,0.44680851063829785,0.8157690595200712,1.0,2/12,2.57%,PPARG;CD36
prerank,Regulation Of B Cell Apoptotic Process (GO:0002902),0.44875455410970544,0.9753642782875754,0.5625,0.815685005566905,1.0,2/7,6.34%,ORMDL3;FOXP1
prerank,Positive Regulation Of Sodium Ion Transmembrane Transporter Activity (GO:2000651),-0.4485866593366634,-0.9747932148127195,0.4909090909090909,1.0,1.0,2/9,9.33%,CHP2;WNK3
prerank,Positive Regulation Of Defense Response To Virus By Host (GO:0002230),0.3368193196783612,0.9743968293263329,0.4634146341463415,0.8173695170517902,1.0,9/21,37.47%,STAT1;PQBP1;HSP90AA1;PTPN22;ZC3H12A;IL12RB1;RIGI;APOBEC3G;ZDHHC11
prerank,N-glycan Processing (GO:0006491),-0.39037164976970756,-0.9743157248298818,0.4807692307692308,1.0,1.0,3/16,8.58%,ST8SIA2;ST8SIA5;ST8SIA4
prerank,Negative Regulation Of Extracellular Matrix Organization (GO:1903054),-0.5128778688891492,-0.9741610476765759,0.46153846153846156,1.0,1.0,3/5,22.83%,EMILIN1;DPP4;TGFB1
prerank,Malate Metabolic Process (GO:0006108),-0.4872091826226246,-0.9741214424284022,0.45,1.0,1.0,3/7,21.95%,ME2;MDH1B;ME1
prerank,"Phagocytosis, Engulfment (GO:0006911)",0.34337189952674624,0.974064996168652,0.4594594594594595,0.8178684818535332,1.0,11/23,33.05%,CDC42;CD36;MSR1;XKR7;BIN2;ARHGAP25;XKR6;GULP1;MYH9;SH3BP1;RAC1
prerank,ERAD Pathway (GO:0036503),0.258295831043157,0.9736326228333722,0.4444444444444444,0.8183988568935343,1.0,16/71,17.10%,ATXN3;BRSK2;PRKN;UBE4A;UGGT1;FBXO2;TMUB2;TRIM25;SGTA;VCP;CCDC47;PSMC6;UBXN6;UBE2J2;WFS1;FAM8A1
prerank,Regulation Of Tumor Necrosis Factor Production (GO:0032680),0.25184435592482257,0.9735319512389456,0.4857142857142857,0.8182336253852783,1.0,11/86,6.34%,NR1H4;OAS3;CX3CR1;AMH;IL1A;CX3CL1;IFNG;ZFP36;PTPN11;C1QTNF4;FOXP1
prerank,Positive Regulation Of Peptidyl-Tyrosine Phosphorylation (GO:0050731),-0.27714141154115857,-0.9733725222349024,0.5151515151515151,1.0,1.0,20/91,14.57%,GREM1;IGF1;FGF7;DOK7;IL11;ENPP2;ITGB3;IL31RA;GRM5;IL20;PRNP;CNTF;TNFRSF18;ABL1;DLG3;SRCIN1;IL5;ARHGEF2;EFNA5;VEGFA
prerank,Regulation Of Animal Organ Morphogenesis (GO:2000027),-0.46460455855965177,-0.97335330051669,0.43859649122807015,1.0,1.0,2/7,6.93%,SIX2;SAPCD2
prerank,Double-Strand Break Repair (GO:0006302),0.2270513718165182,0.9733064008950252,0.5172413793103449,0.8184278651017106,1.0,47/130,32.54%,REV3L;INO80;SEM1;REC8;TENT4A;NSMCE4A;DNA2;PPP4C;VCP;MORF4L1;ZGRF1;CHD4;BABAM2;POLB;UBE2V2;ERCC1;NPC1;EPC1;PRKDC;BABAM1;RAD51;RPA4;HUS1B;MBTD1;SLF2;SAMHD1;XRCC3;RAD51B;MRE11;EXD2;SFR1;POLA1;IFFO1;RPA3;AP5Z1;KDM2A;SPIDR;YY1;DDX1;XRCC5;RNF8;RAD52;RECQL5;SWI5;MTA1;UBE2N;HMGB1
prerank,ATF6-mediated Unfolded Protein Response (GO:0036500),0.5276568032404548,0.9732829761387358,0.5833333333333334,0.8179835162187824,1.0,2/6,10.95%,DDIT3;CREBZF
prerank,Regulation Of Cardiac Muscle Cell Contraction (GO:0086004),0.3424196143340089,0.972843790861482,0.5217391304347826,0.8185604849177167,1.0,4/21,8.38%,CAV1;CAV3;JUP;STC1
prerank,Regulation Of Cellular Response To Oxidative Stress (GO:1900407),0.47441595168301826,0.9727457695227599,0.48148148148148145,0.818291915327914,1.0,2/6,6.48%,NFE2L2;PRKN
prerank,Steroid Catabolic Process (GO:0006706),-0.4316198378873436,-0.9726280078793872,0.5641025641025641,1.0,1.0,2/10,1.02%,CYP24A1;SPP1
prerank,Positive Regulation Of DNA Metabolic Process (GO:0051054),0.25915438223281073,0.9723466938604586,0.48148148148148145,0.8187167054342391,1.0,15/83,18.64%,DHX36;PDGFB;FGFR4;INO80;PRKD2;RGCC;DNA2;GNL3;TIGAR;MCRS1;CTC1;BABAM2;SIRT1;BABAM1;RAD51
prerank,MyD88-independent Toll-Like Receptor Signaling Pathway (GO:0002756),0.46265046758506356,0.9722303853310065,0.4716981132075472,0.8186235073273075,1.0,2/7,14.21%,TICAM2;IRF3
prerank,Positive Regulation Of Cytoskeleton Organization (GO:0051495),0.26478773092490965,0.9722162852393824,0.5263157894736842,0.8181802947888489,1.0,13/70,12.77%,TEK;CX3CL1;SYNPO2L;SEMA5A;SORBS3;HCK;GPSM2;MTSS1;LMOD2;VIL1;EDN1;CARMIL1;FES
prerank,Positive Regulation Of Dendritic Cell Chemotaxis (GO:2000510),-0.5025168845888772,-0.9720738826306831,0.5185185185185185,1.0,1.0,2/6,13.89%,CCR7;CCL21
prerank,Somatic Recombination Of Immunoglobulin Gene Segments (GO:0016447),0.4862508753622061,0.9717957301746808,0.5714285714285714,0.818652149863777,1.0,2/6,18.24%,MSH2;PRKDC
prerank,Blood Vessel Diameter Maintenance (GO:0097746),0.31338967057200734,0.9716833415016379,0.5102040816326531,0.8184001778842029,1.0,7/28,10.31%,KLF2;EDNRB;KCNMB4;GPER1;NOS1;AGTR2;EDN1
prerank,Regulation Of Cell Cycle Process (GO:0010564),-0.2753872736875373,-0.9713170164606545,0.5573770491803278,1.0,1.0,27/103,20.17%,SIX3;RCC1;HMGA2;SFRP1;NUGGC;KIF20A;NEK2;MKI67;KLHL13;KIF2C;DPF3;SOX9;CEP250;ECT2;SND1;USP19;CHEK1;CETN2;PDXP;AHCTF1;MAP9;DBF4;SMARCD1;ANKK1;CEP85;NUDT16;BCL7A
prerank,Signal Transduction By P53 Class Mediator (GO:0072331),-0.34727166909826257,-0.9712734895531172,0.49230769230769234,1.0,1.0,1/26,0.05%,GREM1
prerank,Enzyme-Linked Receptor Protein Signaling Pathway (GO:0007167),0.23922046541367462,0.9712448187440872,0.43333333333333335,0.8189190447511367,1.0,22/96,16.61%,TEK;LIFR;SHC2;FGFR4;PILRB;BDNF;TIE1;NEDD9;FLT4;HCK;FGFR2;MTSS1;INSR;DOK2;GFRA2;GUCA1B;FYN;AXL;CSF1;TRIO;DOK6;CD7
prerank,Basement Membrane Organization (GO:0071711),-0.44568875115692724,-0.9712300941415175,0.48148148148148145,1.0,1.0,5/9,17.54%,HMCN1;NID1;NID2;PXDN;FLRT2
prerank,Regulation Of Sodium Ion Transmembrane Transporter Activity (GO:2000649),0.3233663387432742,0.9711860077863849,0.4782608695652174,0.8185798716060145,1.0,7/29,6.29%,CAV3;FGF12;FXYD1;FXYD6;HECW2;NEDD4L;PCSK9
prerank,Positive Regulation Of Cellular Component Biogenesis (GO:0044089),-0.2824603955851219,-0.9710427673052905,0.5,1.0,1.0,20/83,19.15%,MMP1;MMP3;EMILIN1;TRABD2B;HRK;SYNPO2;BIK;FNIP2;CLDN3;PFN2;CLU;VEGFA;BMP7;BMF;SUMO1;LIMK1;BCL2L11;SIN3A;BAK1;RACK1
prerank,Positive Regulation Of Secretion (GO:0051047),0.4170914901045522,0.9708916365943245,0.5208333333333334,0.818844137663358,1.0,5/9,26.26%,CYP4A11;FLNB;GPLD1;ACSL3;NPR1
prerank,Regulation Of Ubiquitin-Dependent Protein Catabolic Process (GO:2000058),0.2732822875506602,0.9703858211679449,0.5483870967741935,0.8196394559481761,1.0,9/38,26.80%,CAV3;QRICH2;SGTA;RPL11;COMMD1;PYHIN1;GNA12;CSNK2A1;PTK2
prerank,Immunoglobulin Mediated Immune Response (GO:0016064),0.3408831587701881,0.9701319210178609,0.4634146341463415,0.8195778633925588,1.0,10/17,30.17%,HLA-DQA1;HLA-DRB5;CD74;HLA-DQA2;TLR8;FCER1G;CD81;MPL;HLA-DOA;HLA-DRA
prerank,Sympathetic Nervous System Development (GO:0048485),-0.4050018826251346,-0.9701233063252299,0.46,1.0,1.0,4/12,15.62%,GDNF;SOX11;FZD3;SEMA3A
prerank,T-helper Cell Lineage Commitment (GO:0002295),0.4542341960954229,0.9700290530434106,0.52,0.819342062082781,1.0,4/8,18.67%,TBX21;ZFPM1;STAT3;SOCS3
prerank,Cellular Response To Xenobiotic Stimulus (GO:0071466),-0.37198022757652066,-0.9699393062276733,0.5,1.0,1.0,2/20,5.46%,ADIPOQ;AIM2
prerank,Regulation Of Hippo Signaling (GO:0035330),0.33066731974012314,0.9697714177285841,0.4888888888888889,0.8194469672208923,1.0,3/20,4.26%,WWC2;VGLL4;MARK3
prerank,Phospholipid Metabolic Process (GO:0006644),-0.30721902347299357,-0.9690671674523513,0.5373134328358209,1.0,1.0,11/49,14.78%,LIPG;PLPP2;ENPP2;PLPPR4;PLAAT4;PLPPR3;PLA2G2C;PLBD2;AGPAT5;PLB1;PLPP1
prerank,Negative Regulation Of Developmental Process (GO:0051093),-0.27628727308702766,-0.9689943841957968,0.5483870967741935,1.0,1.0,13/88,10.43%,GREM1;THY1;ALPK2;FOXJ1;SFRP1;TENT5C;RBBP7;ZNF706;FOXC1;SOX9;KIAA0319;SAP30;SFRP5
prerank,Positive Regulation Of Epithelial To Mesenchymal Transition (GO:0010718),-0.3101496456074396,-0.968914727163108,0.5079365079365079,1.0,1.0,12/38,19.27%,TWIST1;ALX1;COL1A1;FOXC1;MDK;LEF1;ZNF703;LOXL2;LRG1;SNAI1;AXIN2;OLFM1
prerank,Positive Regulation Of Lyase Activity (GO:0051349),0.4125343211963868,0.9684769615847861,0.4897959183673469,0.8223924756161862,1.0,3/8,19.22%,NOS1;NOS3;CACNA1C
prerank,Regulation Of Membrane Depolarization (GO:0003254),0.40779495645027625,0.9681775700312623,0.5227272727272727,0.8226141903477248,1.0,4/13,6.14%,CAV3;FHL1;LRRK2;NEDD4L
prerank,Ras Protein Signal Transduction (GO:0007265),0.23117362288854182,0.967639087466586,0.5151515151515151,0.8234047498791205,1.0,39/128,24.21%,CDH13;RAPGEF4;CNKSR2;ERAS;RGL3;PLD1;SGSM3;ARHGAP29;ARHGEF1;KRAS;GPSM2;ADGRG1;RGL2;EPS8L2;HACE1;DOK2;SHOC2;RB1;G3BP2;RASGEF1B;CDK2;RASGRF1;DOK6;MYO9B;RAP2A;RAPGEF6;RAPGEF3;ARHGAP4;ARHGEF3;NKIRAS2;RHOB;SHTN1;AGTR1;RAP1A;ART4;GNA12;KPNB1;RTKN;CFL1
prerank,Acidic Amino Acid Transport (GO:0015800),-0.4570470668570852,-0.9675498609668042,0.5581395348837209,1.0,1.0,4/7,13.75%,SLC32A1;SLC1A3;SLC17A8;SLC6A6
prerank,Transport Along Microtubule (GO:0010970),0.35008204601569004,0.9675205916421296,0.5,0.8232701697292671,1.0,7/18,27.94%,CDC42;CLIP3;SPG11;ARHGAP21;BLOC1S1;DYNC1I2;BAG3
prerank,Phosphatidylethanolamine Metabolic Process (GO:0046337),-0.36106069582266576,-0.9674072580477924,0.45901639344262296,1.0,1.0,6/17,20.47%,PLAAT2;PLAAT4;ETNK2;PLAAT1;PNPLA8;PLA2G2D
prerank,Protein Processing (GO:0016485),-0.2811548897831378,-0.9673826850021433,0.5,1.0,1.0,14/82,12.33%,PCSK1;CPXM1;TMPRSS4;MMP16;MEP1A;CTSL;TLL2;BACE2;CPXM2;SPCS2;ADAM19;ADAMTS3;PTCH1;CPD
prerank,Positive Regulation Of Establishment Of Protein Localization (GO:1904951),0.3713788928020672,0.967360500681612,0.43902439024390244,0.8232541682075261,1.0,4/14,15.55%,CEP135;TCP1;CCT8;CEP120
prerank,Nervous System Development (GO:0007399),0.20933451830341843,0.9672892371358541,0.625,0.8229146590118701,1.0,71/326,17.44%,CNTN6;EGR2;GPM6A;CHRM1;SRRM4;SEMA6A;IGF2BP2;OPHN1;LDB2;CHRM2;SPTBN1;ATXN3;FGF12;DSCAM;EDNRB;TRIM71;ROBO2;SPOCK2;DNM3;SHANK3;PPP1R17;BDNF;NOTO;LSAMP;SEMA5A;FUZ;PCSK9;PRKN;APC;SH3GL2;NTN5;BTD;DAGLB;SHH;CABLES1;MARK4;KIRREL3;B3GNT5;NRGN;PLXND1;ROGDI;RITA1;ZIC2;CDK5RAP2;GFRA2;ZBTB16;FZD5;BTBD3;MAL;RPS6KA3;AXL;MAB21L2;GPM6B;TRPC5;ZEB2;RBM45;ARHGAP26;FGF17;ADGRV1;NEURL1;PPT1;ESS2;GJB1;HDAC4;NAIP;GRIK1;STAT3;ZC4H2;INHBA;SPG7;NPTX1
prerank,Male Gonad Development (GO:0008584),0.32131402000587844,0.9671265541131675,0.5333333333333333,0.8227963486688943,1.0,6/28,9.81%,ADAM29;GATA3;UTF1;FGF9;WNT2B;MSH2
prerank,Cellular Response To Purine-Containing Compound (GO:0071415),-0.4563503714890722,-0.9670331568297271,0.5517241379310345,1.0,1.0,3/8,17.13%,P2RY6;CLU;CASQ2
prerank,Negative Regulation Of Cell Activation (GO:0050866),0.3843754363162228,0.9670023538172952,0.5227272727272727,0.822678169781855,1.0,5/11,14.67%,PDGFB;GPER1;LDLR;THBD;NOS3
prerank,Negative Regulation Of Peptidyl-Serine Phosphorylation (GO:0033137),0.3649785829737844,0.9664658339215847,0.5714285714285714,0.8235999813116134,1.0,5/16,19.77%,MLXIPL;INPP5K;NLRP2B;DMTN;SMAD7
prerank,Positive Regulation Of Collagen Biosynthetic Process (GO:0032967),0.4078844521098978,0.9663793486564587,0.4375,0.8233555140311699,1.0,4/13,12.62%,RGCC;CREB3L1;LARP6;VIM
prerank,Regulation Of Cell Cycle G1/S Phase Transition (GO:1902806),0.26473528869737806,0.965996395544472,0.5757575757575758,0.8237250985718768,1.0,14/56,18.38%,CDC73;INO80;CCNH;APC;MLF1;CDKN2B;PPP2CA;BCL7B;SMARCC2;BRD7;SMARCA4;ATP2B4;TCIM;APLP2
prerank,Positive Regulation Of ERBB Signaling Pathway (GO:1901186),-0.36025333042678764,-0.9655574803788822,0.5,1.0,1.0,2/21,4.51%,FAM83B;AGR2
prerank,Regulation Of Blood Vessel Remodeling (GO:0060312),0.4813712230965794,0.965553581875324,0.5084745762711864,0.8243695350958954,1.0,1/5,6.26%,FLT4
prerank,Protein Targeting To Mitochondrion (GO:0006626),0.26854037722778906,0.9655378984236858,0.42857142857142855,0.8239128206720195,1.0,14/43,28.78%,IMMP2L;MFN2;TIMM17B;TOMM7;MTX1;BCAP31;HSP90AA1;NDUFA13;GDAP1;GRPEL2;TOMM5;AIFM1;IMMP1L;HSPD1
prerank,Adherens Junction Maintenance (GO:0034334),0.5164721410513409,0.9655247078650246,0.5714285714285714,0.8234880356675011,1.0,2/5,9.34%,KIFC3;MTSS1
prerank,Positive Regulation Of G2/M Transition Of Mitotic Cell Cycle (GO:0010971),-0.3927597985295791,-0.9654622206510866,0.3793103448275862,1.0,1.0,5/14,22.36%,STOX1;CCND1;TNFSF13B;RCC2;FBXO5
prerank,Regulation Of DNA Binding (GO:0051101),-0.33087661198892765,-0.9652595703178986,0.4915254237288136,1.0,1.0,12/40,19.68%,MMP8;HMGA2;IGF1;MDFI;NME1;FOXC1;LEF1;CDT1;SUMO1;IFI16;HABP4;HJURP
prerank,Columnar/Cuboidal Epithelial Cell Differentiation (GO:0002065),-0.48981431835597067,-0.96523055348895,0.48936170212765956,1.0,1.0,1/7,3.34%,SOX11
prerank,Negative Regulation Of JNK Cascade (GO:0046329),0.3185214385905022,0.9651479396829882,0.46511627906976744,0.8239273928262778,1.0,10/29,23.61%,GPS2;PRKN;PER1;MAPK8IP1;TAOK3;DUSP16;ANKS1B;KLHL31;PTPN22;DUSP3
prerank,Regulation Of Vascular Associated Smooth Muscle Cell Proliferation (GO:1904705),-0.34431121787481495,-0.9649289850841798,0.4931506849315068,1.0,1.0,5/33,8.51%,ADIPOQ;IGFBP5;IGF1;P2RY6;IL10
prerank,Urogenital System Development (GO:0001655),-0.46568965726242606,-0.9648118938473227,0.5172413793103449,1.0,1.0,3/7,10.33%,OSR2;SOX9;EPHB3
prerank,Cellular Response To BMP Stimulus (GO:0071773),0.2621041771871928,0.9646792893706079,0.5135135135135135,0.8246880000328557,1.0,15/56,17.20%,DDX5;PPARG;TMEM100;TGFBR3;ACVRL1;SMAD6;ENG;LEFTY2;LEFTY1;GDF5;GDF10;SMAD9;AMHR2;HIVEP1;INHBA
prerank,Regulation Of Protein Localization To Cell Surface (GO:2000008),0.3545290336527705,0.9646022046425353,0.4888888888888889,0.8243811342157725,1.0,5/20,14.63%,CAV3;BDNF;NEDD4L;GPM6B;COMMD1
prerank,Inner Ear Receptor Cell Differentiation (GO:0060113),-0.5020166874030075,-0.9644106465468415,0.5818181818181818,1.0,1.0,1/5,2.02%,USH1C
prerank,Antigen Receptor-Mediated Signaling Pathway (GO:0050851),-0.26986633717590625,-0.9640391911395781,0.4927536231884058,1.0,1.0,11/94,6.78%,IGKC;IGLC3;IGHA2;THY1;BLNK;IGLC7;LAX1;HLA-A;TNFRSF21;IGHM;ICOSLG
prerank,Positive Regulation Of Secondary Metabolite Biosynthetic Process (GO:1900378),-0.457996904326335,-0.9639093014918609,0.5283018867924528,1.0,1.0,1/7,0.81%,CDH3
prerank,Positive Regulation Of Melanin Biosynthetic Process (GO:0048023),-0.457996904326335,-0.9639093014918609,0.5283018867924528,1.0,1.0,1/7,0.81%,CDH3
prerank,G1/S Transition Of Mitotic Cell Cycle (GO:0000082),0.25169235813005847,0.9638686677330747,0.5555555555555556,0.8256658331412812,1.0,11/52,17.44%,CDK17;TRIM71;RPS6KB1;CDK16;BACH1;KLF11;CAMK2A;CCND3;CDK2;SPDYA;CDK3
prerank,Negative Regulation Of Nucleic Acid-Templated Transcription (GO:1903507),0.2058062942659162,0.9637987967236966,0.6363636363636364,0.8253744347177825,1.0,82/377,18.34%,HAND1;NR1H2;KDM5C;GATA3;SIRT2;PPARG;PDGFB;MLXIPL;TBX2;TCF7L2;VGLL4;LHX9;IFNG;CITED2;CAPN3;TBX21;DDIT3;XCL1;WWP2;JUN;SBNO2;DACH1;ARID4A;KLF4;SOX7;FOXP1;MIDEAS;CHD8;ATOH8;IRF1;GATAD2B;SOX13;CREB3L1;ZHX3;INPP5K;PSPC1;FOXP2;ZMYND15;TBX3;PER1;ID1;ZIC2;THRA;CREBZF;MPHOSPH8;EHMT1;ZBTB16;KDM4A;NKX2-1;TRIM33;PRICKLE1;KAT6B;PRDM16;RELA;LIMS1;ID4;DAXX;SMARCC2;NACC1;RB1;CHD4;RARA;ZBTB21;TMPRSS6;BRD7;ZNF350;HDAC4;RBBP4;SMARCA4;PHF12;NCOR2;GATA6;SIRT1;ELK3;RCOR3;EPC1;DEAF1;LBH;RRP8;NDUFA13;BCL3;PHB1
prerank,Regulation Of Voltage-Gated Sodium Channel Activity (GO:1905150),0.5134944582253016,0.9636218817367574,0.5098039215686274,0.8254043837543222,1.0,1/5,2.14%,FGF12
prerank,Integrin-Mediated Signaling Pathway (GO:0007229),0.254582950210072,0.9636176458704775,0.5384615384615384,0.8249569394034528,1.0,17/69,12.95%,LAMA5;CDC42;ISG15;ITGAL;ITGA3;ITGAD;TXK;NEDD9;ITGB1;HCK;ERBIN;ITGA10;ILK;PRKD1;ZYX;PRAM1;ITGA1
prerank,Chromosome Condensation (GO:0030261),-0.3575868436981916,-0.9632914999730335,0.5862068965517241,1.0,1.0,6/21,14.72%,ERN2;H1-3;H1-5;H1-1;CDCA5;NCAPH
prerank,Positive Regulation Of Double-Strand Break Repair Via Homologous Recombination (GO:1905168),0.30511728395094223,0.9632443543474746,0.5277777777777778,0.8254172551747079,1.0,17/25,41.87%,MMS19;MORF4L1;EPC1;VPS72;MEAF6;MBTD1;RUVBL1;MRNIP;BRD8;WAS;YEATS4;EPC2;ERCC6;ING3;ARID2;ACTR2;TRRAP
prerank,Cellular Nitrogen Compound Biosynthetic Process (GO:0044271),0.32040334282796284,0.963212672160022,0.5,0.8250328324339234,1.0,11/27,23.68%,SULT1A2;NOS1;SPHK1;CYB5R3;NOS3;SPTLC3;MTARC1;NQO1;MTARC2;GCHFR;SLC7A6
prerank,Negative Regulation Of Hemostasis (GO:1900047),0.4473659565432613,0.963170564724854,0.5128205128205128,0.8246488330662015,1.0,3/8,12.22%,APOH;EDN1;THBD
prerank,Regulation Of Interferon-Alpha Production (GO:0032647),0.32647001318508784,0.9630263217788044,0.5227272727272727,0.8244916985812223,1.0,8/21,23.24%,DHX36;DDX3X;STAT1;IRF3;TLR7;TLR8;PTPRS;NMB
prerank,Pinocytosis (GO:0006907),0.44394905688809777,0.9628324097015928,0.5263157894736842,0.8243971694174711,1.0,2/7,15.18%,CARMIL1;PPT1
prerank,Regulation Of Macroautophagy (GO:0016241),0.2519438998962971,0.9627790619277564,0.4523809523809524,0.8240687511880199,1.0,14/82,16.82%,TSC2;GPSM1;LRRK2;ATP6V0A1;CLN3;SNX32;CAPNS1;EXOC7;ATP6V0C;SCOC;ATP6V1A;NEDD4;WAC;SIRT1
prerank,Cardiac Atrium Morphogenesis (GO:0003209),-0.3841370297661922,-0.9627122423562765,0.5098039215686274,1.0,1.0,5/12,19.54%,SHOX2;MESP1;ISL1;HEY2;PROX1
prerank,Positive Regulation Of Syncytium Formation By Plasma Membrane Fusion (GO:0060143),0.42347387956448956,0.9623322173898943,0.5111111111111111,0.8245514238936003,1.0,4/9,19.89%,EHD1;DCSTAMP;RAPGEF3;EHD2
prerank,Negative Regulation Of Lipase Activity (GO:0060192),0.48274114487689346,0.9621585752325167,0.5510204081632653,0.8244180616623256,1.0,1/6,1.17%,ANGPTL4
prerank,Sensory Perception Of Sour Taste (GO:0050915),-0.47191871007010167,-0.9620780619680441,0.5106382978723404,1.0,1.0,4/7,25.59%,ASIC2;SCNN1B;SCNN1G;PKD1L3
prerank,Positive Regulation Of Protein Maturation (GO:1903319),0.4635141338864581,0.962050302585481,0.5238095238095238,0.8243315673664132,1.0,2/6,10.18%,ANGPTL8;NLRC4
prerank,Fatty Acid Catabolic Process (GO:0009062),-0.2987687390395584,-0.9617399328706605,0.5294117647058824,1.0,1.0,4/50,5.99%,ADIPOQ;GLYATL2;SLC27A2;ECI2
prerank,Postsynaptic Membrane Organization (GO:0001941),-0.40694919781404726,-0.9617375860637087,0.4666666666666667,1.0,1.0,6/12,22.90%,NRXN2;LRRC4;NLGN2;MUSK;DLG4;NLGN3
prerank,Left/Right Pattern Formation (GO:0060972),-0.377650513835909,-0.9611751435225449,0.5106382978723404,1.0,1.0,10/21,21.38%,FOXJ1;CFAP53;DNAH11;STIL;PIERCE1;DNAH5;DNAAF1;DNAAF4;MEGF8;KIF3B
prerank,Immune Response-Regulating Cell Surface Receptor Signaling Pathway (GO:0002768),-0.5065342344450664,-0.9610804373993266,0.54,1.0,1.0,3/6,22.27%,CD24;PIGR;BTLA
prerank,Positive Regulation Of Glial Cell Migration (GO:1903977),0.46429451544545836,0.9609104664724838,0.48936170212765956,0.8264787892492113,1.0,2/6,13.78%,CX3CL1;CSF1
prerank,Regulation Of Chromosome Segregation (GO:0051983),-0.3424960467075015,-0.9607237552505264,0.5185185185185185,1.0,1.0,5/23,14.72%,MKI67;CDC6;KIF2C;HORMAD1;NCAPH
prerank,Positive Regulation Of Striated Muscle Cell Differentiation (GO:0051155),-0.3582385115362022,-0.9601131897554084,0.5,1.0,1.0,7/21,19.54%,IGF1;MYF6;MESP1;MYOCD;RBM24;MMP14;PROX1
prerank,Telomere Maintenance Via Telomerase (GO:0007004),0.36071023454277384,0.9598372820925597,0.4864864864864865,0.8281540681149393,1.0,4/13,22.66%,PINX1;HSP90AA1;RFC1;MRE11
prerank,RNA-templated DNA Biosynthetic Process (GO:0006278),0.36071023454277384,0.9598372820925597,0.4864864864864865,0.8281540681149393,1.0,4/13,22.66%,PINX1;HSP90AA1;RFC1;MRE11
prerank,Positive Regulation Of Neuroblast Proliferation (GO:0002052),0.43049199597081134,0.959591050506137,0.6111111111111112,0.8282521940741195,1.0,2/10,2.42%,CX3CR1;CX3CL1
prerank,Regulation Of Natural Killer Cell Mediated Immunity (GO:0002715),0.49431684669509823,0.9590302049155225,0.5686274509803921,0.8290646490458046,1.0,3/5,8.58%,NCR1;SH2D1B;KLRB1
prerank,Negative Regulation Of Glycoprotein Biosynthetic Process (GO:0010561),-0.4739513759501009,-0.9589465404562781,0.5306122448979592,1.0,1.0,4/8,19.01%,BACE2;ITM2C;JAK3;ACOT8
prerank,Phosphatidylcholine Acyl-Chain Remodeling (GO:0036151),0.42173957241540116,0.9589193241557289,0.46808510638297873,0.8289293285598617,1.0,1/7,1.13%,NR1H2
prerank,Negative Regulation Of Erythrocyte Differentiation (GO:0045647),0.5023889767614901,0.9588745763323165,0.5094339622641509,0.8285381710292238,1.0,3/5,24.51%,ZFP36;LDB1;ZFP36L1
prerank,Negative Regulation Of Heart Contraction (GO:0045822),0.4766564519848721,0.9587112561087906,0.5471698113207547,0.8283180044160033,1.0,1/7,0.99%,SPX
prerank,Negative Regulation Of Interleukin-2 Production (GO:0032703),0.36552261266297714,0.9585243713051143,0.5227272727272727,0.828191062074089,1.0,3/15,4.44%,ZFP36;TBX21;XCL1
prerank,Intraciliary Anterograde Transport (GO:0035720),0.4046121841383032,0.9584433240032074,0.4897959183673469,0.8279558364493651,1.0,3/10,9.06%,IFT74;IFT81;IFT172
prerank,Limb Morphogenesis (GO:0035108),0.3690900692693715,0.958429841394932,0.4888888888888889,0.8275196224367118,1.0,8/15,30.43%,CYP26B1;SHH;TBX3;NIPBL;TBX5;TFAP2B;TGFB2;TBX4
prerank,Protein Tetramerization (GO:0051262),0.27626527984319926,0.9582625919211931,0.46875,0.8273933230659014,1.0,14/55,18.97%,FKRP;UPB1;KIF25;SNCA;CPSF6;ACACB;USP16;HOMER1;TK1;GLS;B2M;APLP2;OSBPL2;OXA1L
prerank,Positive Regulation Of mRNA Processing (GO:0050685),0.3641476700139389,0.9581830158332623,0.5,0.8270970626787032,1.0,3/20,8.19%,DHX36;CIRBP;THRAP3
prerank,Aspartate Transmembrane Transport (GO:0015810),0.45572973205640543,0.9580538572126098,0.5535714285714286,0.8269711310412805,1.0,2/8,3.57%,SLC1A1;SLC25A22
prerank,Regulation Of JUN Kinase Activity (GO:0043506),0.2950946604952425,0.9578754864492324,0.5,0.8269534632699789,1.0,10/34,22.28%,MAP4K2;EDN1;MAPK8IP1;DVL3;TAOK3;PTPN1;MAP3K11;DUSP16;DVL2;PTPN22
prerank,Ether Lipid Biosynthetic Process (GO:0008611),-0.47017503686637474,-0.957854670083956,0.52,1.0,1.0,2/7,14.85%,DHRS7B;PLA2G4A
prerank,Cellular Response To Type II Interferon (GO:0071346),0.2896388610620695,0.9577830844111077,0.47058823529411764,0.8267042405839369,1.0,11/43,11.52%,CX3CL1;IFNG;XCL1;STAT1;DAPK1;IRF1;DAPK3;HCK;IRF8;CAMK2A;GBP4
prerank,Positive Regulation Of Reactive Oxygen Species Biosynthetic Process (GO:1903428),-0.38468662144867066,-0.9574718388830741,0.4745762711864407,1.0,1.0,1/11,0.56%,MMP8
prerank,Regulation Of Small Molecule Metabolic Process (GO:0062012),0.3057277206680321,0.9574334889676482,0.5263157894736842,0.8269721899546859,1.0,10/29,19.28%,NR1H4;PRKN;ARV1;PRKAG2;PRKAG1;NCOR2;ACADVL;SIRT1;RORA;ABCG1
prerank,Negative Regulation Of Inflammatory Response (GO:0050728),0.2489418314493564,0.9572733806870893,0.46875,0.8269314181711654,1.0,24/82,20.92%,NR1H4;TEK;GATA3;FFAR4;CDH5;PPARG;GPS2;GPER1;KLF4;ARNT;HCK;GPR31;TNFRSF1A;FYN;PLCG1;RB1;GIT1;STAT3;SLC39A8;RORA;PRKCD;FPR2;SELENOS;C1QTNF3
prerank,Negative Regulation Of Receptor Internalization (GO:0002091),0.39401402450300466,0.9571988939117771,0.5306122448979592,0.8266209611060543,1.0,6/11,30.78%,PCSK9;ATXN2;RIN3;MTMR2;SDCBP;ANXA2
prerank,Osteoblast Development (GO:0002076),-0.5475293311217471,-0.9568066086233566,0.5833333333333334,1.0,1.0,4/6,23.59%,TNN;CLEC5A;GLI2;PTHLH
prerank,Superoxide Anion Generation (GO:0042554),-0.4636258628094343,-0.9566858838274251,0.4716981132075472,1.0,1.0,2/8,8.62%,SH3PXD2B;SH3PXD2A
prerank,Golgi To Lysosome Transport (GO:0090160),0.40577095031788535,0.9562013427720008,0.4772727272727273,0.8284212920084599,1.0,5/8,34.25%,CLN3;GAK;AP1G1;RBSN;SORT1
prerank,Development Of Primary Male Sexual Characteristics (GO:0046546),0.31565502473934265,0.9560838625575069,0.5806451612903226,0.828195043609762,1.0,6/28,9.81%,ADAM29;GATA3;UTF1;FGF9;WNT2B;MSH2
prerank,Positive Regulation Of Protein Kinase B Signaling (GO:0051897),0.26204163164733996,0.9558710832061245,0.5151515151515151,0.8283152715668402,1.0,11/68,9.92%,TEK;CX3CR1;GATA3;CX3CL1;TCF7L2;HBEGF;SEMA5A;RAMP3;ITGB1;ENG;INSR
prerank,Signal Peptide Processing (GO:0006465),0.38861694902497435,0.9558115405459441,0.4423076923076923,0.8279509085643144,1.0,2/11,4.94%,IMMP2L;HM13
prerank,Protein N-linked Glycosylation (GO:0006487),-0.28799012526005713,-0.9556679575758499,0.515625,1.0,1.0,8/56,10.35%,FUT6;ALG3;B4GALNT2;FUT3;FUT9;ST6GAL1;MGAT2;MGAT1
prerank,Rescue Of Stalled Ribosome (GO:0072344),0.34213635400494574,0.9556366107706611,0.5714285714285714,0.8280480814576048,1.0,4/18,19.75%,TCF25;PTRH1;TRIP4;LTN1
prerank,Purine Ribonucleoside Triphosphate Biosynthetic Process (GO:0009206),0.4823290678323736,0.9554868321277096,0.5,0.8280068816886927,1.0,1/5,7.44%,PRKAG2
prerank,Brown Fat Cell Differentiation (GO:0050873),-0.46571290977431534,-0.9551592408947485,0.6037735849056604,1.0,1.0,1/8,0.25%,ADIPOQ
prerank,Regulation Of Protein Acetylation (GO:1901983),0.45496829269078176,0.954867304384008,0.5208333333333334,0.8291173316728746,1.0,4/7,27.95%,DDX3X;SIRT1;CEP295;GSK3B
prerank,Regulation Of Cell Communication (GO:0010646),-0.3039835251454891,-0.9545318803910701,0.5,1.0,1.0,11/39,19.71%,CCKAR;HCN4;IGFBP7;LTBP1;IGFBPL1;CAMK2D;UGCG;ZMYND11;CASQ2;HCN2;YWHAG
prerank,Notch Signaling Involved In Heart Development (GO:0061314),-0.4639820057358357,-0.9539555767165306,0.5614035087719298,1.0,1.0,4/8,20.65%,SNAI1;HEY2;SNAI2;RBPJ
prerank,Activation Of Protein Kinase Activity (GO:0032147),0.25134323866927616,0.9536361019958215,0.5,0.8317535504239454,1.0,11/66,9.92%,ADCY8;EMP2;FGF1;PDGFB;PILRB;ADRB2;STRADB;SLC11A1;PPIA;MALT1;INSR
prerank,Axon Regeneration (GO:0031103),-0.45875398670013484,-0.9533539837424968,0.54,1.0,1.0,4/7,22.18%,RTN4RL2;RTN4RL1;MAPK8IP3;DHFR
prerank,Actin Filament Network Formation (GO:0051639),0.46185067154060644,0.9532934294016748,0.5625,0.8319788318860146,1.0,2/6,17.26%,CARMIL1;SPIRE2
prerank,Positive Regulation Of Voltage-Gated Potassium Channel Activity (GO:1903818),-0.44306638503688034,-0.953123598859408,0.5319148936170213,1.0,1.0,4/9,20.15%,LRRC26;NOS1AP;LRRC38;TREM2
prerank,Response To Interleukin-4 (GO:0070670),0.4392827547393414,0.9528995303768661,0.5714285714285714,0.8324108228991528,1.0,2/8,4.44%,GATA3;XCL1
prerank,Smooth Muscle Tissue Development (GO:0048745),-0.4183281605624874,-0.952839993372357,0.5172413793103449,1.0,1.0,4/9,19.54%,STRA6;PTCH1;MYLK;PROX1
prerank,Ureteric Bud Morphogenesis (GO:0060675),-0.40792576455787005,-0.9527138906285525,0.5454545454545454,1.0,1.0,2/12,3.36%,GDNF;SIX1
prerank,Protein poly-ADP-ribosylation (GO:0070212),0.4781099113391082,0.9526637870885012,0.6041666666666666,0.8324976120303901,1.0,3/6,35.80%,TNKS;PARP10;PARP3
prerank,Relaxation Of Cardiac Muscle (GO:0055119),-0.4464784501724076,-0.9519515788386446,0.4897959183673469,1.0,1.0,4/9,26.24%,PLN;CAMK2D;GSN;KCNJ2
prerank,TRIF-dependent Toll-Like Receptor Signaling Pathway (GO:0035666),0.4683821729519628,0.9518900888634092,0.5192307692307693,0.8340390713132908,1.0,2/6,14.21%,TICAM2;IRF3
prerank,ER Overload Response (GO:0006983),0.4412127688210395,0.9517370388527939,0.5510204081632653,0.8339565331033795,1.0,4/7,27.95%,DDIT3;WFS1;SELENOS;GSK3B
prerank,Cytokine-Mediated Signaling Pathway (GO:0019221),-0.24772165401520724,-0.9516647776850665,0.56,1.0,1.0,31/172,15.30%,IL13RA2;LEP;CXCL13;IFNE;CCL1;TNFSF11;CXCL6;CCL13;PF4V1;EDN2;AIM2;PLVAP;CCL22;IL11;IL31RA;FOXC1;CCL11;CXCL12;IL36G;CNTF;IL1RL1;GREM2;IL5RA;EREG;UGCG;TNFRSF11A;IL5;CCL21;JAK3;CCR2;PPBP
prerank,Natural Killer Cell Activation Involved In Immune Response (GO:0002323),-0.4344829226463822,-0.9516021622088271,0.5384615384615384,1.0,1.0,2/8,4.26%,IFNE;KLRF2
prerank,Regulation Of Extrinsic Apoptotic Signaling Pathway Via Death Domain Receptors (GO:1902041),-0.33923508733050095,-0.9515278285451122,0.5254237288135594,1.0,1.0,3/26,4.95%,FGB;FAIM2;SFRP1
prerank,Regulation Of Ubiquitin-Protein Transferase Activity (GO:0051438),-0.35950564429361753,-0.9513860181268907,0.5357142857142857,1.0,1.0,8/27,22.36%,CDC20;BUB1B;DCUN1D2;LIMK1;FEM1B;MAD2L1;AXIN1;FBXO5
prerank,Regulation Of Neutrophil Chemotaxis (GO:0090022),0.3157690326802908,0.951336923982559,0.5348837209302325,0.8344630104189482,1.0,3/21,4.44%,DAPK2;SLIT2;XCL1
prerank,Regulation Of Cation Channel Activity (GO:2001257),-0.2992704910913993,-0.9512053139984573,0.46774193548387094,1.0,1.0,7/42,7.77%,KCNS2;NETO1;JSRP1;FGF11;HCN4;HRC;JPH2
prerank,Peptidyl-Lysine Methylation (GO:0018022),0.33135655284977683,0.9511180780943054,0.5652173913043478,0.8346325938324386,1.0,5/19,28.04%,EHMT1;METTL21C;EEF1AKMT2;SETD6;SETD4
prerank,ncRNA Transcription (GO:0098781),0.3822238563285872,0.9511093957057603,0.42857142857142855,0.8341831417086731,1.0,5/12,25.25%,BTBD18;ZFP36L1;CAVIN1;SNAPC3;GTF3C1
prerank,Negative Regulation Of Wnt Signaling Pathway (GO:0030178),-0.2564413815068014,-0.9508692187172083,0.5616438356164384,1.0,1.0,31/120,17.79%,GREM1;SFRP2;WNT5A;SOX2;HECW1;MDFI;TRABD2B;TPBGL;SFRP1;TLE3;TPBG;IGFBP2;SHISA6;MDK;SOX9;SOX30;SFRP5;KREMEN1;GLI1;APOE;TSKU;LRP1;BICC1;FRZB;CSNK1A1L;DKK3;DACT1;GLI3;DKK1;SNAI2;AXIN2
prerank,Regulation Of Interleukin-12 Production (GO:0032655),-0.3080460604357447,-0.9507759788860949,0.4909090909090909,1.0,1.0,10/33,20.40%,IL10;MDK;ISL1;CCR7;TIGIT;TNFSF4;JAK3;MAST2;SLAMF1;CD47
prerank,Programmed Necrotic Cell Death (GO:0097300),0.39225229916248794,0.9502890454097579,0.4888888888888889,0.8357729979793576,1.0,5/10,27.72%,FASLG;RIPK1;PGAM5;RIPK3;MLKL
prerank,Regulation Of Proteolysis (GO:0030162),-0.3033183131515224,-0.9502590190682588,0.45614035087719296,1.0,1.0,2/39,2.31%,SERPINB4;SERPINB13
prerank,mRNA Destabilization (GO:0061157),0.29672104719798764,0.9501693414323001,0.5161290322580645,0.8355600060732169,1.0,13/37,26.98%,DHX36;TRIM71;ZFP36;PABPN1L;TARDBP;METTL3;TUT4;AGO2;CELF1;AGO4;ZFP36L1;ZC3H12A;AGO3
prerank,Regulation Of Cellular Response To Transforming Growth Factor Beta Stimulus (GO:1903844),0.3603923672206081,0.9500536128553994,0.5,0.8354235215542221,1.0,9/19,25.28%,PPARG;ITGA3;ENG;TRIM33;NREP;SMAD7;SMAD4;SMURF2;PALS1
prerank,Regulation Of Ossification (GO:0030278),-0.32024507937984087,-0.9497366424505316,0.5522388059701493,1.0,1.0,13/30,22.31%,WNT5A;TWIST1;SOX11;SFRP1;MDK;SOX9;KREMEN2;CCDC134;DKK1;CHSY1;RBPJ;ECM1;DDR2
prerank,Regulation Of Cell Communication By Electrical Coupling Involved In Cardiac Conduction (GO:1901844),0.39329511208869833,0.9496694261322256,0.5714285714285714,0.8357598554435912,1.0,1/11,0.27%,CAV1
prerank,Non-Canonical Wnt Signaling Pathway (GO:0035567),-0.31441450980216296,-0.9491780782567603,0.5692307692307692,1.0,1.0,9/37,14.87%,SFRP2;WNT5A;SFRP1;CELSR2;WNT4;SFRP5;FZD3;VANGL1;FRZB
prerank,Lipid Import Into Cell (GO:0140354),-0.4032746821295903,-0.9491282350874161,0.5294117647058824,1.0,1.0,3/9,7.44%,STRA6;SLC27A2;PLPPR4
prerank,Positive Regulation Of Alpha-Beta T Cell Differentiation (GO:0046638),0.38590779154581817,0.9489805310187721,0.4716981132075472,0.8368349334619207,1.0,2/12,7.36%,IHH;SHH
prerank,Positive Regulation Of Cartilage Development (GO:0061036),-0.3784016493904987,-0.9489249940066171,0.5686274509803921,1.0,1.0,5/14,13.82%,BMPR1B;MDK;SOX9;GDF6;LOXL2
prerank,Negative Regulation Of Cell Differentiation (GO:0045596),-0.25090777633766986,-0.9489164726956749,0.5789473684210527,1.0,1.0,45/173,20.36%,GREM1;ADIPOQ;SFRP2;TCF23;MIXL1;SIX3;TNN;WNT5A;TWIST1;SOX2;SFRP1;TENT5C;ITGB3;DTX1;TNFAIP6;SPRED3;SPRY1;IL17RD;SOX9;ZNF750;NKX3-2;MYOCD;TSKU;PTCH1;HOXB8;ADAMTS12;RORB;FOXA1;LRP3;BMP7;REST;HDAC9;PKP2;LEO1;SNAI2;WNT1;ANKRD26;COL5A2;SMARCD1;BBS12;MAD2L2;PPARA;PTEN;BCL7A;FOXO1
prerank,Negative Regulation Of Immune Response (GO:0050777),-0.31304932949853326,-0.9487953393833332,0.5081967213114754,1.0,1.0,7/48,15.00%,FCRLB;COL3A1;FOXP3;NLRC3;ENPP3;SPINK5;CCR2
prerank,Cleavage Furrow Formation (GO:0036089),0.45696968324180903,0.9486552249242535,0.5238095238095238,0.8370635309377222,1.0,3/6,37.28%,SPIRE2;RHOA;SPIRE1
prerank,Protein Homooligomerization (GO:0051260),0.24664999259346257,0.9485218223458959,0.5263157894736842,0.8368656409510172,1.0,19/91,18.41%,ADCY8;RS1;AMH;UPB1;KIF25;ACACB;USP16;BCL10;NOL3;EHD1;STEAP4;NLRC4;PDCD6IP;G3BP2;TK1;GLS;B2M;APLP2;OSBPL2
prerank,Substrate Adhesion-Dependent Cell Spreading (GO:0034446),0.3155875991539336,0.948442045561234,0.55,0.836629926246797,1.0,9/30,18.07%,TEK;LAMA5;EFNA1;LPXN;MLF2;PXN;ILK;PEAK1;ITGAV
prerank,Cobalamin Metabolic Process (GO:0009235),0.43359160966977606,0.9482610389236136,0.5777777777777777,0.8365997535422343,1.0,3/7,26.35%,ABCD4;MMAA;MMADHC
prerank,Positive Regulation Of Leukocyte Chemotaxis (GO:0002690),-0.3199167994497381,-0.9481170041765219,0.5285714285714286,1.0,1.0,10/41,15.00%,CCL1;PLA2G7;EDN2;MDK;CXCL12;S100A7;F2RL1;CCR7;VEGFA;CCR2
prerank,Negative Regulation Of Tumor Necrosis Factor Superfamily Cytokine Production (GO:1903556),-0.32313171451699674,-0.9480772090787364,0.5757575757575758,1.0,1.0,5/33,8.51%,NFKBIL1;IGF1;LTF;NLRC3;IL10
prerank,Regulation Of Blood Coagulation (GO:0030193),0.29826133534067567,0.9477456793963382,0.5952380952380952,0.8374815216093658,1.0,5/23,12.22%,CAV1;APOH;EDN1;FOXA2;THBD
prerank,Regulation Of Cytokinesis (GO:0032465),-0.30039198945555917,-0.9476876636330617,0.5882352941176471,1.0,1.0,15/59,16.98%,SSTR5;KIF20A;E2F8;E2F7;CDC6;KLHL13;CXCR5;ECT2;KIF14;DCDC1;CIT;CETN2;PDXP;CDC14B;MAP9
prerank,Activation Of NF-kappaB-inducing Kinase Activity (GO:0007250),-0.4130354885373563,-0.9476621109451954,0.5333333333333333,1.0,1.0,1/11,2.04%,CHI3L1
prerank,Negative Regulation Of Cardiocyte Differentiation (GO:1905208),-0.4981673716855083,-0.9476383430248926,0.5849056603773585,1.0,1.0,3/6,19.40%,HEY2;DKK1;FZD7
prerank,Negative Regulation Of T Cell Activation (GO:0050868),-0.3179579559326673,-0.9476220397698302,0.46296296296296297,1.0,1.0,10/32,24.62%,LAX1;FOXP3;TNFRSF21;IL10;TIGIT;JAK3;PLA2G2D;GLMN;GPNMB;FCGR2B
prerank,Regulation Of Granulocyte Differentiation (GO:0030852),-0.5066091155198181,-0.9475815704288141,0.5263157894736842,1.0,1.0,2/6,13.01%,LEF1;RUNX1
prerank,Positive Regulation Of Vascular Endothelial Growth Factor Receptor Signaling Pathway (GO:0030949),0.44676574248915946,0.9474548623690946,0.5319148936170213,0.8376711852234616,1.0,2/7,7.82%,PRKD2;IL1B
prerank,Protein Modification By Small Protein Conjugation (GO:0032446),0.20015739836284746,0.9474519450214366,0.7142857142857143,0.8372305841482367,1.0,82/291,28.75%,EGR2;CNOT4;ISG15;ASB9;UBB;LMO7;WWP2;ASB11;MIB2;HECW2;ARRB1;RNF182;NEDD4L;NFE2L2;PRKN;NSMCE4A;FBXO2;COPS3;UBE2D4;UBA7;HACE1;ARIH2;CHFR;TRIM33;KLHL18;SH3RF1;HERC3;RNF227;FBXO24;VCP;KCTD13;RBX1;AREL1;TNFAIP1;NEDD4;KLHL2;VPS11;PCMTD1;HDAC4;ANAPC11;UBE2E2;UBE2V2;ARRDC1;SIRT1;MGRN1;COPS7A;UVSSA;ANAPC7;FBXO25;ELOC;ARRDC4;MYLIP;COPS2;UBR3;NAE1;SLF2;FBXW11;CUL1;PIAS3;UBA52;HERC4;RNF220;BARD1;SMURF2;SKP1;PIAS1;TRIM24;DCUN1D4;DDRGK1;RNF41;UBR1;SH3RF2;SAE1;BIRC6;SHPRH;CUL4A;RNF34;ZNF451;FBXO10;COPS8;SUMO3;KLHL21
prerank,Positive Regulation Of Autophagosome Maturation (GO:1901098),0.48896618438066836,0.9472886765490771,0.5849056603773585,0.8372456770515264,1.0,3/6,16.86%,UVRAG;CALCOCO2;TOM1
prerank,Nitrogen Compound Transport (GO:0071705),0.21953817872187004,0.9472724387622328,0.5,0.8368816042855484,1.0,31/117,20.47%,SLC6A4;SLC29A2;AQP9;RAMP3;SLC11A1;SLC26A2;ARL6IP5;SLC3A1;SLC19A3;SLC6A13;ABCC4;SLC7A14;CALCRL;EDN1;SLC52A1;CHMP1A;RUFY1;SLC48A1;ABCD4;PPT1;SLC22A3;TMEM30A;SCAMP2;ARRDC1;TOM1;VAMP2;TCN2;ABCG2;CERT1;ARRDC4;ATP11B
prerank,Endoplasmic Reticulum To Golgi Vesicle-Mediated Transport (GO:0006888),0.23678747407268683,0.9472603653802023,0.6129032258064516,0.8364648679063955,1.0,25/92,27.97%,TRAPPC3L;CTAGE6;YIF1B;NRBP1;CTAGE15;TMED5;TRAPPC8;CTAGE4;BCAP31;MPPE1;USE1;CTAGE9;CTAGE8;PGAP1;TFG;TMED1;KDELR1;ERGIC3;GOSR1;BCAP29;LMAN2L;PEF1;GOLT1A;TRAPPC6A;VTI1A
prerank,Transcription Initiation At RNA Polymerase II Promoter (GO:0006367),0.25506689008844813,0.9471173377915364,0.6,0.8363364224757837,1.0,16/56,22.69%,ERCC3;TAF6L;PPARGC1A;ESR1;TBP;MED4;TAF6;MED10;TAF2;MED23;ELOC;MED6;MAZ;MED29;GTF2B;CDK9
prerank,Positive Regulation Of B Cell Activation (GO:0050871),-0.2970099378911041,-0.9470959225483099,0.5454545454545454,1.0,1.0,12/38,20.85%,TNFRSF13C;CD27;XBP1;GPR183;TNFSF4;CD38;MMP14;TNFSF13B;IL21;INPP5D;MAD2L2;VAV3
prerank,Protein Localization To Cell Surface (GO:0034394),0.32885607407125866,0.9469545493384942,0.5581395348837209,0.8363065351956646,1.0,3/20,6.84%,GPIHBP1;EMP2;FLNA
prerank,Dicarboxylic Acid Catabolic Process (GO:0043649),-0.388115214923097,-0.9468026948315217,0.5454545454545454,1.0,1.0,7/13,27.71%,ALDH1L1;MTHFS;GLUD2;ACOT8;PM20D2;ACSF3;GOT2
prerank,Inositol Lipid-Mediated Signaling (GO:0048017),-0.30877489675509695,-0.9465980395977043,0.6065573770491803,1.0,1.0,4/30,10.85%,MUC5AC;IGF1;PLCH2;PDGFRA
prerank,I-kappaB kinase/NF-kappaB Signaling (GO:0007249),0.29361814494481886,0.9464746949663999,0.5263157894736842,0.836897158516103,1.0,11/40,19.45%,ERC1;NFKBIA;NFKB2;BCL10;RELB;RELA;TANK;TLR7;TLR8;BCL3;NKIRAS2
prerank,Mitochondrial DNA Metabolic Process (GO:0032042),-0.4218557269160069,-0.9462646216020404,0.5102040816326531,1.0,1.0,2/9,14.10%,TWNK;ENDOG
prerank,Cell-Cell Junction Maintenance (GO:0045217),0.450814341965108,0.9461652173715459,0.5,0.8372829571091464,1.0,2/8,9.34%,MYADM;MTSS1
prerank,Telomere Maintenance (GO:0000723),0.2720285183245797,0.9460961374658409,0.5294117647058824,0.8370636445421387,1.0,26/49,40.70%,INO80;DNA2;MCRS1;CTC1;PRKDC;RAD51;HUS1B;XRCC3;MRE11;RUVBL1;RPA3;SHLD1;YY1;XRCC5;TENM1;PTGES3;LTO1;BLM;INO80C;WRN;PARP3;HUS1;UCHL5;SMC5;INSL6;SP100
prerank,High-Density Lipoprotein Particle Remodeling (GO:0034375),-0.41593238460273274,-0.9460600952233166,0.54,1.0,1.0,3/8,11.47%,LIPG;PLTP;APOE
prerank,Positive Regulation Of Receptor Signaling Pathway Via JAK-STAT (GO:0046427),-0.36320102198803705,-0.9459005483589061,0.5932203389830508,1.0,1.0,3/20,8.51%,LEP;CYP1B1;IL10
prerank,Positive Regulation Of Kinase Activity (GO:0033674),0.24915218947046552,0.9458170804666023,0.7142857142857143,0.8372374112923746,1.0,29/82,27.39%,TEK;FGFR4;LRRK2;TIE1;FLT4;PRKAG2;FGFR2;INSR;PRKAG1;TIGAR;DAXX;AXL;CSF1;CAMKK1;CD74;SPDYA;MAP2K3;FGFR1;NTRK3;KDR;RAP1A;PTPRC;MRE11;RAPGEF2;PTK2;MRNIP;ROR1;LCP2;ERBB2
prerank,Positive Regulation Of Chromosome Segregation (GO:0051984),0.36773373899675976,0.9456769844083945,0.5853658536585366,0.8371391676881115,1.0,2/14,5.08%,SIRT2;NCAPH2
prerank,Suppression Of Viral Release By Host (GO:0044790),-0.4078479956214922,-0.945564401943582,0.5517241379310345,1.0,1.0,3/11,23.19%,TRIM32;TRIM8;TRIM11
prerank,Pulmonary Valve Development (GO:0003177),0.3634302045385272,0.9453170390355861,0.5625,0.8375240167048016,1.0,5/16,14.67%,SLIT2;ROBO2;SMAD6;TNFRSF1A;NOS3
prerank,Regulation Of Leukocyte Activation (GO:0002694),0.381630916845192,0.945190184750476,0.5434782608695652,0.8373427557426912,1.0,2/11,15.23%,GPER1;CD74
prerank,Cellular Response To Molecule Of Bacterial Origin (GO:0071219),-0.27318203779560346,-0.945079454569329,0.5,1.0,1.0,13/90,10.38%,CXCL13;IL36RN;NFKBIL1;WNT5A;CD180;CXCL6;PF4V1;AHR;NUGGC;IL10;LDOC1;IL36G;NR1D1
prerank,Protein Neddylation (GO:0045116),0.32563935509956815,0.9449540788106103,0.6470588235294118,0.837440618170674,1.0,7/18,28.26%,COPS3;RBX1;COPS7A;COPS2;NAE1;DCUN1D4;COPS8
prerank,Regulation Of Mitotic Spindle Organization (GO:0060236),0.3106409135128295,0.9447328787922623,0.55,0.8376664659734937,1.0,6/29,14.94%,HSPA1B;HSPA1A;GPSM2;CHMP1A;PDCD6IP;DYNC1H1
prerank,Tube Closure (GO:0060606),0.32610880449270696,0.9443547819357356,0.525,0.8376808957577891,1.0,9/23,23.10%,TSC2;FUZ;BCL10;PRICKLE1;DEAF1;DVL2;VASP;DYNLL1;LRP2
prerank,Primary Neural Tube Formation (GO:0014020),0.32610880449270696,0.9443547819357356,0.525,0.8376808957577891,1.0,9/23,23.10%,TSC2;FUZ;BCL10;PRICKLE1;DEAF1;DVL2;VASP;DYNLL1;LRP2
prerank,rRNA Methylation (GO:0031167),0.3599105870628837,0.9443033286015969,0.4722222222222222,0.8372969197817898,1.0,12/15,42.40%,MRM2;NOP2;FDXACB1;METTL15;METTL5;ZCCHC4;METTL16;NSUN3;MRM3;NSUN5;EMG1;NSUN4
prerank,Regulation Of Metallopeptidase Activity (GO:1905048),-0.48196250509858574,-0.9441662030136648,0.6511627906976745,1.0,1.0,2/6,13.12%,TIMP1;LRP1
prerank,Regulation Of Dendritic Spine Maintenance (GO:1902950),0.44817153158132683,0.9440666756967511,0.5581395348837209,0.8374471780514346,1.0,3/7,12.97%,NEDD9;FYN;HOMER1
prerank,Diol Metabolic Process (GO:0034311),-0.409226134960587,-0.9438608817686934,0.5901639344262295,1.0,1.0,4/10,14.78%,PLPP2;SGPP2;DEGS2;PLPP1
prerank,Dosage Compensation By Inactivation Of X Chromosome (GO:0009048),0.4009293107948363,0.9438300749783552,0.5660377358490566,0.8376273359958529,1.0,3/10,29.24%,METTL3;HNRNPU;PCGF3
prerank,Regulation Of Growth Hormone Receptor Signaling Pathway (GO:0060398),-0.5380685643410699,-0.9436683533255976,0.6041666666666666,1.0,1.0,3/5,24.39%,LEPROTL1;MBD5;LEPROT
prerank,Response To dsRNA (GO:0043331),-0.376556131960591,-0.9434604906468326,0.4909090909090909,1.0,1.0,1/13,1.58%,IFNE
prerank,Modified Amino Acid Transport (GO:0072337),0.35852019336056296,0.9434552700127958,0.5581395348837209,0.8380852003364289,1.0,7/24,12.60%,FOLR3;SLC47A1;CTNS;SLC19A1;SLC6A13;SLC25A2;SLC16A12
prerank,Signal Release (GO:0023061),-0.4502315071903001,-0.9434057383680464,0.5714285714285714,1.0,1.0,2/7,9.04%,LEP;WLS
prerank,Ventricular Cardiac Muscle Cell Action Potential (GO:0086005),0.3910532775887432,0.9433371835451568,0.4782608695652174,0.8379045055992008,1.0,2/11,6.14%,CAV3;NEDD4L
prerank,Long-Chain Fatty Acid Metabolic Process (GO:0001676),-0.29368904753208824,-0.9432399042253025,0.49206349206349204,1.0,1.0,8/55,9.09%,GLYATL2;CYP1A1;CYP1B1;ELOVL2;SLC27A2;GSTA1;CYP4F11;ALOXE3
prerank,Negative Regulation Of Telomere Maintenance (GO:0032205),0.387544750303205,0.9432010073012251,0.5116279069767442,0.8377540131316638,1.0,3/12,16.63%,PINX1;TNKS;ERCC1
prerank,Regulation Of Stress-Activated MAPK Cascade (GO:0032872),-0.28051222930021386,-0.9429223837608565,0.5925925925925926,1.0,1.0,3/43,6.64%,GREM1;MAP4K4;INAVA
prerank,Steroid Biosynthetic Process (GO:0006694),-0.3316131766946874,-0.9423923437184908,0.6153846153846154,1.0,1.0,5/35,5.58%,CYP19A1;SLC27A2;SRD5A2;HSD3B2;CYP7B1
prerank,Positive Regulation Of Keratinocyte Differentiation (GO:0045618),-0.38541246950847075,-0.9423224540044018,0.5925925925925926,1.0,1.0,4/12,9.40%,FOXC1;PLAAT4;IL20;NME2
prerank,Cellular Response To Cytokine Stimulus (GO:0071345),0.20566670596422898,0.9422588977886661,0.76,0.8394108964100313,1.0,52/215,18.34%,LIFR;MME;IL1A;GATA3;CX3CL1;ANKRD1;NFKBIA;ZFP36;EPOR;XCL1;HYAL1;LRRK2;GPER1;SBNO2;GHR;STAT1;PTPN11;DAPK1;EGR1;NFE2L2;IRF1;DAPK3;HCK;IL1B;IFNA5;IRF8;DUSP1;INPP5K;ERBIN;CAMK2A;GSK3A;TNFRSF1A;PF4;GBP4;RELA;TANK;SELPLG;AXL;TYK2;CSF3R;IFIT1;DCSTAMP;STAT3;SIRT1;LEPR;IL4R;GBP1;IL11RA;HYAL2;NFAT5;NDUFA13;PHB1
prerank,Energy Reserve Metabolic Process (GO:0006112),-0.40109085995637916,-0.9416101711129595,0.5185185185185185,1.0,1.0,5/14,16.15%,LEP;PID1;UGP2;MRAP2;PPP1R3C
prerank,Regulation Of Synapse Maturation (GO:0090128),0.4352028766210453,0.941444057192573,0.5777777777777777,0.8408112038099493,1.0,3/7,15.18%,ARHGEF15;YWHAZ;NEURL1
prerank,Post-Translational Protein Modification (GO:0043687),0.2651162031806648,0.9414312161187528,0.65625,0.8403822515118744,1.0,17/40,36.17%,TNKS;SUMF1;RBX1;PARP12;CDK2;FN3K;PRKCD;PARP8;PKN1;PARP10;RHBDD1;FN3KRP;TTL;RPS6KA5;PARP6;PARP3;PRKCA
prerank,Regulation Of Amyloid-Beta Formation (GO:1902003),0.3067025932771971,0.9413085804233134,0.4878048780487805,0.840223282236068,1.0,7/24,14.54%,IFNG;EFNA1;LRRTM3;GSK3A;RELA;RTN1;GSAP
prerank,Endothelial Cell Chemotaxis (GO:0035767),-0.506171280934727,-0.9412674451023353,0.5306122448979592,1.0,1.0,1/5,0.94%,CXCL13
prerank,Negative Regulation Of Bone Resorption (GO:0045779),-0.5294112198511564,-0.9412635388347826,0.5964912280701754,1.0,1.0,3/5,24.86%,TMEM119;INPP5D;GPR137
prerank,"Protein Alpha-1,2-Demannosylation (GO:0036508)",0.350347879154256,0.9412441444686981,0.6086956521739131,0.8399522355890241,1.0,3/12,22.85%,UGGT1;MAN1C1;RNF5
prerank,Regulation Of Regulated Secretory Pathway (GO:1903305),0.3197393683137567,0.9411779224294572,0.5277777777777778,0.8396291212898448,1.0,8/24,17.70%,LRRK2;SYT15;SYT13;RPH3AL;RIMS4;SYT17;RAB27A;RAB5A
prerank,Regulation Of Smooth Muscle Cell Migration (GO:0014910),-0.3545662935171936,-0.940962844520926,0.54,1.0,1.0,4/17,8.30%,CCN4;IGFBP5;IGF1;PLAU
prerank,Positive Regulation Of Cellular Component Organization (GO:0051130),-0.265673943252416,-0.9408479428465968,0.5,1.0,1.0,17/88,15.11%,MMP1;MMP3;PROM2;TRABD2B;HRK;CDC20;BIK;APOE;RUNX1;LRP1;FNIP2;CLDN3;CLU;VEGFA;BMP7;BMF;SUMO1
prerank,Nitric Oxide Biosynthetic Process (GO:0006809),0.40572427393557614,0.9405439547405166,0.5777777777777777,0.8406967195804345,1.0,8/12,23.68%,NOS1;CYB5R3;NOS3;MTARC1;NQO1;MTARC2;GCHFR;SLC7A6
prerank,Regulation Of Mammary Gland Epithelial Cell Proliferation (GO:0033599),0.5147977386663088,0.9404756589319292,0.6153846153846154,0.8404034382707858,1.0,3/5,21.13%,GATA3;DEAF1;RREB1
prerank,Regulation Of Protein Tyrosine Kinase Activity (GO:0061097),0.3028451904789581,0.9403565631606626,0.5531914893617021,0.8402299416835922,1.0,6/34,8.65%,CAV1;ACE;PDGFB;IL34;NEDD9;EFNA1
prerank,Gonad Development (GO:0008406),-0.3284510194313704,-0.9401157623419434,0.5441176470588235,1.0,1.0,8/32,9.55%,WNT5A;SRD5A2;SIX4;BASP1;WNT4;BIK;LHCGR;SOX9
prerank,Regulation Of Phospholipid Metabolic Process (GO:1903725),0.47230384922878726,0.9400596560926928,0.6222222222222222,0.8405566702201449,1.0,4/7,34.42%,MFSD2A;MTMR9;MTMR2;MTMR4
prerank,Transcription Initiation At RNA Polymerase I Promoter (GO:0006361),-0.47554012695699427,-0.9398870850029387,0.5087719298245614,1.0,1.0,1/5,13.98%,POLR1E
prerank,Receptor-Mediated Endocytosis Of Virus By Host Cell (GO:0019065),0.4521225535173349,0.9398552664530471,0.574468085106383,0.8406592732436015,1.0,2/6,10.82%,CAV1;CAV2
prerank,Negative Regulation Of Cellular Response To Growth Factor Stimulus (GO:0090288),-0.28345475769716116,-0.9397977872294594,0.5882352941176471,1.0,1.0,7/55,7.86%,GREM1;EMILIN1;SULF1;CHRDL1;CAPN5;TNFAIP6;SPRY1
prerank,Regulation Of Chromosome Organization (GO:0033044),0.27124763642706556,0.9393548368226823,0.5,0.8412538300166071,1.0,10/36,30.97%,INO80;NSMCE4A;HDAC8;MCRS1;RB1;SLF2;SMG1;RUVBL1;YY1;XRCC5
prerank,"Protein Localization To Chromosome, Centromeric Region (GO:0071459)",-0.3894938346846393,-0.9391905515495506,0.5081967213114754,1.0,1.0,4/12,18.43%,H2BC11;KNL1;SPDL1;BOD1
prerank,Regulation Of Regulatory T Cell Differentiation (GO:0045589),-0.3925072389534745,-0.9391462743883063,0.6296296296296297,1.0,1.0,7/12,25.83%,FOXP3;MDK;TNFSF4;BCL6;SOX12;FOXO3;SOCS1
prerank,Synaptic Vesicle Localization (GO:0097479),-0.41444044968963123,-0.9391423777147445,0.5283018867924528,1.0,1.0,1/9,3.67%,SYNDIG1
prerank,Positive Regulation Of Biosynthetic Process (GO:0009891),0.29678156936118666,0.9390511516522799,0.5333333333333333,0.8415273450535076,1.0,8/35,12.62%,CD36;AMELX;MLXIPL;RGCC;CREB3L1;LARP6;CREB1;VIM
prerank,DNA Replication Checkpoint Signaling (GO:0000076),-0.3851395548963735,-0.9389467778051679,0.5625,1.0,1.0,6/15,16.95%,CDC6;CDT1;TICRR;ORC1;TIMELESS;CLSPN
prerank,Regulation Of Endoplasmic Reticulum Tubular Network Organization (GO:1903371),-0.49671925171017733,-0.9388091218944885,0.5531914893617021,1.0,1.0,5/5,50.35%,ATL3;RAB3GAP1;LNPK;RAB3GAP2;TMEM33
prerank,Phosphate-Containing Compound Metabolic Process (GO:0006796),0.22618440628215203,0.938733539187437,0.5757575757575758,0.8417186487717834,1.0,36/136,25.19%,PTPRB;PRKCG;INPP1;LCAT;LRRK2;FBP1;SPHK1;PFKFB2;ALPP;GFPT1;INPP5K;PPM1A;TIGAR;PLPPR2;PRR5;PPA1;ENPP1;INPP5B;THNSL2;GPX4;SLC22A3;PFKFB4;STAT3;HK3;ACYP2;DUSP16;DUSP8;MAPKAP1;NUDT14;PTPRC;TNK2;ALDOA;DUSP3;ALDOB;GFPT2;RICTOR
prerank,Negative Regulation Of Interleukin-6 Production (GO:0032715),-0.34377633638197924,-0.9386877285133394,0.5692307692307692,1.0,1.0,7/23,18.97%,FOXJ1;NLRC3;IL10;CD84;NMBR;IL37;SLAMF1
prerank,Regulation Of Lipid Biosynthetic Process (GO:0046890),0.3410110894824887,0.9384087843762315,0.58,0.8419023080078637,1.0,11/19,37.19%,MLXIPL;GPER1;CREB1;HSD17B13;MID1IP1;PDK4;SORBS1;AVIL;THRSP;RPTOR;C3
prerank,Response To Hydrogen Peroxide (GO:0042542),0.2798764285372326,0.938386064415718,0.5116279069767442,0.8415054670774804,1.0,14/32,24.44%,ANXA1;HP;NFE2L2;CAT;EDN1;FYN;RELA;PLEKHA1;SIRT1;PRKCD;RHOB;RIPK1;RIPK3;ZNF580
prerank,Membrane Assembly (GO:0071709),-0.3236779303113887,-0.9383679623252038,0.6212121212121212,1.0,1.0,6/30,13.66%,DMKN;NRXN2;PTPRD;NLGN2;UGCG;TLCD1
prerank,Regulation Of Transcription Elongation By RNA Polymerase II (GO:0034243),0.2387697027897068,0.9380684219054137,0.5384615384615384,0.8419567394088571,1.0,23/62,31.92%,CDC73;CDK13;BTBD18;INTS12;PWWP2A;MED4;MED10;MED23;LDB1;HNRNPU;MED6;INTS2;MED29;CDK9;ELL;INTS9;EAPP;SRCAP;MED30;SUPT6H;RNF8;RECQL5;MED27
prerank,Positive Regulation Of Double-Strand Break Repair (GO:2000781),0.2470115760530858,0.9377841654571327,0.45161290322580644,0.8420805289365202,1.0,20/61,27.03%,MMS19;KMT5B;BCL7B;SMARCC2;MORF4L1;BRD7;SMARCA4;UBE2V2;SIRT1;SPIRE2;EPC1;PRKDC;VPS72;MEAF6;MBTD1;SLF2;SMARCA2;RUVBL1;MRNIP;SHLD1
prerank,Dolichol Metabolic Process (GO:0019348),-0.40728961120876783,-0.9376403017672321,0.5555555555555556,1.0,1.0,1/12,2.94%,ALG3
prerank,Mitochondrial DNA Replication (GO:0006264),-0.456907042914659,-0.9373799234192026,0.574468085106383,1.0,1.0,1/6,6.85%,TWNK
prerank,Cytoplasmic Translational Initiation (GO:0002183),0.31664676620412124,0.9371981721835325,0.5405405405405406,0.8430287140221091,1.0,7/22,26.72%,EIF3I;EIF3C;EIF3D;EIF4A1;EIF4G1;EIF3H;RBM4
prerank,Lens Fiber Cell Differentiation (GO:0070306),-0.38194752472041565,-0.9371662837393487,0.5283018867924528,1.0,1.0,2/8,14.60%,SIX3;PLAAT1
prerank,Regulation Of Neuronal Synaptic Plasticity (GO:0048168),-0.35414654418313624,-0.937012861018661,0.532258064516129,1.0,1.0,10/29,20.51%,NETO1;SHISA8;NCDN;SHISA6;APOE;GRIN2A;CAMK2B;NSMF;DLG4;SHISA9
prerank,Positive Regulation Of Kidney Development (GO:0090184),-0.5153680043837792,-0.9369200840767578,0.5471698113207547,1.0,1.0,2/5,17.18%,SOX9;FOXD1
prerank,Positive Regulation Of Ubiquitin-Protein Transferase Activity (GO:0051443),-0.3736424671531552,-0.9368362177128745,0.5892857142857143,1.0,1.0,12/22,35.19%,CDC20;UBE2C;DCUN1D2;CDC14B;PTEN;AXIN1;UBE2S;BMI1;PINK1;FBXW7;TOPORS;PIN1
prerank,Negative Regulation By Host Of Viral Genome Replication (GO:0044828),0.4629504497447824,0.9367061955582989,0.5952380952380952,0.8437828758023624,1.0,6/7,43.54%,PRKN;ZC3H12A;VAPA;SMC5;SMC6;CCNK
prerank,Defense Response To Fungus (GO:0050832),-0.34197223236666807,-0.9364121777551664,0.5686274509803921,1.0,1.0,3/19,9.78%,IL36RN;LTF;S100A12
prerank,Cellular Response To Lipid (GO:0071396),-0.24867788461037302,-0.9362961466580296,0.6567164179104478,1.0,1.0,43/171,20.33%,CXCL13;SPP1;SLC5A5;IL36RN;NFKBIL1;WNT5A;CD180;SSTR2;CXCL6;ADCY2;PF4V1;WNT6;AHR;ADCY5;SFRP1;BRINP3;NUGGC;IL10;SOX9;LDOC1;IL36G;NR1D1;ADCY3;PID1;XBP1;RORB;ZNF703;TNFSF4;PPBP;IL37;MGST1;ROCK2;GNAI1;FFAR3;LY96;ABL2;IRS1;FZD7;MEIOSIN;PPM1E;PDE4B;TREM2;POU4F1
prerank,Peroxisomal Transport (GO:0043574),-0.4898817959975033,-0.936204053006832,0.5833333333333334,1.0,1.0,4/6,33.08%,PEX6;ZFAND6;PEX16;LONP2
prerank,Establishment Of Protein Localization To Peroxisome (GO:0072663),-0.4898817959975033,-0.936204053006832,0.5833333333333334,1.0,1.0,4/6,33.08%,PEX6;ZFAND6;PEX16;LONP2
prerank,Regulation Of ERK1 And ERK2 Cascade (GO:0070372),-0.24881567674567764,-0.936121219124376,0.5866666666666667,1.0,1.0,46/185,20.73%,ADIPOQ;PSCA;HTR2A;CHI3L1;CCL1;ALKAL1;FGB;EMILIN1;HTR2B;IGF1;CCL13;ADCYAP1;ROR2;CCL22;P2RY6;SPRED3;SPRY1;CCL11;NEK10;S100A7;PDGFRA;F2RL1;CCR7;APOE;PRXL2C;PDGFD;THPO;GPR183;CCL21;EPHB1;FN1;FGA;MUSK;ERBB4;ACKR3;SLAMF1;MARCO;RGS14;CCL24;DUSP4;TREM2;PTEN;CCNA2;FBLN1;CCL8;CCR1
prerank,Endosome To Lysosome Transport Via Multivesicular Body Sorting Pathway (GO:0032510),0.3868765922204156,0.9358480739544832,0.5581395348837209,0.8452634464152365,1.0,4/13,25.31%,VCP;UBXN6;LYST;CHMP4A
prerank,Microtubule Polymerization (GO:0046785),0.27922427142986234,0.9357615934440463,0.5652173913043478,0.8450737553148351,1.0,9/28,20.74%,MAP4;TUBG2;CSNK1D;TPPP;CLASP2;CLASP1;SLAIN2;SLAIN1;CCDC57
prerank,Modulation By Host Of Viral Genome Replication (GO:0044827),0.32899013124141396,0.9356805676025125,0.6097560975609756,0.8447804855955262,1.0,10/18,38.62%,PRKN;PHB1;TMEM41B;ZC3H12A;FMR1;DDX56;VAPA;YTHDC2;TBC1D20;SMC5
prerank,Organonitrogen Compound Biosynthetic Process (GO:1901566),-0.2516185379000131,-0.9354780609794224,0.6266666666666667,1.0,1.0,22/108,14.85%,PCSK1;ALDH3B2;ELOVL2;GSTA1;PLPP2;SGPL1;FA2H;ELOVL4;PCYT1A;SGPP2;BCAT1;DEGS2;APOE;GOLPH3;ACER2;CERS6;CPS1;SPTSSB;MOCOS;PCYT1B;PLPP1;PLA2G4A
prerank,Negative Regulation Of Endoplasmic Reticulum Unfolded Protein Response (GO:1900102),0.39018380129426905,0.93536737590837,0.52,0.8450283616518165,1.0,3/10,16.45%,PPP1R15A;PTPN1;WFS1
prerank,Negative Regulation Of Cell Cycle Process (GO:0010948),-0.3409152830861141,-0.9352654538891515,0.6,1.0,1.0,11/24,31.16%,NEK2;E2F8;E2F7;CHEK1;BMP7;FBXO5;BAZ1B;CCP110;WAPL;VPS4A;DAB2IP
prerank,Phosphatidylinositol Metabolic Process (GO:0046488),0.24916050347410262,0.935246440568972,0.5161290322580645,0.844913139191469,1.0,16/54,27.83%,PITPNM2;INPP5K;PIK3C2A;MTM1;PLCG1;INPP5B;SACM1L;FIG4;PGAP1;PIP5K1B;PIP5K1A;SLC27A1;PIP5K1C;PI4KB;MTMR7;MTMR2
prerank,Positive Regulation Of Endoplasmic Reticulum Unfolded Protein Response (GO:1900103),-0.4140013332653301,-0.9352332569559435,0.6181818181818182,1.0,1.0,3/11,19.10%,XBP1;BCL2L11;BAK1
prerank,Regulation Of Focal Adhesion Disassembly (GO:0120182),-0.48603764930943333,-0.9350672404256571,0.6181818181818182,1.0,1.0,1/5,6.52%,MAP4K4
prerank,Positive Regulation Of Focal Adhesion Disassembly (GO:0120183),-0.48603764930943333,-0.9350672404256571,0.6181818181818182,1.0,1.0,1/5,6.52%,MAP4K4
prerank,Negative Regulation Of ERBB Signaling Pathway (GO:1901185),0.3458328448553129,0.9350656237837486,0.5652173913043478,0.8449312554928443,1.0,6/16,23.61%,TSG101;PTPN12;ITGA1;ZFYVE28;ERRFI1;DUSP3
prerank,Sulfur Amino Acid Catabolic Process (GO:0000098),-0.48489829208975804,-0.9350629661395427,0.5416666666666666,1.0,1.0,1/5,4.55%,MAT1A
prerank,Vesicle Fusion (GO:0006906),0.25414684894939943,0.9349255829363371,0.5333333333333333,0.8447496292631689,1.0,14/66,22.33%,STXBP6;SNCA;CLN3;UVRAG;CAV2;STXBP1;CHMP1A;VPS11;RAB8B;TOM1;VAMP2;VAMP4;GOSR1;VPS41
prerank,Regulation Of Lymphocyte Activation (GO:0051249),0.34172334403021926,0.9347683704297409,0.5714285714285714,0.8446864854006145,1.0,3/14,8.05%,KLRC3;KLRD1;KLRC1
prerank,Zymogen Activation (GO:0031638),-0.3171052271040423,-0.9345200508080317,0.5423728813559322,1.0,1.0,13/35,19.26%,FGB;CTSL;CASP9;PLAU;GRIN2A;FADD;FGA;PERP;MMP14;IFI16;CYFIP2;BAK1;PRSS12
prerank,Positive Regulation Of Dendrite Development (GO:1900006),-0.4998312666886663,-0.9345137568110314,0.5740740740740741,1.0,1.0,4/6,41.21%,BMP7;DAB2IP;COBL;BMP5
prerank,Regulation Of Peptide Hormone Secretion (GO:0090276),-0.3181400013095768,-0.9343471636569082,0.5238095238095238,1.0,1.0,11/33,22.20%,SSTR5;FGB;HNF4A;GIPR;SYT7;KCNA5;FGA;FFAR3;HADHA;RFX3;PASK
prerank,Positive Regulation Of Protein Tyrosine Kinase Activity (GO:0061098),0.28798165830514044,0.9342757317569572,0.6086956521739131,0.8453993012925658,1.0,6/31,8.65%,ACE;PDGFB;HBEGF;IL34;NEDD9;EFNA1
prerank,Mitochondrial Protein Catabolic Process (GO:0035694),-0.5024764139951083,-0.9342658775868578,0.5294117647058824,1.0,1.0,1/5,7.48%,SPATA18
prerank,Copper Ion Transport (GO:0006825),0.41489543083627356,0.9341194722073649,0.5,0.8453358849759227,1.0,4/9,20.97%,COX17;STEAP4;SLC31A2;ATP7A
prerank,Regulation Of Axon Regeneration (GO:0048679),-0.4873584653944838,-0.9338705038531887,0.6,1.0,1.0,2/5,14.10%,CNTF;RTN4RL1
prerank,Cellular Response To Estradiol Stimulus (GO:0071392),0.3388665970951639,0.933639988979134,0.5106382978723404,0.8460107123613712,1.0,3/15,5.11%,SSTR1;GPER1;RAMP3
prerank,"Positive Regulation Of Protein Localization To Chromosome, Telomeric Region (GO:1904816)",0.40880968872706913,0.9333567910694371,0.5365853658536586,0.8461610042687387,1.0,3/9,12.96%,TCP1;GNL3;CCT8
prerank,Negative Regulation Of Cell Death (GO:0060548),0.2567778513844565,0.9333318586145618,0.5116279069767442,0.8458318232033278,1.0,10/47,16.45%,HSPA1B;SNCA;PRKN;AGR3;TIGAR;FYN;CHMP1A;CSF1;AMIGO2;WFS1
prerank,Sarcoplasmic Reticulum Calcium Ion Transport (GO:0070296),-0.4355535471137919,-0.9331981841892641,0.5833333333333334,1.0,1.0,2/8,14.53%,SLN;ATP2A2
prerank,Regulation Of Macrophage Cytokine Production (GO:0010935),-0.43944504015885166,-0.9326561311601782,0.543859649122807,1.0,1.0,3/9,22.83%,WNT5A;GPRC5B;TGFB1
prerank,Connective Tissue Development (GO:0061448),-0.3490320448491849,-0.9322557772519605,0.5517241379310345,1.0,1.0,8/32,17.75%,CHI3L1;SULF1;SH3PXD2B;SOX9;XBP1;TRIP11;VPS13B;SULF2
prerank,Mesodermal Cell Differentiation (GO:0048333),-0.46764026514454204,-0.9322344870697618,0.5636363636363636,1.0,1.0,3/7,9.55%,HMGA2;ITGB3;ITGA2
prerank,Protein Complex Oligomerization (GO:0051259),0.2421051621926217,0.9322274842991715,0.55,0.8477730282446772,1.0,12/76,14.47%,RS1;FKRP;UPB1;SNCA;CPSF6;BCL10;NOL3;EHD1;NLRC4;PDCD6IP;HOMER1;G3BP2
prerank,Negative Regulation Of Neurogenesis (GO:0050768),0.3156320122713939,0.9314953239752909,0.6153846153846154,0.8488798090617111,1.0,4/18,7.82%,WNT3A;WNT7A;RUFY3;IL1B
prerank,Response To Retinoic Acid (GO:0032526),-0.3059740093376278,-0.9312359303976245,0.5737704918032787,1.0,1.0,10/40,19.82%,WNT5A;WNT6;BRINP3;SOX9;ACER2;RORB;HSD17B2;TRIM16;FZD7;MEIOSIN
prerank,Regulation Of TORC2 Signaling (GO:1903939),0.4617697734513523,0.9312047871906954,0.5581395348837209,0.84907983847041,1.0,2/5,39.08%,PIH1D1;NCKAP1L
prerank,Antigen Processing And Presentation Of Exogenous Peptide Antigen (GO:0002478),-0.34310108602741884,-0.9311839477553303,0.543859649122807,1.0,1.0,3/18,7.61%,CTSL;HLA-A;CTSE
prerank,Regulation Of Epithelial To Mesenchymal Transition Involved In Endocardial Cushion Formation (GO:1905005),0.47375667040766245,0.931088690879444,0.5918367346938775,0.8489043613356242,1.0,3/6,30.20%,ENG;TGFB2;NOG
prerank,Wnt Signaling Pathway (GO:0016055),-0.28298683160039945,-0.9309280265928467,0.5081967213114754,1.0,1.0,14/66,11.44%,SFRP2;WNT5A;WNT6;SFRP1;CD24;CELSR2;WNT4;WNT10A;WLS;LEF1;SFRP5;WNT16;NID1;FZD3
prerank,Microtubule Anchoring (GO:0034453),0.4077637664222433,0.9308765456720359,0.5714285714285714,0.8489644258153335,1.0,2/8,18.00%,CLASP2;CLASP1
prerank,Lymphocyte Migration (GO:0072676),-0.33647813927481596,-0.9307134435494592,0.5873015873015873,1.0,1.0,5/21,8.44%,CCL1;SAA1;CCL13;CCL22;CCL11
prerank,Mitotic DNA Integrity Checkpoint Signaling (GO:0044774),-0.39086377251605564,-0.9306610281511194,0.5652173913043478,1.0,1.0,6/11,28.57%,TICRR;ORC1;CLSPN;STK33;TOPBP1;ZNF830
prerank,Regulation Of Cell Migration Involved In Sprouting Angiogenesis (GO:0090049),0.29198450799051995,0.930435524258195,0.4838709677419355,0.8494287429015573,1.0,6/26,10.59%,ANXA1;KLF4;MAP3K3;DLL4;JCAD;PIK3C2A
prerank,Regulation Of Sodium Ion Transport (GO:0002028),0.32785345369293223,0.9301361799145363,0.6578947368421053,0.84974563163629,1.0,11/26,18.02%,FGF12;SIK1;WNK4;NEDD4L;NOS1;PER1;ANK3;NEDD4;YWHAH;ATP2B4;PRSS8
prerank,Regulation Of Transforming Growth Factor Beta Receptor Signaling Pathway (GO:0017015),0.24096133927354274,0.929757949375781,0.5483870967741935,0.850084223036351,1.0,20/90,16.82%,CAV1;PPARG;CITED2;ITGA3;ARID4A;HSPA1A;SMAD6;WFIKKN2;CDKN2B;ENG;PPM1A;NKX2-1;TRIM33;GIPC1;PRDM16;BRMS1L;ZEB2;NREP;RBBP4;SIRT1
prerank,Aspartate Family Amino Acid Catabolic Process (GO:0009068),-0.4211202592851264,-0.9296692149948168,0.5476190476190477,1.0,1.0,3/10,15.30%,MAT1A;SDS;CRYM
prerank,Regulation Of Protein Serine/Threonine Kinase Activity (GO:0071900),0.23565396105023007,0.929658750209041,0.7142857142857143,0.8498866608908172,1.0,25/89,21.25%,IFNG;ADRB2;TRIB1;TSG101;DDX3X;SNCA;GTPBP4;CCNH;CDKN2B;SLC8A2;UVRAG;LRP5;PPP2CA;CALM3;CCND3;ACTB;RB1;SERTAD1;TRIB2;SIRT1;SNF8;MAP2K1;CCNE2;SLC27A1;PIH1D1
prerank,Positive Regulation Of Behavior (GO:0048520),0.40127225148106493,0.9296287463308044,0.574468085106383,0.8494692237998104,1.0,2/9,3.27%,CRH;SGIP1
prerank,Glycolipid Transport (GO:0046836),-0.4915029482736928,-0.9293837605245006,0.5614035087719298,1.0,1.0,1/5,4.46%,PLTP
prerank,Positive Regulation Of Hormone Secretion (GO:0046887),-0.3771500871359054,-0.9293007409256306,0.6379310344827587,1.0,1.0,2/14,3.34%,FGB;SOX11
prerank,Positive Regulation Of Protein Localization To Cell Surface (GO:2000010),-0.5012129486382445,-0.9291415891205019,0.54,1.0,1.0,2/6,18.42%,MAP1A;HSP90AB1
prerank,Positive Regulation Of Mitotic Nuclear Division (GO:0045840),0.3139948275562901,0.9291185754162565,0.627906976744186,0.8502473641256121,1.0,8/27,14.03%,IL1A;PDGFB;RGCC;IL1B;INSR;LRP5;EDN1;RB1
prerank,RNA Catabolic Process (GO:0006401),0.2544619680192098,0.9289678863757886,0.6,0.8501086510246909,1.0,14/50,25.54%,HSPA1B;ZFP36;HSPA1A;DNA2;SIDT2;METTL3;CNOT10;LSM6;RNASEH2C;EXOSC9;SLFN14;AGO4;ZPR1;NUDT16L1
prerank,DNA Modification (GO:0006304),0.3652466103231898,0.9288312243916667,0.6363636363636364,0.8499407826959384,1.0,1/14,1.32%,NTHL1
prerank,Adenylate Cyclase-Inhibiting G Protein-Coupled Receptor Signaling Pathway (GO:0007193),-0.3104633746981552,-0.9284393297162225,0.559322033898305,1.0,1.0,7/36,7.01%,GABBR2;MCHR1;ADCY5;RGS1;GRM7;ADRA2A;GPR37
prerank,Regulation Of Hydrolase Activity (GO:0051336),-0.2808391559884167,-0.9284150237890613,0.6229508196721312,1.0,1.0,15/59,20.85%,PLXNA4;SERPINA5;PROM2;MRAP;NGEF;CHN2;FGD1;EPHB3;PLXNC1;EFNA5;TBC1D10B;ARHGAP15;PLXNB1;ATP5IF1;VAV3
prerank,Regulation Of Post-Transcriptional Gene Silencing By RNA (GO:1900368),0.5076976077708777,0.9280829264973216,0.6216216216216216,0.8512738585056637,1.0,1/5,3.17%,TRIM71
prerank,Heterochromatin Formation (GO:0031507),0.31946240066439396,0.9279355158041109,0.625,0.8511860500330656,1.0,8/23,20.45%,SIRT2;LMNA;BAZ2A;RB1;SIRT1;PPM1D;ZNFX1;NRDE2
prerank,Regulation Of BMP Signaling Pathway (GO:0030510),-0.27927107640689236,-0.927929454404657,0.5454545454545454,1.0,1.0,7/58,7.54%,GREM1;SOX11;SULF1;CHRDL1;CAPN5;TNFAIP6;FSTL1
prerank,Ganglioside Biosynthetic Process (GO:0001574),-0.4056180761286562,-0.9278992484796418,0.6346153846153846,1.0,1.0,5/12,19.13%,ST8SIA2;ST8SIA4;B4GALNT1;ST3GAL1;B4GALT5
prerank,Regulation Of Macromolecule Metabolic Process (GO:0060255),0.23198919373474808,0.9278314792138102,0.6071428571428571,0.8509959460749801,1.0,15/113,9.62%,NOVA2;AFF3;IHH;IGF2BP2;ZNF683;NFKBID;LDLR;TXK;ANKRA2;FOXP1;SHH;SLC8A2;NFKBIZ;TARDBP;ATRAID
prerank,Actin Filament Bundle Organization (GO:0061572),0.28075640677040903,0.9278311335123773,0.5555555555555556,0.8505575143665438,1.0,4/28,7.24%,FAM107A;NEDD9;MYO1B;SHROOM1
prerank,Intracellular Protein Transport (GO:0006886),0.19941959745626517,0.9275749286937061,0.7894736842105263,0.8506528542771863,1.0,55/269,22.73%,EGR2;GPIHBP1;TSC2;RAB5C;MYO6;STX11;IPO7;TSG101;STRADB;RAB17;ARFGAP3;SNX27;VPS37B;CACNG4;NUTF2;CLIP3;EHD1;SNX1;TNPO2;TIMM17B;NPAP1;STXBP1;PRICKLE1;GIPC1;TMED5;RPL11;RAB5B;AKT2;YWHAH;NUP107;HEATR3;NUP214;CD74;AP4B1;STAT3;ARF3;ARL1;SNF8;AP3D1;SNX8;RAB5A;BCL3;APLP2;OXA1L;TMED1;AP4S1;PHIP;KPNA5;GRPEL2;C2CD5;ASPSCR1;CDC37;NUP85;NUP98;STX3
prerank,Regulation Of Protein-Containing Complex Disassembly (GO:0043244),-0.37260395498415877,-0.9274413862538846,0.5510204081632653,1.0,1.0,1/12,2.35%,SLN
prerank,Negative Regulation Of Calcium Ion Transmembrane Transport (GO:1903170),-0.372564548263845,-0.9271889177160192,0.6140350877192983,1.0,1.0,3/14,8.79%,SLN;CBARP;PLN
prerank,Regulation Of Neurotransmitter Secretion (GO:0046928),0.2873799030029983,0.9270423218783922,0.5952380952380952,0.8514417855438896,1.0,8/29,17.70%,KCNMB4;LRRK2;GPER1;PNKD;RIMS4;CAMK2A;DYSF;RAB5A
prerank,Positive Regulation Of Nuclear Cell Cycle DNA Replication (GO:0010571),0.4939551764539489,0.9268235709034995,0.5769230769230769,0.8513906077263654,1.0,1/5,4.55%,INO80
prerank,Protein Localization To Synapse (GO:0035418),-0.40456858740906587,-0.9266143050215347,0.4838709677419355,1.0,1.0,4/10,18.60%,NRXN2;SHANK1;NLGN2;DLG4
prerank,Negative Regulation Of Blood Pressure (GO:0045776),0.41114166744197556,0.9263519090596734,0.5689655172413793,0.8521054035831657,1.0,5/9,28.29%,NOS1;NOS3;APLN;GPR37L1;BMPR2
prerank,Basic Amino Acid Transmembrane Transport (GO:1990822),-0.48095454453560854,-0.9257782881197467,0.6666666666666666,1.0,1.0,2/7,8.36%,SLC7A7;SLC7A1
prerank,L-arginine Transmembrane Transport (GO:1903826),-0.48095454453560854,-0.9257782881197467,0.6666666666666666,1.0,1.0,2/7,8.36%,SLC7A7;SLC7A1
prerank,Chloride Transmembrane Transport (GO:1902476),-0.3194786724859659,-0.9254300875368994,0.5769230769230769,1.0,1.0,10/32,21.19%,GABRA3;GABRG1;CLCN3;SLC1A3;SLC1A7;SLC12A3;LRRC8A;SLC12A7;SLC4A8;SLC4A1
prerank,Negative Regulation Of Epidermal Growth Factor-Activated Receptor Activity (GO:0007175),0.38224627917016707,0.9253622494668653,0.6136363636363636,0.853956819895379,1.0,5/11,24.97%,TSG101;GPRC5A;ZFYVE28;ERRFI1;CBLB
prerank,Regulation Of Microglial Cell Activation (GO:1903978),-0.39400083390950474,-0.9246432278644837,0.5185185185185185,1.0,1.0,3/11,10.38%,MMP8;TTBK1;NR1D1
prerank,Sensory Perception (GO:0007600),0.28195935732869903,0.924423848229809,0.5333333333333333,0.855762612434407,1.0,7/28,12.60%,MRGPRX2;PENK;MME;PCDH15;CHRNB2;TRPV2;TTC8
prerank,Positive Regulation Of Cell Development (GO:0010720),-0.31312410545083347,-0.9241172038179535,0.6229508196721312,1.0,1.0,6/26,12.23%,NKX6-1;SOX11;MYF6;PDE3A;RASSF10;TRIM32
prerank,Negative Regulation Of Release Of Cytochrome C From Mitochondria (GO:0090201),-0.38371745210128405,-0.9240521574328885,0.5344827586206896,1.0,1.0,6/12,23.97%,IGF1;PPIF;CLU;FXN;BAK1;HGF
prerank,Axon Guidance (GO:0007411),-0.2646609455398176,-0.923984723528477,0.5416666666666666,1.0,1.0,27/105,15.99%,PLXNA4;TUBB3;EFNA2;WNT5A;GDNF;EPHA10;SCN1B;EFNB3;BOC;KIAA1755;NTN1;NRXN3;CXCL12;SEMA6B;EPHB3;PLEKHG4B;ENAH;EFNA4;PLXNC1;EPHB1;EFNA3;SLIT1;EFNA5;VEGFA;NOTCH3;SEMA3A;UNC5C
prerank,Myotube Differentiation (GO:0014902),0.322317580197301,0.9229310304006006,0.5348837209302325,0.8587027383475979,1.0,8/18,20.71%,JAM2;NOS1;ITGB1;ADGRB3;PLD3;ERVFRD-1;ERVW-1;MYMX
prerank,Regulation Of Keratinocyte Proliferation (GO:0010837),-0.34097367077750257,-0.9229203488589436,0.5,1.0,1.0,5/19,17.48%,CDH3;FGF7;MDK;LRG1;SNAI2
prerank,Positive Regulation Of Epidermal Growth Factor Receptor Signaling Pathway (GO:0045742),-0.3320828339959332,-0.9225943008853156,0.5454545454545454,1.0,1.0,3/26,5.71%,FAM83B;AGR2;ADRA2A
prerank,Positive Regulation Of Organelle Assembly (GO:1902117),0.2655080461050396,0.9225155413426787,0.6470588235294118,0.8591793709749778,1.0,10/48,15.55%,FUZ;MARK4;LRSAM1;GPSM2;UBAP2L;PDCD6IP;TAPT1;G3BP2;DYNC1H1;CEP120
prerank,Cellular Response To Leucine (GO:0071233),-0.4253207137917291,-0.9224769696520608,0.5849056603773585,1.0,1.0,1/9,2.33%,SESN3
prerank,Response To Leucine (GO:0043201),-0.4253207137917291,-0.9224769696520608,0.5849056603773585,1.0,1.0,1/9,2.33%,SESN3
prerank,Response To Hexose (GO:0009746),-0.3532722693532039,-0.922399161732472,0.5573770491803278,1.0,1.0,3/19,4.72%,SLC2A5;HNF4A;GCKR
prerank,Negative Regulation Of Transforming Growth Factor Beta Receptor Signaling Pathway (GO:0030512),-0.27229816559345255,-0.92224920695197,0.6031746031746031,1.0,1.0,10/64,10.42%,CILP;EMILIN1;CAPN5;RBBP7;SPRED3;FBN2;SPRY1;LTBP1;IL17RD;SAP30
prerank,Release Of Sequestered Calcium Ion Into Cytosol By Sarcoplasmic Reticulum (GO:0014808),0.48768653849990184,0.9222343584486369,0.6226415094339622,0.8594299654948099,1.0,1/5,8.92%,NOL3
prerank,Negative Regulation Of Intracellular Steroid Hormone Receptor Signaling Pathway (GO:0033144),0.30879171022905894,0.9222067881631227,0.5833333333333334,0.8590621786115622,1.0,8/27,18.34%,FOXP1;PER1;VPS11;CNOT9;SMARCA4;NCOR2;SIRT1;PHB1
prerank,Lymphocyte Differentiation (GO:0030098),-0.27139428969152146,-0.9220926286966584,0.603448275862069,1.0,1.0,10/59,16.26%,LEP;IFNE;CR2;BLNK;IL11;IL10;DNAJB9;JAK3;RHOH;HDAC9
prerank,Regulation Of Interleukin-17 Production (GO:0032660),-0.32910343607990294,-0.9219172983844699,0.5901639344262295,1.0,1.0,6/27,10.68%,IL36RN;CCL1;SLC7A5;FOXP3;PRNP;LY9
prerank,Protein Localization To Golgi Apparatus (GO:0034067),0.306562153479115,0.921913741315216,0.5853658536585366,0.8592253564796469,1.0,8/25,25.87%,OBSL1;CSNK1D;OPTN;VPS13A;ARL1;GAK;RAB33B;VPS13C
prerank,Vesicle Coating (GO:0006901),0.31448766887957813,0.9214243964256578,0.5609756097560976,0.8598605666365567,1.0,12/21,41.27%,AP3S1;CSNK1D;TRAPPC8;AP3D1;PEF1;TRAPPC6A;CUL3;TRAPPC2B;TRAPPC10;PDCD6;AP3S2;TRAPPC5
prerank,acyl-CoA Biosynthetic Process (GO:0071616),-0.3879276220589787,-0.9213305088786813,0.6428571428571429,1.0,1.0,2/11,12.46%,SLC27A2;ACLY
prerank,Regulation Of Receptor Internalization (GO:0002090),-0.32363015638168,-0.9207567401063048,0.5645161290322581,1.0,1.0,1/29,0.05%,GREM1
prerank,Negative Regulation Of Receptor-Mediated Endocytosis (GO:0048261),-0.33517069546451633,-0.9207490412649328,0.6166666666666667,1.0,1.0,2/24,6.83%,ADIPOQ;ITGB3
prerank,Positive Regulation Of Chromosome Condensation (GO:1905821),0.4482375682611796,0.9204592742583972,0.5555555555555556,0.8612524094182699,1.0,1/6,5.08%,NCAPH2
prerank,Regulation Of Chromosome Condensation (GO:0060623),0.4482375682611796,0.9204592742583972,0.5555555555555556,0.8612524094182699,1.0,1/6,5.08%,NCAPH2
prerank,Linoleic Acid Metabolic Process (GO:0043651),-0.4080573237694373,-0.9203147071621043,0.62,1.0,1.0,3/14,9.09%,ELOVL2;GSTA1;ALOXE3
prerank,Mitotic Cell Cycle Phase Transition (GO:0044772),-0.2522278983594168,-0.9200130137581334,0.5833333333333334,1.0,1.0,13/92,15.25%,USH1C;CCNO;RCC1;CCNA1;PIM2;BRSK1;MELK;UBE2C;BCAT1;E2F3;EPS8;PPME1;CCND1
prerank,Histone mRNA Metabolic Process (GO:0008334),0.3221017010259452,0.9198563315753613,0.54,0.8622337752739158,1.0,6/21,24.21%,SSB;TENT2;ERI1;TUT4;LSM1;TUT1
prerank,Secondary Alcohol Metabolic Process (GO:1902652),0.30016069838719633,0.9198109061025495,0.5405405405405406,0.8618729330442952,1.0,13/31,23.17%,LCAT;STARD3;SOAT2;OSBPL5;ABCA5;SULT2B1;IDH3G;CYP27A1;SH2D2A;ABCG1;IDH3B;APOF;GBA2
prerank,Cytoskeleton Organization (GO:0007010),0.22420578661134308,0.919547688077517,0.6857142857142857,0.8621935885641531,1.0,28/93,20.78%,SEMA6A;PCLO;PAK4;CNN2;ARAP3;SIPA1L3;NEDD9;NOL3;KRT4;LARP4;OBSL1;PRR5;CECR2;FMNL3;FGD3;EPB41L3;WTIP;FGD5;DMTN;ARHGAP4;FMNL2;PPP2R3C;DIAPH1;ARHGAP21;WASF3;PHIP;MAPKAP1;SIPA1
prerank,Ear Development (GO:0043583),-0.4795710076618111,-0.9194404239409941,0.56,1.0,1.0,1/5,2.09%,STRA6
prerank,Regulation Of Establishment Of Cell Polarity (GO:2000114),0.3530296792643417,0.9191844377026067,0.5769230769230769,0.8624487355124488,1.0,2/15,3.96%,CDH5;RUFY3
prerank,Carbohydrate Phosphorylation (GO:0046835),-0.4420752240768041,-0.9191724945689372,0.5925925925925926,1.0,1.0,3/7,17.56%,HK2;POMK;HKDC1
prerank,U2-type Prespliceosome Assembly (GO:1903241),0.33044587060759256,0.9187771711704787,0.575,0.8628918272936157,1.0,3/21,14.65%,SNRPF;SNIP1;SF3A2
prerank,Negative Regulation Of Cytokine Production Involved In Immune Response (GO:0002719),-0.4065807269715491,-0.9182250554023536,0.5192307692307693,1.0,1.0,3/9,14.38%,FOXP3;IL10;JAK3
prerank,Golgi Vesicle Transport (GO:0048193),0.21663013044296034,0.9182059249157443,0.7777777777777778,0.8637251555359466,1.0,49/162,30.72%,TRAPPC3L;EXOC5;CTAGE6;MYO1B;YIF1B;NRBP1;CTAGE15;UVRAG;SNX1;GOLPH3L;PRKD1;SNAP23;TMED5;TRAPPC8;CTAGE4;SCAMP2;BCAP31;MPPE1;RAB8B;USE1;ARF3;CTAGE9;CTAGE8;SPIRE2;SNX8;PGAP1;TFG;TMED1;KDELR1;SNX2;KIF1C;ERGIC3;GOSR1;BCAP29;RAB33B;LMAN2L;PEF1;GOLT1A;HTT;TRAPPC6A;NBAS;VTI1A;NAPG;COG8;VPS51;COG4;CUL3;SCAMP1;SEC22A
prerank,Norepinephrine Metabolic Process (GO:0042415),0.4617823696681925,0.9178855875755852,0.5681818181818182,0.8639429753252433,1.0,1/5,1.86%,GATA3
prerank,Long-Chain fatty-acyl-CoA Biosynthetic Process (GO:0035338),-0.38461678600846605,-0.9178807462935725,0.5409836065573771,1.0,1.0,1/14,2.16%,ELOVL2
prerank,Muscle Filament Sliding (GO:0030049),0.4336096758032004,0.9174876855659216,0.5531914893617021,0.8644135391325718,1.0,3/6,10.45%,MYL1;TNNT2;MYL6
prerank,Positive Regulation Of Fat Cell Differentiation (GO:0045600),-0.3041844404110322,-0.9173344417282046,0.6212121212121212,1.0,1.0,9/39,16.12%,SFRP2;MEDAG;SIX1;SFRP1;GDF3;XBP1;FRZB;BMP7;CDS1
prerank,Dosage Compensation (GO:0007549),0.4214987800558298,0.9173123093535392,0.49056603773584906,0.8643996212216307,1.0,2/7,20.06%,METTL3;HNRNPU
prerank,Negative Regulation Of Myeloid Leukocyte Mediated Immunity (GO:0002887),0.4665855771436697,0.916788424533974,0.5789473684210527,0.8653460096691261,1.0,2/5,17.21%,CX3CR1;CD300A
prerank,Positive Regulation Of ERK1 And ERK2 Cascade (GO:0070374),-0.25393388251487775,-0.9167835022795859,0.6712328767123288,1.0,1.0,25/132,13.89%,HTR2A;CHI3L1;CCL1;ALKAL1;FGB;TNFSF11;HTR2B;IGF1;CCL13;ADCYAP1;ROR2;CCL22;P2RY6;CCL11;S100A7;PDGFRA;F2RL1;CCR7;APOE;PRXL2C;PDGFD;TNFRSF11A;THPO;GPR183;CCL21
prerank,Positive Regulation Of DNA Replication (GO:0045740),-0.3861168286600243,-0.9166123827003878,0.6296296296296297,1.0,1.0,7/16,21.69%,GLI1;CDT1;EREG;NPM2;GLI2;DHX9;STON1
prerank,Regulation Of Telomerase Activity (GO:0051972),-0.32079949029278815,-0.9166105803661617,0.5636363636363636,1.0,1.0,6/34,15.39%,GREM1;PKIB;NEK2;PARM1;SMG6;ERCC4
prerank,Astrocyte Development (GO:0014002),0.37278831025472836,0.9165261195509748,0.5777777777777777,0.8654615298693686,1.0,2/11,7.41%,IFNG;EIF2B5
prerank,Positive Regulation Of Protein Targeting To Membrane (GO:0090314),0.3238423568173049,0.9165222925353942,0.6744186046511628,0.8650287521600439,1.0,8/18,28.08%,MYO1C;PDZK1;ANK3;FYN;C2CD5;SLC51B;ERBB2;ITGB1BP1
prerank,Negative Regulation Of Sequestering Of Triglyceride (GO:0010891),0.48384426205840697,0.9164693514541086,0.5882352941176471,0.8647333897415467,1.0,1/5,2.34%,PPARG
prerank,Granulocyte Migration (GO:0097530),-0.4837245540548055,-0.9162391962186256,0.5961538461538461,1.0,1.0,2/7,2.41%,CD177;GP2
prerank,Ubiquinone Metabolic Process (GO:0006743),0.3734764501222563,0.9158741630928824,0.58,0.8654543132998733,1.0,5/12,33.19%,COQ8B;FDXR;NQO1;COQ2;COQ5
prerank,Regulation Of Cell Motility (GO:2000145),-0.2538792792481336,-0.9152793245773583,0.6266666666666667,1.0,1.0,25/102,17.70%,KRT5;PLXNA4;TNN;TWIST1;FUT3;C1QTNF8;FGF7;NTN1;ENPP2;DOCK10;KIF14;SPOCK3;CCR7;AMOTL1;ABL1;TRIM32;SRCIN1;CSRP3;PLXNC1;CCL21;CCDC125;ROCK2;ERBB4;CYRIB;ABL2
prerank,Negative Regulation Of Lipid Biosynthetic Process (GO:0051055),0.3046320554688274,0.9152626107343517,0.5272727272727272,0.8663545528701694,1.0,6/18,22.45%,SIK1;GPER1;ACADVL;SIRT1;SLC27A1;UBR4
prerank,Negative Regulation Of Cholesterol Transport (GO:0032375),0.4574393683901412,0.9151481578659356,0.6226415094339622,0.8660877604106051,1.0,2/6,12.34%,SHH;SREBF2
prerank,Negative Regulation Of Androgen Receptor Signaling Pathway (GO:0060766),0.35072768735439097,0.9151438450824735,0.5777777777777777,0.8656629570591067,1.0,5/13,18.34%,FOXP1;SMARCA4;NCOR2;SIRT1;PHB1
prerank,Response To X-ray (GO:0010165),0.3614783058895925,0.9150303282667304,0.5652173913043478,0.8654543132998732,1.0,3/11,14.60%,PRAP1;MSH2;XRRA1
prerank,Actin Filament Bundle Assembly (GO:0051017),0.28220900390942977,0.9150235135026246,0.6052631578947368,0.8650158865960739,1.0,4/28,7.24%,FAM107A;NEDD9;MYO1B;SHROOM1
prerank,Angiogenesis Involved In Wound Healing (GO:0060055),-0.4532565941304043,-0.9141461459136215,0.6470588235294118,1.0,1.0,3/9,16.58%,ITGB3;VEGFA;PRCP
prerank,Glycolipid Metabolic Process (GO:0006664),0.2868248998452062,0.9139374057160672,0.5128205128205128,0.8668623153368666,1.0,8/25,23.90%,B3GALNT1;ST8SIA6;B3GNT5;SUMF1;PGAP1;ENPP7;GBA2;ST6GALNAC3
prerank,Hexose Transmembrane Transport (GO:0008645),-0.34050445317189804,-0.9138357132711823,0.5576923076923077,1.0,1.0,4/13,17.53%,SLC2A5;SLC45A3;PPBP;SLC5A3
prerank,Negative Regulation Of G2/M Transition Of Mitotic Cell Cycle (GO:0010972),0.33611876856641054,0.9137368821699798,0.6511627906976745,0.8669118631239912,1.0,7/22,25.02%,FHL1;PINX1;CHFR;BABAM2;BABAM1;MRE11;BARD1
prerank,Positive Regulation Of Microtubule Polymerization Or Depolymerization (GO:0031112),0.3150547974052208,0.9135716515615054,0.5135135135135135,0.8668824202042462,1.0,7/21,19.60%,CAV3;CDK5RAP2;OCLN;FES;CLASP1;SLAIN2;SLAIN1
prerank,Epidermal Growth Factor Receptor Signaling Pathway (GO:0007173),-0.2804311220985366,-0.9135567613116968,0.5964912280701754,1.0,1.0,2/40,1.05%,FAM83A;FAM83B
prerank,Positive Regulation Of Calcium Ion Transport (GO:0051928),0.2890305463042058,0.913438226763857,0.6410256410256411,0.8667812791700227,1.0,7/21,23.29%,PDGFB;STC1;TRPC6;CAMK2A;WFS1;ATP2A1;FFAR1
prerank,Regulation Of Cardiac Muscle Cell Action Potential (GO:0098901),0.33090861090159646,0.9133443672188933,0.5434782608695652,0.8665368570693569,1.0,7/22,19.22%,CAV1;CAV3;JUP;CALM3;CXADR;TMEM161B;CACNA1C
prerank,Mammary Gland Epithelium Development (GO:0061180),-0.4079771852660802,-0.9132910443035666,0.5263157894736842,1.0,1.0,3/10,16.91%,WNT4;ZNF703;ERBB4
prerank,Regulation Of Execution Phase Of Apoptosis (GO:1900117),0.40066035727488447,0.9128567696799085,0.5714285714285714,0.8673675133466614,1.0,4/9,24.98%,SIRT2;TP53BP2;DYNLL1;ZC3H12A
prerank,Response To Estradiol (GO:0032355),0.29827051499666396,0.912217440967245,0.6190476190476191,0.8683405695230082,1.0,4/23,5.81%,SSTR1;GPER1;RAMP3;SOCS2
prerank,G Protein-Coupled Glutamate Receptor Signaling Pathway (GO:0007216),-0.4589570871268172,-0.9121373525937914,0.5813953488372093,1.0,1.0,2/7,8.05%,GRM7;GRM5
prerank,P-body Assembly (GO:0033962),0.3864537819329903,0.9120719999021978,0.4791666666666667,0.8682174219741199,1.0,6/10,40.85%,DYNC1H1;RC3H1;PATL2;LIMD1;EIF4ENIF1;LSM4
prerank,Transcription By RNA Polymerase II (GO:0006366),0.21789994769854384,0.9120347868433606,0.6538461538461539,0.8679012216532421,1.0,43/155,26.33%,NR1H2;PPARG;CDC73;ERCC3;CCNH;S100A10;NKX2-8;CBFB;POLR2C;THRA;CREB1;PPARGC1A;SNAPC5;SUB1;NOCT;RPRD1A;TBP;MED4;POLR2F;RARA;NCOA2;TAF6;TAF2;MED23;NFAT5;DEAF1;PMF1;ELOC;COPS2;PCID2;RREB1;MAZ;CCDC124;GTF2B;CDK9;POLR2K;POLR2H;ELP4;ELL;SNAPC3;TRIM24;SRCAP;ATF4
prerank,Dopaminergic Neuron Differentiation (GO:0071542),0.36284782234128293,0.9119840915378242,0.631578947368421,0.8675710378895148,1.0,4/11,16.93%,NR4A2;SHH;FOXA2;PITX3
prerank,Negative Regulation Of Blood Coagulation (GO:0030195),0.29922828366674886,0.9116378249268745,0.5714285714285714,0.8678558712902829,1.0,8/24,14.67%,F11;PDGFB;APOH;CPB2;EDN1;KLKB1;THBD;NOS3
prerank,Negative Regulation Of Type II Interferon Production (GO:0032689),0.31587380549323507,0.9114413446751654,0.5813953488372093,0.8677832230957869,1.0,10/22,24.98%,NR1H4;DDIT3;XCL1;INHA;CD274;RARA;INHBA;VSIR;PDCD1LG2;ZC3H12A
prerank,"Regulation Of CD4-positive, Alpha-Beta T Cell Proliferation (GO:2000561)",0.4049367357666795,0.9114193061872924,0.574468085106383,0.8673821942357184,1.0,3/8,22.41%,XCL1;CD81;VSIR
prerank,Negative Regulation Of Locomotion (GO:0040013),0.3653542202515317,0.9112953411919059,0.5918367346938775,0.8671885333590139,1.0,1/9,1.86%,GATA3
prerank,Primary Alcohol Metabolic Process (GO:0034308),0.4140608970053357,0.9108017359767945,0.5957446808510638,0.8679509052906996,1.0,1/8,0.65%,TKTL1
prerank,Embryo Development Ending In Birth Or Egg Hatching (GO:0009792),-0.3592546967754135,-0.9106250869380637,0.6724137931034483,1.0,1.0,2/15,2.44%,OSR2;FOXI1
prerank,Regulation Of Vascular Endothelial Growth Factor Receptor Signaling Pathway (GO:0030947),0.3348281695528312,0.9105562825345741,0.6511627906976745,0.8681136300381619,1.0,6/18,16.40%,EPN2;PRKD2;IL1B;NEDD4;PTPN1;TMEM204
prerank,Pulmonary Valve Morphogenesis (GO:0003184),0.37349784008460424,0.9102901666955058,0.5952380952380952,0.8682690653706958,1.0,3/14,5.83%,SLIT2;ROBO2;SMAD6
prerank,Negative Regulation Of Viral Transcription (GO:0032897),0.3923468348242379,0.9102780255695317,0.675,0.8678545544578005,1.0,1/9,4.23%,ZFP36
prerank,Response To Insulin (GO:0032868),0.24772731544064694,0.910126920545638,0.7037037037037037,0.86780351849666,1.0,26/61,30.37%,PPARG;PCSK9;RPS6KB1;INPP5K;INSR;GSK3A;AKT2;ENPP1;LPIN2;SIRT1;VAMP2;PRKDC;USF1;SLC27A1;SELENOS;CPEB2;C2CD5;ZFP36L1;DENND4C;GPLD1;KAT2B;CAPN10;OGT;SORBS1;RAB31;IRS2
prerank,Regulation Of Actin Cytoskeleton Organization (GO:0032956),0.2465152016516027,0.9093695655718056,0.7586206896551724,0.8689478929554812,1.0,11/71,12.00%,ODAM;FAM107A;CDC42;NEDD9;DAPK3;HCK;SEMA3E;ESAM;BST1;CDK10;CARMIL1
prerank,Regulation Of Oxidative Stress-Induced Intrinsic Apoptotic Signaling Pathway (GO:1902175),0.37333524419647307,0.9093548703552828,0.52,0.8685336651028138,1.0,4/12,16.82%,NFE2L2;PPIA;NOL3;SIRT1
prerank,Negative Regulation Of Muscle Cell Apoptotic Process (GO:0010656),-0.44828782716098226,-0.9091284428594,0.6610169491525424,1.0,1.0,3/8,14.88%,IGF1;LYPD3;BMP7
prerank,protein-DNA Complex Assembly (GO:0065004),-0.31118701585280606,-0.9090907562325135,0.671875,1.0,1.0,7/44,11.10%,H2BC14;H2BC9;TCF4;H2BC13;H2BC11;SOX9;H2BC17
prerank,Regulation Of Small GTPase Mediated Signal Transduction (GO:0051056),0.22642489282754266,0.9085181863209122,0.6764705882352942,0.8699963917699168,1.0,38/104,28.00%,ARHGEF15;ARHGAP31;SLIT2;ARHGAP28;SYDE1;ARHGAP29;ARHGAP27;ARHGEF1;PLEKHG1;TIAM2;CGNL1;FGD3;ARHGAP26;TAGAP;OBSCN;TRIO;RASGRF1;MCF2L;FGD5;MYO9B;ITGAV;PREX2;ARHGAP25;ARHGAP4;ARHGEF3;ARHGAP21;DOCK8;DYNLL1;FGD4;SPATA13;ARHGEF40;ITSN1;RHOF;ARHGEF10L;PLCE1;PLEKHG6;ARHGAP30;FLCN
prerank,Epithelial Cell Morphogenesis (GO:0003382),0.3914668650867287,0.9084467827773784,0.6,0.869717040078401,1.0,3/11,8.38%,SIPA1L3;DACT2;STC1
prerank,Regulation Of Systemic Arterial Blood Pressure By Hormone (GO:0001990),-0.4038340446824783,-0.908253909076461,0.6222222222222222,1.0,1.0,4/11,17.38%,EDN2;OXTR;AVPR1A;AVPR1B
prerank,B Cell Activation Involved In Immune Response (GO:0002312),-0.3847143087028462,-0.9079565247253071,0.576271186440678,1.0,1.0,2/11,13.88%,CD180;GPR183
prerank,Negative Regulation Of Toll-Like Receptor Signaling Pathway (GO:0034122),-0.3809596917441028,-0.9078764347289383,0.5625,1.0,1.0,2/11,5.20%,NFKBIL1;SMPDL3B
prerank,Negative Regulation Of JUN Kinase Activity (GO:0043508),0.39563221098596246,0.9075521326075084,0.6382978723404256,0.8714262448829744,1.0,3/10,22.28%,MAPK8IP1;DUSP16;PTPN22
prerank,Postsynapse Organization (GO:0099173),-0.48528224476754506,-0.9074754494264895,0.6111111111111112,1.0,1.0,2/5,8.99%,WNT5A;ARHGAP39
prerank,Positive Regulation Of Peptidyl-Serine Phosphorylation Of STAT Protein (GO:0033141),-0.46519610721453575,-0.9071925816909584,0.6153846153846154,1.0,1.0,1/5,1.58%,IFNE
prerank,Regulation Of Peptidyl-Serine Phosphorylation Of STAT Protein (GO:0033139),-0.46519610721453575,-0.9071925816909584,0.6153846153846154,1.0,1.0,1/5,1.58%,IFNE
prerank,Regulation Of Chemokine-Mediated Signaling Pathway (GO:0070099),0.4518392040979303,0.9063915021830284,0.6271186440677966,0.8733324678506147,1.0,1/5,2.87%,SLIT2
prerank,Regulation Of Dendrite Morphogenesis (GO:0048814),0.2791137589790299,0.906370870703523,0.6111111111111112,0.872938364943573,1.0,9/26,19.85%,CDKL5;HECW2;NEDD4L;CHRNB2;OBSL1;NEDD4;YWHAH;RAP2A;CUX1
prerank,Branching Involved In Ureteric Bud Morphogenesis (GO:0001658),-0.38410740091927575,-0.9063121506995149,0.5384615384615384,1.0,1.0,2/12,3.36%,GDNF;SIX1
prerank,Mitotic Cytokinesis (GO:0000281),0.24362681939813083,0.9055619581950843,0.6666666666666666,0.8743881450295645,1.0,8/47,12.32%,MYH10;SPTBN1;EXOC5;APC;EXOC6;EXOC7;CNTROB;PDCD6IP
prerank,Positive Regulation Of Lymphocyte Migration (GO:2000403),0.3854655434902817,0.9055538755249117,0.7352941176470589,0.8739584745153779,1.0,2/11,5.79%,JAM2;NEDD9
prerank,Mitochondrial Membrane Organization (GO:0007006),0.2943894631572871,0.9055245334270559,0.631578947368421,0.8735858991315213,1.0,12/27,34.67%,TAFAZZIN;MFN2;MTX1;BAD;SPG7;OPA1;SLC25A4;SLC25A31;MAIP1;IMMT;BCL2;HSPA9
prerank,Cellular Component Assembly (GO:0022607),-0.2392968568280753,-0.9049897662565219,0.675,1.0,1.0,53/213,20.22%,KRT14;USH1C;FGB;CLDN14;WNT5A;TEX11;CFAP206;FOXJ1;HYDIN;PKP1;RSPH4A;JCHAIN;RSPH9;P3H4;LRRC43;TRIP13;SPAG17;ESPN;SHANK1;SPACA9;WASF1;CAPG;SOX9;LRGUK;HORMAD1;SYCE3;PTPRD;NLGN2;TLCD1;EPS8;PIERCE1;DNAJB13;PPID;FGA;PKP2;LAMC1;SHOC1;CFAP46;LLGL1;EPRS1;THSD4;RHOD;FSCN1;DHX9;DLG4;DNAAF1;GSN;PDE4DIP;CYFIP2;RIMS1;PALS2;NDUFAF1;HOATZ
prerank,Positive Regulation Of Extrinsic Apoptotic Signaling Pathway Via Death Domain Receptors (GO:1902043),-0.5260221729859214,-0.9046989819525058,0.6415094339622641,1.0,1.0,2/5,20.16%,SFRP1;PTEN
prerank,Protein Localization To Lysosome (GO:0061462),0.29176919497257614,0.9040985554935228,0.5555555555555556,0.8760314274655583,1.0,5/33,14.16%,RNF128;ZFYVE16;NAGPA;CACNG4;NEDD4
prerank,Positive Regulation Of Developmental Growth (GO:0048639),-0.3042978794199973,-0.9037865686742211,0.6984126984126984,1.0,1.0,7/34,12.78%,LEP;AGR2;NTN1;RASAL1;UNC13A;ZP3;RNF157
prerank,Protein Targeting To Lysosome (GO:0006622),0.31004134582871956,0.9037046546484492,0.6046511627906976,0.8765073335147002,1.0,4/22,20.16%,ZFYVE16;NAGPA;NEDD4;GNPTAB
prerank,Monoatomic Cation Transport (GO:0006812),-0.31402074434296223,-0.903516731239719,0.6451612903225806,1.0,1.0,11/31,20.98%,HCN4;CLDN16;CNGA3;TMEM63C;TRPM6;GRIN2A;PIEZO2;PANX1;SLC29A4;CNGB1;ATP10D
prerank,Regulation Of Gastrulation (GO:0010470),0.3979030551809312,0.9031571527705883,0.6458333333333334,0.877329325901662,1.0,5/10,20.79%,PHLDB1;PHLDB2;FOXA2;CLASP2;OXSR1
prerank,Cellular Response To Interleukin-4 (GO:0071353),0.36808597858313774,0.9029456556462881,0.52,0.8773799622705815,1.0,2/11,4.44%,GATA3;XCL1
prerank,Amide Biosynthetic Process (GO:0043604),0.2620963266900666,0.9027024397578703,0.6341463414634146,0.8776142544630001,1.0,9/40,15.33%,CERS5;DEGS1;ABCA8;SGMS2;SLC25A2;CERS2;CYP4F22;SPTLC3;GLS
prerank,Regulation Of IRE1-mediated Unfolded Protein Response (GO:1903894),-0.3830643277905927,-0.9019578634052383,0.52,1.0,1.0,4/10,22.80%,DNAJB9;BCL2L11;BAK1;FICD
prerank,Positive Regulation Of Collagen Metabolic Process (GO:0010714),0.3733017631358668,0.9018362303689405,0.5652173913043478,0.8790912444782759,1.0,4/14,12.62%,RGCC;CREB3L1;LARP6;VIM
prerank,Response To Peptide Hormone (GO:0043434),-0.2845039227830644,-0.9016566173345287,0.6666666666666666,1.0,1.0,3/38,3.02%,MC4R;LEP;IGFBP5
prerank,Protein Import Into Nucleus (GO:0006606),0.237321000085655,0.901527451320372,0.7,0.8792821005909136,1.0,19/69,24.97%,RGPD1;TSC2;IPO7;NUTF2;TNPO2;NPAP1;PRICKLE1;NUP107;HEATR3;NUP214;STAT3;BCL3;APLP2;KPNA5;NUP85;NUP98;KPNB1;NUP93;CBLB
prerank,Actin Polymerization Or Depolymerization (GO:0008154),0.2650248723011719,0.9014264373184994,0.6578947368421053,0.8790635719702637,1.0,23/45,34.12%,PSTPIP1;FAM107A;MSRB2;VIL1;TTC17;ABI2;INF2;SPIRE2;DIAPH1;WASF3;MICAL2;EVL;FHDC1;CFL1;GHRL;DSTN;WASHC3;ANG;CFL2;AVIL;RAC1;MICALL2;WAS
prerank,Ammonium Transmembrane Transport (GO:0072488),-0.4819817207367084,-0.9013915213720665,0.6785714285714286,1.0,1.0,2/5,18.81%,RHCE;SLC12A7
prerank,Protein Repair (GO:0030091),0.46685897568223744,0.9009420050000602,0.6111111111111112,0.8797126047111787,1.0,2/5,19.34%,MSRB2;MSRB3
prerank,Glycosphingolipid Metabolic Process (GO:0006687),-0.32246128002265384,-0.9008630125247474,0.6229508196721312,1.0,1.0,6/23,14.49%,FUT6;FUT9;ST8SIA5;UGT8;UGCG;B4GALNT1
prerank,Negative Regulation Of Peptide Hormone Secretion (GO:0090278),-0.365190086300958,-0.9006195338606612,0.625,1.0,1.0,8/15,20.36%,INHBB;SFRP1;BMP8A;REST;KCNB1;FAM3D;IRS1;FOXO1
prerank,Establishment Of Mitotic Spindle Orientation (GO:0000132),0.31251144374292195,0.9004797754140486,0.6136363636363636,0.8804244252887401,1.0,5/19,14.12%,GPSM1;ITGB1;GPSM2;CDK5RAP2;PAFAH1B1
prerank,Negative Regulation Of Stress-Activated MAPK Cascade (GO:0032873),0.2864959248327152,0.9004307109522562,0.6190476190476191,0.8800577188989637,1.0,10/33,23.61%,GPS2;PRKN;PPIA;DUSP1;PER1;TAOK3;ANKS1B;KLHL31;PTPN22;DUSP3
prerank,Response To Tumor Necrosis Factor (GO:0034612),-0.2550459217094661,-0.9003246557120381,0.6716417910447762,1.0,1.0,17/80,14.32%,ADIPOQ;CHI3L1;CCL1;OCSTAMP;CCL13;SFRP1;CCL22;TNFRSF21;CCL11;NR1D1;PID1;TRIM32;TNFRSF11A;GSDME;ADAMTS12;CCL21;ARHGEF2
prerank,Receptor Catabolic Process (GO:0032801),0.3714260703426674,0.9002056749481138,0.5576923076923077,0.8802405807036053,1.0,3/14,14.16%,PCSK9;UVRAG;NEDD4
prerank,Negative Regulation Of Protein Localization To Cell Periphery (GO:1904376),-0.3455503860291148,-0.900111502960828,0.6862745098039216,1.0,1.0,4/20,15.11%,LRRC15;SAPCD2;PID1;MRAP2
prerank,Regulation Of Cell Projection Organization (GO:0031344),0.34410397018057576,0.9000241288651979,0.45,0.880254359006919,1.0,3/12,11.83%,ERMN;NTNG1;MFSD2A
prerank,Base Conversion Or Substitution Editing (GO:0016553),0.41408256508226005,0.8999795403589491,0.68,0.8799164187490027,1.0,8/11,41.66%,ADARB2;METTL3;RBM47;APOBEC3A;APOBEC3H;APOBEC3G;ADAR;ADARB1
prerank,Response To BMP (GO:0071772),-0.36278377374751825,-0.8998747269926954,0.625,1.0,1.0,6/19,14.88%,SFRP1;DLX5;BMPR1B;SOX9;ADAMTS12;BMP7
prerank,Positive Regulation Of Hemostasis (GO:1900048),-0.4327217356415343,-0.8997132096456227,0.5892857142857143,1.0,1.0,4/9,27.00%,EMILIN1;SERPINE1;EMILIN2;HPSE
prerank,Positive Regulation Of Coagulation (GO:0050820),-0.4327217356415343,-0.8997132096456227,0.5892857142857143,1.0,1.0,4/9,27.00%,EMILIN1;SERPINE1;EMILIN2;HPSE
prerank,Erythrocyte Development (GO:0048821),0.3845965089524757,0.89960858285826,0.6304347826086957,0.8803381195457575,1.0,4/9,20.52%,HEATR3;ALAS1;DMTN;SH2B3
prerank,Regulation Of Protein Neddylation (GO:2000434),0.319379043368351,0.8991035727066119,0.5,0.8808788638215016,1.0,6/15,28.26%,COPS3;RPL11;EPAS1;COPS7A;DCUN1D4;COPS8
prerank,Regulation Of Actin Filament Polymerization (GO:0030833),0.26538975212327764,0.8990767766551131,0.6666666666666666,0.88047790343255,1.0,10/60,13.25%,MYADM;SLIT2;KANK4;ARHGAP28;KANK3;HCK;ESAM;LMOD2;CARMIL1;COTL1
prerank,Membrane Lipid Biosynthetic Process (GO:0046467),-0.27724568277192047,-0.8989236538062598,0.671875,1.0,1.0,12/54,14.78%,ALDH3B2;ELOVL2;PLPP2;SGPL1;FA2H;ELOVL4;SGPP2;DEGS2;ACER2;CERS6;SPTSSB;PLPP1
prerank,Negative Regulation Of Catalytic Activity (GO:0043086),-0.3515873483470662,-0.8981379910108537,0.5423728813559322,1.0,1.0,4/20,9.81%,SERPINA5;SLN;PLN;TIMP1
prerank,Peroxisome Proliferator Activated Receptor Signaling Pathway (GO:0035357),0.4617393550122458,0.8981084039096222,0.5714285714285714,0.8823167759708954,1.0,2/6,15.14%,PPARG;NCOA2
prerank,Positive Regulation Of Mitotic Cell Cycle Phase Transition (GO:1901992),0.24965446717375278,0.8979740172351525,0.6,0.8821891525048496,1.0,15/51,24.60%,ANXA1;HYAL1;RDX;DDX3X;RGCC;KLHL18;RB1;ANAPC11;UBE2E2;ANAPC7;ADAMTS1;RAD51B;RRM2B;KMT2E;EIF4G1
prerank,Positive Regulation Of Fatty Acid Oxidation (GO:0046321),-0.39507239806021444,-0.8979739075340779,0.6206896551724138,1.0,1.0,6/12,25.78%,TWIST1;KLHL25;IRS1;PPARA;NR4A3;ABCD2
prerank,Negative Regulation Of Voltage-Gated Potassium Channel Activity (GO:1903817),0.41638703319176074,0.8978729464987393,0.675,0.8819704831484281,1.0,1/8,0.27%,CAV1
prerank,mRNA Modification (GO:0016556),-0.3368055022465529,-0.8977521242457398,0.5666666666666667,1.0,1.0,11/21,30.18%,NSUN2;TRMT61B;METTL8;PUS7;TRUB2;PUS7L;RPUSD2;PUS1;TRUB1;CBLL1;TRMT61A
prerank,Negative Regulation Of NF-kappaB Transcription Factor Activity (GO:0032088),-0.27632923777078733,-0.8971111501372351,0.6,1.0,1.0,13/65,16.57%,CYP1B1;NFKBIL1;TMIGD3;FOXJ1;FOXP3;AIM2;NLRC3;IL10;ADORA3;NWD1;BMP7;PTGIS;DAP
prerank,Positive Regulation Of Epidermal Growth Factor-Activated Receptor Activity (GO:0045741),-0.43167804204493015,-0.8969987623296178,0.6346153846153846,1.0,1.0,3/7,15.85%,ADRA2A;EREG;TGFA
prerank,Negative Regulation Of Lipid Catabolic Process (GO:0050995),0.3507006819778189,0.8969430004276975,0.64,0.8835605506747646,1.0,3/12,12.69%,IL1B;MFSD2A;HCAR2
prerank,Cellular Response To Nerve Growth Factor Stimulus (GO:1990090),0.3226091928569102,0.8963159178601952,0.65,0.8845465051941632,1.0,11/17,33.71%,BDNF;SH3GL2;EHD1;TMEM108;NTRK3;RAP1A;RAPGEF2;KIDINS220;NTF4;RAB35;RAPGEF1
prerank,Regulation Of Calcium Ion Transmembrane Transport (GO:1903169),-0.3298215617556881,-0.8961972504716085,0.5789473684210527,1.0,1.0,6/18,16.33%,CACNG6;CBARP;HRC;PRNP;CAMK2D;NOS1AP
prerank,ATP Transport (GO:0015867),0.37237788747989786,0.8960530144136097,0.5609756097560976,0.8846211158139262,1.0,4/12,25.05%,SLC25A25;SLC25A41;SLC25A24;SLC25A4
prerank,Negative Regulation Of Amyloid Precursor Protein Biosynthetic Process (GO:0042985),-0.507970295277419,-0.8960265359672528,0.6304347826086957,1.0,1.0,2/5,8.49%,BACE2;ITM2C
prerank,Negative Regulation Of Extrinsic Apoptotic Signaling Pathway Via Death Domain Receptors (GO:1902042),-0.32320904596618366,-0.895537257189523,0.5517241379310345,1.0,1.0,2/20,3.96%,FGB;FAIM2
prerank,Negative Regulation Of MAPK Cascade (GO:0043409),-0.2607800982774061,-0.8953647750699599,0.696969696969697,1.0,1.0,8/80,7.86%,ADIPOQ;PSCA;DUSP9;EMILIN1;LAX1;CBLC;SPRED3;SPRY1
prerank,Cellular Response To Fatty Acid (GO:0071398),0.36388739257270664,0.8947772082983937,0.6111111111111112,0.8872434329493797,1.0,1/11,0.43%,NR1H4
prerank,Regulation Of Ryanodine-Sensitive Calcium-Release Channel Activity (GO:0060314),-0.3354265250894122,-0.8947441680309846,0.6170212765957447,1.0,1.0,4/22,11.98%,JSRP1;HRC;JPH2;CAMK2D
prerank,Negative Regulation Of Cell Population Proliferation (GO:0008285),-0.22840755887958264,-0.894646954964241,0.7951807228915663,1.0,1.0,59/310,15.99%,GREM1;CGREF1;FABP7;SFRP2;CYP1B1;TFAP2A;TNN;P3H3;TMIGD3;WNT5A;IGFBP5;SOX2;SOX11;PIM2;COL18A1;HNF4A;SLURP1;SFRP1;FOXP3;PODN;TP73;BTG4;IGFBP7;NLRC3;FGFBP1;SLC16A2;NME1;E2F7;CDC6;MINAR1;BMPR1B;PLAAT4;IL10;SOX9;LDOC1;PDCD5;EEF1E1;ADORA3;SFRP5;TSC1;CDKN2C;APOE;MYOCD;E2F3;DLG3;TRIM32;EREG;CLMN;GSDME;TP53INP1;CLDN3;SAV1;PLPP1;FRZB;MN1;FABP3;REST;SIRPG;CBFA2T3
prerank,Plasminogen Activation (GO:0031639),-0.4081280407554658,-0.8945840581563828,0.5185185185185185,1.0,1.0,3/7,15.44%,FGB;PLAU;FGA
prerank,Regulation Of Coagulation (GO:0050818),0.4290650839534699,0.8945563027057607,0.6590909090909091,0.8873096441980269,1.0,2/6,11.88%,PROCR;FOXA2
prerank,Regulation Of Nitrogen Compound Metabolic Process (GO:0051171),0.39869027181305106,0.8945485652042073,0.5510204081632653,0.8868793229222409,1.0,3/10,11.83%,IFNG;LDLR;MFSD2A
prerank,Positive Regulation Of Phospholipase Activity (GO:0010518),0.30767159003143835,0.894429735658454,0.6170212765957447,0.8868128563140412,1.0,5/14,22.29%,FGFR2;ESR1;ARL1;FGFR1;AGTR1
prerank,Cell-Cell Junction Organization (GO:0045216),-0.26526368201568085,-0.8943786372822368,0.6212121212121212,1.0,1.0,18/54,19.12%,CDH3;CD177;CDH17;PKP1;CDH2;TRPV4;CLDN1;TJP3;CDH22;F2RL1;NLGN2;CDHR3;PKP2;CDH4;MARVELD3;CDH26;FSCN1;CDH11
prerank,N-terminal Peptidyl-Methionine Acetylation (GO:0017196),0.4186712815653608,0.8940905543653314,0.7021276595744681,0.887144634976154,1.0,5/7,34.78%,NAA60;NAA15;NAA25;NAA16;NAA30
prerank,Somatic Hypermutation Of Immunoglobulin Genes (GO:0016446),0.46664224732414955,0.8940305749781772,0.6304347826086957,0.8868337271643065,1.0,1/5,2.41%,MLH1
prerank,Vesicle Cargo Loading (GO:0035459),0.3185848453292213,0.8938992714301944,0.575,0.8866906149406005,1.0,9/22,27.54%,CTAGE6;CTAGE15;CTAGE4;SH2D2A;CTAGE9;CTAGE8;SEC23A;SEC23B;KIF13A
prerank,Negative Regulation Of Cell Projection Organization (GO:0031345),-0.28900538242685736,-0.8937316447607044,0.640625,1.0,1.0,11/39,15.62%,STMN2;TRPV4;MINAR1;ITM2C;PRNP;LPAR1;RTN4RL2;APOE;TSKU;RTN4RL1;SEMA3A
prerank,Regulation Of Interleukin-18 Production (GO:0032661),-0.48065634302519583,-0.893659083248401,0.5957446808510638,1.0,1.0,3/6,18.59%,IL10;CD84;DHX9
prerank,Positive Regulation Of Telomere Maintenance Via Telomere Lengthening (GO:1904358),0.2929260897242216,0.8936176552788284,0.6060606060606061,0.8868127051251085,1.0,8/26,18.87%,DHX36;TCP1;TNKS;CCT8;NEK7;PRKCQ;HNRNPA2B1;HNRNPA1
prerank,Mononuclear Cell Differentiation (GO:1903131),0.3343751634691625,0.8932891557609479,0.5945945945945946,0.8871089723171481,1.0,4/19,9.71%,PPARG;THOC5;IRF8;RELB
prerank,Protein Insertion Into Membrane (GO:0051205),-0.3695677292590678,-0.893081803340584,0.6290322580645161,1.0,1.0,3/12,10.93%,GRIN3B;TRAM1;TRAM2
prerank,Regulation Of Neuroblast Proliferation (GO:1902692),0.34082680469063925,0.8930142438774709,0.625,0.887195894812125,1.0,3/15,4.68%,CX3CR1;CX3CL1;LRRK2
prerank,Icosanoid Transport (GO:0071715),0.4037406632917926,0.8928447938488433,0.5384615384615384,0.8871434312700142,1.0,4/8,30.16%,ABCC4;SLCO2A1;ABCC6;SLC22A1
prerank,Very Long-Chain Fatty Acid Metabolic Process (GO:0000038),-0.3291687819089888,-0.8928269801839314,0.6417910447761194,1.0,1.0,3/25,7.55%,ELOVL2;SLC27A2;ELOVL4
prerank,Regulation Of Androgen Receptor Signaling Pathway (GO:0060765),0.2934082087343412,0.8928025364981341,0.7111111111111111,0.8867986312954766,1.0,6/22,18.34%,DDX5;FOXP1;SMARCA4;NCOR2;SIRT1;PHB1
prerank,ncRNA-mediated Post-Transcriptional Gene Silencing (GO:0035194),0.31244108762978634,0.8924260178896678,0.6304347826086957,0.8870873659860125,1.0,8/16,37.37%,WTIP;HELZ;CELF1;CNOT8;AJUBA;MOV10;MOV10L1;LIMD1
prerank,Peptide Metabolic Process (GO:0006518),0.2675266799132813,0.8919815217503377,0.631578947368421,0.887667918866249,1.0,8/43,7.86%,ACE;MME;IMMP2L;MGAT3;HM13;CPQ;PSEN2;ERAP1
prerank,Myeloid Cell Differentiation (GO:0030099),0.2514984846290697,0.891865787987448,0.6808510638297872,0.887476299183794,1.0,9/48,17.20%,TAL1;EPO;CDKN2B;INHA;ZFPM1;DYRK3;ZBTB16;TET2;INHBA
prerank,Positive Regulation Of Vasoconstriction (GO:0045907),-0.42711953898340876,-0.8917138189837663,0.6296296296296297,1.0,1.0,5/9,17.38%,FGB;OXTR;AVPR1A;FGA;AVPR1B
prerank,Negative Regulation Of Neural Precursor Cell Proliferation (GO:2000178),-0.477261934618435,-0.8914208254027671,0.640625,1.0,1.0,2/6,7.90%,WNT5A;SLC16A2
prerank,Positive Regulation Of Epidermal Cell Differentiation (GO:0045606),-0.3385263271008391,-0.8913914953523029,0.6,1.0,1.0,6/16,16.65%,FOXC1;PLAAT4;IL20;NME2;SFN;TRIM16
prerank,Positive Regulation Of Notch Signaling Pathway (GO:0045747),0.28159574512759955,0.8913722816211067,0.6486486486486487,0.888076936925894,1.0,12/30,29.26%,ENHO;ROBO2;EPN2;DLL4;NOS3;STAT3;IL6ST;NOD2;ITGB1BP1;JAG1;TGFB2;NOTCH2NLB
prerank,Cortical Cytoskeleton Organization (GO:0030865),0.29825182547116635,0.8911674786852545,0.5925925925925926,0.8881005865854698,1.0,12/22,36.03%,FHOD1;FMNL3;EPB41L3;FMNL2;PPP2R3C;LLGL2;FMNL1;IKBKB;NCKAP1;RAC1;STRIP1;FHOD3
prerank,Pharyngeal System Development (GO:0060037),-0.38753170733157377,-0.8906384099744975,0.5769230769230769,1.0,1.0,4/13,14.88%,SIX4;ISL1;PTCH1;BMP7
prerank,Positive Regulation Of Neuron Death (GO:1901216),0.30464462027671135,0.8904801363296279,0.5641025641025641,0.8890404491039298,1.0,7/26,12.90%,NUPR1;IFNG;DDIT3;SNCA;PCSK9;FYN;DAXX
prerank,Cellular Response To Superoxide (GO:0071451),0.4152140662459049,0.8904633961816085,0.6521739130434783,0.8882060688399666,1.0,4/7,27.05%,NOS3;NQO1;ATP7A;CCS
prerank,Removal Of Superoxide Radicals (GO:0019430),0.4152140662459049,0.8904633961816085,0.6521739130434783,0.8882060688399666,1.0,4/7,27.05%,NOS3;NQO1;ATP7A;CCS
prerank,Calcium Ion Transport (GO:0006816),0.2301798301018396,0.8903489952656051,0.6571428571428571,0.8880008859024383,1.0,16/85,11.85%,CAV1;NMUR1;TRPC3;SLC24A4;MCOLN2;RAMP3;NALCN;PSEN2;SLC8A2;MCOLN3;CALCRL;TRPC6;CAMK2A;CHRNB2;TRPV2;FYN
prerank,Positive Regulation Of Tumor Necrosis Factor Superfamily Cytokine Production (GO:1903557),0.2449565003097407,0.8900400134691644,0.6666666666666666,0.8882739094513348,1.0,9/54,12.05%,OAS3;AMH;IL1A;IFNG;PTPN11;C1QTNF4;BCL10;PF4;FZD5
prerank,Release Of Cytochrome C From Mitochondria (GO:0001836),-0.36250899317454743,-0.889912963534994,0.5769230769230769,1.0,1.0,4/16,19.10%,SFN;CLU;BBC3;BAK1
prerank,DNA Repair (GO:0006281),0.19976210600752622,0.8898089608883627,0.875,0.8883043179714011,1.0,51/218,23.21%,NTHL1;ATXN3;MLH1;INO80;MMS19;ERCC3;XPC;REC8;TENT4A;BACH1;NSMCE4A;KMT5B;DNA2;UVRAG;MSH2;FAM111A;ASCC1;USP44;CENPS;VCP;ZGRF1;FANCI;BABAM2;POLB;COMMD1;PDS5A;UBE2V2;ERCC1;SIRT1;POLD3;PRKDC;BABAM1;RAD51;DOT1L;RPA4;XPA;ALKBH2;GTF2H2C;FANCA;UBE2A;HUS1B;PMS1;RNASEH2C;RAD9B;REXO4;XRCC3;RAD51B;MRE11;RRM2B;EXD2;GCNA
prerank,Epithelial To Mesenchymal Transition Involved In Endocardial Cushion Formation (GO:0003198),-0.45617463558672566,-0.8896444340804573,0.56,1.0,1.0,4/6,20.65%,SNAI1;HEY2;SNAI2;RBPJ
prerank,Regulation Of Cytokine Production Involved In Inflammatory Response (GO:1900015),-0.3347751578168134,-0.8894787800672815,0.673469387755102,1.0,1.0,3/25,6.67%,LEP;CHID1;NLRC3
prerank,Regulation Of Blood-Brain Barrier Permeability (GO:1905603),0.4396873747455122,0.8892716563685589,0.6585365853658537,0.8891098338345312,1.0,3/5,15.24%,SH3GL2;OCLN;TJP2
prerank,Peroxisome Fission (GO:0016559),0.4661419165165128,0.8892044243561279,0.6481481481481481,0.888780095560803,1.0,3/6,34.60%,PEX11G;PEX19;PEX11A
prerank,Positive Regulation Of Programmed Cell Death (GO:0043068),0.19832683508295484,0.8891481088717893,0.7916666666666666,0.8884506786694079,1.0,28/199,10.44%,DAPK2;SLIT2;ANKRD1;IFNG;LRRK2;JUN;GPER1;DDX3X;SNCA;ARL6IP5;DAPK1;ERCC3;DUSP6;APC;DKKL1;ITGB1;DAPK3;MARK4;KLF11;QRICH1;BCL10;FASLG;CLIP3;RPS6KA2;UNC13B;ADAMTSL4;NLRC4;NLRP2B
prerank,Positive Regulation Of Inflammatory Response (GO:0050729),-0.2577218456750482,-0.8889646307721227,0.6197183098591549,1.0,1.0,21/76,21.55%,MMP8;CCN4;CCL1;PLA2G7;WNT5A;C2CD4A;AIM2;MDK;S100A12;ZP3;TNFSF4;CCR2;CREB3L3;NLRP6;IL21;DHX9;GPRC5B;KARS1;CD47;SERPINE1;S100A9
prerank,Negative Regulation Of Cellular Senescence (GO:2000773),0.3026961541891402,0.8884437653795143,0.6052631578947368,0.8894899117576037,1.0,3/15,8.19%,AMH;TBX2;MAP3K3
prerank,Sterol Metabolic Process (GO:0016125),0.2885623521920999,0.8884200359171968,0.7,0.8891328404918535,1.0,13/41,16.27%,CYP26B1;LCAT;HMGCR;STARD3;CYP7A1;SOAT2;ARV1;PRKAG2;OSBPL5;ABCA5;SULT2B1;CYP27A1;SH2D2A
prerank,Purine Ribonucleoside Monophosphate Biosynthetic Process (GO:0009168),-0.3955221268490367,-0.8883670905502383,0.6078431372549019,1.0,1.0,6/10,30.56%,ADSS1;AMPD3;PAICS;GMPS;PFAS;ADSS2
prerank,Negative Regulation Of Cold-Induced Thermogenesis (GO:0120163),0.26760432906040715,0.8882807069466777,0.6333333333333333,0.8889141972821074,1.0,9/40,17.70%,NOVA2;NR1H2;DOCK7;DDIT3;ID1;RB1;ADAM17;IL15;PLCL2
prerank,Cellular Response To Leucine Starvation (GO:1990253),-0.41344940672021324,-0.8882233408244993,0.5660377358490566,1.0,1.0,1/9,2.33%,SESN3
prerank,Apoptotic Mitochondrial Changes (GO:0008637),-0.31578049134450126,-0.887950451907381,0.5714285714285714,1.0,1.0,8/30,19.20%,BIK;HK2;SFN;CLU;ERBB4;BBC3;BAK1;VPS35
prerank,Regulation Of Fibroblast Proliferation (GO:0048145),-0.2901539512612571,-0.8879257152924118,0.6911764705882353,1.0,1.0,11/41,18.59%,WNT5A;IGF1;SFRP1;NLRC3;PLA2G2C;PDGFRA;TRIM32;EREG;FN1;WNT1;DHX9
prerank,Positive Regulation Of Protein Exit From Endoplasmic Reticulum (GO:0070863),0.3860167115214883,0.8872904508936504,0.5769230769230769,0.8905520467427485,1.0,5/10,36.99%,TMEM30A;CD81;SLC51B;EDEM1;TMEM30B
prerank,Skeletal Muscle Fiber Development (GO:0048741),-0.4588927297106269,-0.8868057931474063,0.6444444444444445,1.0,1.0,2/7,15.35%,SIX1;MYORG
prerank,Glutathione Biosynthetic Process (GO:0006750),-0.43415898664853236,-0.8863533574234245,0.5849056603773585,1.0,1.0,3/6,18.46%,GCLC;CHAC2;GCLM
prerank,Regulation Of Inflammatory Response To Antigenic Stimulus (GO:0002861),0.3383678872679873,0.8861778436399277,0.5909090909090909,0.8923883258554491,1.0,3/14,13.47%,HCK;FYN;PLCG1
prerank,Blood Vessel Endothelial Cell Migration (GO:0043534),-0.35272996098144704,-0.8861232067772661,0.6363636363636364,1.0,1.0,1/17,0.05%,GREM1
prerank,Granulocyte Activation (GO:0036230),-0.42840911500884404,-0.8861167204997656,0.6530612244897959,1.0,1.0,2/8,10.97%,CXCL6;F2RL1
prerank,Negative Regulation Of Double-Strand Break Repair Via Nonhomologous End Joining (GO:2001033),-0.43328143121672824,-0.8860747536843208,0.625,1.0,1.0,1/6,3.46%,HMGA2
prerank,Regulation Of Transcription From RNA Polymerase II Promoter In Response To Hypoxia (GO:0061418),0.49265366454087434,0.885977230130796,0.6530612244897959,0.8925062236807039,1.0,2/5,6.16%,SIRT2;NFE2L2
prerank,Positive Regulation Of Cytokinesis (GO:0032467),-0.3297420483673904,-0.885927033283928,0.6458333333333334,1.0,1.0,8/23,16.06%,SSTR5;CDC6;CXCR5;ECT2;KIF14;CDCA8;CIT;CDC14B
prerank,Negative Regulation Of Microtubule Depolymerization (GO:0007026),-0.3348132007637675,-0.8858832024446509,0.660377358490566,1.0,1.0,3/17,14.32%,STMN2;TPX2;ARHGEF2
prerank,Purine Ribonucleotide Biosynthetic Process (GO:0009152),0.2623862959097924,0.8854144724552397,0.6111111111111112,0.8932717247664581,1.0,6/43,9.55%,ADCY8;ADCY4;GART;PRKAG2;ADCY1;PAPSS2
prerank,Intrinsic Apoptotic Signaling Pathway In Response To Endoplasmic Reticulum Stress (GO:0070059),0.3037598252608723,0.8850690318427693,0.6136363636363636,0.8936852318914392,1.0,4/21,8.51%,BRSK2;PPP1R15A;DDIT3;QRICH1
prerank,Regulation Of Chemokine Production (GO:0032642),0.2964597780105666,0.8848002326244895,0.6451612903225806,0.8938436324116262,1.0,7/24,16.08%,IFNG;EGR1;FOXP1;ADAM17;CD74;SIGIRR;TLR7
prerank,Mitochondrial Ribosome Assembly (GO:0061668),0.3845310779135348,0.8840395952693402,0.5588235294117647,0.8949651618294178,1.0,2/7,18.90%,MTERF4;MRM2
prerank,Regulation Of Phosphoprotein Phosphatase Activity (GO:0043666),0.2914580779023334,0.884032418485975,0.6956521739130435,0.8945519762574614,1.0,11/28,27.95%,PPP1R15A;CALM3;ITGA1;CD300A;PPP1R2;GNA12;STYXL1;PPP1R12A;HTT;FKBP1A;GSK3B
prerank,Positive Regulation Of Monoatomic Ion Transport (GO:0043270),0.27114466109077345,0.8840253798456666,0.6363636363636364,0.8941391910591214,1.0,7/27,18.02%,CHRM1;FHL1;TRPC6;CAMK2A;ANK3;WFS1;PRSS8
prerank,Plasma Membrane Bounded Cell Projection Assembly (GO:0120031),-0.22160413795966208,-0.8836301179683299,0.7361111111111112,1.0,1.0,63/230,22.25%,CCNO;MRAP;FOXJ1;CCDC113;MAP4K4;TEKT5;UBXN10;NTN1;SRGAP3;CIBAR2;KIF24;CFAP47;IQUB;CCDC96;CFAP58;ABLIM2;CFAP54;CEP250;FGD1;CLUAP1;GOLPH3;IFT46;TMEM216;OFD1;CEP126;RAB23;CFAP43;TEKT2;KIAA0753;CCL21;DUSP23;TTC39C;DNMBP;UNC119B;TMEM231;DZIP1;CDC14B;HYLS1;FAM161A;DNAH5;POC1A;CEP164;RHOD;FSCN1;IFT43;DNAAF1;RAP2B;GSN;MKS1;SPAG6;TRAF3IP1;MYLK;S1PR2;CFAP70;HOATZ;CPLANE2;IFT140;ARL3;RFX3;KIF3B;TMEM67;CFAP298;CEP19
prerank,Negative Regulation Of Protein Maturation (GO:1903318),-0.45276658139044473,-0.8835426941729267,0.6065573770491803,1.0,1.0,2/6,8.65%,CHAC1;PRNP
prerank,Positive Regulation Of Developmental Process (GO:0051094),-0.22458920002522412,-0.8833997521009236,0.7530864197530864,1.0,1.0,38/178,19.65%,AMTN;LEP;MIXL1;WNT5A;GDNF;AGR2;BASP1;CDC20;ENPP2;RBBP7;BMPR1B;SHANK1;DPF3;MDK;LEF1;SOX9;ZP3;SAP30;TMEM119;ISL1;APOE;XBP1;ZNF703;SLC6A6;VEGFA;BMP7;REST;DDHD1;FOXD1;CAMK2B;ALK;HSP90AB1;DLG4;SIN3A;SMARCD1;B4GALT5;VPS35;MAD2L2
prerank,Negative Regulation Of Phosphatase Activity (GO:0010923),0.3489724874914857,0.8833338639935947,0.6585365853658537,0.8952452068216313,1.0,5/12,28.95%,PPP1R15A;STYXL1;FKBP1A;GSK3B;TGFB2
prerank,Monosaccharide Biosynthetic Process (GO:0046364),-0.4323961701123505,-0.8828433324003669,0.5614035087719298,1.0,1.0,2/5,8.68%,G6PD;CHST15
prerank,Regulation Of Transcription Involved In G1/S Transition Of Mitotic Cell Cycle (GO:0000083),0.30247323486311467,0.8828099878690588,0.5945945945945946,0.8959449830906421,1.0,4/18,14.03%,CDK17;CDK16;KLF11;RB1
prerank,Positive Regulation Of Interleukin-4 Production (GO:0032753),0.3364138536946846,0.8827351132964489,0.6041666666666666,0.8957449053878153,1.0,5/13,19.55%,GATA3;PRKCZ;RARA;PRKCQ;FCER1G
prerank,Defense Response To Gram-negative Bacterium (GO:0050829),-0.29342542458955084,-0.8825715375954667,0.6206896551724138,1.0,1.0,11/32,26.30%,LTF;RNASE2;IGHM;H2BC11;RNASE6;TREM2;SERPINE1;H2BC12;RNASE7;RNASE3;IRGM
prerank,Excitatory Synapse Assembly (GO:1904861),-0.412458193763626,-0.8822395477732164,0.6190476190476191,1.0,1.0,3/8,9.20%,WNT5A;SRGAP3;LRRC4
prerank,Regulation Of Nuclear Division (GO:0051783),-0.38038244345910843,-0.8818730375879925,0.5957446808510638,1.0,1.0,4/13,15.07%,RCC1;NEK2;MKI67;PDXP
prerank,Telomere Maintenance Via Telomere Lengthening (GO:0010833),0.3202629043047888,0.8818331499410069,0.5714285714285714,0.8973973903421112,1.0,6/17,22.66%,PINX1;CTC1;HSP90AA1;RAD51;RFC1;MRE11
prerank,Positive Regulation Of Dendritic Spine Morphogenesis (GO:0061003),0.40364394145912424,0.8818286914713802,0.6428571428571429,0.8969842274308212,1.0,1/7,2.11%,DHX36
prerank,Organophosphate Catabolic Process (GO:0046434),-0.3989870722841755,-0.8816141887618407,0.5833333333333334,1.0,1.0,4/10,15.07%,LIPG;ENPP2;PLBD2;PDXP
prerank,Oligosaccharide-Lipid Intermediate Biosynthetic Process (GO:0006490),-0.37812360074741436,-0.8816079260956489,0.6,1.0,1.0,1/11,2.94%,ALG3
prerank,Positive Regulation Of Endoplasmic Reticulum Stress-Induced Intrinsic Apoptotic Signaling Pathway (GO:1902237),0.4503114026591181,0.8815244862375363,0.6363636363636364,0.8972088855143211,1.0,1/6,4.30%,DDIT3
prerank,Cellular Response To Retinoic Acid (GO:0071300),-0.30470720621908387,-0.8814604736068123,0.640625,1.0,1.0,7/28,19.82%,WNT5A;WNT6;BRINP3;SOX9;RORB;FZD7;MEIOSIN
prerank,Negative Regulation Of Cell Migration Involved In Sprouting Angiogenesis (GO:0090051),0.3383991925193733,0.8814401848561355,0.6595744680851063,0.8969674798320737,1.0,2/11,8.75%,KLF4;DLL4
prerank,Photoreceptor Cell Development (GO:0042461),-0.35799294456141756,-0.8814086767292968,0.6190476190476191,1.0,1.0,5/12,21.31%,CDHR1;DZANK1;RORB;VEGFA;ARL3
prerank,Regulation Of Vascular Associated Smooth Muscle Cell Apoptotic Process (GO:1905459),0.44392492645256154,0.8813665994764123,0.6304347826086957,0.8966920702565955,1.0,2/5,6.62%,PPARG;MFN2
prerank,"Negative Regulation Of DNA-templated Transcription, Elongation (GO:0032785)",-0.3983457994120847,-0.8813049043395809,0.7049180327868853,1.0,1.0,1/11,3.60%,NELFA
prerank,Chromatin Organization (GO:0006325),0.1984520960077371,0.8812676798140981,0.85,0.8964785231026327,1.0,62/209,28.57%,KDM5C;NASP;INO80;TCF7L1;BRD2;CHD8;GATAD2B;EZHIP;PER1;TAF6L;BCL7B;EHMT1;KDM4A;KDM5A;CECR2;KAT6B;HDAC8;CBX1;DAXX;RYBP;BAZ2A;PWWP2A;ESR1;SMARCC2;GET1;MCRS1;RB1;CHD4;WAC;BRD7;HDAC4;RBBP4;BPTF;SMARCA4;PHF19;SIRT1;GATAD1;HNRNPU;KDM4E;PIH1D1;BANF1;KDM6B;HMG20A;CHRAC1;BAZ1A;MTF2;NAA60;H3-3A;YEATS2;CHTOP;KAT2A;KAT2B;SMARCA2;CABIN1;SKP1;RUVBL1;BAZ2B;SLFN11;SETD4;CFDP1;GATAD2A;BRD9
prerank,Regulation Of Leukocyte Degranulation (GO:0043300),0.4076265420777326,0.8809230199809149,0.6382978723404256,0.8968261257537773,1.0,1/6,12.77%,FES
prerank,Negative Regulation Of Epithelial To Mesenchymal Transition (GO:0010719),-0.32392687900873096,-0.8807312296046863,0.6101694915254238,1.0,1.0,6/27,9.89%,SFRP2;SFRP1;SPRED3;SPRY1;IL17RD;ZNF750
prerank,Regulation Of Actomyosin Structure Organization (GO:0110020),0.3708464692018938,0.8800312293546105,0.6181818181818182,0.8981238033962335,1.0,2/12,7.58%,CDC42;FHOD1
prerank,Early Endosome To Golgi Transport (GO:0034498),0.3673780378442194,0.8797994814236773,0.5,0.8981832427227316,1.0,7/11,39.04%,SNX1;SNX8;SNX2;RBSN;SURF4;STX5;TRAPPC10
prerank,Respiratory System Development (GO:0060541),-0.3048471817566752,-0.8795574793633488,0.5409836065573771,1.0,1.0,4/27,5.51%,CHI3L1;STRA6;FGF7;BASP1
prerank,Protein-Containing Complex Organization (GO:0043933),0.20924178654475123,0.8794980574053339,0.8125,0.8982972719993357,1.0,27/105,22.78%,TCAP;CAPN3;PARD6B;MAGI1;IL1RAP;HSF1;APC;KMT2A;TEAD2;LPXN;LIN7A;VIL1;TEAD1;OCLN;CAPZA2;PPARGC1A;REPS2;CD74;VAMP2;DMTN;CARD10;FANCA;WASF3;MITF;CREBBP;NUP98;AP2M1
prerank,Monocarboxylic Acid Metabolic Process (GO:0032787),-0.266042750137096,-0.8791638053374665,0.7246376811594203,1.0,1.0,13/71,10.84%,CYP1A1;KRT17;IGF1;GGT5;ABCB11;SGPL1;FA2H;KYNU;ACBD7;CYP4F11;VNN1;ME2;ACBD5
prerank,Vasoconstriction (GO:0042310),-0.4513923453327682,-0.8787083663262303,0.6428571428571429,1.0,1.0,2/6,4.73%,HTR2B;EDN2
prerank,Spleen Development (GO:0048536),0.4517686195438999,0.8786000520265991,0.6415094339622641,0.8994831264516,1.0,3/5,23.47%,CITED2;PCID2;RIPK3
prerank,Positive Regulation Of Interleukin-1 Production (GO:0032732),-0.29236699992282333,-0.8784778579602164,0.7333333333333333,1.0,1.0,10/35,18.00%,WNT5A;SAA1;AIM2;INAVA;ISL1;F2RL1;PANX1;TRIM16;TLR6;IFI16
prerank,Negative Regulation Of Fibroblast Proliferation (GO:0048147),-0.36089746752389107,-0.8783694109083665,0.6166666666666667,1.0,1.0,3/14,12.23%,SFRP1;NLRC3;TRIM32
prerank,Stress-Induced Premature Senescence (GO:0090400),-0.42711130629881666,-0.8781993396273061,0.6557377049180327,1.0,1.0,5/7,32.77%,WNT16;CDKN1A;PLA2R1;MAPK14;MAPKAPK5
prerank,Positive Regulation Of Fatty Acid Beta-Oxidation (GO:0032000),-0.4196063896836864,-0.8780701395799526,0.6666666666666666,1.0,1.0,4/8,25.78%,TWIST1;IRS1;PPARA;ABCD2
prerank,Calcium Ion Transport Into Cytosol (GO:0060402),0.3903378351960635,0.8780585480107573,0.5192307692307693,0.9000127047282126,1.0,3/8,19.22%,JPH1;JPH4;CACNA1C
prerank,Regulation Of Cilium Assembly (GO:1902017),0.2356459825494752,0.8778904992025962,0.7575757575757576,0.8998869533813499,1.0,18/58,28.05%,CDKL5;FUZ;TBC1D17;SGSM3;MARK4;CDK10;DYNLT2B;TAPT1;CEP120;TBC1D10C;TBC1D22A;DCDC2;GDI2;EVI5L;HTT;TBC1D7;GSK3B;BBS4
prerank,Positive Regulation Of DNA Methylation-Dependent Heterochromatin Formation (GO:0090309),0.37245688168076707,0.8775642863154437,0.6666666666666666,0.9002385666652633,1.0,2/9,14.47%,MPHOSPH8;SETDB1
prerank,Positive Regulation Of Muscle Hypertrophy (GO:0014742),-0.35689555922946237,-0.8774527990363347,0.6666666666666666,1.0,1.0,5/13,24.78%,IGF1;CAMK2D;ROCK2;SLC9A1;NR4A3
prerank,Stem Cell Differentiation (GO:0048863),-0.29494221943668564,-0.8774297127586486,0.676923076923077,1.0,1.0,7/34,13.81%,MEOX1;HTR2B;HMGA2;SFRP1;EPCAM;SOX21;SP7
prerank,Regulation Of Striated Muscle Cell Differentiation (GO:0051153),-0.4485108495648308,-0.8767636196077229,0.6949152542372882,1.0,1.0,3/6,16.26%,MESP1;RBM24;HDAC9
prerank,TOR Signaling (GO:0031929),0.29076649388130965,0.876748851060001,0.5777777777777777,0.901612016220844,1.0,7/22,28.00%,GATA3;RPS6KB1;PRR5;LAMTOR1;MAPKAP1;RICTOR;FLCN
prerank,Protein-Containing Complex Disassembly (GO:0032984),0.2506115921614291,0.876577033440669,0.6923076923076923,0.9015129230809231,1.0,15/52,32.74%,TSG101;CLN3;UVRAG;CHMP1A;VCP;TECPR1;APEH;CHMP4A;MAP1LC3B;GSK3B;PEX5;MAP1LC3C;NAPA;HSPA8;PYM1
prerank,Positive Regulation Of Transmembrane Receptor Protein Serine/Threonine Kinase Signaling Pathway (GO:0090100),-0.2503689381449563,-0.8764173463440941,0.6764705882352942,1.0,1.0,22/78,20.65%,BMP15;GDF15;SOX11;SULF1;INHBB;INHBE;BMP8A;KIAA0319;TWSG1;GDF3;GDF6;LRG1;BMP7;SCUBE3;BMP8B;GDF11;FOXD1;HSP90AB1;STK11;GDF7;CCNA2;RBPJ
prerank,Negative Regulation Of Protein Import Into Nucleus (GO:0042308),-0.4521070861369297,-0.8761749762153601,0.6666666666666666,1.0,1.0,3/6,26.29%,RAB23;SUMO1;SUFU
prerank,DNA-templated Transcription Initiation (GO:0006352),0.2696705920018534,0.8760579111431541,0.7777777777777778,0.9021219522306267,1.0,15/47,25.25%,CRCP;ERCC3;CCNH;PPARGC1A;TBP;TAF6;TAF2;MED23;POLR3H;ELOC;MAZ;GTF2B;CDK9;ZFP36L1;GTF3C1
prerank,Regulation Of Protein Localization To Plasma Membrane (GO:1903076),0.24211475283026562,0.8760374416223501,0.8055555555555556,0.9017437173398797,1.0,16/67,19.16%,SPTBN1;IFNG;ITGA3;GPER1;RAMP3;CLN3;ITGB1;CLIP3;STAC;PRKCH;ACTB;PPP2R5A;GBP1;ATP2B4;RSC1A1;PPFIA1
prerank,Positive Regulation Of Viral Life Cycle (GO:1903902),-0.31790006614402566,-0.8758290713294911,0.6101694915254238,1.0,1.0,2/20,3.75%,TMPRSS4;CD209
prerank,Regulation Of Cyclic-Nucleotide Phosphodiesterase Activity (GO:0051342),0.44089902155363087,0.8758233724573474,0.6666666666666666,0.9018487463702066,1.0,2/6,12.50%,GNAT1;CALM3
prerank,Regulation Of Protein Exit From Endoplasmic Reticulum (GO:0070861),0.3965053926345834,0.8757780195562475,0.6296296296296297,0.901511793860585,1.0,3/9,24.05%,TMEM30A;CD81;SLC51B
prerank,Aminoglycan Catabolic Process (GO:0006026),0.36300218160706843,0.8756271405272454,0.7045454545454546,0.9013722165416854,1.0,4/9,18.46%,HYAL1;GNS;HYAL2;OVGP1
prerank,Positive Regulation Of Mitotic Cell Cycle Spindle Assembly Checkpoint (GO:0090267),-0.36733260967261744,-0.8754746255114718,0.6181818181818182,1.0,1.0,4/9,24.02%,NDC80;CDCA8;MAD2L1;INCENP
prerank,Positive Regulation Of Spindle Checkpoint (GO:0090232),-0.36733260967261744,-0.8754746255114718,0.6181818181818182,1.0,1.0,4/9,24.02%,NDC80;CDCA8;MAD2L1;INCENP
prerank,Gliogenesis (GO:0042063),-0.3809451030994584,-0.8753284199640549,0.6,1.0,1.0,5/13,15.73%,CDH2;VCAN;NDUFS2;GCM1;HAPLN3
prerank,Internal Peptidyl-Lysine Acetylation (GO:0018393),0.2690741880073226,0.8751297746175047,0.6666666666666666,0.9020885218861411,1.0,13/30,26.16%,TAF6L;MORF4L1;SUPT3H;EPC1;VPS72;MEAF6;PHF20L1;MBTD1;CREBBP;YEATS2;KAT2A;KAT2B;RUVBL1
prerank,Positive Regulation Of Lipopolysaccharide-Mediated Signaling Pathway (GO:0031666),-0.42504921587175304,-0.8750074122954072,0.6346153846153846,1.0,1.0,2/6,17.54%,CD180;LY96
prerank,Anaphase-Promoting Complex-Dependent Catabolic Process (GO:0031145),-0.3267886836343097,-0.8747714570444992,0.6119402985074627,1.0,1.0,3/20,8.62%,CDC20B;CDC20;UBE2C
prerank,tRNA 5'-Leader Removal (GO:0001682),0.37499393108218493,0.8746920639225552,0.5686274509803921,0.9025869126704147,1.0,1/9,5.44%,SSB
prerank,Endosomal Lumen Acidification (GO:0048388),0.38546191810140407,0.8746839697728109,0.5882352941176471,0.902189185250744,1.0,3/9,13.84%,ATP6V0A1;ATP6V0C;ATP6V1A
prerank,Respiratory Tube Development (GO:0030323),-0.3067154185019966,-0.8745459487917221,0.6229508196721312,1.0,1.0,3/24,4.81%,CHI3L1;STRA6;FGF7
prerank,Cellular Response To Prostaglandin Stimulus (GO:0071379),-0.39190852657676145,-0.8743726062051154,0.6,1.0,1.0,4/8,24.73%,SFRP1;TNFSF4;PTGER2;AKR1C2
prerank,Negative Regulation Of DNA Metabolic Process (GO:0051053),-0.29449522188977295,-0.8738683538808857,0.6875,1.0,1.0,5/32,8.14%,ADIPOQ;H1-3;H1-5;H1-1;CDC6
prerank,Negative Regulation Of Calcineurin-Mediated Signaling (GO:0106057),-0.37537046117071393,-0.8736701052890333,0.6825396825396826,1.0,1.0,2/11,8.65%,FHL2;PRNP
prerank,Negative Regulation Of calcineurin-NFAT Signaling Cascade (GO:0070885),-0.37537046117071393,-0.8736701052890333,0.6825396825396826,1.0,1.0,2/11,8.65%,FHL2;PRNP
prerank,Tetrapyrrole Metabolic Process (GO:0033013),0.3645625848185824,0.8735829085198361,0.5531914893617021,0.9039484884737604,1.0,3/9,26.35%,ABCD4;MMAA;MMADHC
prerank,Positive Regulation Of Myeloid Leukocyte Differentiation (GO:0002763),0.2700781155327111,0.8735379586984876,0.7380952380952381,0.9035640479295279,1.0,10/32,16.52%,IFNG;IL34;NEDD9;HSF1;PF4;FES;CSF1;CD74;CTNNBIP1;DCSTAMP
prerank,Regulation Of Stem Cell Differentiation (GO:2000736),-0.29226578908251255,-0.8731778676860937,0.7619047619047619,1.0,1.0,7/39,13.81%,SLC4A11;GDNF;RBBP7;NSUN2;PDGFRA;RBM24;SP7
prerank,Response To Interleukin-1 (GO:0070555),-0.25219922115839477,-0.8729306260238755,0.6285714285714286,1.0,1.0,11/59,13.89%,CHI3L1;CCL1;CCL13;SFRP1;CCL22;CCL11;SOX9;NR1D1;TNFRSF11A;ADAMTS12;CCL21
prerank,Response To Type II Interferon (GO:0034341),-0.2665447006862207,-0.8726705770913857,0.6470588235294118,1.0,1.0,7/48,8.44%,CCL1;WNT5A;GBP6;CCL13;CCL22;KYNU;CCL11
prerank,Epithelial Cilium Movement Involved In Determination Of Left/Right Asymmetry (GO:0060287),-0.4386051464312434,-0.872638840408249,0.6530612244897959,1.0,1.0,4/8,21.37%,CFAP53;OFD1;DNAAF1;RFX3
prerank,Cellular Response To Lipopolysaccharide (GO:0071222),-0.2517930325635227,-0.8724610137991174,0.734375,1.0,1.0,12/90,10.38%,CXCL13;IL36RN;NFKBIL1;WNT5A;CD180;CXCL6;PF4V1;NUGGC;IL10;LDOC1;IL36G;NR1D1
prerank,"Maturation Of 5.8S rRNA From Tricistronic rRNA Transcript (SSU-rRNA, 5.8S rRNA, LSU-rRNA) (GO:0000466)",-0.33758298637233763,-0.8720187151276738,0.7083333333333334,1.0,1.0,4/17,16.60%,URB1;WDR12;RRS1;UTP20
prerank,Protein Localization To Chromatin (GO:0071168),-0.2975487285678948,-0.8717525529429189,0.625,1.0,1.0,5/23,10.41%,H1-5;ZMYND8;H2BC11;LEF1;TONSL
prerank,Mitochondrial tRNA Processing (GO:0090646),-0.48182154692167356,-0.8715953958328093,0.6545454545454545,1.0,1.0,3/5,37.26%,METTL8;PRORP;TRNT1
prerank,Muscle Cell Development (GO:0055001),0.29825581040521104,0.8715626565508611,0.5581395348837209,0.9071300572764771,1.0,5/18,13.93%,TCAP;CAV3;ENG;TTN;CXADR
prerank,Artery Morphogenesis (GO:0048844),0.28854772439268334,0.8714330238592937,0.6216216216216216,0.9069611757453127,1.0,12/26,30.20%,TBX2;HPGD;ENG;FOXF1;SMAD7;LRP2;HES1;TFAP2B;BMPR2;JAG1;TGFB2;NOG
prerank,pre-miRNA Processing (GO:0031054),0.4275465337081089,0.8713462657365043,0.6326530612244898,0.9066841517299002,1.0,4/7,26.98%,TUT4;AGO2;AGO4;AGO3
prerank,Response To Fatty Acid (GO:0070542),-0.34238003894717106,-0.8713151697373853,0.6507936507936508,1.0,1.0,9/15,24.48%,SOX9;PID1;GLDC;FFAR3;IRS1;FOXO1;UCP1;ILDR1;FOXO3
prerank,Positive Regulation Of Fibroblast Migration (GO:0010763),0.4073807239446827,0.8712707782679583,0.6666666666666666,0.9064141576733142,1.0,4/7,30.14%,ITGB1;DMTN;PTK2;PRKCE
prerank,Positive Regulation Of Calcium Ion Transmembrane Transporter Activity (GO:1901021),-0.3030662045242726,-0.8711844631408383,0.7017543859649122,1.0,1.0,4/23,13.57%,STAC2;P2RY6;JPH2;CASQ1
prerank,"Positive Regulation Of CD4-positive, Alpha-Beta T Cell Activation (GO:2000516)",0.33781709212639816,0.8710628274662885,0.6326530612244898,0.9063878718677845,1.0,3/11,20.28%,XCL1;PRKCQ;CD81
prerank,Renal System Development (GO:0072001),-0.2827284303838897,-0.8707919739816079,0.6923076923076923,1.0,1.0,9/48,11.53%,TFAP2A;STRA6;SIX2;SIX1;SULF1;WNT4;FOXC1;C1GALT1;MYOCD
prerank,Potassium Ion Homeostasis (GO:0055075),-0.35751747976947257,-0.8707532685352971,0.6451612903225806,1.0,1.0,7/14,26.24%,SLC12A3;ATP1B2;KCNMA1;SLC12A7;ATP1B3;ATP1A1;KCNJ2
prerank,Antiviral Innate Immune Response (GO:0140374),0.2795313046666973,0.8705593163046836,0.65,0.9071254122735745,1.0,9/33,23.24%,IFIT3;MX1;SENP7;TRIM25;USP44;IFIT1;PHB1;CXCL10;NMB
prerank,Positive Regulation Of Cell Death (GO:0010942),-0.30351912484556776,-0.8704821606229285,0.7213114754098361,1.0,1.0,9/33,17.79%,MMP3;WNT5A;HBB;PRNP;SLC6A6;ITGB2;CLU;REST;AXIN2
prerank,Positive Regulation Of Pathway-Restricted SMAD Protein Phosphorylation (GO:0010862),-0.28277239733392956,-0.8695388281150036,0.6461538461538462,1.0,1.0,11/42,17.10%,BMP15;GDF15;INHBB;INHBE;BMP8A;TWSG1;GDF3;GDF6;BMP7;BMP8B;GDF11
prerank,Negative Regulation Of Systemic Arterial Blood Pressure (GO:0003085),0.4486185199985533,0.869464690471142,0.5769230769230769,0.9089702479756303,1.0,3/6,28.29%,ADRB2;GPR37L1;BMPR2
prerank,Positive Regulation Of Protein Kinase C Signaling (GO:0090037),-0.4263558560231707,-0.8693065093873463,0.5769230769230769,1.0,1.0,2/6,14.57%,WNT5A;VEGFA
prerank,Monoatomic Cation Homeostasis (GO:0055080),0.23792296861841056,0.8691711621729876,0.8,0.9090845933244555,1.0,15/59,18.19%,CAV1;SLC24A4;SLC11A1;SNCA;CYP4A11;ANK3;SLC39A4;SLC12A9;SLC12A4;COMMD1;S100A14;TMPRSS6;WFS1;LETM2;SLC39A8
prerank,Cellular Response To Tumor Necrosis Factor (GO:0071356),-0.24427698360542904,-0.8690160653850213,0.6716417910447762,1.0,1.0,18/88,14.32%,CHI3L1;CCL1;TNFSF11;OCSTAMP;CCL13;SFRP1;AIM2;PLVAP;CCL22;TNFRSF21;CCL11;NR1D1;PID1;TNFRSF11A;GSDME;ADAMTS12;CCL21;ARHGEF2
prerank,Positive Regulation Of Protein Serine/Threonine Kinase Activity (GO:0071902),-0.2450772120563618,-0.8684690058661586,0.6794871794871795,1.0,1.0,9/92,5.71%,ADIPOQ;WNT5A;TNFSF11;HTR2B;HMGA2;LTF;DIRAS1;CD24;ADRA2A
prerank,Glucose Metabolic Process (GO:0006006),0.25120801833652207,0.8681557287889545,0.6666666666666666,0.9109132423453932,1.0,6/42,12.49%,TKTL1;GALM;BRAT1;FBP1;LRP5;PPARGC1A
prerank,Adrenergic Receptor Signaling Pathway (GO:0071875),0.3636029371668822,0.8680732930504925,0.6808510638297872,0.910642007620107,1.0,2/12,4.63%,ADRB1;ADRB2
prerank,Negative Regulation Of Double-Strand Break Repair Via Homologous Recombination (GO:2000042),-0.34301725347602646,-0.8680184497184499,0.6538461538461539,1.0,1.0,7/19,29.89%,POLQ;MAD2L2;RMI2;MAGEF1;FBH1;HELB;FANCB
prerank,Embryonic Digit Morphogenesis (GO:0042733),-0.3414292100162639,-0.8679849022593473,0.6792452830188679,1.0,1.0,2/15,2.93%,OSR2;TWIST1
prerank,Regulation Of Neuron Migration (GO:2001222),-0.3081806896241457,-0.8677823513523547,0.6417910447761194,1.0,1.0,9/27,17.49%,COL3A1;TNN;SRGAP3;MDK;ARHGEF2;SEMA3A;IGSF10;CAMK2B;NSMF
prerank,Positive Regulation Of Toll-Like Receptor 4 Signaling Pathway (GO:0034145),-0.40337876169682774,-0.8675109640677472,0.6181818181818182,1.0,1.0,2/9,10.97%,LTF;F2RL1
prerank,Embryonic Limb Morphogenesis (GO:0030326),-0.30246347918661876,-0.8674713412525398,0.6842105263157895,1.0,1.0,3/28,2.93%,OSR2;TFAP2A;TWIST1
prerank,Negative Regulation Of Vascular Associated Smooth Muscle Cell Proliferation (GO:1904706),0.32329426862508026,0.8674626539844367,0.7142857142857143,0.9114904084574049,1.0,2/15,4.98%,PPARG;GPER1
prerank,Regulation Of Nitric-Oxide Synthase Activity (GO:0050999),0.3198929742403212,0.8672326776677906,0.5609756097560976,0.9116033392970248,1.0,5/19,9.53%,CAV3;IL1A;IL1B;SCARB1;S100A1
prerank,Regulation Of Granulocyte Chemotaxis (GO:0071622),0.3199606170930511,0.8669974538078927,0.6857142857142857,0.9116353208635137,1.0,4/15,15.48%,IL34;BST1;CSF1;S100A14
prerank,Negative Regulation Of Metabolic Process (GO:0009892),0.24690313626282318,0.8668456950748997,0.6875,0.9115797347763266,1.0,10/46,17.70%,NOVA2;NR1H2;DOCK7;DDIT3;IL1B;ID1;RB1;ADAM17;IL15;PLCL2
prerank,Nucleosome Assembly (GO:0006334),-0.2960316596580706,-0.8666858950048106,0.6515151515151515,1.0,1.0,6/40,11.10%,H2BC14;H2BC9;H2BC13;H2BC11;SOX9;H2BC17
prerank,Regulation Of Peptidyl-Tyrosine Phosphorylation (GO:0050730),-0.2666682292596787,-0.8665182206829278,0.676923076923077,1.0,1.0,14/70,14.57%,SFRP2;IL22RA2;IGF1;FGF7;SFRP1;IL11;ENPP2;ITGB3;PRNP;IL5;ITGB2;ARHGEF2;EFNA5;VEGFA
prerank,Positive Regulation Of Autophagy Of Mitochondrion (GO:1903599),0.38938801568661596,0.8662048246577415,0.6363636363636364,0.9125135766727597,1.0,4/9,29.64%,PRKN;SLC25A4;HTT;CAMKK2
prerank,Regulation Of Release Of Sequestered Calcium Ion Into Cytosol By Sarcoplasmic Reticulum (GO:0010880),-0.34279710790316253,-0.865741149090466,0.6595744680851063,1.0,1.0,4/18,17.13%,HRC;CAMK2D;CASQ1;CASQ2
prerank,Adenylate Cyclase-Activating Adrenergic Receptor Signaling Pathway (GO:0071880),0.38302680707548636,0.8656167299574491,0.7021276595744681,0.9132850789300927,1.0,5/9,26.30%,ADRB1;ADRB2;ADRA1D;RAPGEF2;ADRA1B
prerank,Mitochondrion Morphogenesis (GO:0070584),-0.44047079689776236,-0.8655995139523633,0.6170212765957447,1.0,1.0,3/7,11.74%,NUBPL;WASF1;PID1
prerank,Negative Regulation Of Anoikis (GO:2000811),0.3330259070780849,0.8655292498823325,0.7045454545454546,0.9130943087138241,1.0,2/14,7.06%,CAV1;ITGB1
prerank,Mitotic DNA Replication Checkpoint Signaling (GO:0033314),-0.39513848085459247,-0.865278300680673,0.6511627906976745,1.0,1.0,5/8,28.57%,TICRR;ORC1;CLSPN;TOPBP1;ZNF830
prerank,T Cell Proliferation (GO:0042098),0.3749754289964997,0.8651481704836866,0.6153846153846154,0.9134279478009217,1.0,3/10,22.15%,SLC11A1;DOCK8;CRTAM
prerank,Regulation Of Lipid Transport (GO:0032368),0.3519861125433117,0.8645565878650425,0.5681818181818182,0.9142650982014262,1.0,2/10,6.48%,NR1H2;PRKN
prerank,Positive Regulation Of Cytokine Production (GO:0001819),-0.21604987747589857,-0.8645499854046188,0.7974683544303798,1.0,1.0,34/229,13.13%,ADIPOQ;MMP8;LEP;POU2AF1;CYP1B1;CHI3L1;CCL1;WNT5A;TWIST1;HTR2B;SULF1;SAA1;SLC7A5;SCAMP5;KLRF2;HLA-A;ADRA2A;INAVA;HILPDA;IL10;MDK;ZP3;TRAF3IP3;CD28;LY9;ISL1;F2RL1;CCR7;LURAP1;XBP1;EREG;FADD;RUNX1;TIGIT
prerank,Regulation Of Monoatomic Ion Transmembrane Transport (GO:0034765),0.2983563709186791,0.8643380726812764,0.6666666666666666,0.9142957141125108,1.0,10/24,29.33%,WWP2;KCNJ3;NEDD4L;KCNJ9;NEDD4;KCNJ1;GRIN2C;WNK1;KCNJ10;KCNJ15
prerank,T Cell Homeostasis (GO:0043029),-0.34411932156109076,-0.863753635808609,0.5272727272727272,1.0,1.0,3/14,14.38%,FOXP3;FADD;JAK3
prerank,Dendritic Spine Morphogenesis (GO:0060997),-0.36515785244188037,-0.8637127267399967,0.6153846153846154,1.0,1.0,7/12,20.16%,SHANK1;DOCK10;EPHB3;EPHB1;PAK3;DLG4;PTEN
prerank,Hexose Biosynthetic Process (GO:0019319),-0.3083231283365925,-0.8636107627727688,0.671875,1.0,1.0,5/24,18.51%,KRT17;CHST15;SLC39A14;TPI1;SLC25A10
prerank,Regulation Of Toll-Like Receptor Signaling Pathway (GO:0034121),0.33981296539416095,0.8631949295548351,0.5897435897435898,0.916185342614464,1.0,4/15,10.44%,CD36;GPS2;IRF1;NLRP2B
prerank,Negative Regulation Of Protein Tyrosine Kinase Activity (GO:0061099),-0.32332713826160436,-0.8629632458155031,0.7037037037037037,1.0,1.0,4/21,12.44%,THY1;CBLC;SH3BP5L;SRCIN1
prerank,Positive Regulation Of Dendritic Spine Development (GO:0060999),0.30973804008132555,0.8629156409163785,0.5945945945945946,0.9163424768521179,1.0,2/16,3.93%,DHX36;SHANK3
prerank,Regulation Of Actin Nucleation (GO:0051125),0.3182138629727452,0.862686026644448,0.7222222222222222,0.9163854776048241,1.0,7/16,32.08%,VIL1;WASHC2A;CARMIL1;CORO1A;WASHC3;WASHC4;ARPIN
prerank,Regulation Of Histone Deacetylation (GO:0031063),0.3240141512316018,0.862645166028568,0.6756756756756757,0.9160062223981251,1.0,9/19,25.53%,SGF29;BAZ2A;MBIP;SIRT1;RRP8;YEATS2;NIPBL;KAT2A;KAT2B
prerank,Mitophagy (GO:0000423),0.34053626224164746,0.8625546017575763,0.7073170731707317,0.9157880933129946,1.0,2/14,6.48%,TAFAZZIN;PRKN
prerank,Negative Regulation Of Alpha-Beta T Cell Activation (GO:0046636),0.4438971109908619,0.8625493142158329,0.7291666666666666,0.9153693049495886,1.0,3/6,22.41%,IHH;CD300A;VSIR
prerank,Response To Interferon-Beta (GO:0035456),0.30712414637610747,0.8619776361360566,0.6875,0.9161086876995543,1.0,7/21,23.68%,XAF1;STAT1;IRF1;CAMK2A;NDUFA13;PYHIN1;UBE2G2
prerank,Macromolecule Modification (GO:0043412),-0.2482662886536689,-0.861952441788603,0.711864406779661,1.0,1.0,12/63,19.82%,ST8SIA2;TGM5;LOX;ST6GAL1;ST8SIA4;LOXL2;QPCT;FBXL2;ICMT;ABL2;ST3GAL1;MSRA
prerank,Positive Regulation Of Epidermis Development (GO:0045684),0.40696862402527656,0.8618075631471459,0.62,0.9159710891328058,1.0,3/7,14.72%,KRT2;SULT2B1;SFRP4
prerank,Potassium Ion Export Across Plasma Membrane (GO:0097623),-0.42992032275468495,-0.861627974892685,0.6938775510204082,1.0,1.0,2/8,6.49%,KCND3;KCNE4
prerank,Positive Regulation Of Autophagy Of Mitochondrion In Response To Mitochondrial Depolarization (GO:1904925),0.44718792445585953,0.861417558394676,0.6666666666666666,0.9163217011306041,1.0,2/5,11.87%,PRKN;TOMM7
prerank,Phospholipid Translocation (GO:0045332),0.2998075522621917,0.8612994526896711,0.7674418604651163,0.9161974976344904,1.0,7/23,20.47%,ATP8A1;PLSCR3;PLSCR4;MFSD2A;ATP10A;TMEM30A;ATP11B
prerank,Organic Hydroxy Compound Biosynthetic Process (GO:1901617),-0.30373794344501454,-0.861045459114986,0.6417910447761194,1.0,1.0,4/33,5.58%,PSAT1;SLC27A2;SRD5A2;CYP7B1
prerank,Mitotic G2 DNA Damage Checkpoint Signaling (GO:0007095),-0.3053473728307915,-0.8609641900460951,0.6140350877192983,1.0,1.0,7/23,18.94%,BRSK1;TICRR;CHEK1;CDC14B;TNFSF13B;CLSPN;DEPDC1B
prerank,Renal Absorption (GO:0070293),0.3311011112102356,0.8603553789169297,0.5833333333333334,0.9176164318865078,1.0,8/13,32.57%,WNK4;SLC5A2;SGK1;HYAL2;SLC15A2;SLC5A1;MAGED2;KLHL3
prerank,Galactosylceramide Metabolic Process (GO:0006681),-0.4646670785297183,-0.8601402303394594,0.6166666666666667,1.0,1.0,2/5,12.27%,FA2H;UGT8
prerank,Positive Regulation Of Cell Activation (GO:0050867),-0.3697315029291721,-0.8598861884488893,0.6428571428571429,1.0,1.0,3/11,14.85%,TTBK1;GP5;PLA2G4A
prerank,Organic Hydroxy Compound Catabolic Process (GO:1901616),-0.42917326661205013,-0.8598739258895159,0.723404255319149,1.0,1.0,1/5,0.43%,CYP24A1
prerank,L-methionine Salvage (GO:0071267),-0.4419846364035138,-0.8597878647911635,0.625,1.0,1.0,2/5,17.63%,BHMT2;BHMT
prerank,Translational Elongation (GO:0006414),0.26990380534914993,0.859683480554238,0.7741935483870968,0.918580021850902,1.0,6/32,19.75%,TCF25;PTRH1;DROSHA;TRIP4;GTPBP2;LTN1
prerank,Medium-Chain Fatty Acid Metabolic Process (GO:0051791),-0.37864742531456685,-0.8595891640374174,0.6607142857142857,1.0,1.0,1/11,0.31%,GLYATL2
prerank,Regulation Of Potassium Ion Export Across Plasma Membrane (GO:1903764),0.45192788362887587,0.8595598862879468,0.6226415094339622,0.9184215640799197,1.0,1/5,9.99%,KCNIP2
prerank,Regulation Of Reactive Oxygen Species Biosynthetic Process (GO:1903426),-0.3189769403105098,-0.859378376684974,0.7169811320754716,1.0,1.0,1/18,0.56%,MMP8
prerank,Mammary Gland Epithelial Cell Differentiation (GO:0060644),-0.43623581176454473,-0.8591417295674473,0.6,1.0,1.0,3/7,16.91%,FOXB1;ZNF703;ERBB4
prerank,Regulation Of Neuron Apoptotic Process (GO:0043523),-0.24008336535024483,-0.8589278459425043,0.7058823529411765,1.0,1.0,21/88,17.52%,TFAP2A;VSTM2L;GDNF;SIX1;SIX4;FAIM2;TOX3;PRNP;MDK;TRIM2;CNTF;KIF14;ISL1;FOXB1;APOE;EGLN3;CLU;NFATC4;DKK1;NSMF;KCNB1
prerank,Regulation Of Cellular Localization (GO:0060341),-0.2615044695412754,-0.8588468661494096,0.7076923076923077,1.0,1.0,12/53,19.16%,KRT5;ADCYAP1;ITGB3;SLC26A4;CAMK2D;SUMO1;TMEM231;HSP90AB1;GSN;REEP6;RACK1;RFPL2
prerank,Regulation Of T Cell Cytokine Production (GO:0002724),-0.341551384454135,-0.8587907668284285,0.631578947368421,1.0,1.0,4/15,15.00%,HLA-A;FOXP3;TNFSF4;CCR2
prerank,Negative Regulation Of Mast Cell Activation (GO:0033004),-0.4783300062771624,-0.8586527970117667,0.6458333333333334,1.0,1.0,3/5,19.50%,ENPP3;CD84;MILR1
prerank,Regulation Of Nervous System Process (GO:0031644),-0.3612256795376726,-0.8584267284713246,0.6949152542372882,1.0,1.0,4/12,16.66%,NPTX2;DLGAP3;NPTXR;ROCK2
prerank,Positive Regulation Of miRNA-mediated Gene Silencing (GO:2000637),0.3765858454430462,0.858288107617395,0.7692307692307693,0.9208580106976454,1.0,2/9,16.30%,ZFP36;WTIP
prerank,Female Gamete Generation (GO:0007292),-0.32910758108811544,-0.8579689102767282,0.6721311475409836,1.0,1.0,6/19,19.82%,BMP15;TRIP13;MDK;HORMAD1;FMN2;MEIOSIN
prerank,Mesonephric Tubule Development (GO:0072164),0.345539090019788,0.8579457269226182,0.6595744680851063,0.9210719938861819,1.0,3/13,7.91%,SLIT2;ROBO2;FGFR2
prerank,Nuclear Polyadenylation-Dependent rRNA Catabolic Process (GO:0071035),0.4767056639345208,0.857937795532972,0.6851851851851852,0.9197753181556992,1.0,3/5,32.59%,EXOSC9;ZCCHC7;EXOSC3
prerank,Nuclear Polyadenylation-Dependent tRNA Catabolic Process (GO:0071038),0.4767056639345208,0.857937795532972,0.6851851851851852,0.9197753181556992,1.0,3/5,32.59%,EXOSC9;ZCCHC7;EXOSC3
prerank,Nuclear Polyadenylation-Dependent ncRNA Catabolic Process (GO:0071046),0.4767056639345208,0.857937795532972,0.6851851851851852,0.9197753181556992,1.0,3/5,32.59%,EXOSC9;ZCCHC7;EXOSC3
prerank,Hexose Import Across Plasma Membrane (GO:0140271),-0.44526187925363564,-0.8574978392708397,0.6666666666666666,1.0,1.0,1/5,2.46%,SLC2A5
prerank,Mitochondrial Fragmentation Involved In Apoptotic Process (GO:0043653),-0.45622982663621514,-0.8571108239885838,0.6666666666666666,1.0,1.0,2/6,19.20%,ERBB4;VPS35
prerank,Positive Regulation Of Receptor Signaling Pathway Via STAT (GO:1904894),-0.34117596048095256,-0.8571019029934092,0.6851851851851852,1.0,1.0,3/21,8.51%,LEP;CYP1B1;IL10
prerank,Heterochromatin Organization (GO:0070828),0.2511005019109486,0.8570887344567821,0.6857142857142857,0.9207546957893541,1.0,8/32,17.33%,SIRT2;LMNA;PRDM16;BAZ2A;RB1;SETDB1;SIRT1;PPM1D
prerank,"Regulation Of Synaptic Transmission, Glutamatergic (GO:0051966)",0.2721282452569788,0.8568866355660605,0.7435897435897436,0.9206556025336597,1.0,6/32,8.35%,OPHN1;SHANK3;LRRK2;CLN3;GRM3;CACNG4
prerank,snRNA Metabolic Process (GO:0016073),0.31498800147213396,0.8568745025087442,0.6097560975609756,0.9202640706926256,1.0,7/16,25.26%,INTS12;INTS2;ZCCHC8;RBM7;TUT1;SNAPC3;INTS9
prerank,Actin-Mediated Cell Contraction (GO:0070252),0.3913612283670875,0.8567952793302416,0.6875,0.9200058121894089,1.0,1/8,1.50%,EMP2
prerank,Monocyte Differentiation (GO:0030224),0.3938374468848933,0.8566710074036881,0.5348837209302325,0.9198341443229751,1.0,2/8,5.53%,PPARG;THOC5
prerank,Positive Regulation Of Receptor Catabolic Process (GO:2000646),0.4131190970382075,0.8564240083414929,0.673469387755102,0.9198817277113154,1.0,2/6,15.32%,PCSK9;PTPN1
prerank,Cellular Response To Alcohol (GO:0097306),-0.2644421635983356,-0.8563868692623785,0.6,1.0,1.0,13/45,20.43%,SLC5A5;ADCY2;AHR;ADCY5;SFRP1;ADCY3;PTCH1;GOLPH3;TNFSF4;GNAI1;LARP1;SCNN1B;SCNN1G
prerank,Cellular Response To Interferon-Beta (GO:0035458),0.3095148815351905,0.8563109090871412,0.6046511627906976,0.919723550476999,1.0,9/17,33.97%,STAT1;IRF1;CAMK2A;NDUFA13;PYHIN1;UBE2G2;PNPT1;MNDA;IFITM2
prerank,Negative Regulation Of ERK1 And ERK2 Cascade (GO:0070373),-0.27465964339255133,-0.8562283797052426,0.7321428571428571,1.0,1.0,4/40,7.86%,PSCA;EMILIN1;SPRED3;SPRY1
prerank,Activation Of Protein Kinase B Activity (GO:0032148),0.3110746692873489,0.855807770172845,0.7111111111111111,0.9202686086662553,1.0,4/18,9.92%,FGF1;PDGFB;PPIA;INSR
prerank,Negative Regulation By Host Of Viral Transcription (GO:0043922),0.37158495166649597,0.8556619240144911,0.6458333333333334,0.9200573600620747,1.0,3/9,9.26%,JUN;INPP5K;TARDBP
prerank,Cellular Response To Peptide (GO:1901653),-0.27511193487629315,-0.8555499033504174,0.696969696969697,1.0,1.0,11/42,17.47%,NGFR;IGF1;GRM5;PRNP;LDOC1;GRIN2A;XBP1;LRP1;ARHGEF2;TIMELESS;TLR6
prerank,Positive Regulation Of Cell Population Proliferation (GO:0008284),-0.20962991120553212,-0.8553888067689621,0.8604651162790697,1.0,1.0,62/362,15.85%,KRT6A;GREM1;SFRP2;CCN4;OSR2;SIX2;TSHR;WNT5A;CHP2;GDNF;NCCRP1;HTR2B;SOX11;HMGA2;IGF1;LTF;S1PR3;EDN2;FGF7;SFRP1;ADRA2A;CEACAM6;POU3F2;IL11;SAPCD2;IL31RA;NME1;HILPDA;ASIC2;MDK;NME2;LEF1;SOX9;PLA2G2C;CAPN1;TIMP1;CNTF;KIF14;TMEM119;CLEC11A;PDGFRA;IL5RA;RASSF10;GLI1;AVPR1A;PID1;XBP1;EREG;EPCAM;PDGFD;TNFRSF11A;THPO;ZNF703;TNFSF4;DPP4;VEGFA;FXN;FN1;MEGF10;RPS6;SIRPG;TGFA
prerank,Positive Regulation Of Cardiac Muscle Cell Differentiation (GO:2000727),0.4681501220224465,0.8547967468867128,0.6938775510204082,0.9212975572120794,1.0,1/5,1.28%,WNT3A
prerank,Positive Regulation Of Lipoprotein Particle Clearance (GO:0010986),0.4588343422546919,0.8545708452513555,0.6,0.9213509699401944,1.0,1/5,0.38%,GPIHBP1
prerank,Liver Development (GO:0001889),0.28330846056130304,0.8542689891094208,0.6222222222222222,0.9215036406286273,1.0,5/24,12.87%,TGFBR3;CITED2;PCSK9;NKX2-8;CCDC40
prerank,Regulation Of Myeloid Leukocyte Differentiation (GO:0002761),0.43260827049177547,0.8541032161939506,0.6444444444444445,0.9213716192958967,1.0,2/5,25.09%,FOXP1;UBASH3B
prerank,Regulation Of T Cell Differentiation In Thymus (GO:0033081),0.3478426683249358,0.8537954534488648,0.6458333333333334,0.9214910662692379,1.0,2/11,7.36%,IHH;SHH
prerank,Intracellular Calcium Ion Homeostasis (GO:0006874),-0.23573951100617138,-0.8536140461950297,0.7910447761194029,1.0,1.0,29/103,20.73%,HTR2A;SLC24A2;CCL1;HTR2B;CCL13;EDN2;ATP13A3;HRC;TRPV4;CCL11;PLN;CXCL12;TRPA1;TRPC4;CALCB;CAMK2D;SLC24A5;CSRP3;ATP2A2;CCR2;TMCO1;SLC30A1;CASQ2;BAK1;SLC35G1;ATP2A3;SLC24A3;CCL8;CCR1
prerank,Regulation Of Phagocytosis (GO:0050764),0.23152116379952414,0.8534118070266035,0.7948717948717948,0.9217889060888075,1.0,15/43,22.43%,IFNG;SLC11A1;SPHK1;SIRPB1;HCK;IL1B;SCARB1;IL15;DYSF;RAB27A;ITGAV;FCER1G;FPR2;IL15RA;PTPRC
prerank,Protein Localization To Kinetochore (GO:0034501),-0.40963150911045015,-0.8532200984003777,0.6607142857142857,1.0,1.0,2/8,15.28%,KNL1;SPDL1
prerank,Regulation Of Keratinocyte Apoptotic Process (GO:1902172),-0.4495015655777464,-0.8529721458592036,0.660377358490566,1.0,1.0,1/5,2.31%,SERPINB13
prerank,Positive Regulation Of Glucose Import (GO:0046326),0.30786703513563685,0.8527138899893179,0.7209302325581395,0.9229521408443861,1.0,4/18,12.89%,PTPN11;INSR;OCLN;AKT2
prerank,Protein Localization To Condensed Chromosome (GO:1903083),-0.43767839681078363,-0.8525539740465676,0.6851851851851852,1.0,1.0,2/7,15.28%,KNL1;SPDL1
prerank,Regulation Of GTPase Activity (GO:0043087),-0.21777086469413678,-0.8524221120274236,0.7763157894736842,1.0,1.0,28/171,14.44%,PLXNA4;PROM2;THY1;CCL1;MRAP;CCL13;ADCYAP1;RGS1;SFRP1;CCL22;RASGRP3;MAP4K4;NGEF;SRGAP3;CCL11;CHN2;DOCK10;ECT2;FGD1;EPHB3;RAPGEFL1;F2RL1;RALGPS2;TBC1D30;PLXNC1;CCL21;TMED2;EFNA5
prerank,Regulation Of Receptor Signaling Pathway Via STAT (GO:1904892),0.3579970659977531,0.8523005053213127,0.6136363636363636,0.9233679151179068,1.0,5/11,24.49%,PPARG;TP53INP2;DOT1L;PTPRC;HES1
prerank,Diol Biosynthetic Process (GO:0034312),0.32805656370324365,0.8522747632914457,0.6875,0.9229778540377064,1.0,3/15,14.88%,QDPR;SPHK1;SPTLC3
prerank,Positive Regulation Of Ryanodine-Sensitive Calcium-Release Channel Activity (GO:0060316),-0.3922864974707472,-0.8519738662200883,0.5957446808510638,1.0,1.0,1/7,7.77%,JPH2
prerank,Regulation Of Vascular Endothelial Growth Factor Production (GO:0010574),-0.30138540948188214,-0.8518392385362799,0.6346153846153846,1.0,1.0,7/18,22.83%,CYP1B1;SULF1;ISL1;CCR2;SULF2;EIF2AK3;TGFB1
prerank,Regulation Of Chromatin Organization (GO:1902275),0.2846084896102287,0.8515749986583305,0.7111111111111111,0.9241191157797503,1.0,10/22,28.32%,TAL1;MCRS1;KANSL3;HNRNPU;MSL3;TLK2;MSL1;KAT8;OGT;PHF20
prerank,3'-UTR-mediated mRNA Stabilization (GO:0070935),0.36986684307884277,0.8515422025630048,0.6470588235294118,0.9237554517353519,1.0,2/10,9.26%,ZFP36;TARDBP
prerank,Hydrogen Peroxide Catabolic Process (GO:0042744),-0.4137060521917344,-0.8514279564133663,0.574468085106383,1.0,1.0,4/8,17.84%,HBB;PXDN;PXDNL;PRDX4
prerank,Regulation Of T-helper Cell Differentiation (GO:0045622),0.4269210376492035,0.8508498645506551,0.673469387755102,0.9247766205022641,1.0,3/6,34.09%,JUNB;HLA-DRA;RC3H1
prerank,Mesonephros Development (GO:0001823),0.39263931907600813,0.8508432928113197,0.6486486486486487,0.9243470911847991,1.0,2/8,1.86%,FGF1;GATA3
prerank,Negative Regulation Of Ion Transmembrane Transporter Activity (GO:0032413),0.3263178344954678,0.8508122532390254,0.675,0.9239904145091824,1.0,5/18,6.29%,CAV3;EPO;HECW2;NEDD4L;PCSK9
prerank,Nuclear Pore Organization (GO:0006999),0.33445156239227725,0.8506955857173045,0.5961538461538461,0.9238447458026808,1.0,6/13,31.63%,NUP107;NUP98;NUP93;TMEM170A;RTN4;SEH1L
prerank,Receptor Signaling Pathway Via JAK-STAT (GO:0007259),0.2623633005333063,0.8500162959448827,0.7317073170731707,0.9248837203941521,1.0,8/30,17.86%,MYO1C;IFNG;GHR;STAT1;TYK2;IL15;STAT3;STAMBP
prerank,Regulation Of Protein Localization To Cilium (GO:1903564),0.42416714790598875,0.849826435608786,0.717391304347826,0.9248890562638994,1.0,4/6,40.39%,GDI2;GSK3B;CCDC88A;CROCC
prerank,Fatty Acid Biosynthetic Process (GO:0006633),0.2412613363632939,0.8496505796405713,0.7804878048780488,0.9247694716477018,1.0,7/44,11.37%,CYP1A2;LTC4S;DEGS1;ACSM3;ACACB;OLAH;FADS3
prerank,Telomere Capping (GO:0016233),0.3819387720371863,0.8496372672196456,0.6216216216216216,0.9243739966159703,1.0,5/10,34.84%,CTC1;PRKDC;MRE11;TENM1;TFIP11
prerank,Negative Regulation Of cAMP-dependent Protein Kinase Activity (GO:2000480),0.40953642482517066,0.8494547206922785,0.7272727272727273,0.9242810348383802,1.0,3/6,16.82%,PRKAR2A;PRKAR1A;SIRT1
prerank,Negative Regulation Of Response To Cytokine Stimulus (GO:0060761),0.3807047474458905,0.8494238532364875,0.64,0.923925544091998,1.0,5/9,22.43%,PALM3;KLF4;SIGIRR;SH2B3;PTPRC
prerank,Regulation Of Calcium Ion Import Across Plasma Membrane (GO:1905664),0.3917343526554431,0.8492208681790152,0.6666666666666666,0.9240559952410622,1.0,3/8,22.01%,RAMP3;FYN;PPP3CC
prerank,Response To Ionizing Radiation (GO:0010212),0.23652478881060315,0.8490237841422515,0.8611111111111112,0.9240813768975955,1.0,13/57,21.05%,BRAT1;ANXA1;INO80;MSH2;TANK;COP1;BABAM2;XRRA1;SIRT1;BABAM1;RAD51;RHOB;RAD9B
prerank,Regulation Of Plasminogen Activation (GO:0010755),0.3310142702719544,0.8488858263495871,0.7105263157894737,0.923870709253798,1.0,3/14,9.08%,CLEC3B;HPN;S100A10
prerank,Maintenance Of Lens Transparency (GO:0036438),-0.4571106170918693,-0.8486426966299678,0.7450980392156863,1.0,1.0,2/5,16.28%,FOXC1;VPS13B
prerank,Neuron Projection Extension (GO:1990138),-0.30420832343272186,-0.848636536558701,0.6949152542372882,1.0,1.0,3/30,3.48%,TNN;AUTS2;MAP1B
prerank,Cellular Response To Estrogen Stimulus (GO:0071391),-0.3656220959864367,-0.848607999942986,0.7,1.0,1.0,3/15,9.55%,OCSTAMP;SFRP1;SOX9
prerank,Protein Localization To Nucleolus (GO:1902570),0.437858016852989,0.8485677019884107,0.7288135593220338,0.9241386231139829,1.0,1/6,6.06%,PINX1
prerank,Neural Tube Development (GO:0021915),0.30279050922234685,0.8483225896771186,0.7142857142857143,0.9241639314681881,1.0,2/16,5.43%,TRIM71;FUZ
prerank,Negative Regulation Of Sodium Ion Transmembrane Transporter Activity (GO:2000650),0.3816667869394274,0.8481585596848408,0.6458333333333334,0.9240320837394321,1.0,4/9,14.16%,HECW2;NEDD4L;PCSK9;NEDD4
prerank,Regulation Of Generation Of Precursor Metabolites And Energy (GO:0043467),0.4079051160005687,0.8480334869917272,0.6190476190476191,0.9238414600488712,1.0,2/7,12.63%,TIGAR;PRDM16
prerank,protein-DNA Complex Organization (GO:0071824),-0.2677100912210421,-0.8480032254472215,0.6417910447761194,1.0,1.0,4/45,6.17%,SOX2;HMGA2;H1-5;TCF4
prerank,Hindlimb Morphogenesis (GO:0035137),-0.44750671887407756,-0.8477373403060056,0.6481481481481481,1.0,1.0,1/5,1.70%,OSR2
prerank,Positive Regulation Of Non-Canonical Wnt Signaling Pathway (GO:2000052),-0.4073838298359269,-0.8477219595874994,0.711864406779661,1.0,1.0,3/8,20.54%,SFRP1;DKK1;RSPO3
prerank,Regulation Of Biosynthetic Process (GO:0009889),0.36401640182012635,0.8475536044055613,0.7241379310344828,0.924344375069207,1.0,1/8,5.36%,SNCA
prerank,Negative Regulation Of Protein Secretion (GO:0050709),-0.29345373315485446,-0.8472702534925503,0.746031746031746,1.0,1.0,11/27,20.36%,INHBB;SFRP1;BMP8A;APOE;RAB11FIP5;REST;KCNB1;FAM3D;SERGEF;IRS1;FOXO1
prerank,Regulation Of Gene Expression By Genomic Imprinting (GO:0006349),0.38661973572059494,0.8471929400835632,0.6481481481481481,0.9247291399552835,1.0,3/8,29.24%,ZFP57;PRMT7;PCGF3
prerank,Positive Regulation Of Fibroblast Proliferation (GO:0048146),-0.3005016938481374,-0.8470030422956497,0.6617647058823529,1.0,1.0,8/26,18.59%,WNT5A;IGF1;PLA2G2C;PDGFRA;EREG;FN1;WNT1;DHX9
prerank,Negative Regulation Of Hematopoietic Progenitor Cell Differentiation (GO:1901533),-0.4632977315234559,-0.8468697475815847,0.6851851851851852,1.0,1.0,1/5,2.43%,MIXL1
prerank,Positive Regulation Of Superoxide Anion Generation (GO:0032930),-0.3891040973804399,-0.8468300930337948,0.6851851851851852,1.0,1.0,5/7,32.04%,F2RL1;ITGB2;TGFB1;GSTP1;SYK
prerank,SMAD Protein Signal Transduction (GO:0060395),0.24531470299574076,0.846373323598295,0.8,0.9261134258645253,1.0,9/45,11.88%,FOS;JUN;SMAD6;ATOH8;INHA;LEFTY2;LEFTY1;GDF5;GDF10
prerank,RNA Polymerase II Preinitiation Complex Assembly (GO:0051123),0.2452199942136638,0.8461617663783559,0.7142857142857143,0.9261312229717215,1.0,11/42,21.76%,TAF6L;ESR1;TBP;MED4;TAF6;MED10;TAF2;MED23;MED6;MED29;GTF2B
prerank,Histone H4-K12 Acetylation (GO:0043983),0.4101053864279285,0.8458728652889784,0.660377358490566,0.9262926443171133,1.0,3/6,31.47%,JADE2;MEAF6;KAT7
prerank,Magnesium Ion Transport (GO:0015693),-0.3757728305362329,-0.8456823219441794,0.625,1.0,1.0,1/10,3.58%,NIPAL4
prerank,Positive Regulation Of Protein Kinase Activity (GO:0045860),0.20811518237983234,0.8455595995232076,0.9230769230769231,0.9264800216237843,1.0,25/122,15.92%,ACE;EMP2;PDGFB;IFNG;IL34;ADRB2;LRRK2;STRADB;DDX3X;SLC11A1;SNCA;EGR1;NEDD9;PRKAG2;EFNA1;SLC8A2;INSR;PPP2CA;PRKAG1;CALM3;DAXX;CSF1;CAMKK1;PTPN1;SPDYA
prerank,Telomere Maintenance Via Telomere Trimming (GO:0090737),0.4174940980291926,0.8455582606929952,0.66,0.9252032921497965,1.0,3/7,22.48%,DNA2;ERCC1;XRCC3
prerank,T-Circle Formation (GO:0090656),0.4174940980291926,0.8455582606929952,0.66,0.9252032921497965,1.0,3/7,22.48%,DNA2;ERCC1;XRCC3
prerank,Formation Of Extrachromosomal Circular DNA (GO:0001325),0.4174940980291926,0.8455582606929952,0.66,0.9252032921497965,1.0,3/7,22.48%,DNA2;ERCC1;XRCC3
prerank,Regulation Of Viral Entry Into Host Cell (GO:0046596),-0.27201175671635813,-0.8455344928479391,0.6964285714285714,1.0,1.0,2/31,3.04%,TMPRSS4;LRRC15
prerank,Negative Regulation Of Telomere Maintenance Via Telomere Lengthening (GO:1904357),0.3047816589855996,0.8455107881838186,0.6744186046511628,0.9248957515938514,1.0,5/20,20.06%,PINX1;TNKS;CTC1;HNRNPA1;HNRNPU
prerank,Negative Regulation Of p38MAPK Cascade (GO:1903753),0.42087005978428216,0.845495005974357,0.6595744680851063,0.9245168707667752,1.0,2/6,22.28%,DUSP1;PTPN22
prerank,Regulation Of Cartilage Development (GO:0061035),-0.31002232395949686,-0.845409757994553,0.6274509803921569,1.0,1.0,3/16,9.55%,BMPR1B;MDK;SOX9
prerank,Multivesicular Body Sorting Pathway (GO:0071985),0.3023633750333065,0.8453472130074479,0.7441860465116279,0.9243140576936473,1.0,6/20,27.14%,EXPH5;UVRAG;RAB27A;SNF8;CHMP4A;DENND10
prerank,Negative Regulation Of T Cell Differentiation (GO:0045581),-0.3736897035404617,-0.8452277088641902,0.6274509803921569,1.0,1.0,4/8,16.89%,FOXJ1;MDK;TNFSF4;GLI3
prerank,Regulation Of Spindle Organization (GO:0090224),-0.33635992529535,-0.8450157304205724,0.6607142857142857,1.0,1.0,4/15,17.06%,TPX2;STIL;MAP9;GNAI1
prerank,ERBB Signaling Pathway (GO:0038127),-0.24717973087222345,-0.8448626213835491,0.7333333333333333,1.0,1.0,2/48,1.05%,FAM83A;FAM83B
prerank,Synaptic Membrane Adhesion (GO:0099560),-0.36969232274972796,-0.844725379750065,0.6607142857142857,1.0,1.0,5/10,17.50%,LRFN5;LRRC4C;LRRC4;PTPRD;SLITRK3
prerank,Cell Part Morphogenesis (GO:0032990),-0.3963707428577672,-0.8445740813013659,0.66,1.0,1.0,3/9,11.74%,NUBPL;WASF1;PID1
prerank,Negative Regulation Of Peptidyl-Tyrosine Phosphorylation (GO:0050732),-0.31392721695570003,-0.8445510744677339,0.6379310344827587,1.0,1.0,5/25,12.44%,SFRP2;THY1;SFRP1;SH3BP5L;SRCIN1
prerank,Regulation Of Epidermal Growth Factor-Activated Receptor Activity (GO:0007176),0.28712848022039944,0.8444034112490221,0.6944444444444444,0.9258808368245199,1.0,3/22,4.99%,HBEGF;TSG101;GPRC5A
prerank,Cellular Response To Type I Interferon (GO:0071357),0.3041307074055992,0.8442588847705799,0.6976744186046512,0.9256970911148071,1.0,6/20,15.76%,STAT1;IFNA5;TANK;TYK2;IFIT1;HDAC4
prerank,Sympathetic Ganglion Development (GO:0061549),-0.44858760850821927,-0.8440210431438122,0.6666666666666666,1.0,1.0,3/5,25.57%,FZD3;SEMA3A;INSM1
prerank,Positive Regulation Of Cell Cycle Process (GO:0090068),0.21519822918416232,0.8439894306172925,0.813953488372093,0.925877469512552,1.0,13/89,10.31%,MRGPRX2;IL1A;CDC42;SIRT2;PDGFB;INO80;NCAPH2;RGCC;IL1B;GPSM2;INSR;LRP5;EDN1
prerank,Positive Regulation Of Tau-Protein Kinase Activity (GO:1902949),0.40987933788846864,0.8435762012046703,0.6086956521739131,0.9261681187110651,1.0,2/5,18.22%,EGR1;HSP90AA1
prerank,Proton Transmembrane Transport (GO:1902600),-0.29487347697536237,-0.8433965333879194,0.7222222222222222,1.0,1.0,2/32,3.27%,SLC4A11;SLC36A1
prerank,Regulation Of Defense Response To Virus By Host (GO:0050691),0.2826345185419966,0.8431825383432887,0.7567567567567568,0.9265104479583773,1.0,11/27,37.47%,STAT1;RNF216;PQBP1;HSP90AA1;PTPN22;ZC3H12A;IL12RB1;RIGI;IFNLR1;APOBEC3G;ZDHHC11
prerank,Regulation Of Cyclin-Dependent Protein Serine/Threonine Kinase Activity (GO:0000079),0.21856837645878197,0.8430444606844887,0.8235294117647058,0.926372182487045,1.0,12/65,15.92%,PDGFB;INCA1;IPO7;GTPBP4;CCNH;APC;RGCC;CDKN2B;CCND3;ADAM17;SERTAD1;SPDYA
prerank,Purine Ribonucleoside Monophosphate Metabolic Process (GO:0009167),-0.369019757151616,-0.8429015719489473,0.673469387755102,1.0,1.0,6/9,33.49%,AK4;AMPD3;GMPS;PFAS;ADSS2;HPRT1
prerank,Regulation Of Cellular Response To Growth Factor Stimulus (GO:0090287),-0.3739353622543735,-0.8427227955089807,0.6792452830188679,1.0,1.0,4/15,11.89%,DOK5;SULF1;FSTL1;TWSG1
prerank,Mitochondrion-Endoplasmic Reticulum Membrane Tethering (GO:1990456),0.42019865983655336,0.8426124137772986,0.7142857142857143,0.9267595166301619,1.0,3/6,22.68%,PSEN2;VMP1;PACS2
prerank,Embryonic Axis Specification (GO:0000578),0.35736285399146683,0.8425058861131985,0.6829268292682927,0.9265758732031055,1.0,4/13,12.05%,WNT7A;SMAD6;TBX3;FZD5
prerank,Double-Strand Break Repair Via Homologous Recombination (GO:0000724),0.20023988133886222,0.8419687711237148,0.7666666666666667,0.9270988697167947,1.0,29/89,32.28%,REV3L;INO80;SEM1;NSMCE4A;PPP4C;MORF4L1;CHD4;NPC1;EPC1;RAD51;RPA4;HUS1B;MBTD1;SLF2;SAMHD1;XRCC3;RAD51B;MRE11;EXD2;SFR1;NIPBL;RPA3;AP5Z1;SPIDR;YY1;RAD52;RECQL5;SWI5;UBE2N
prerank,Positive Regulation Of Heterochromatin Formation (GO:0031453),0.34386516962321556,0.8412519053914606,0.82,0.9280748791532798,1.0,3/12,15.36%,MPHOSPH8;SETDB1;CDK2
prerank,Purine Nucleoside Bisphosphate Metabolic Process (GO:0034032),0.29242671518293206,0.8411632714251576,0.7111111111111111,0.9274157987403701,1.0,2/16,3.38%,ACSM3;ACSF2
prerank,Ribonucleoside Bisphosphate Metabolic Process (GO:0033875),0.29242671518293206,0.8411632714251576,0.7111111111111111,0.9274157987403701,1.0,2/16,3.38%,ACSM3;ACSF2
prerank,Cellular Hyperosmotic Response (GO:0071474),0.44609081890343727,0.8411178940192346,0.75,0.9270834745543461,1.0,2/5,17.93%,EPO;NFAT5
prerank,Mitochondrion Disassembly (GO:0061726),0.2836735373100229,0.8410173471719953,0.8043478260869565,0.9268096529339663,1.0,12/29,38.13%,USP30;PRKN;GABARAPL1;CTSK;ATG12;MAP1LC3B;MAP1LC3C;ATG2B;ATG9A;MARK2;RB1CC1;WDR45B
prerank,Regulation Of Interleukin-5 Production (GO:0032674),0.376703813095158,0.841010530345425,0.7045454545454546,0.9264003435482357,1.0,2/9,4.54%,GATA3;PRKCZ
prerank,DNA Unwinding Involved In DNA Replication (GO:0006268),-0.3379866871634961,-0.8406956790939051,0.6153846153846154,1.0,1.0,5/14,24.44%,TWNK;MCM4;MCM6;RECQL;GINS2
prerank,Regulation Of Exocytosis (GO:0017157),-0.2740092975127544,-0.8406639366863757,0.6764705882352942,1.0,1.0,3/37,2.60%,RAB3C;RAB3B;FGB
prerank,Muscle Organ Development (GO:0007517),-0.2714482493684115,-0.8405633034481029,0.7213114754098361,1.0,1.0,9/49,12.68%,ITGA11;DES;IGF1;ITGA7;CHODL;LAMA2;COL6A3;MKX;NEB
prerank,Response To Iron Ion (GO:0010039),-0.4107710734520401,-0.8403791290090511,0.72,1.0,1.0,1/8,2.00%,TFAP2A
prerank,Peroxisome Organization (GO:0007031),0.3075366356294552,0.8401954216180677,0.6956521739130435,0.9276001301325011,1.0,3/19,14.95%,TMEM135;PEX11G;ABCD4
prerank,Regulation Of Oxidoreductase Activity (GO:0051341),0.4153381885559135,0.8401719175132119,0.7547169811320755,0.9272102069408791,1.0,5/8,31.18%,HP;ECSIT;OXA1L;NOD2;SZT2
prerank,N-acetylneuraminate Metabolic Process (GO:0006054),-0.3844633904349463,-0.8398913596871844,0.6481481481481481,1.0,1.0,3/8,19.08%,ST6GAL1;ST3GAL1;NANP
prerank,Cellular Response To Exogenous dsRNA (GO:0071360),0.3299485267293037,0.8397488477592443,0.5555555555555556,0.9276081310982032,1.0,2/11,15.00%,PQBP1;IFIT1
prerank,Regulation Of Smooth Muscle Cell Apoptotic Process (GO:0034391),-0.39720501794232255,-0.8396633883298842,0.6440677966101694,1.0,1.0,2/7,12.61%,IGF1;LYPD3
prerank,DNA Metabolic Process (GO:0006259),0.18558462378223486,0.8396347347330493,0.92,0.9273734050236738,1.0,90/217,37.76%,DNASE1L3;NTHL1;TCF7L2;INO80;MMS19;ERCC3;XPC;TENT4A;BACH1;NSMCE4A;KMT5B;DNA2;UVRAG;MSH2;FAM111A;CENPS;VCP;MCRS1;CTC1;POLB;CDK2;PDS5A;UBE2V2;ERCC1;POLD3;PRKDC;RAD51;DOT1L;DNASE1L1;RPA4;XPA;TBRG1;FANCA;REV1;THAP9;UBE2A;HUS1B;RAD9B;REXO4;SAMHD1;XRCC3;RAD51B;MRE11;RRM2B;EXD2;BTG2;POLA1;BARD1;PURA;TREX2;RUVBL1;DONSON;ORC2;RPA3;DMC1;FMR1;ENDOV;DNASE1L2;YY1;PRIM1;XRCC5;RAD52;RECQL5;PTGES3;UBE2N;HMGB1;PWWP3A;MNAT1;ASF1A;GLRX2;LTO1;FANCC;BLM;INO80C;POLG;WRN;TOP1;LONP1;PARP3;MCM3;RFC5;POLI;ISG20;RAD9A;PSME4;ORC5;ORC3;DFFB;ORC4;HUS1
prerank,Negative Regulation Of Telomere Maintenance Via Telomerase (GO:0032211),0.34180703538830265,0.8395431906237067,0.6739130434782609,0.9271195453697197,1.0,10/16,40.25%,PINX1;CTC1;HNRNPA1;HNRNPU;TENM1;NAT10;SRC;HNRNPC;XRN1;DCP2
prerank,Regulation Of mRNA Catabolic Process (GO:0061013),0.2486623971389718,0.8393197337696378,0.7894736842105263,0.9270915284537408,1.0,16/40,34.09%,DHX36;ZFP36;VIM;CARHSP1;MAGOHB;EIF4A3;PRKCD;PCID2;ZFP36L1;CNOT8;ZC3H12A;FMR1;ZC3H14;PNPT1;MOV10;RC3H1
prerank,Regulation Of Phospholipase A2 Activity (GO:0032429),0.4134797282241816,0.8392743593416677,0.6326530612244898,0.9267542666711378,1.0,1/5,3.03%,ANXA1
prerank,Regulation Of Dendritic Cell Differentiation (GO:2001198),-0.4247730308669778,-0.8392364201664233,0.6938775510204082,1.0,1.0,4/6,37.44%,TMEM176B;FCGR2B;LGALS9;LGALS3
prerank,Sulfur Compound Transport (GO:0072348),0.32863615918062994,0.8392266135753824,0.6792452830188679,0.9264495121067395,1.0,7/15,33.94%,SLC26A2;SLC19A3;SLC27A1;SLC25A26;SLC35B2;SLC22A1;SLC25A11
prerank,Negative Regulation Of Viral Entry Into Host Cell (GO:0046597),-0.36169943428289264,-0.8391195258826825,0.6785714285714286,1.0,1.0,1/12,3.04%,LRRC15
prerank,Negative Regulation Of Fibroblast Growth Factor Receptor Signaling Pathway (GO:0040037),0.3470949091572349,0.839087995504552,0.6956521739130435,0.9262802170692531,1.0,3/11,8.21%,GATA3;FUZ;CREB3L1
prerank,tRNA Metabolic Process (GO:0006399),0.3131797598053425,0.8389323753961964,0.7105263157894737,0.9261303786834487,1.0,6/18,25.25%,SSB;FARS2;ELAC2;YARS2;ZFP36L1;GTF3C1
prerank,Glutamine Metabolic Process (GO:0006541),-0.3734274913602718,-0.8388458525645823,0.673469387755102,1.0,1.0,5/11,25.34%,LGSN;CPS1;GLYATL1B;GLS2;SLC38A1
prerank,Granulocyte Differentiation (GO:0030851),-0.35786431532375385,-0.8387964623558576,0.6727272727272727,1.0,1.0,4/10,17.64%,LEF1;CLPB;LBR;CEBPE
prerank,Protein Polyglutamylation (GO:0018095),-0.3671251077051092,-0.8383630997900956,0.6379310344827587,1.0,1.0,4/8,26.52%,TTLL2;TTLL9;TTLL11;TTLL1
prerank,Positive Regulation Of Response To Stimulus (GO:0048584),0.2191273042910821,0.8383124229004888,0.8529411764705882,0.9268489217058642,1.0,12/55,18.60%,GATA3;INO80;RSAD2;TIGAR;ILK;HOMER1;MCRS1;BABAM2;CDKN2AIP;IL15;SIRT1;BABAM1
prerank,Regulation Of Mitochondrial Depolarization (GO:0051900),0.35048211882024727,0.8380695537414229,0.7333333333333333,0.9267503896984731,1.0,4/10,21.92%,LRRK2;MYOC;FZD9;KDR
prerank,Negative Regulation Of Smoothened Signaling Pathway (GO:0045879),0.280279577555125,0.8378151202690602,0.6956521739130435,0.9267868850245056,1.0,5/21,17.34%,RFX4;HHIP;VCP;ENPP1;MGRN1
prerank,Response To Glucose (GO:0009749),0.2516872240881525,0.8374316235568288,0.725,0.9270481423045099,1.0,6/37,9.82%,SLC30A8;TCF7L2;GPER1;CYP7A1;EIF2B5;UNC13B
prerank,Neuron Development (GO:0048666),-0.2259360602808783,-0.8373447396340494,0.7945205479452054,1.0,1.0,21/116,13.40%,WNT5A;STMN2;GDNF;MAP1B;ADGRF1;TENM4;ADCYAP1;TENM3;STMND1;POU3F2;NCDN;HS6ST1;GPRIN1;BICDL1;RAB6B;APOE;XBP1;UGCG;VSX1;RUNX1;UGDH
prerank,Positive Regulation Of Tumor Necrosis Factor Production (GO:0032760),0.23557526693876318,0.8371191032093577,0.7391304347826086,0.9272770641127046,1.0,6/52,6.04%,OAS3;AMH;IL1A;IFNG;PTPN11;C1QTNF4
prerank,Negative Regulation Of Alpha-Beta T Cell Differentiation (GO:0046639),0.39728084156138443,0.8369939462032363,0.6363636363636364,0.9270694293463575,1.0,1/8,1.38%,IHH
prerank,Positive Regulation Of Hydrolase Activity (GO:0051345),0.1909192784003101,0.8369714913507135,0.9230769230769231,0.9267016322286707,1.0,14/139,7.20%,ODAM;RGS6;RAPGEF4;CDKL5;RGS9;CX3CL1;ADRB1;RGL3;DOCK7;RGS16;XCL1;SGSM3;ITGB1;ARHGAP27
prerank,Regulation Of Blood Vessel Endothelial Cell Proliferation Involved In Sprouting Angiogenesis (GO:1903587),-0.34697928703849545,-0.8369284251821251,0.6666666666666666,1.0,1.0,3/14,14.57%,NGFR;FGFBP1;VEGFA
prerank,tRNA 5'-End Processing (GO:0099116),0.3268218824601809,0.8366020318739419,0.7307692307692307,0.9270137446504276,1.0,1/11,5.44%,SSB
prerank,Coronary Vasculature Development (GO:0060976),-0.41665027091523466,-0.8365609334569599,0.6470588235294118,1.0,1.0,2/6,11.53%,MESP1;MYOCD
prerank,Phenol-Containing Compound Biosynthetic Process (GO:0046189),-0.43040840537619934,-0.8364012302237709,0.6363636363636364,1.0,1.0,1/5,9.76%,MOXD1
prerank,Regulation Of Nucleocytoplasmic Transport (GO:0046822),0.3299407287483841,0.8360878906645179,0.75,0.9275883117135121,1.0,4/12,27.95%,NEDD4;NUP214;RBM4;GSK3B
prerank,Regulation Of Neuron Projection Development (GO:0010975),-0.2326186979976656,-0.8360128422099165,0.8356164383561644,1.0,1.0,32/140,17.70%,TNN;ALKAL1;WNT5A;STMN2;NCS1;TENM3;FUT9;ROR2;SCN1B;CDH2;BRSK1;LRRC4C;EFHC2;TRPV4;TWF1;MINAR1;ITM2C;MDK;EPHB3;LPAR1;RTN4RL2;APOE;TSKU;SRCIN1;RTN4RL1;ATP1B2;SEMA3A;CAMK1D;MUSK;PAK3;CAMK2B;ABL2
prerank,snRNA Processing (GO:0016180),-0.37690183107222375,-0.8358884898830086,0.711864406779661,1.0,1.0,3/10,18.67%,SAGE1;INTS8;INTS5
prerank,Very Long-Chain Fatty Acid Catabolic Process (GO:0042760),-0.4259765999384852,-0.835878762034869,0.6037735849056604,1.0,1.0,1/5,2.85%,SLC27A2
prerank,Oogenesis (GO:0048477),0.3434217120524469,0.835763864311934,0.6938775510204082,0.9276627453079284,1.0,2/10,3.96%,NANOS3;PIWIL2
prerank,Retrograde Axonal Transport (GO:0008090),0.34503830652065465,0.8354796640470815,0.6363636363636364,0.9278075384080837,1.0,5/11,22.36%,PAFAH1B1;DYNC1H1;TMEM108;KIF1C;FBXW11
prerank,Negative Regulation Of Hydrogen Peroxide-Induced Cell Death (GO:1903206),0.3809507876267353,0.835352285276844,0.6585365853658537,0.9276706212178348,1.0,2/8,6.16%,LRRK2;NFE2L2
prerank,Regulation Of Mitotic Metaphase/Anaphase Transition (GO:0030071),0.25943238422104337,0.8353178528240542,0.7142857142857143,0.9273483245601254,1.0,11/38,15.96%,HECW2;DUSP1;CDK5RAP2;BCL7B;ANAPC15;USP44;SMARCC2;RB1;BRD7;ANAPC11;SMARCA4
prerank,Methionine Metabolic Process (GO:0006555),-0.39069913029035497,-0.8352558383957719,0.6481481481481481,1.0,1.0,1/7,4.55%,MAT1A
prerank,Regulation Of Pattern Recognition Receptor Signaling Pathway (GO:0062207),0.4219939388657005,0.8350770467001832,0.7241379310344828,0.9273587944305657,1.0,1/6,2.57%,CD36
prerank,Nitric Oxide Metabolic Process (GO:0046209),0.3528262549921012,0.8347419026772447,0.7111111111111111,0.9274715091074496,1.0,8/13,23.68%,NOS1;CYB5R3;NOS3;MTARC1;NQO1;MTARC2;GCHFR;SLC7A6
prerank,Regulation Of MAP Kinase Activity (GO:0043405),-0.23412941956480085,-0.8343602690909738,0.8142857142857143,1.0,1.0,16/87,15.85%,ADIPOQ;TNFSF11;HTR2B;DIRAS1;LAX1;CD24;ADRA2A;CBLC;SPRY1;S100A12;NEK10;APOE;PDGFD;VEGFA;BMP7;TGFA
prerank,Positive Regulation Of Protein Acetylation (GO:1901985),0.36691721298412416,0.8343456461844346,0.62,0.9278268667579964,1.0,1/8,5.25%,DDX3X
prerank,Cellular Response To Glucocorticoid Stimulus (GO:0071385),0.30917172185135755,0.8343236006617796,0.6888888888888889,0.927441228599302,1.0,3/15,5.95%,FAM107A;ZFP36;SSTR4
prerank,Zinc Ion Transport (GO:0006829),0.2864798895913973,0.8340250913471803,0.7222222222222222,0.9275473718169744,1.0,6/18,26.52%,SLC30A8;SLC30A6;SLC39A4;SLC39A8;SLC39A5;SLC39A13
prerank,Positive Regulation Of Phosphatidylinositol 3-Kinase Activity (GO:0043552),0.2949871902012855,0.8337803511779515,0.7142857142857143,0.9275768668359194,1.0,2/20,2.68%,TEK;PDGFB
prerank,Regulation Of Vasoconstriction (GO:0019229),-0.3038366124680766,-0.8333801413731879,0.6724137931034483,1.0,1.0,6/21,17.38%,FGB;BDKRB2;OXTR;AVPR1A;FGA;AVPR1B
prerank,Glycogen Metabolic Process (GO:0005977),-0.3444016446145163,-0.8333621942427315,0.6615384615384615,1.0,1.0,4/14,18.16%,NR1D1;UGP2;PPP1R3C;STBD1
prerank,Positive Regulation Of Monocyte Chemotactic Protein-1 Production (GO:0071639),0.40693667618897306,0.832967553637509,0.6923076923076923,0.9286903451657407,1.0,2/7,7.82%,OAS3;IL1B
prerank,Regulation Of Centriole Replication (GO:0046599),0.3211083131014248,0.8328555845442472,0.7948717948717948,0.9284962219859605,1.0,5/14,25.53%,CDK5RAP2;CEP76;CEP295;KAT2A;KAT2B
prerank,Regulation Of Response To Oxidative Stress (GO:1902882),0.3672769960537451,0.8328117004217219,0.7346938775510204,0.9281684863042381,1.0,2/9,6.48%,NFE2L2;PRKN
prerank,Positive Regulation Of Receptor-Mediated Endocytosis (GO:0048260),-0.28421842147910836,-0.8325380867453318,0.6896551724137931,1.0,1.0,1/34,0.05%,GREM1
prerank,Negative Regulation Of T-helper Cell Differentiation (GO:0045623),-0.3834755797126692,-0.8324873238419596,0.6545454545454545,1.0,1.0,4/9,17.42%,FOXP3;TNFSF4;JAK3;SOCS5
prerank,Eosinophil Migration (GO:0072677),-0.38101001246037525,-0.8314409012355334,0.72,1.0,1.0,3/10,8.44%,CCL13;CCL22;CCL11
prerank,Eosinophil Chemotaxis (GO:0048245),-0.38101001246037525,-0.8314409012355334,0.72,1.0,1.0,3/10,8.44%,CCL13;CCL22;CCL11
prerank,T Cell Migration (GO:0072678),0.34130437147985293,0.8314087335422901,0.5714285714285714,0.9305601562169783,1.0,4/10,21.15%,CXCL11;CXCL16;S1PR1;CXCL10
prerank,"Mitochondrial Electron Transport, Ubiquinol To Cytochrome C (GO:0006122)",0.3553002593246897,0.8312652252268217,0.673469387755102,0.9304036459632885,1.0,1/10,4.61%,UQCRHL
prerank,"Regulation Of CD8-positive, Alpha-Beta T Cell Activation (GO:2001185)",0.4379572096454929,0.8312292206803478,0.723404255319149,0.9299927868286091,1.0,4/6,22.15%,IRF1;MAPK8IP1;SH3RF1;CRTAM
prerank,Regulation Of T Cell Mediated Cytotoxicity (GO:0001914),0.2742457231255887,0.8311443229480406,0.6842105263157895,0.9297094836019647,1.0,4/24,8.05%,KLRD1;HLA-C;XCL1;KLRC1
prerank,Negative Regulation Of Transporter Activity (GO:0032410),0.42413899102815134,0.8306507637003702,0.7391304347826086,0.9303227050034487,1.0,3/6,8.80%,WWP2;SNCA;NDFIP1
prerank,ncRNA Metabolic Process (GO:0034660),0.31463832411329823,0.8302285894695852,0.7142857142857143,0.9305795708841251,1.0,4/14,22.98%,TRIM71;BTBD18;TUT4;ZCCHC8
prerank,Neuron Projection Maintenance (GO:1990535),-0.43849201774285246,-0.8301002899830761,0.6956521739130435,1.0,1.0,2/7,8.65%,MAP1A;PRNP
prerank,Glutamine Family Amino Acid Metabolic Process (GO:0009064),-0.31321589268933603,-0.8300855086468805,0.6666666666666666,1.0,1.0,11/23,27.71%,TAT;ALDH18A1;GCLC;CPS1;MTHFS;GLUD2;GCLM;GLYATL1B;SLC38A1;ADSL;GOT2
prerank,Regulation Of Ventricular Cardiac Muscle Cell Membrane Repolarization (GO:0060307),-0.3551335709544287,-0.8300090497322238,0.6666666666666666,1.0,1.0,2/11,6.49%,SCN1B;KCNE4
prerank,DNA Damage Response (GO:0006974),0.180989941823285,0.8296519729791355,1.0,0.9312553622167612,1.0,86/297,27.90%,BRAT1;PPP1R15A;OTUB1;DDIT3;ALKBH7;INO80;MMS19;ERCC3;XPC;FOXP1;APC;PRAP1;USP16;TENT4A;BACH1;NSMCE4A;ZNF385A;KMT5B;UVRAG;MSH2;FAM111A;UBA7;TIGAR;CENPS;VCP;CBX1;RBX1;TANK;TAOK3;IRF3;BABAM2;POLB;METTL3;CDKN2AIP;WAC;PDS5A;SPDYA;UBE2E2;PPP4R3A;ERCC1;SIRT1;PIDD1;CDK3;NFAT5;PRKDC;BCL3;BABAM1;RAD51;DOT1L;RPA4;XPA;FANCA;UBE2A;PRKCD;NRDE2;RAD9B;NAE1;REXO4;SLF2;SAMHD1;XRCC3;RAD51B;MRE11;RRM2B;NKX3-1;BTG2;TLK2;PSEN1;SMG1;POLA1;ZC3H12A;BARD1;NUPR2;NIPBL;ETAA1;BCL2A1;CEP63;WDR76;SPRTN;MRNIP;RPA3;SHLD1;MICA;SHPRH;CUL4A;SLFN11
prerank,Protein Stabilization (GO:0050821),0.1937385471848319,0.8295701189403208,0.9333333333333333,0.931029133092206,1.0,34/159,22.93%,GPIHBP1;HSPA1B;TMEM88;TBL1X;PFDN1;CAMLG;TCP1;GTPBP4;HSPA1A;CCNH;PRKN;FLNA;SOX17;EFNA1;CREB1;DVL3;PPARGC1A;RPL11;CCT8;GET1;GNAQ;WFS1;HYPK;HSP90AA1;PHB1;CTNND1;TBRG1;SMAD7;PRKCD;MTMR9;PIH1D1;CDC37;CDC37L1;PYHIN1
prerank,Ureteric Bud Development (GO:0001657),-0.33781929104488956,-0.8295631746958342,0.7222222222222222,1.0,1.0,3/14,8.10%,SIX1;FOXJ1;FOXC1
prerank,Protein Methylation (GO:0006479),0.2633066825280872,0.8292301344094485,0.6938775510204082,0.9311711255439772,1.0,8/25,32.10%,FAM98A;METTL21C;EEF1AKMT2;PRMT7;CARM1;PRMT5;LCMT1;METTL22
prerank,Positive Regulation Of Neuron Apoptotic Process (GO:0043525),0.3077132195296851,0.8291410023287575,0.75,0.9309387940140998,1.0,3/16,6.29%,NUPR1;DDIT3;PCSK9
prerank,Lipid Biosynthetic Process (GO:0008610),-0.2723084863982895,-0.8291365109214557,0.7538461538461538,1.0,1.0,9/49,12.46%,CYP19A1;SRD5A2;HSD3B2;ACSM5;ELOVL4;PLA2G2C;AGPAT5;XBP1;ACLY
prerank,Regulation Of Dendritic Spine Development (GO:0060998),0.31608253475636505,0.8290260386921888,0.75,0.9307510465291082,1.0,7/15,31.41%,SHANK3;NEURL1;SRGAP2C;PTPRS;PSEN1;FMR1;MEF2C
prerank,Protein Deneddylation (GO:0000338),0.367340025149269,0.82897809035932,0.7674418604651163,0.930405050318915,1.0,3/8,28.26%,COPS3;COPS7A;COPS8
prerank,Positive Regulation Of Mitochondrial Membrane Permeability (GO:0035794),0.3825850972741975,0.8288982329304183,0.6511627906976745,0.9301417028031783,1.0,5/8,34.77%,GSK3A;SPG7;GSK3B;ZNF205;HIP1R
prerank,Pyrimidine-Containing Compound Catabolic Process (GO:0072529),0.38688273168299825,0.8285777636242921,0.6585365853658537,0.9303850704794367,1.0,2/7,16.74%,UPB1;TET2
prerank,Cellular Response To Virus (GO:0098586),-0.2729720395304941,-0.8281344685091561,0.7424242424242424,1.0,1.0,3/38,4.65%,POU2AF1;IFNE;VWCE
prerank,Positive Regulation Of Stress-Activated MAPK Cascade (GO:0032874),-0.23306397887888763,-0.827870588052254,0.8088235294117647,1.0,1.0,20/88,20.28%,MMP8;LEP;CD27;INAVA;SH3RF3;WNT16;F2RL1;CCR7;EDA2R;GDF6;CCL21;UNC5CL;TNFRSF19;VEGFA;SEMA3A;MAPK8IP3;TRAF4;SLAMF1;FZD7;MAP3K4
prerank,Epithelial To Mesenchymal Transition (GO:0001837),-0.26037694846443715,-0.8276287186775408,0.6984126984126984,1.0,1.0,14/38,20.65%,WNT5A;HMGA2;IGF1;WNT4;LEF1;SOX9;LOXL2;BMP7;SNAI1;HEY2;ROCK2;SNAI2;OLFM1;RBPJ
prerank,Nucleotide Metabolic Process (GO:0009117),-0.35366412197441816,-0.8274340914944024,0.6923076923076923,1.0,1.0,4/12,21.95%,ENPP3;NMNAT2;REXO2;ME1
prerank,Regulation Of Protein Localization To Nucleus (GO:1900180),0.2514896746625852,0.827387422255053,0.7105263157894737,0.9322798755792101,1.0,16/41,31.47%,TCF7L2;YWHAZ;ORMDL3;SHH;TYK2;WWTR1;CARD10;ILRUN;CREBBP;PYHIN1;GLUL;GSK3B;FLCN;SUMO3;CTNNA1;KAT7
prerank,Response To UV-B (GO:0010224),0.36660885126708503,0.8273564215739947,0.7446808510638298,0.9319338147929093,1.0,5/10,17.59%,MME;HYAL1;MSH2;RELA;HYAL2
prerank,Positive Regulation Of Necrotic Cell Death (GO:0010940),0.3906415386743601,0.8273413124394797,0.6521739130434783,0.9315501272097304,1.0,2/5,21.97%,SLC6A13;RIPK1
prerank,Memory (GO:0007613),0.24821346559455218,0.8268135582210243,0.7297297297297297,0.9321526580555552,1.0,8/46,10.85%,ADCY8;SHANK3;BDNF;LDLR;SLC8A2;NOL3;INSR;CHRNB2
prerank,Positive Regulation Of Acute Inflammatory Response (GO:0002675),-0.37804944230196885,-0.8267609136868843,0.7068965517241379,1.0,1.0,3/11,17.39%,C2CD4A;CREB3L3;FFAR3
prerank,Detection Of Light Stimulus Involved In Sensory Perception (GO:0050962),-0.37913676036164534,-0.8267439972839374,0.6938775510204082,1.0,1.0,4/9,19.84%,RPE65;CEP250;REEP6;CNGB1
prerank,Detection Of Light Stimulus Involved In Visual Perception (GO:0050908),-0.37913676036164534,-0.8267439972839374,0.6938775510204082,1.0,1.0,4/9,19.84%,RPE65;CEP250;REEP6;CNGB1
prerank,Negative Regulation Of DNA Biosynthetic Process (GO:2000279),0.27852413891058425,0.8266513174618706,0.7560975609756098,0.9320282079312571,1.0,4/26,6.06%,ANKRD1;ACVRL1;DACH1;PINX1
prerank,Positive Regulation By Host Of Viral Transcription (GO:0043923),0.3586065186548547,0.8264064242999454,0.6666666666666666,0.9320806632888586,1.0,5/11,27.67%,JUN;HPN;SMARCA4;CDK9;ZNF639
prerank,Positive Regulation Of Mast Cell Activation (GO:0033005),-0.4499067698785697,-0.8263582942787531,0.6428571428571429,1.0,1.0,4/5,36.65%,NR4A3;NECTIN2;HAVCR1;SPHK2
prerank,Regulation Of Glomerular Filtration (GO:0003093),0.42184156056331895,0.8260101850818694,0.6470588235294118,0.9323665896373482,1.0,1/5,2.68%,PDGFB
prerank,Positive Regulation Of Telomere Capping (GO:1904355),-0.3473468558062678,-0.8259796778281947,0.6730769230769231,1.0,1.0,2/13,6.51%,PKIB;NEK2
prerank,Negative Regulation Of TORC1 Signaling (GO:1904262),-0.29587479185032445,-0.8259389437130725,0.7115384615384616,1.0,1.0,7/19,27.12%,SESN3;DEPTOR;STK11;SESN2;MIOS;KPTN;CASTOR2
prerank,Modulation Of Excitatory Postsynaptic Potential (GO:0098815),0.26526778104473103,0.8259111836557603,0.7352941176470589,0.9321160407608196,1.0,5/25,8.67%,WNT7A;SHANK3;PRKCZ;LRRK2;SLC8A2
prerank,Vesicle-Mediated Transport To The Plasma Membrane (GO:0098876),0.2242480709380594,0.8258950168699938,0.7666666666666667,0.9317269896771532,1.0,22/68,32.30%,EXOC5;RAB17;SNX27;EXOC6;EHD1;OSBPL5;EXOC7;COMMD1;SNF8;VAMP4;RAB11FIP3;EHD2;C2CD6;GGA1;VPS29;LMTK2;VTI1A;VPS51;RAB14;HGS;BLTP1;RAB35
prerank,Regulation Of Synaptic Vesicle Exocytosis (GO:2000300),0.3123503466694131,0.8256699090676194,0.6829268292682927,0.931716456869737,1.0,8/14,35.86%,LRRK2;RIMS4;RAB5A;RAP1A;FMR1;PREPL;RIMS3;RAP1B
prerank,Positive Regulation Of Transcription Regulatory Region DNA Binding (GO:2000679),-0.340221376248691,-0.8252509977929515,0.6792452830188679,1.0,1.0,3/16,8.10%,TWIST1;IGF1;FOXC1
prerank,Positive Regulation Of Alpha-Beta T Cell Activation (GO:0046635),0.3064091934816616,0.8251361855294093,0.72,0.9322288398894647,1.0,2/13,7.36%,IHH;SHH
prerank,Positive Regulation Of Potassium Ion Transport (GO:0043268),-0.3634858085506061,-0.8250610683552011,0.7254901960784313,1.0,1.0,4/11,19.48%,KCNN4;ADRA2A;NOS1AP;AKAP6
prerank,Regulation Of Integrin Activation (GO:0033623),-0.35035166156992015,-0.8248719078325225,0.6785714285714286,1.0,1.0,2/13,10.22%,FBLIM1;KIF14
prerank,Endoplasmic Reticulum Membrane Organization (GO:0090158),0.3272797350734359,0.8248207977480231,0.7115384615384616,0.9323377420364791,1.0,5/11,40.35%,RTN4;STX18;ATL2;VAPB;LPCAT3
prerank,Peptidyl-Lysine Trimethylation (GO:0018023),0.3387808729838938,0.8243471600905993,0.6595744680851063,0.9328179223368875,1.0,5/11,35.90%,KMT2A;NFYC;SETD4;NFYB;ETFBKMT
prerank,Regulation Of Microtubule Cytoskeleton Organization (GO:0070507),0.2456954788640697,0.8240670411752599,0.7142857142857143,0.9328635496976404,1.0,8/34,18.00%,FAM107A;PHLDB1;CDK2AP2;GAS2L1;PHLDB2;TPPP;CLASP2;CLASP1
prerank,UDP-N-acetylglucosamine Metabolic Process (GO:0006047),-0.37062319374197644,-0.8236140109528105,0.7049180327868853,1.0,1.0,2/10,11.31%,B4GALNT2;UAP1
prerank,DNA Conformation Change (GO:0071103),-0.3912234939216341,-0.8232743485119272,0.7021276595744681,1.0,1.0,1/9,3.40%,HMGB3
prerank,Cytoskeleton-Dependent Cytokinesis (GO:0061640),0.21706043425212287,0.8231836654660172,0.9375,0.9339908287220773,1.0,13/66,17.87%,MYH10;SPTBN1;EXOC5;APC;SEPTIN10;EXOC6;EXOC7;ANK3;PDCD6IP;CECR2;SPIRE2;STAMBP;RHOC
prerank,Regulation Of DNA Recombination (GO:0000018),-0.28249061305711665,-0.8230383866334452,0.7692307692307693,1.0,1.0,6/27,13.68%,H1-3;H1-5;H1-1;IL10;KPNA2;CHEK1
prerank,7-Methylguanosine RNA Capping (GO:0009452),-0.4415209144210133,-0.8230293028968829,0.6538461538461539,1.0,1.0,3/5,32.08%,RNGTT;NCBP1;RNMT
prerank,Plasma Membrane Bounded Cell Projection Organization (GO:0120036),-0.22614758764026924,-0.8229700819322975,0.8169014084507042,1.0,1.0,16/105,11.47%,STMN2;GDNF;MAP1B;ADGRF1;ROPN1B;STMND1;NCDN;MNS1;GPRIN1;CFAP61;CFAP126;BICDL1;RAB6B;CCR7;CATIP;APOE
prerank,Negative Regulation Of Macrophage Derived Foam Cell Differentiation (GO:0010745),0.3491652121522655,0.8224915813786363,0.7209302325581395,0.9348719501002866,1.0,6/10,19.28%,NR1H2;PPARG;NFKBIA;ABCA5;ITGAV;ABCG1
prerank,Myoblast Migration (GO:0051451),-0.38386380072021536,-0.8216941917767115,0.5882352941176471,1.0,1.0,2/6,15.16%,SIX1;MEGF10
prerank,Negative Regulation Of Fatty Acid Oxidation (GO:0046322),0.38492132957704517,0.8214065446168447,0.6808510638297872,0.936141857947128,1.0,3/6,18.38%,MFSD2A;ACADVL;APLP2
prerank,Leukocyte Cell-Cell Adhesion (GO:0007159),-0.3139862474865578,-0.8207072640372876,0.7538461538461538,1.0,1.0,3/20,4.28%,CD177;CD209;CERCAM
prerank,Positive Regulation Of Lymphocyte Proliferation (GO:0050671),-0.25066300540299796,-0.8206464896733721,0.8243243243243243,1.0,1.0,10/46,18.09%,LEP;TNFRSF13C;CD209;SLC7A1;ZP3;CD28;GPR183;CD38;TNFSF13B;IL21
prerank,Response To Caffeine (GO:0031000),-0.42223928521569176,-0.8204394457382496,0.6923076923076923,1.0,1.0,5/5,57.80%,CASQ2;RYR2;SLC8A1;GSTM2;RYR3
prerank,Cellular Response To Caffeine (GO:0071313),-0.42223928521569176,-0.8204394457382496,0.6923076923076923,1.0,1.0,5/5,57.80%,CASQ2;RYR2;SLC8A1;GSTM2;RYR3
prerank,Regulation Of B Cell Proliferation (GO:0030888),-0.26596848710034354,-0.8200370039463866,0.7878787878787878,1.0,1.0,9/33,18.09%,TNFRSF13C;TNFRSF21;IL10;GPR183;CD38;TNFSF13B;CD22;IKZF3;IL21
prerank,Inositol Phosphate-Mediated Signaling (GO:0048016),0.3211293981670028,0.8199943550664128,0.6904761904761905,0.9382208331867544,1.0,9/17,34.05%,NMUR1;EDN1;NFAT5;PPP3CC;PLCE1;INPP5A;NMUR2;NFATC3;PPP3CA
prerank,Positive Regulation Of Proteolysis (GO:0045862),0.23657514733374083,0.8197542195297093,0.7368421052631579,0.9382074689420626,1.0,15/49,25.40%,ANGPTL8;FGFR4;IFNG;CAPN3;IL1B;NLRC4;BAD;TANK;CTSK;NDUFA13;FBXW11;ZC3H12A;ASTL;CTSS;GPLD1
prerank,Calcium-Ion Regulated Exocytosis (GO:0017156),0.2880588650215593,0.8197171019620763,0.8292682926829268,0.9378552665039099,1.0,5/17,17.23%,SYT15;SYT13;RIMS4;SYT17;VAMP2
prerank,Mitochondrion Transport Along Microtubule (GO:0047497),0.36184834418855694,0.8196936396967901,0.6545454545454545,0.937478286569013,1.0,4/9,30.07%,UBB;OPA1;MAP1S;SYBU
prerank,Protein Homotrimerization (GO:0070207),0.3274631620341303,0.8196537335985865,0.673469387755102,0.9367378591333471,1.0,6/11,30.85%,AMH;STEAP4;SLC1A2;MLKL;CLYBL;PNPT1
prerank,Protein Trimerization (GO:0070206),0.3274631620341303,0.8196537335985865,0.673469387755102,0.9367378591333471,1.0,6/11,30.85%,AMH;STEAP4;SLC1A2;MLKL;CLYBL;PNPT1
prerank,Unsaturated Fatty Acid Metabolic Process (GO:0033559),0.24111136841786493,0.819506032722754,0.825,0.9365372615669957,1.0,10/34,17.04%,SCP2;DEGS1;CYP4A22;CYP4A11;DAGLB;CYP4Z1;FADS3;GPX4;AWAT1;PTGR1
prerank,Negative Regulation Of Tumor Necrosis Factor Production (GO:0032720),-0.28404840147429133,-0.8194126770297431,0.8153846153846154,1.0,1.0,4/31,8.51%,NFKBIL1;IGF1;NLRC3;IL10
prerank,Positive Regulation Of Peptidase Activity (GO:0010952),0.27632587329839997,0.8192802478220104,0.75,0.9364495418278439,1.0,9/18,26.80%,VCP;TANK;CTSK;NDUFA13;NCSTN;VSIR;CTSS;DDRGK1;PSME2
prerank,Positive Regulation Of Extracellular Matrix Organization (GO:1903055),-0.3319008058313999,-0.8191277374522559,0.723404255319149,1.0,1.0,6/14,22.83%,EMILIN1;MELTF;RUNX1;FSCN1;DDR2;TGFB1
prerank,Regulation Of Protein Lipidation (GO:1903059),0.37449096474860755,0.8187246267539992,0.7755102040816326,0.9371003897832516,1.0,4/7,39.19%,ULK1;RABL3;RB1CC1;SVIP
prerank,Regulation Of Receptor-Mediated Endocytosis (GO:0048259),-0.27697453468969524,-0.8183613130347416,0.7777777777777778,1.0,1.0,10/31,26.93%,PROM2;USH1G;CCL21;CLU;DKK1;SERPINE1;APOC1;ARF6;APOC2;BICD1
prerank,Positive Regulation Of Tyrosine Phosphorylation Of STAT Protein (GO:0042531),-0.27919326520292914,-0.8183435622752008,0.8260869565217391,1.0,1.0,9/31,18.09%,IGF1;IL31RA;IL20;CNTF;TNFRSF18;VEGFA;TNFSF18;ERBB4;IL21
prerank,Positive Regulation Of Apoptotic Process (GO:0043065),-0.2036893359517215,-0.818181638238155,0.9102564102564102,1.0,1.0,56/221,22.97%,ADIPOQ;SFRP2;CYP1B1;TFAP2A;SPDEF;EMILIN1;TP63;CTSL;SFRP1;CASP9;HTRA1;HRK;FANK1;MELK;PRNP;PLEKHN1;TNFRSF10C;MLLT11;ECT2;PDCD5;EEF1E1;FADD;PNMA2;SAV1;CLU;FOXA1;FRZB;BMF;PPID;PRR7;BCL6;RPS6;REST;KCNMA1;PTGIS;BCL2L11;RRP1B;PNMA1;TGM2;AIFM2;CSRNP3;SLC27A4;BAK1;RACK1;OLFM1;FOXO1;STK4;MTCH2;KNG1;ING5;RASSF2;SOX4;EMILIN2;CALHM2;PANO1;TNFRSF10A
prerank,NADP Metabolic Process (GO:0006739),-0.3341501693718658,-0.8180284567694529,0.6842105263157895,1.0,1.0,5/16,23.37%,KRT17;G6PD;IDH1;ME1;KCNAB2
prerank,"Regulation Of DNA Damage Response, Signal Transduction By P53 Class Mediator (GO:0043516)",0.2622175246470684,0.8174990367785431,0.8,0.9388078657744614,1.0,5/24,16.82%,DDX5;ANKRD1;COPS3;CD74;SIRT1
prerank,Natural Killer Cell Mediated Cytotoxicity (GO:0042267),0.30047482927399677,0.817491015245081,0.7291666666666666,0.9384066175089176,1.0,8/16,31.01%,NKG7;GZMB;LYST;VAMP2;MICA;CORO1A;CD2;ULBP2
prerank,Cardiac Muscle Hypertrophy (GO:0003300),0.37931814839181577,0.8174214626705104,0.6756756756756757,0.9380932244659824,1.0,3/7,15.76%,TCAP;TTN;HDAC4
prerank,Positive Regulation Of Defense Response (GO:0031349),0.2034895369604436,0.8173101074573796,0.9375,0.937886312696389,1.0,21/89,17.98%,NKG7;MYO1C;CX3CL1;SH2D1B;IFNG;NFKBIA;SNCA;IL1B;LRSAM1;NFKBIZ;NLRC4;TNFRSF1A;OPTN;TRIM56;IL15;TLR7;NAIP;POLR3G;HYAL2;TLR8;MGST2
prerank,Positive Regulation Of Interleukin-13 Production (GO:0032736),0.39187174163713845,0.8172725187250137,0.7021276595744681,0.9375422014372387,1.0,2/7,15.02%,PRKCZ;RARA
prerank,Regulation Of Necrotic Cell Death (GO:0010939),-0.4230895716652595,-0.8169132404948539,0.7142857142857143,1.0,1.0,2/7,13.75%,OLFM4;SLC6A6
prerank,Regulation Of Cardiac Muscle Contraction (GO:0055117),0.2832883724310913,0.8166374960612358,0.7592592592592593,0.9383032043481941,1.0,5/27,12.50%,CAV3;NOS1;STC1;ASB3;CALM3
prerank,Cellular Modified Amino Acid Catabolic Process (GO:0042219),0.3737290020888995,0.8164288619844041,0.7551020408163265,0.9382524513939584,1.0,2/7,10.10%,CDO1;PCYOX1
prerank,Membrane Protein Ectodomain Proteolysis (GO:0006509),-0.3276868682133438,-0.8163350806096543,0.7142857142857143,1.0,1.0,2/17,4.68%,MMP7;BACE2
prerank,Regulation Of Cell-Substrate Adhesion (GO:0010810),0.25563697351389564,0.8162236728196964,0.7142857142857143,0.9382079794425958,1.0,4/37,2.68%,MYADM;ATXN3;CX3CL1;PDGFB
prerank,Maintenance Of Protein Localization In Endoplasmic Reticulum (GO:0035437),-0.4480321490343071,-0.8161439785601134,0.7169811320754716,1.0,1.0,1/5,8.65%,KDELR3
prerank,Dendritic Cell Differentiation (GO:0097028),-0.3204433506124522,-0.8161125007793418,0.7692307692307693,1.0,1.0,4/14,20.15%,F2RL1;CCR7;CLU;TREM2
prerank,Mitotic G1 DNA Damage Checkpoint Signaling (GO:0031571),0.29319766557835886,0.8160716989324688,0.7631578947368421,0.9380887428323441,1.0,6/21,18.24%,RPL26;PRAP1;CDK2;WAC;PIDD1;PRKDC
prerank,Positive Regulation Of Cell Morphogenesis Involved In Differentiation (GO:0010770),0.33421548922414523,0.8158645362034979,0.7727272727272727,0.9380942290968303,1.0,4/10,19.85%,CDKL5;OBSL1;PRKDC;CUX1
prerank,Positive Regulation Of p38MAPK Cascade (GO:1900745),-0.3331414554446849,-0.8158380828568701,0.7096774193548387,1.0,1.0,3/17,14.57%,LEP;GDF6;VEGFA
prerank,Cellular Response To UV (GO:0034644),-0.2541254337280794,-0.8156026979120369,0.828125,1.0,1.0,2/59,0.79%,MMP1;MMP3
prerank,Positive Regulation Of Macrophage Chemotaxis (GO:0010759),0.3409132261967749,0.814996392678108,0.7441860465116279,0.9392706068650519,1.0,2/10,13.78%,IL34;CSF1
prerank,Cell-Cell Junction Assembly (GO:0007043),-0.24988212001730023,-0.8149392692684578,0.7808219178082192,1.0,1.0,15/57,19.12%,CDH3;GJB6;CDH17;PKP1;CDH2;CLDN12;TRPV4;CDH22;ZNF703;CDHR3;PKP2;CDH4;CDH26;FSCN1;CDH11
prerank,Positive Regulation Of Protein Localization (GO:1903829),0.22064391431699873,0.8148113499110962,0.7941176470588235,0.9391759627010134,1.0,19/64,24.03%,TCF7L2;CEP135;ORMDL3;NEDD9;PRKN;APC;MARK4;PDZK1;GNL3;FYN;TYK2;CEP120;WWTR1;CARD10;CREBBP;CDK9;STX3;PYHIN1;CEP295
prerank,Phosphatidylcholine Metabolic Process (GO:0046470),-0.27016876200274814,-0.814725452732848,0.6842105263157895,1.0,1.0,14/39,20.47%,PLA2G7;PLAAT2;ENPP2;PLAAT4;PCYT1A;ABHD4;PLB1;PCYT1B;PLAAT1;PLA2G4A;SLC44A5;PNPLA8;MUC1;PLA2G2D
prerank,Regulation Of Exit From Mitosis (GO:0007096),0.31071380788225955,0.814691007128411,0.7547169811320755,0.9389756155118233,1.0,2/13,7.05%,SIRT2;RGCC
prerank,Regulation Of T Cell Activation (GO:0050863),-0.26159877961706607,-0.8140080019687923,0.8125,1.0,1.0,11/45,17.51%,THY1;TNFSF11;CD209;LAX1;TIGIT;JAK3;SPINK5;CCR2;SIRPG;TNFSF18;CYRIB
prerank,Regulation Of Glucose Metabolic Process (GO:0010906),0.276085969363252,0.8139941023915301,0.7804878048780488,0.939845280642831,1.0,10/23,30.37%,FBP1;PRKN;AKT2;SIRT1;RORA;SELENOS;GPLD1;PDK4;OGT;IRS2
prerank,Response To Axon Injury (GO:0048678),-0.3357259811940601,-0.8139775593933514,0.7454545454545455,1.0,1.0,5/13,22.18%,RTN4RL2;RTN4RL1;MAPK8IP3;TREM2;DHFR
prerank,Anterograde Axonal Transport (GO:0008089),-0.2738941281672795,-0.8138690004867692,0.7678571428571429,1.0,1.0,13/29,31.14%,MAP1A;KIF4A;RAB27B;MAPK8IP3;KIF1B;AP3B2;KIF3B;DTNBP1;TRAK1;BLOC1S4;AP3M1;AP3M2;NEFL
prerank,Phosphatidylglycerol Metabolic Process (GO:0046471),0.29348546781050244,0.8137287010678171,0.7872340425531915,0.9398810714248486,1.0,6/15,26.01%,TAFAZZIN;PLA2G4F;PGS1;GPAM;SLC27A1;MBOAT2
prerank,Negative Regulation Of Regulated Secretory Pathway (GO:1903306),-0.4062253244680988,-0.8137214925907914,0.68,1.0,1.0,2/7,15.75%,CBARP;REST
prerank,Innate Immune Response-Activating Signaling Pathway (GO:0002758),0.35461735225616065,0.8137104174339094,0.7441860465116279,0.9395253153623104,1.0,3/9,16.21%,HCK;NLRC4;NAIP
prerank,Pyroptosis (GO:0070269),-0.32231157822225437,-0.8136742511188384,0.7368421052631579,1.0,1.0,5/18,20.15%,GSDMC;GSDMA;GSDME;DHX9;TREM2
prerank,Regulation Of Protein Autoubiquitination (GO:1902498),0.41836633009884716,0.813623533630691,0.72,0.9392071416841387,1.0,4/5,45.36%,RBX1;MTA1;MARCHF7;TAF1
prerank,Cellular Response To Thyroid Hormone Stimulus (GO:0097067),-0.36944954438713407,-0.8134497054226523,0.7358490566037735,1.0,1.0,2/10,6.68%,CTSL;LMO2
prerank,Integrin Activation (GO:0033622),0.4138184985222129,0.813395804318867,0.717391304347826,0.939187282919531,1.0,1/5,2.42%,CX3CL1
prerank,Regulation Of Histone Acetylation (GO:0035065),-0.3319958091931585,-0.8133466166450449,0.72,1.0,1.0,6/18,23.26%,TWIST1;FOXP3;MYOCD;SF3B1;SET;BAZ1B
prerank,Neuromuscular Synaptic Transmission (GO:0007274),-0.34397529868699483,-0.812868168851608,0.7407407407407407,1.0,1.0,1/12,2.27%,CHRNB4
prerank,Lysosome Localization (GO:0032418),0.2637382647642805,0.8128441814240474,0.8333333333333334,0.9396949834925865,1.0,8/28,28.00%,MRGPRX2;FAM98A;DEF8;LAMTOR1;KLC2;BLOC1S1;MYH9;FLCN
prerank,Ribosome Assembly (GO:0042255),0.2494594826293531,0.81269702650264,0.7674418604651163,0.9395632628628363,1.0,9/34,25.64%,DDX3X;ERAL1;MTERF4;EFNA1;RPL11;EIF2S1;RPS28;MRPL20;NOP2
prerank,Mitochondrial Protein Processing (GO:0034982),0.4052232981963234,0.8125352870960361,0.7592592592592593,0.9393882507172927,1.0,3/7,27.55%,IMMP2L;SPG7;IMMP1L
prerank,Regulation Of p38MAPK Cascade (GO:1900744),0.24133730518968766,0.812364561675485,0.7777777777777778,0.9392257879712889,1.0,5/30,9.99%,ULK4;SPHK1;IL1B;DUSP1;PER1
prerank,Cellular Response To Organonitrogen Compound (GO:0071417),-0.2433576713988984,-0.8121357417388968,0.8615384615384616,1.0,1.0,21/82,19.81%,SLC5A5;TSHR;IGFBP5;AHR;SFRP1;HCN4;P2RY6;CIB2;PDE3A;SOX9;GOLPH3;XBP1;CLU;PDXP;ROCK2;NSMF;HCN2;LARP1;P2RY2;AKAP6;SESN2
prerank,"Positive Regulation Of CD4-positive, CD25-positive, Alpha-Beta Regulatory T Cell Differentiation (GO:0032831)",0.4180589768950039,0.8120720446090675,0.7307692307692307,0.9393112885224932,1.0,1/5,3.36%,IFNG
prerank,"Negative Regulation Of DNA Damage Response, Signal Transduction By P53 Class Mediator (GO:0043518)",-0.36179814560102663,-0.8118986787878574,0.734375,1.0,1.0,3/12,17.48%,TWIST1;SNAI1;SNAI2
prerank,"DNA Damage Response, Signal Transduction By P53 Class Mediator Resulting In Cell Cycle Arrest (GO:0006977)",0.317612127953461,0.8117761416985305,0.717948717948718,0.9394462570806469,1.0,3/13,17.11%,RPL26;PRAP1;PIDD1
prerank,Ribose Phosphate Biosynthetic Process (GO:0046390),-0.4155886642198721,-0.811615556855487,0.6727272727272727,1.0,1.0,1/5,8.01%,G6PD
prerank,AV Node Cell To Bundle Of His Cell Communication (GO:0086067),0.44782359091970914,0.8115865109764148,0.7142857142857143,0.9393706434797847,1.0,2/5,31.87%,CXADR;GJC3
prerank,Positive Regulation Of Cyclin-Dependent Protein Kinase Activity (GO:1904031),0.28565342865841825,0.8115841849767005,0.7391304347826086,0.9389671620720866,1.0,4/16,15.92%,PDGFB;RGCC;CCND3;SPDYA
prerank,Regulation Of Cell Death (GO:0010941),-0.26913575853044946,-0.8115512916274874,0.8305084745762712,1.0,1.0,11/43,19.29%,CCN4;OLFM4;HBB;AGR2;TSC1;WNT16;PACRG;CLU;AXIN2;VPS35;NOA1
prerank,Negative Regulation Of Double-Strand Break Repair (GO:2000780),-0.2834962742383052,-0.8114610580806193,0.7758620689655172,1.0,1.0,11/30,29.89%,TWIST1;HMGA2;POLQ;MAD2L2;RMI2;MAGEF1;FBH1;HELB;AUNIP;RNF169;FANCB
prerank,Protein Maturation By Iron-Sulfur Cluster Transfer (GO:0097428),0.33420694777537335,0.8109970906167899,0.6818181818181818,0.9395474048525516,1.0,6/12,33.51%,MMS19;CIAO2B;ISCA1;CIAO1;YAE1;LTO1
prerank,Positive Regulation Of Neuron Migration (GO:2001224),0.31369153431495433,0.810951878010457,0.6595744680851063,0.9392307465647806,1.0,6/12,28.25%,SEMA6A;SRGAP2C;SHTN1;NIPBL;RAPGEF2;ZNF609
prerank,Negative Regulation Of Glucose Transmembrane Transport (GO:0010829),-0.3370659286491313,-0.8107169133986517,0.6935483870967742,1.0,1.0,1/11,0.70%,LEP
prerank,Negative Regulation Of Lymphocyte Migration (GO:2000402),-0.38127487258255954,-0.810650431091148,0.7450980392156863,1.0,1.0,8/8,61.90%,CD200R1;WASL;GCSAM;RIPOR2;PADI2;MIA3;LRCH1;AKT1
prerank,Regulation Of Viral Transcription (GO:0046782),0.3264334699738327,0.8105720317201899,0.7222222222222222,0.9394643257976782,1.0,1/12,4.23%,ZFP36
prerank,Signal Complex Assembly (GO:0007172),0.42765862237759655,0.8104966976739649,0.6818181818181818,0.9392159225937284,1.0,1/5,11.33%,PXN
prerank,Peptidyl-Proline Hydroxylation (GO:0019511),0.34464681217550425,0.810411626089564,0.7551020408163265,0.9389615616137904,1.0,1/9,3.04%,P3H2
prerank,Positive Regulation Of T Cell Differentiation (GO:0045582),-0.265663200051411,-0.8100677933827265,0.8214285714285714,1.0,1.0,19/46,26.31%,FOXP3;VNN1;MDK;LEF1;XBP1;TNFSF4;RHOH;BCL6;GLI2;GLI3;SMARCD1;ADAM8;SOX4;SOX12;ARID1A;FOXO3;SMARCE1;SOCS1;TNFSF9
prerank,Antigen Processing And Presentation Of Exogenous Peptide Antigen Via MHC Class I (GO:0042590),-0.4462410343631052,-0.8094780872011054,0.723404255319149,1.0,1.0,1/5,4.33%,HLA-A
prerank,Autophagy Of Nucleus (GO:0044804),0.3126614987080104,0.8094462060564035,0.7115384615384616,0.9402749273547915,1.0,12/12,68.76%,ULK1;ATG2B;ATG9A;RB1CC1;WDR45B;ATG7;ATG13;WIPI2;ATG3;ATG9B;SNX33;ULK2
prerank,Negative Regulation Of Neuron Death (GO:1901215),-0.23591605814355576,-0.8092237204736749,0.85,1.0,1.0,11/71,11.47%,VSTM2L;GDNF;SIX1;SIX4;TOX3;MDK;CNTF;KIF14;ISL1;FOXB1;APOE
prerank,Negative Regulation Of Neuron Apoptotic Process (GO:0043524),-0.24290479201267445,-0.8087841254391754,0.828125,1.0,1.0,11/61,11.47%,VSTM2L;GDNF;SIX1;SIX4;TOX3;MDK;CNTF;KIF14;ISL1;FOXB1;APOE
prerank,Translesion Synthesis (GO:0019985),0.2850243602496678,0.8079089758438858,0.6388888888888888,0.9428393764527381,1.0,5/19,19.69%,REV3L;TENT4A;VCP;POLD3;REV1
prerank,Purine Nucleoside Bisphosphate Catabolic Process (GO:0034034),0.3850802925071841,0.8079016695056621,0.6981132075471698,0.9420510446218231,1.0,5/7,42.57%,NUDT7;SUCLG2;MLYCD;SUCLA2;SUCLG1
prerank,Ribonucleoside Bisphosphate Catabolic Process (GO:0034031),0.3850802925071841,0.8079016695056621,0.6981132075471698,0.9420510446218231,1.0,5/7,42.57%,NUDT7;SUCLG2;MLYCD;SUCLA2;SUCLG1
prerank,Nuclear Pore Complex Assembly (GO:0051292),0.3589219557606299,0.8076870318645709,0.6808510638297872,0.9420054639520107,1.0,5/10,31.11%,NUP107;NUP98;NUP93;TMEM170A;RTN4
prerank,Regulation Of Monocyte Chemotactic Protein-1 Production (GO:0071637),0.34995821087831175,0.8075600806608945,0.6666666666666666,0.9417875019643857,1.0,2/9,7.82%,OAS3;IL1B
prerank,Regulation Of High Voltage-Gated Calcium Channel Activity (GO:1901841),0.36708738670490165,0.8074157031148879,0.7115384615384616,0.9416805230072495,1.0,2/9,12.50%,NIPSNAP2;CALM3
prerank,Response To Amino Acid Starvation (GO:1990928),-0.27170929625274565,-0.8065440140776531,0.7666666666666667,1.0,1.0,14/32,33.25%,SESN3;DAP;LARP1;SESN2;MIOS;EIF2AK3;RRAGA;KPTN;CDKN1A;EIF2AK4;GCN1;RNF152;SH3GLB1;BMT2
prerank,Coenzyme A Biosynthetic Process (GO:0015937),-0.39404715854485517,-0.806248920848836,0.6730769230769231,1.0,1.0,3/8,24.79%,PANK1;DCAKD;PANK3
prerank,Purine Nucleoside Bisphosphate Biosynthetic Process (GO:0034033),-0.39404715854485517,-0.806248920848836,0.6730769230769231,1.0,1.0,3/8,24.79%,PANK1;DCAKD;PANK3
prerank,Ribonucleoside Bisphosphate Biosynthetic Process (GO:0034030),-0.39404715854485517,-0.806248920848836,0.6730769230769231,1.0,1.0,3/8,24.79%,PANK1;DCAKD;PANK3
prerank,"Positive Regulation Of CD8-positive, Alpha-Beta T Cell Activation (GO:2001187)",-0.40605724111976327,-0.805949297468224,0.75,1.0,1.0,2/6,13.01%,HLA-A;RUNX1
prerank,Golgi Lumen Acidification (GO:0061795),0.3743323356132585,0.8059469084230998,0.6724137931034483,0.9436655031443844,1.0,2/7,13.84%,ATP6V0C;ATP6V1A
prerank,Protein Transport (GO:0015031),0.17967052078931608,0.8059359150568504,1.0,0.9432564587130257,1.0,48/251,17.70%,GPIHBP1;SPTBN1;RAB5C;PPARG;CD36;MYO6;STX11;RAMP3;VAMP5;ARL6IP5;RAB17;REP15;CTAGE6;ARFGAP3;SNX27;TANGO2;CTAGE15;LRSAM1;EHD1;SNX1;CALCRL;ANK3;TIMM17B;GOLPH3L;STXBP1;CHMP1A;TMED5;RAB5B;OPTN;RUFY1;VMP1;YWHAH;CTAGE4;PPT1;CD74;SCAMP2;ARRDC1;RAB8B;ARF3;ARL1;TOM1;CTAGE9;CTAGE8;AP3D1;VAMP2;TVP23A;SNX8;RAB5A
prerank,Regulation Of Cardiac Muscle Contraction By Calcium Ion Signaling (GO:0010882),-0.3190554843010768,-0.8059145482023216,0.8076923076923077,1.0,1.0,4/17,17.13%,HRC;CAMK2D;ATP2A2;CASQ2
prerank,tRNA Transport (GO:0051031),0.43521588768967845,0.8055781810974929,0.6341463414634146,0.9434993736860937,1.0,1/5,5.44%,SSB
prerank,Positive Regulation Of T Cell Mediated Immunity (GO:0002711),-0.27675585548867243,-0.8054417401690893,0.7213114754098361,1.0,1.0,8/31,18.17%,CD1A;HLA-A;ZP3;RAET1E;FADD;TNFSF4;CYRIB;ULBP3
prerank,Regulation Of Integrin-Mediated Signaling Pathway (GO:2001044),0.28539613762253485,0.8053918150169245,0.7441860465116279,0.9433611158922176,1.0,5/18,12.78%,EMP2;LIMS2;FLNA;PRKD1;LIMS1
prerank,Organic Hydroxy Compound Transport (GO:0015850),0.2589692654749802,0.8053317417238508,0.8205128205128205,0.9430632885525678,1.0,4/37,8.57%,SLCO1A2;ABCC4;SLC44A2;SLC10A1
prerank,Regulation Of Actin Filament Organization (GO:0110053),0.3334206782332888,0.805194632893139,0.6097560975609756,0.9429069214007679,1.0,2/9,9.57%,RDX;VIL1
prerank,Regulation Of Fatty Acid Beta-Oxidation (GO:0031998),-0.3338032287924564,-0.8051715962424303,0.7,1.0,1.0,4/13,20.07%,TWIST1;TYSND1;IRS1;PPARA
prerank,Negative Regulation Of Leukocyte Activation (GO:0002695),-0.34725690513893426,-0.8050635727177264,0.7307692307692307,1.0,1.0,5/11,19.50%,LRFN5;IL31RA;CD84;FN1;MILR1
prerank,Regulation Of Glial Cell Proliferation (GO:0060251),-0.4083092679206853,-0.8048931378600803,0.6590909090909091,1.0,1.0,1/5,3.34%,SOX11
prerank,Regulation Of 3'-UTR-mediated mRNA Stabilization (GO:1905868),0.4069817081246895,0.8048415847911585,0.7169811320754716,0.94306365515352,1.0,2/5,15.37%,TENT4A;LARP4B
prerank,Fc-epsilon Receptor Signaling Pathway (GO:0038095),0.2852199828911881,0.8045889676806917,0.7692307692307693,0.943054637324146,1.0,4/21,19.55%,MAPK9;PLCG1;PRKCQ;FCER1G
prerank,Positive Regulation Of Humoral Immune Response (GO:0002922),-0.3781383168260656,-0.80395677507928,0.6792452830188679,1.0,1.0,2/5,11.00%,ZP3;CCR7
prerank,Regulation Of Calcium Ion Transport (GO:0051924),-0.253560670475604,-0.8037583062469121,0.7611940298507462,1.0,1.0,13/45,20.73%,SLN;PLPP4;HRC;PLN;GRIN3B;WNK3;EFHB;CD84;CASQ1;CAMK2B;MYLK;CRACR2A;CCR1
prerank,Regulation Of T-helper 2 Cell Differentiation (GO:0045628),0.4449059144310261,0.8037319058527932,0.7307692307692307,0.9442289638041224,1.0,2/5,15.02%,PRKCZ;RARA
prerank,Positive Regulation Of Leukocyte Activation (GO:0002696),-0.3190330818128729,-0.8035442923335269,0.71875,1.0,1.0,7/16,31.25%,WNT5A;TLR6;KARS1;IRGM;NECTIN2;HAVCR1;CLEC4D
prerank,Response To Thyroid Hormone (GO:0097066),0.3326398254753244,0.8032120384794865,0.6818181818181818,0.9446790975510326,1.0,3/11,8.78%,RDX;HPN;GAS2L1
prerank,Regulation Of Peroxisome Proliferator Activated Receptor Signaling Pathway (GO:0035358),0.3568211514081292,0.8032027562568235,0.6222222222222222,0.94428958296957,1.0,2/9,4.26%,CITED2;GPS2
prerank,Regulation Of Interleukin-4 Production (GO:0032673),0.3151274372667671,0.8030603269267395,0.7804878048780488,0.944096351447777,1.0,7/18,19.55%,GATA3;DDIT3;PRKCZ;ZFPM1;RARA;PRKCQ;FCER1G
prerank,Adult Locomotory Behavior (GO:0008344),-0.3657915482202978,-0.8026449050317745,0.6730769230769231,1.0,1.0,2/8,10.46%,GDNF;TSC1
prerank,Motor Neuron Axon Guidance (GO:0008045),0.4247435268808637,0.8024740495495329,0.7636363636363637,0.9445826840147403,1.0,1/5,2.87%,SLIT2
prerank,Regulation Of Protein Processing (GO:0070613),0.29557689716922053,0.8024709736897109,0.8,0.9441875968509804,1.0,4/17,10.18%,ANGPTL8;LRRK2;CLN3;NLRC4
prerank,Motile Cilium Assembly (GO:0044458),-0.37971077825178184,-0.8022299869743803,0.782608695652174,1.0,1.0,2/9,7.52%,RSPH9;SPAG17
prerank,Positive Regulation Of Protein Kinase A Signaling (GO:0010739),-0.44274761629359494,-0.8017880516964767,0.6792452830188679,1.0,1.0,1/5,0.25%,ADIPOQ
prerank,Myeloid Leukocyte Differentiation (GO:0002573),-0.2488176485206462,-0.8008527884408839,0.8166666666666667,1.0,1.0,14/51,18.00%,EFNA2;TNFSF11;IL31RA;CLPB;IL1RL1;F2RL1;CCR7;RUNX1;TNFRSF11A;GPR183;VEGFA;CBFA2T3;CEBPE;IFI16
prerank,Regulation Of Anatomical Structure Morphogenesis (GO:0022603),-0.21285656370195497,-0.8006731589108443,0.8666666666666667,1.0,1.0,22/109,17.51%,LEP;CXCL13;GDNF;HECW1;SFRP1;CDH2;BRSK1;CDX2;LRRC4C;LZTS1;CDX1;EPHB3;PID1;SRCIN1;CLDN3;EFNA5;BCL6;ADGRA2;PAK3;SPARC;NSMF;CYRIB
prerank,Positive Regulation Of Isomerase Activity (GO:0010912),-0.3898307943999144,-0.8005843916575418,0.7368421052631579,1.0,1.0,2/6,14.76%,ITGB2;UHRF1
prerank,Defense Response To Symbiont (GO:0140546),0.20581851000892795,0.8003173600194244,0.8387096774193549,0.947559949325623,1.0,22/109,17.91%,GBP7;OAS3;ISG15;IFIT3;RSAD2;STAT1;OASL;IRF1;MX1;NLRC5;PQBP1;NLRP9;RELA;TANK;IRF3;TRIM56;IFIT1;TLR7;DDX60L;LYST;TLR8;ZNFX1
prerank,Positive Regulation Of Immune Response (GO:0050778),0.21956895019546288,0.8002306978390921,0.8,0.9473045139276786,1.0,17/53,22.88%,MYO1C;SH2D1B;IFNG;CD226;RSAD2;TRIM56;CD74;IL15;SIRT1;POLR3G;TLR8;IL6ST;CD81;IFI35;FPR2;PTPRC;IFNL1
prerank,Fructose 6-Phosphate Metabolic Process (GO:0006002),0.3573928530014127,0.8000639953841837,0.6666666666666666,0.9471776117592695,1.0,4/8,27.40%,GFPT1;HK3;GFPT2;PFKM
prerank,Regulation Of Proteolysis Involved In Protein Catabolic Process (GO:1903050),0.27834253081851,0.7999779546320592,0.7735849056603774,0.9469469909592044,1.0,2/17,8.65%,UBB;EFNA1
prerank,Positive Regulation Of Sodium Ion Transmembrane Transport (GO:1902307),0.3764468291969521,0.7998916370026922,0.7659574468085106,0.94666162457435,1.0,2/8,6.27%,FXYD1;NOS1
prerank,Phospholipase C-activating G Protein-Coupled Receptor Signaling Pathway (GO:0007200),-0.25750765470982884,-0.7998445662379302,0.8596491228070176,1.0,1.0,11/64,10.97%,HTR2A;F2RL2;CCKAR;HTR2B;ADRA2A;P2RY6;GRM5;LHCGR;LPAR4;LPAR1;F2RL1
prerank,Positive Regulation By Host Of Viral Process (GO:0044794),-0.3018026126169485,-0.7993648425129845,0.7368421052631579,1.0,1.0,1/15,3.05%,KRT17
prerank,Regulation Of Trophoblast Cell Migration (GO:1901163),0.33196854216718863,0.7990237378503596,0.813953488372093,0.9476640824433662,1.0,6/10,31.72%,SYDE1;APELA;AGO2;SMURF2;NODAL;CALR
prerank,Positive Regulation Of Vascular Endothelial Growth Factor Production (GO:0010575),-0.2930609630096579,-0.7989265548507773,0.7916666666666666,1.0,1.0,2/17,3.44%,CYP1B1;SULF1
prerank,Positive Regulation Of Innate Immune Response (GO:0045089),0.23913898680935552,0.7988462116007066,0.8205128205128205,0.9475250446296013,1.0,8/33,20.49%,MYO1C;SH2D1B;NLRC5;TRIM56;POLR3G;TLR8;IFI35;FPR2
prerank,Positive Regulation Of Mitochondrion Organization (GO:0010822),-0.24717402090626253,-0.7988113052858964,0.7758620689655172,1.0,1.0,12/49,20.15%,HRK;BIK;MLLT11;PDCD5;PPIF;BMF;DDHD1;BCL2L11;BBC3;BAK1;VPS35;TREM2
prerank,Phospholipid Transport (GO:0015914),0.23181885863188756,0.7987966678538642,0.8285714285714286,0.9471971185610722,1.0,14/47,20.47%,SCP2;LDLR;ABCA3;SCARB1;ATP8A1;PITPNC1;OSBPL5;PITPNA;MFSD2A;ATP10A;TMEM30A;OSBPL2;ABCG1;ATP11B
prerank,Reverse Cholesterol Transport (GO:0043691),0.33784734476514655,0.7985726726089704,0.76,0.947198572104245,1.0,3/8,10.89%,LCAT;SCARB1;ABCA5
prerank,Bicarbonate Transport (GO:0015701),-0.3286593849201959,-0.7985603174020119,0.6122448979591837,1.0,1.0,1/13,0.68%,SLC4A11
prerank,T Cell Mediated Cytotoxicity (GO:0001913),0.3872602819707751,0.7982722795463134,0.7916666666666666,0.947285309439476,1.0,1/5,1.50%,EMP2
prerank,Aromatic Amino Acid Family Catabolic Process (GO:0009074),0.4006228148027625,0.7981190920717782,0.7647058823529411,0.9470614244435087,1.0,4/6,19.50%,QDPR;HGD;KMO;FANCA
prerank,Chaperone-Mediated Protein Complex Assembly (GO:0051131),-0.31795548876492635,-0.798003878791668,0.7068965517241379,1.0,1.0,6/16,20.09%,PSMG1;CLU;HSPA4;HSP90AB1;BBS12;NDUFAF1
prerank,Nucleobase-Containing Compound Biosynthetic Process (GO:0034654),0.41147637693075356,0.7979087697950681,0.72,0.9469412030921858,1.0,2/5,36.23%,POLD3;PNP
prerank,Positive Regulation Of Nitric-Oxide Synthase Activity (GO:0051000),-0.3554903217269042,-0.7974505592281722,0.6896551724137931,1.0,1.0,4/10,22.18%,HTR2B;APOE;NOS1AP;DHFR
prerank,Regulation Of Calcium Ion Transmembrane Transport Via High Voltage-Gated Calcium Channel (GO:1902514),-0.37316388890094554,-0.7973821676515452,0.7142857142857143,1.0,1.0,5/10,24.83%,CACNG6;CAMK2D;NOS1AP;CACNB2;CACNB1
prerank,Membrane Repolarization (GO:0086009),-0.3437623564593424,-0.7973550590145193,0.6724137931034483,1.0,1.0,4/12,19.14%,KCND3;KCNE4;ATP1B2;ATP1B3
prerank,Modulation By Host Of Viral Process (GO:0044788),-0.303003486820924,-0.7972947200675622,0.7291666666666666,1.0,1.0,2/18,3.99%,KRT17;LTF
prerank,T Cell Activation Involved In Immune Response (GO:0002286),-0.31252853290347304,-0.7969660395575509,0.64,1.0,1.0,3/13,10.97%,IFNE;MDK;F2RL1
prerank,Aorta Morphogenesis (GO:0035909),0.30271115186422637,0.7967441647016263,0.7804878048780488,0.9483177369926457,1.0,3/16,8.75%,TBX2;ENG;DLL4
prerank,ESCRT Complex Disassembly (GO:1904896),-0.38508796425579445,-0.7966890429659584,0.75,1.0,1.0,7/7,61.52%,VPS4A;CHMP7;CHMP1B;VTA1;IST1;CHMP5;VPS4B
prerank,ESCRT III Complex Disassembly (GO:1904903),-0.38508796425579445,-0.7966890429659584,0.75,1.0,1.0,7/7,61.52%,VPS4A;CHMP7;CHMP1B;VTA1;IST1;CHMP5;VPS4B
prerank,Regulation Of Keratinocyte Differentiation (GO:0045616),-0.2782947528695964,-0.7965103641527177,0.6938775510204082,1.0,1.0,7/21,16.66%,FOXC1;PLAAT4;IL20;NME2;HOXA7;TRIM16;ROCK2
prerank,Regulation Of Organelle Organization (GO:0033043),0.19863815185346678,0.7964574505380445,0.9117647058823529,0.9484038459034322,1.0,13/81,20.17%,INO80;RDX;AKAP9;CLN3;PRKN;SYDE1;MTM1;MCRS1;ZEB2;VPS11;TOM1;TECPR1;DIAPH1
prerank,Regulation Of T Cell Receptor Signaling Pathway (GO:0050856),-0.27911295675624326,-0.7963920633460959,0.7719298245614035,1.0,1.0,3/29,8.65%,THY1;KCNN4;PRNP
prerank,Negative Regulation Of Adenylate Cyclase Activity (GO:0007194),-0.35969088650795056,-0.7963318668854387,0.8043478260869565,1.0,1.0,1/8,1.14%,GABBR2
prerank,Prostanoid Metabolic Process (GO:0006692),-0.34191486782383235,-0.7962949611407334,0.8113207547169812,1.0,1.0,3/11,12.60%,GSTA1;CYP2S1;AKR1C1
prerank,Renal Water Homeostasis (GO:0003091),-0.3725523031687658,-0.7960132705976841,0.6792452830188679,1.0,1.0,1/7,4.22%,AQP2
prerank,Import Into Nucleus (GO:0051170),0.22331899130014923,0.7959140227125987,0.7941176470588235,0.9489214714602154,1.0,18/66,24.73%,TSC2;IPO7;NUTF2;TNPO2;NPAP1;PRICKLE1;NUP107;HEATR3;NUP214;STAT3;BCL3;APLP2;HNRNPA1;KPNA5;NUP85;NUP98;KPNB1;NUP93
prerank,Prostaglandin Biosynthetic Process (GO:0001516),0.31279114289953647,0.7958877969390088,0.7209302325581395,0.9485454617842751,1.0,4/13,15.23%,AMH;DAGLB;EDN1;CD74
prerank,Regulation Of Protein Modification Process (GO:0031399),-0.2666957939716136,-0.7952752519896785,0.7924528301886793,1.0,1.0,13/40,25.83%,IGF1;ROPN1B;GRM5;ACER2;FNIP2;ROPN1L;FN1;SESN2;CADM4;CCDC88C;FKTN;KDM4D;SOCS1
prerank,Positive Regulation Of Type II Interferon Production (GO:0032729),0.23260102082086334,0.7950320767646134,0.8857142857142857,0.9493662602496197,1.0,14/45,22.88%,ISG15;CD244;CD226;SLC11A1;TXK;IL1B;ZFPM1;FZD5;TYK2;TLR7;TLR8;CRTAM;PTPN22;IFNL1
prerank,Copper Ion Homeostasis (GO:0055070),0.3145748217991311,0.7949380347068538,0.8333333333333334,0.9490996588714388,1.0,3/11,20.97%,PRND;COMMD1;ATP7A
prerank,Negative Regulation Of Keratinocyte Proliferation (GO:0010839),0.44336810052907466,0.7948725847991603,0.7843137254901961,0.9488090121982385,1.0,1/5,7.91%,FGFR2
prerank,Central Nervous System Myelination (GO:0022010),0.33575420795018285,0.7948252581850453,0.7441860465116279,0.9485064825588523,1.0,1/9,0.49%,MYRF
prerank,Homotypic Cell-Cell Adhesion (GO:0034109),-0.2587808595067755,-0.7947866098766376,0.8125,1.0,1.0,10/36,18.62%,FGB;HBB;ITGB3;CEACAM5;PDGFRA;MEGF10;FGA;DSC2;XG;RAP2B
prerank,Regulation Of Protein-Containing Complex Assembly (GO:0043254),0.19618648849579243,0.7941996080163266,0.925,0.9492531367839532,1.0,23/105,18.22%,SOST;CDC42;CDH5;CD36;IFNG;TAL1;PRKCZ;DDX3X;PTPN11;ANKRA2;HSF1;HCK;TMC8;STXBP1;VCP;WARS1;RB1;VPS11;RAF1;KIF9;TPPP;RHOC;HSP90AA1
prerank,Cardiac Epithelial To Mesenchymal Transition (GO:0060317),0.3019463110270936,0.7940992977902778,0.6862745098039216,0.9490355237586133,1.0,3/14,9.95%,TGFBR3;ENG;TBX3
prerank,Energy Derivation By Oxidation Of Organic Compounds (GO:0015980),-0.276919851610853,-0.7939710720330889,0.7962962962962963,1.0,1.0,2/34,4.17%,LEP;ADGRF1
prerank,Positive Regulation Of Lipid Storage (GO:0010884),0.30400149115207387,0.7937555642826941,0.7894736842105263,0.9491755170475755,1.0,5/15,18.04%,SCARB1;EHD1;MSR1;SREBF2;FITM1
prerank,Positive Regulation Of Leukocyte Proliferation (GO:0070665),-0.33553746370089166,-0.793626099759425,0.7288135593220338,1.0,1.0,3/13,14.63%,OCSTAMP;IL5RA;NMBR
prerank,Mitochondrial Respirasome Assembly (GO:0097250),0.3810811124678811,0.793518859627257,0.6792452830188679,0.9491397845662491,1.0,1/7,3.73%,HIGD1B
prerank,Aerobic Electron Transport Chain (GO:0019646),0.21883853717866514,0.7932936552029642,0.875,0.9491343465998981,1.0,7/50,19.88%,COX4I2;UQCRHL;NDUFA5;NDUFA7;SDHD;NDUFC1;NDUFB5
prerank,Protein Kinase C-activating G Protein-Coupled Receptor Signaling Pathway (GO:0007205),0.3608201336251012,0.7931767052642473,0.7333333333333333,0.9489050549779827,1.0,1/8,0.48%,CHRM1
prerank,Mitotic G2/M Transition Checkpoint (GO:0044818),-0.2518084858725337,-0.7931695759319923,0.7857142857142857,1.0,1.0,9/36,18.94%,BRSK1;CDC6;TICRR;CHEK1;ORC1;CDC14B;TNFSF13B;CLSPN;DEPDC1B
prerank,Negative Regulation Of Necroptotic Process (GO:0060546),0.37521548904513136,0.7931017664915851,0.7222222222222222,0.9486094347334487,1.0,4/7,27.71%,FZD9;RIPK1;SLC25A4;PELI1
prerank,Positive Regulation Of Interleukin-10 Production (GO:0032733),0.2971509370023988,0.7929877493419442,0.7906976744186046,0.9484289227025573,1.0,3/21,4.54%,ISG15;XCL1;PRKCZ
prerank,Intrinsic Apoptotic Signaling Pathway In Response To DNA Damage By P53 Class Mediator (GO:0042771),0.2839515400872291,0.7928620930868293,0.78,0.9482062669726311,1.0,4/15,18.81%,HIPK1;SIRT1;BCL3;CDIP1
prerank,Gas Transport (GO:0015669),0.4259441853574839,0.7924600769395259,0.8363636363636363,0.9484790743814641,1.0,2/6,5.41%,CA2;GTPBP4
prerank,Regulation Of Leukocyte Migration (GO:0002685),-0.34742881539611525,-0.7923878418040037,0.6949152542372882,1.0,1.0,5/13,16.77%,ZP3;TNFRSF18;HOXA7;VEGFA;TNFSF18
prerank,Cellular Response To Interleukin-15 (GO:0071350),0.40956171994104257,0.7923281973420342,0.7321428571428571,0.9478834189149445,1.0,4/7,28.69%,IL15;STAT3;IL15RA;STAT5A
prerank,Interleukin-15-Mediated Signaling Pathway (GO:0035723),0.40956171994104257,0.7923281973420342,0.7321428571428571,0.9478834189149445,1.0,4/7,28.69%,IL15;STAT3;IL15RA;STAT5A
prerank,Autonomic Nervous System Development (GO:0048483),-0.356786023054123,-0.791674921216047,0.7291666666666666,1.0,1.0,4/13,15.62%,GDNF;SOX11;FN1;SEMA3A
prerank,Positive Regulation Of Cell Migration Involved In Sprouting Angiogenesis (GO:0090050),0.30105993022973715,0.7914888839001154,0.75,0.9487652695908885,1.0,4/14,10.59%,ANXA1;MAP3K3;JCAD;PIK3C2A
prerank,Regulation Of Glycogen Biosynthetic Process (GO:0005979),0.2575485623798487,0.791194372401081,0.8,0.9488685453593331,1.0,5/21,13.24%,INPP5K;INSR;GSK3A;AKT2;ENPP1
prerank,Positive Regulation Of Interleukin-1 Beta Production (GO:0032731),-0.2639746609238425,-0.7911547588457759,0.796875,1.0,1.0,9/31,18.00%,WNT5A;AIM2;INAVA;ISL1;F2RL1;PANX1;TRIM16;TLR6;IFI16
prerank,Regulation Of Cardiac Muscle Cell Membrane Potential (GO:0086036),0.38380189927649244,0.7911299705112979,0.6808510638297872,0.9485197014490917,1.0,1/6,3.59%,FXYD1
prerank,Negative Regulation Of G Protein-Coupled Receptor Signaling Pathway (GO:0045744),-0.3241810933862974,-0.7909077449649589,0.7222222222222222,1.0,1.0,7/16,26.93%,RPGRIP1L;MRAP2;KLK14;RGS14;MET;CXCL8;BICD1
prerank,Monoatomic Anion Transport (GO:0006820),0.25798623016869293,0.7905290397919458,0.7631578947368421,0.9493218396334331,1.0,10/36,17.69%,NMUR1;BSND;FXYD1;CLIC5;CLCN6;SLC4A10;VDAC2;SLC26A9;CLCN4;CLCN5
prerank,"Chemical Synaptic Transmission, Postsynaptic (GO:0099565)",0.2667893656569922,0.7904836475357667,0.8,0.9489791214316696,1.0,3/19,10.77%,GRID2;LRRK2;GSK3A
prerank,Cardiac Muscle Tissue Development (GO:0048738),0.2655650810696305,0.7896682689536114,0.8157894736842105,0.9500271803221593,1.0,7/36,9.16%,TCAP;SGCG;TBX2;ANKRD1;SIK1;TAFAZZIN;ZFPM1
prerank,Regulation Of AMPA Receptor Activity (GO:2000311),-0.31124026234527,-0.7896326466364495,0.75,1.0,1.0,5/17,12.85%,SHISA8;SHANK1;SHISA6;NLGN2;CNIH3
prerank,Negative Regulation Of Transcription Regulatory Region DNA Binding (GO:2000678),0.33915349696129765,0.7894459177213233,0.6666666666666666,0.9499792802295902,1.0,1/11,0.21%,HAND1
prerank,Negative Regulation Of Glial Cell Apoptotic Process (GO:0034351),0.390915460411545,0.7893899619144867,0.6666666666666666,0.9496487478121695,1.0,4/6,36.17%,PRKCH;PRKCD;GAS6;PRKCA
prerank,Positive Regulation Of Neutrophil Chemotaxis (GO:0090023),0.30103829805148064,0.7892281967671908,0.8085106382978723,0.9495289074336516,1.0,2/16,4.44%,DAPK2;XCL1
prerank,Organelle Transport Along Microtubule (GO:0072384),0.2489809143933555,0.7890659157761669,0.8780487804878049,0.9494151777948138,1.0,9/32,26.57%,CDC42;UBB;CLN3;PAFAH1B1;ARHGAP21;FBXW11;BLOC1S1;MAP1S;HTT
prerank,Sister Chromatid Segregation (GO:0000819),0.2593063384617541,0.7888471229284737,0.85,0.9494156713550477,1.0,4/25,14.03%,INO80;KIF25;TUBG2;RB1
prerank,DNA-templated DNA Replication Maintenance Of Fidelity (GO:0045005),0.23302135528820073,0.7887242316439554,0.7837837837837838,0.9492180279779814,1.0,12/31,35.13%,THOC1;FAM111A;CENPS;RAD51;CDK9;EXD2;ETAA1;DONSON;SLFN11;ASF1A;BLM;WRN
prerank,Calcium-Mediated Signaling Using Intracellular Calcium Source (GO:0035584),-0.326711970587871,-0.7885276170160642,0.8363636363636363,1.0,1.0,4/16,14.13%,STIMATE;GRM5;PRNP;CLU
prerank,Negative Regulation Of Myeloid Leukocyte Differentiation (GO:0002762),0.26036465947830034,0.7885156453492828,0.7692307692307693,0.9491225789631943,1.0,5/22,17.20%,TMEM178A;INHA;ZFPM1;RARA;INHBA
prerank,Sequestering Of Actin Monomers (GO:0042989),0.3427587369073598,0.7885022432018203,0.6829268292682927,0.948727257693285,1.0,1/7,2.26%,TMSB15A
prerank,Regulation Of DNA Methylation-Dependent Heterochromatin Formation (GO:0090308),0.26875422649194325,0.7881044118066245,0.75,0.9489918882245614,1.0,4/14,31.62%,MPHOSPH8;SETDB1;ZNF304;DYRK1A
prerank,Regulation Of Lamellipodium Assembly (GO:0010591),0.24962218681570517,0.7877203249299984,0.8048780487804879,0.9492982530897341,1.0,13/29,34.12%,CDC42;SLIT2;OCLN;ACTR3;DMTN;ABI3;PLCE1;PLXNB3;CAPZB;AVIL;NCKAP1;RAC1;WAS
prerank,Negative Regulation Of Telomere Capping (GO:1904354),-0.43504564965823894,-0.78746574439189,0.7735849056603774,1.0,1.0,2/6,15.39%,SMG6;ERCC4
prerank,Positive Regulation Of Membrane Protein Ectodomain Proteolysis (GO:0051044),0.30490359722424043,0.787462656654185,0.7021276595744681,0.9493287520728914,1.0,2/12,7.82%,IFNG;IL1B
prerank,Late Endosome To Vacuole Transport Via Multivesicular Body Sorting Pathway (GO:0032511),0.28154414254119264,0.7868894663897747,0.8,0.9498323507929146,1.0,3/20,17.08%,TSG101;VPS37B;SNF8
prerank,Positive Regulation Of Chromatin Binding (GO:0035563),-0.37518206950715444,-0.7867857304144331,0.7,1.0,1.0,6/8,42.00%,GMNN;KDM4D;DDX11;PARP9;DTX3L;MED9
prerank,Negative Regulation Of Phosphatidylinositol 3-Kinase Signaling (GO:0014067),-0.4092245234415468,-0.7863755468833297,0.7169811320754716,1.0,1.0,4/7,20.16%,TWIST1;NLRC3;TREM2;PTEN
prerank,Positive Regulation Of Lipid Kinase Activity (GO:0090218),0.2831566544690568,0.7862279578513796,0.8095238095238095,0.9504552525994852,1.0,2/21,2.68%,TEK;PDGFB
prerank,Platelet Activating Factor Metabolic Process (GO:0046469),-0.40116605026654245,-0.7856680570162434,0.7560975609756098,1.0,1.0,2/5,14.85%,PLA2G7;PLA2G4A
prerank,Positive Regulation Of Voltage-Gated Calcium Channel Activity (GO:1901387),0.3257546621813285,0.7854918696561218,0.7111111111111111,0.9510237740668471,1.0,2/10,9.20%,NIPSNAP2;STAC
prerank,Regulation Of Glial Cell Apoptotic Process (GO:0034350),0.4071821711445781,0.7844461776533833,0.7446808510638298,0.9523634110540489,1.0,2/5,20.41%,PRKCH;PRKCD
prerank,Positive Regulation Of MHC Class II Biosynthetic Process (GO:0045348),0.34208780169494624,0.7844167242341109,0.7333333333333333,0.9520278451547031,1.0,2/9,16.82%,IFNG;SIRT1
prerank,Response To ATP (GO:0033198),0.3033494650105676,0.7843048891137505,0.76,0.9519017330374862,1.0,4/18,14.86%,TRPC3;P2RY1;ENPP1;P2RY11
prerank,Cardiac Myofibril Assembly (GO:0055003),0.30178316499155367,0.7839365706535907,0.7380952380952381,0.9520923385339582,1.0,3/13,13.65%,TCAP;OBSL1;TTN
prerank,Signal Transduction In Response To DNA Damage (GO:0042770),-0.23675237941520835,-0.7838165502911034,0.7777777777777778,1.0,1.0,13/48,26.41%,CASP9;E2F7;ACER2;CHEK1;ERCC4;CLSPN;WNT1;MAD2L2;SESN2;MRPL36;USP10;PRPF19;MAP3K20
prerank,Peptidyl-Lysine Dimethylation (GO:0018027),0.36882693853207094,0.7837286240768363,0.6923076923076923,0.9520200470023922,1.0,2/6,28.04%,EHMT1;SETD4
prerank,Late Nucleophagy (GO:0044805),0.3627058999083428,0.7836937713915502,0.6976744186046512,0.9516553463741905,1.0,3/6,31.69%,ULK1;ATG2B;ATG9A
prerank,Regulation Of Mitochondrial Outer Membrane Permeabilization Involved In Apoptotic Signaling Pathway (GO:1901028),0.29482887350901604,0.7833992498633987,0.8,0.9517264897418218,1.0,8/16,34.77%,HSPA1A;GSK3A;FZD9;SLC25A4;SLC25A31;GSK3B;ZNF205;HIP1R
prerank,Monoacylglycerol Metabolic Process (GO:0046462),-0.3766392472721387,-0.7832748491846492,0.7307692307692307,1.0,1.0,2/6,14.85%,ABHD12B;PLA2G4A
prerank,Regulation Of Tyrosine Phosphorylation Of STAT Protein (GO:0042509),-0.2673347702276726,-0.7829966870660412,0.8507462686567164,1.0,1.0,10/41,18.09%,IL22RA2;IGF1;IL31RA;IL20;CNTF;TNFRSF18;VEGFA;TNFSF18;ERBB4;IL21
prerank,Body Fluid Secretion (GO:0007589),-0.39549438080994387,-0.7827986674800492,0.7222222222222222,1.0,1.0,4/9,16.91%,OXTR;FOXB1;VEGFA;ERBB4
prerank,Regulation Of Telomere Capping (GO:1904353),-0.30341056427496366,-0.7822634740473826,0.7586206896551724,1.0,1.0,4/18,20.28%,PKIB;NEK2;SMG6;MAP3K4
prerank,Negative Regulation Of Membrane Potential (GO:0045837),0.4195867653217926,0.7820122988923518,0.7924528301886793,0.9535628450889039,1.0,5/5,58.06%,RNF122;HEBP2;BNIP3;BAX;PMAIP1
prerank,Translational Termination (GO:0006415),0.35178870956136865,0.7818998683183417,0.74,0.9533291034386902,1.0,4/8,35.42%,APEH;MRPL58;MTRF1L;MTRF1
prerank,Regulation Of Establishment Of T Cell Polarity (GO:1903903),-0.42350110893066595,-0.7814038889034354,0.6875,1.0,1.0,2/5,18.82%,ABL2;GSN
prerank,Positive Regulation Of Transcription By RNA Polymerase I (GO:0045943),-0.27989915124604486,-0.7813156282603652,0.734375,1.0,1.0,8/27,23.26%,ASIC2;MARS1;IPPK;SF3B1;EIF2AK3;NCL;NOL11;BAZ1B
prerank,Regulation Of Phosphatidylinositol 3-Kinase Activity (GO:0043551),0.26483042749720576,0.7813116600211755,0.7837837837837838,0.9538880714238426,1.0,2/26,2.68%,TEK;PDGFB
prerank,Positive Regulation Of Transferase Activity (GO:0051347),-0.22013209127303957,-0.780895048244407,0.9142857142857143,1.0,1.0,23/107,22.83%,GREM1;ADIPOQ;ROR2;PKIB;NEK2;PLAAT4;PDGFRA;PARM1;APOE;CSRP3;DCUN1D2;VAC14;MUSK;ERBB4;ALK;HSP90AB1;TREM2;MAP3K4;AXIN1;DDR2;WRAP53;MET;TGFB1
prerank,Antigen Processing And Presentation Of Endogenous Peptide Antigen Via MHC Class I Via ER Pathway (GO:0002484),-0.36667695045698756,-0.7806761310760338,0.803921568627451,1.0,1.0,3/8,18.17%,HLA-A;RAET1E;ULBP3
prerank,"Antigen Processing And Presentation Of Endogenous Peptide Antigen Via MHC Class I Via ER Pathway, TAP-independent (GO:0002486)",-0.36667695045698756,-0.7806761310760338,0.803921568627451,1.0,1.0,3/8,18.17%,HLA-A;RAET1E;ULBP3
prerank,Antigen Processing And Presentation Of Endogenous Peptide Antigen Via MHC Class Ib (GO:0002476),-0.36667695045698756,-0.7806761310760338,0.803921568627451,1.0,1.0,3/8,18.17%,HLA-A;RAET1E;ULBP3
prerank,Antigen Processing And Presentation Of Peptide Antigen Via MHC Class Ib (GO:0002428),-0.36667695045698756,-0.7806761310760338,0.803921568627451,1.0,1.0,3/8,18.17%,HLA-A;RAET1E;ULBP3
prerank,Vascular Associated Smooth Muscle Cell Differentiation (GO:0035886),-0.37074854149617464,-0.780653363351347,0.7,1.0,1.0,3/7,16.24%,MESP1;MYOCD;HEY2
prerank,B Cell Mediated Immunity (GO:0019724),0.3213502259705723,0.7801136496994907,0.8095238095238095,0.9553280943447439,1.0,5/11,22.82%,MSH2;CD74;TLR8;FCER1G;MPL
prerank,Positive Regulation Of Response To External Stimulus (GO:0032103),0.19433626233100454,0.7796129716953729,0.84,0.9554928071396674,1.0,35/112,24.47%,NKG7;MYO1C;CX3CL1;SH2D1B;PDGFB;IFNG;NFKBIA;APOH;SNCA;IL1B;LRSAM1;NFKBIZ;NLRC4;TNFRSF1A;THBD;OPTN;TRIM56;IL15;TLR7;NAIP;POLR3G;HYAL2;TLR8;MGST2;LY86;SCIMP;USF1;IFI35;FPR2;RIPK1;AGTR1;STX3;CAMK2N1;RNF31;RIOK3
prerank,Regulation Of Lymphocyte Differentiation (GO:0045619),0.30198580640063233,0.7795337929506063,0.7708333333333334,0.9551812818994317,1.0,6/15,24.51%,ZNF683;TBX21;METTL3;PRKDC;CRTAM;ZFP36L1
prerank,Pyrimidine Nucleotide-Sugar Transmembrane Transport (GO:0090481),0.37853454618306115,0.7795188581396082,0.7380952380952381,0.9547986328616893,1.0,2/6,13.07%,SLC35B1;SLC35A3
prerank,Negative Regulation Of Neuroinflammatory Response (GO:0150079),0.3320867994676324,0.7790306792093531,0.6956521739130435,0.9552487809262002,1.0,2/10,5.54%,CX3CL1;LDLR
prerank,Monocarboxylic Acid Biosynthetic Process (GO:0072330),-0.2510817174249542,-0.7788849140008883,0.8307692307692308,1.0,1.0,22/49,28.98%,SLC27A2;CYP7B1;ACSM5;ELOVL4;PLA2G2C;ALDH1A3;XBP1;ACLY;SDS;CYP8B1;SRR;OSBPL6;ACOT8;GAMT;OSBPL3;HSD3B7;CYP39A1;ACSF3;UST;MCAT;OSBPL1A;ACSM4
prerank,Regulation Of Dendrite Extension (GO:1903859),-0.32233945381470025,-0.7786725687337885,0.7704918032786885,1.0,1.0,4/13,19.42%,RASAL1;UNC13A;RNF157;RIMS1
prerank,Positive Regulation Of Dendrite Extension (GO:1903861),-0.32233945381470025,-0.7786725687337885,0.7704918032786885,1.0,1.0,4/13,19.42%,RASAL1;UNC13A;RNF157;RIMS1
prerank,NLS-bearing Protein Import Into Nucleus (GO:0006607),0.3046388128792959,0.7785800755835152,0.7777777777777778,0.9555321263037783,1.0,1/15,0.61%,RGPD1
prerank,Positive Regulation Of Isotype Switching (GO:0045830),0.31728318933603167,0.7783976371687922,0.7377049180327869,0.9553934035237623,1.0,7/10,40.57%,KMT5B;TNFSF13;SHLD1;CLCF1;TP53BP1;INSL6;HMCES
prerank,Negative Regulation Of Activated T Cell Proliferation (GO:0046007),-0.38475852606188365,-0.7783830700208915,0.6491228070175439,1.0,1.0,2/8,8.65%,FOXP3;PRNP
prerank,Regulation Of Transcription Of Nucleolar Large rRNA By RNA Polymerase I (GO:1901836),-0.38480324065090005,-0.7783588318745599,0.7083333333333334,1.0,1.0,5/8,25.79%,MARS1;IPPK;NCL;NOL11;MACROH2A2
prerank,Negative Regulation Of Stress-Activated Protein Kinase Signaling Cascade (GO:0070303),0.3841434354056738,0.7782110300113178,0.75,0.9553735727312381,1.0,1/5,8.06%,PPIA
prerank,Mitotic G1/S Transition Checkpoint Signaling (GO:0044819),0.3615022029399336,0.7781862504947709,0.6923076923076923,0.9550153889892565,1.0,3/8,18.24%,CDK2;WAC;PRKDC
prerank,Cellular Response To Lipoteichoic Acid (GO:0071223),0.38350691952816823,0.777476885149793,0.6981132075471698,0.9553853559711593,1.0,1/5,12.66%,RELA
prerank,Response To Lipoteichoic Acid (GO:0070391),0.38350691952816823,0.777476885149793,0.6981132075471698,0.9553853559711593,1.0,1/5,12.66%,RELA
prerank,Regulation Of Cardiac Muscle Contraction By Regulation Of The Release Of Sequestered Calcium Ion (GO:0010881),-0.32301943447380477,-0.7766331953552557,0.7254901960784313,1.0,1.0,3/14,17.13%,HRC;CAMK2D;CASQ2
prerank,Positive Regulation Of Phosphatidylinositol 3-Kinase Signaling (GO:0014068),-0.22880565261489147,-0.7765242878702903,0.8985507246376812,1.0,1.0,10/51,15.94%,LEP;IGF1;ROR2;SOX9;WNT16;PDGFRA;F2RL1;PDGFD;FN1;MUSK
prerank,Positive Regulation Of Synapse Maturation (GO:0090129),-0.4047981516562082,-0.7763285638474878,0.7192982456140351,1.0,1.0,2/5,17.25%,CDC20;CAMK2B
prerank,Phagosome-Lysosome Fusion (GO:0090385),0.31425280680111195,0.7760901001910018,0.717391304347826,0.9569129956381403,1.0,1/9,5.95%,CLN3
prerank,Negative Regulation Of Intrinsic Apoptotic Signaling Pathway In Response To DNA Damage (GO:1902230),-0.279131830751775,-0.7759992857572853,0.7941176470588235,1.0,1.0,7/24,19.31%,SFRP2;CXCL12;TRIM32;CLU;SNAI1;SNAI2;MUC1
prerank,Regulation Of Ribonucleoprotein Complex Localization (GO:2000197),-0.41044542603756745,-0.7753206468665439,0.7608695652173914,1.0,1.0,3/5,29.84%,NSUN2;SETD2;TPR
prerank,Regulation Of mRNA Export From Nucleus (GO:0010793),-0.41044542603756745,-0.7753206468665439,0.7608695652173914,1.0,1.0,3/5,29.84%,NSUN2;SETD2;TPR
prerank,Histone H2A Ubiquitination (GO:0033522),0.32066570587158133,0.7752414291850133,0.7291666666666666,0.9578763521121466,1.0,6/10,40.32%,RAD51;UBE2A;BARD1;RNF8;BRCA1;UBR2
prerank,Protein Targeting (GO:0006605),0.20518448872162387,0.7752100944181798,0.9032258064516129,0.9575534146303304,1.0,21/98,23.18%,MYO1C;ZDHHC22;ZDHHC11B;YIF1B;MFN2;VPS37B;NACA2;TIMM17B;TOMM7;GIPC1;RPL11;ZDHHC14;VPS13A;AP4B1;BCAP31;AP3D1;GDAP1;AP4S1;VPS41;CDC37;TOMM5
prerank,Regulation Of Cardiac Muscle Cell Membrane Repolarization (GO:0099623),-0.31955614396667853,-0.7747456142778889,0.8518518518518519,1.0,1.0,4/15,16.33%,SCN1B;KCNE4;KCNA5;NOS1AP
prerank,Regulation Of Dendritic Cell Chemotaxis (GO:2000508),-0.3980393056685646,-0.7746611085836131,0.7169811320754716,1.0,1.0,2/6,20.33%,CCR7;SLAMF8
prerank,Tumor Necrosis Factor-Mediated Signaling Pathway (GO:0033209),0.2413877797300455,0.7742847519305701,0.8157894736842105,0.9583913493930991,1.0,7/30,12.78%,NFKBIA;STAT1;TRAF5;TNFRSF1A;ILK;RELA;LIMS1
prerank,Regulation Of Melanin Biosynthetic Process (GO:0048021),-0.3406060713782094,-0.7738910063242455,0.7017543859649122,1.0,1.0,3/10,15.74%,CDH3;MFSD12;ASIP
prerank,Exocytosis (GO:0006887),0.2019304722988296,0.7738380987463456,1.0,0.9586781206168952,1.0,12/60,17.23%,STX11;EXOC5;CDK16;RPH3AL;EXOC6;PIK3C2A;EXOC7;SNAP23;SYNGR2;RAB11FIP1;RAB27A;VAMP2
prerank,Bile Acid Metabolic Process (GO:0008206),0.2420587226502578,0.7736103600612172,0.875,0.9585327479027091,1.0,10/25,25.51%,SCP2;CYP7A1;AMACR;CYP27A1;NPC1;OSBPL2;BAAT;OSBPL9;GBA2;AKR1C4
prerank,Negative Regulation Of Response To Wounding (GO:1903035),-0.3157155543393851,-0.7732867518941188,0.7903225806451613,1.0,1.0,6/16,23.12%,MMRN1;MDK;CLDN3;RTN4RL1;SERPINE1;FGF2
prerank,Purine Ribonucleotide Catabolic Process (GO:0009154),-0.290867100072902,-0.773206825488527,0.7818181818181819,1.0,1.0,10/23,33.49%,NT5C1A;AMPD3;NUDT11;NUDT3;PRTFDC1;NT5E;FITM2;ENTPD4;HINT1;HPRT1
prerank,Endothelium Development (GO:0003158),-0.3308693841261039,-0.7731129486747762,0.7761194029850746,1.0,1.0,2/11,8.86%,FSTL1;MESP1
prerank,Regulation Of MHC Class II Biosynthetic Process (GO:0045346),0.30717402346245376,0.7729345884538433,0.8085106382978723,0.9590971808662104,1.0,3/13,16.82%,IFNG;PF4;SIRT1
prerank,Regulation Of rRNA Processing (GO:2000232),0.3119597675034571,0.7727471668166449,0.7884615384615384,0.9590581630047244,1.0,7/11,46.10%,DIMT1;KAT2B;RIOK2;YTHDF2;WDR75;HEATR1;METTL18
prerank,Protein Localization To Microtubule Organizing Center (GO:1905508),-0.31896040270628706,-0.7726620613021998,0.8148148148148148,1.0,1.0,3/14,13.85%,CEP250;STIL;KIAA0753
prerank,Positive Regulation Of GTPase Activity (GO:0043547),-0.19966914855523896,-0.7726616549083685,0.9125,1.0,1.0,40/181,19.41%,CXCL13;THY1;CCL1;CCL13;FOXJ1;ADCYAP1;RGS1;SFRP1;CCL22;RASGRP3;MAP4K4;NGEF;SRGAP3;CCL11;DOCK10;ECT2;TSC1;RAPGEFL1;F2RL1;CCR7;RALGPS2;TBC1D14;TBC1D30;CCL21;CCDC125;ARHGAP24;ARHGAP11A;TBC1D16;TBC1D8B;ARHGAP22;TBC1D10B;TGM2;SIPA1L2;C9ORF72;ARHGEF16;TBC1D9B;SLC27A4;RACK1;PLXNB1;RASGRF2
prerank,Carnitine Metabolic Process (GO:0009437),-0.37420384293396736,-0.7724347547630718,0.6607142857142857,1.0,1.0,4/7,25.23%,BBOX1;CPT2;CRAT;TMLHE
prerank,Negative Regulation Of Transferase Activity (GO:0051348),0.2542220061280337,0.7723022138250347,0.8157894736842105,0.9593146331970145,1.0,7/23,21.65%,ZFP36;PINX1;INPP5K;GSK3A;SMAD7;HNRNPU;BANF1
prerank,Interleukin-9-Mediated Signaling Pathway (GO:0038113),0.41699362632588977,0.7721336827011255,0.7777777777777778,0.958734657513218,1.0,2/5,16.55%,STAT1;STAT3
prerank,Cellular Response To Interleukin-9 (GO:0071355),0.41699362632588977,0.7721336827011255,0.7777777777777778,0.958734657513218,1.0,2/5,16.55%,STAT1;STAT3
prerank,tRNA Aminoacylation (GO:0043039),0.2716973865504571,0.7719414109551257,0.7714285714285715,0.9585778206343615,1.0,6/18,24.32%,FARS2;GATB;GATC;HARS1;LARS1;YARS2
prerank,Microtubule Cytoskeleton Organization Involved In Mitosis (GO:1902850),-0.24353529933901352,-0.7716599808680312,0.8253968253968254,1.0,1.0,9/38,15.25%,RCC1;KIF4A;DLGAP5;NDC80;EFHC1;CDCA8;STIL;CEP126;CENPE
prerank,Negative Regulation Of Protein Dephosphorylation (GO:0035308),0.28856054417255117,0.7716027926803513,0.8205128205128205,0.9586275890863714,1.0,4/13,27.95%,PPP1R15A;STYXL1;FKBP1A;GSK3B
prerank,Regulation Of Phosphatidylinositol 3-Kinase Signaling (GO:0014066),-0.22867131720839023,-0.7715839978396211,0.8732394366197183,1.0,1.0,13/68,15.94%,LEP;TWIST1;IGF1;ROR2;NLRC3;SOX9;WNT16;PDGFRA;F2RL1;PDGFD;FN1;FBXL2;MUSK
prerank,Regulation Of Interleukin-13 Production (GO:0032656),-0.33679901961613584,-0.7714196541775241,0.75,1.0,1.0,3/10,14.14%,TNFRSF21;LEF1;TNFSF4
prerank,Protein Polymerization (GO:0051258),-0.23495947496226605,-0.7711181348551936,0.8333333333333334,1.0,1.0,10/56,13.57%,KRT5;FGB;GAS7;TRPV4;UBE2C;WASF1;CATIP;RNF135;TRIM32;CASQ1
prerank,Meiotic Sister Chromatid Cohesion (GO:0051177),0.3865693426686504,0.77100142584755,0.7692307692307693,0.9590370228652288,1.0,2/6,7.89%,HORMAD2;REC8
prerank,Positive Regulation Of Type I Interferon-Mediated Signaling Pathway (GO:0060340),-0.36978791000282163,-0.7702370018472672,0.7719298245614035,1.0,1.0,2/9,15.39%,WNT5A;IKBKE
prerank,Regulation Of Rhodopsin Mediated Signaling Pathway (GO:0022400),0.3804232378157272,0.7701822669535747,0.75,0.9598469343653734,1.0,2/7,7.26%,GNAT1;NMT1
prerank,Positive Regulation Of Actin Filament Polymerization (GO:0030838),-0.24814815685846064,-0.7701198822542453,0.7222222222222222,1.0,1.0,6/35,13.92%,CRACD;LMOD1;CCL11;CCR7;CCL21;PFN2
prerank,GMP Biosynthetic Process (GO:0006177),0.38617459565152973,0.7696279582765364,0.74,0.9603556845781334,1.0,1/6,6.53%,GART
prerank,Endoplasmic Reticulum Mannose Trimming (GO:1904380),0.29020358284959463,0.7695742704526188,0.7647058823529411,0.9600748210779172,1.0,2/10,22.85%,UGGT1;RNF5
prerank,Cellular Response To Hexose Stimulus (GO:0071331),-0.3007284103164203,-0.7692767668429891,0.7818181818181819,1.0,1.0,8/20,24.92%,SLC2A5;SLC39A14;XBP1;KCNB1;RACK1;SOX4;ZBTB20;PRKAA2
prerank,Positive Regulation Of Response To Cytokine Stimulus (GO:0060760),-0.3253084564952915,-0.7692206258827654,0.76,1.0,1.0,1/14,2.77%,WNT5A
prerank,Positive Regulation Of JUN Kinase Activity (GO:0043507),0.2726859970398986,0.7689975922720946,0.7555555555555555,0.9605359581818966,1.0,7/24,20.95%,MAP4K2;EDN1;DVL3;TAOK3;PTPN1;MAP3K11;DVL2
prerank,Regulation Of Macrophage Migration (GO:1905521),-0.35888317626349353,-0.7685890795430879,0.6730769230769231,1.0,1.0,2/8,8.56%,EMILIN1;MTUS1
prerank,Mesenchymal To Epithelial Transition (GO:0060231),-0.42786370759902304,-0.7684703366855531,0.8148148148148148,1.0,1.0,1/5,2.34%,SIX2
prerank,Lymphoid Progenitor Cell Differentiation (GO:0002320),0.39759349063195054,0.7684165963357152,0.7291666666666666,0.9610025973602934,1.0,1/6,7.36%,SHH
prerank,Cellular Component Maintenance (GO:0043954),0.3446718491548062,0.7681058078505955,0.7954545454545454,0.9610453339169808,1.0,3/10,11.85%,ITGA3;INSR;FYN
prerank,Lipid Droplet Formation (GO:0140042),-0.3456328652413946,-0.7680812659613603,0.7068965517241379,1.0,1.0,3/10,18.70%,LDAF1;CDS1;BSCL2
prerank,Activin Receptor Signaling Pathway (GO:0032924),-0.30214066138230966,-0.7679333915693088,0.7833333333333333,1.0,1.0,3/15,19.89%,INHBB;GDF6;GDF7
prerank,Negative Regulation Of Mitochondrion Organization (GO:0010823),0.23899998125920466,0.7676059842306038,0.8604651162790697,0.9612997051398469,1.0,4/29,8.92%,PPARG;HSPA1A;PRKN;NOL3
prerank,Spliceosomal snRNP Assembly (GO:0000387),0.23630936803496916,0.7674242788959799,0.8571428571428571,0.9612071055654928,1.0,14/29,40.85%,SNRPF;GEMIN4;GEMIN2;USP4;PRMT7;CLNS1A;SRSF10;PRMT5;GEMIN8;SNRPD2;HNRNPC;SNRPE;SNRPG;LSM4
prerank,Organelle Assembly (GO:0070925),-0.1885659348094531,-0.7673124113460762,0.9746835443037974,1.0,1.0,68/267,25.16%,CCNO;FOXJ1;CCDC113;AP1B1;SRPX;TEKT5;UBXN10;CIBAR2;KIF24;CFAP47;IQUB;CCDC96;CFAP58;CFAP54;CEP250;CLUAP1;IFT46;TMEM216;OFD1;CEP126;RAB23;CFAP43;TP53INP1;TEKT2;KIAA0753;DUSP23;TTC39C;MAP1LC3B2;ATP2A2;AP1S1;DNMBP;UNC119B;TMEM231;DZIP1;CDC14B;HYLS1;FAM161A;RAB19;DNAH5;POC1A;CEP164;IFT43;DNAAF1;GABARAPL2;GSN;MKS1;TRAF3IP1;CFAP70;HOATZ;ELAPOR1;CPLANE2;IFT140;ARL3;RFX3;KIF3B;TMEM67;CFAP298;CEP19;CIBAR1;NEK1;CEP41;VPS37D;MAP1LC3A;ABLIM3;TMEM250;UBQLN1;UBQLN2;SPAG16
prerank,Endoderm Development (GO:0007492),0.32224228899382784,0.7670127124996671,0.6666666666666666,0.9614200751554443,1.0,3/10,9.10%,SOX7;SOX17;DUSP1
prerank,Positive Regulation Of Supramolecular Fiber Organization (GO:1902905),0.20032648525930968,0.7668560558825764,0.9090909090909091,0.9612394160590351,1.0,14/82,14.03%,CAV3;CX3CL1;SYNPO2L;SEMA5A;HCK;MTSS1;LMOD2;VIL1;EDN1;CDK5RAP2;OCLN;CARMIL1;FES;RB1
prerank,Axonal Transport (GO:0098930),0.27097810990817256,0.7667253904130316,0.8604651162790697,0.9610412964708219,1.0,9/28,23.38%,AP3S1;PAFAH1B1;DYNC1H1;TMEM108;AP3D1;OPA1;BLOC1S6;FBXW11;BLOC1S1
prerank,"Substrate-Dependent Cell Migration, Cell Extension (GO:0006930)",0.4081151613891723,0.7665750897692873,0.7619047619047619,0.9609020164175363,1.0,1/5,1.74%,OPHN1
prerank,Cellular Response To Acid Chemical (GO:0071229),0.269452696221823,0.7662941054946659,0.7777777777777778,0.9609388057437225,1.0,4/22,15.18%,KLF2;SPAAR;LAMTOR1;NEURL1
prerank,Cellular Response To Hypoxia (GO:0071456),0.2050298674765038,0.7657540078930364,0.926829268292683,0.961339053132006,1.0,10/56,16.82%,ANGPT4;SIRT2;PPARG;LMNA;RGCC;TIGAR;BAD;EPAS1;GATA6;SIRT1
prerank,Cyclic Nucleotide Transport (GO:0070729),0.3733580405801828,0.7656834475870576,0.7377049180327869,0.9610298741073411,1.0,2/7,8.37%,SLC19A1;ABCC4
prerank,Male Meiosis I (GO:0007141),-0.3235507735196363,-0.7652858732752784,0.7288135593220338,1.0,1.0,1/11,3.38%,CCNA1
prerank,Tricarboxylic Acid Metabolic Process (GO:0072350),0.36079856926795983,0.7651129762347589,0.78,0.9614707585171997,1.0,2/6,19.98%,IDH3G;IDH3B
prerank,Bile Acid Biosynthetic Process (GO:0006699),0.25234352558572565,0.765069652261609,0.8205128205128205,0.9611442139645859,1.0,7/21,20.98%,SCP2;CYP7A1;AMACR;CYP27A1;OSBPL2;BAAT;OSBPL9
prerank,Regulation Of Lipid Catabolic Process (GO:0050994),0.2822946546170543,0.7648474460650423,0.8085106382978723,0.961046207505451,1.0,3/14,12.69%,HPGD;IL1B;HCAR2
prerank,Regulation Of Mitotic Cell Cycle Spindle Assembly Checkpoint (GO:0090266),0.31341438133706184,0.7648082726559925,0.8888888888888888,0.9607201073405145,1.0,6/13,22.48%,DUSP1;CDK5RAP2;USP44;PCID2;MAD1L1;XRCC3
prerank,Transferrin Transport (GO:0033572),0.3713466902744553,0.7642493962779735,0.7659574468085106,0.961177937156808,1.0,1/6,6.36%,REP15
prerank,Regulation Of Extracellular Matrix Organization (GO:1903053),-0.27713788925579164,-0.7639183556573694,0.8076923076923077,1.0,1.0,9/20,22.58%,ZNF469;LAMA2;NID1;RUNX1;LRP1;LAMC1;AXIN2;DDR2;LAMB2
prerank,Regulation Of PERK-mediated Unfolded Protein Response (GO:1903897),0.37788985644760026,0.7637016062159379,0.86,0.9617172310024206,1.0,2/7,15.32%,PPP1R15A;PTPN1
prerank,Protein Localization To Microtubule (GO:0035372),0.35874636092330514,0.7636083898632475,0.8292682926829268,0.9614672215953755,1.0,4/9,28.06%,HNRNPU;DIAPH1;MAPRE2;CRIPT
prerank,Regulation Of Defense Response To Bacterium (GO:1900424),-0.4336680637352679,-0.7632167032012883,0.7358490566037735,1.0,1.0,1/5,3.10%,EMILIN1
prerank,Positive Regulation Of Leukocyte Differentiation (GO:1902107),0.3520863818649556,0.7627837315925611,0.6888888888888889,0.9622220690952082,1.0,4/6,43.21%,PRKDC;HMGB1;NCKAP1L;LGALS1
prerank,Epithelial Cell Apoptotic Process (GO:1904019),0.32462541256910504,0.7618623682611787,0.8076923076923077,0.9631514530451798,1.0,2/10,4.97%,COL4A3;HIPK1
prerank,Fc Receptor Signaling Pathway (GO:0038093),0.2712563057757935,0.7617146676074683,0.8157894736842105,0.9629536878943373,1.0,7/22,31.88%,MAPK9;PLCG1;PRKCQ;FCER1G;SOS1;LCK;IKBKB
prerank,Gluconeogenesis (GO:0006094),-0.272912494832482,-0.7612552202061197,0.7384615384615385,1.0,1.0,4/21,18.51%,KRT17;SLC39A14;TPI1;SLC25A10
prerank,Regulation Of DNA-templated Transcription Initiation (GO:2000142),0.3508899837575593,0.7610050670173643,0.8,0.9634444725191489,1.0,4/7,22.27%,JUN;THRA;PPM1D;MITF
prerank,Protein Insertion Into Mitochondrial Membrane (GO:0051204),0.243691492402191,0.7609696681365484,0.8888888888888888,0.9630951333216576,1.0,5/21,23.18%,TOMM7;MTX1;HSP90AA1;NDUFA13;TOMM5
prerank,Regulation Of Vesicle Size (GO:0097494),-0.322703164142203,-0.7608506713625683,0.7741935483870968,1.0,1.0,1/13,2.58%,RAB3B
prerank,Muscle Cell Differentiation (GO:0042692),-0.2650555281807158,-0.7604377818448612,0.8148148148148148,1.0,1.0,8/23,23.91%,MYF6;MYOCD;MRTFB;MEGF10;HEY2;SPEG;GLMN;MRTFA
prerank,Histone Lysine Demethylation (GO:0070076),0.33559036553523114,0.759785833092901,0.8108108108108109,0.9642324750869852,1.0,5/7,39.73%,KDM6B;JMJD1C;KDM3A;KDM6A;KDM4C
prerank,Positive Regulation Of SMAD Protein Signal Transduction (GO:0060391),0.287242242782212,0.7592740653118578,0.8444444444444444,0.96465803725883,1.0,6/16,28.29%,PPARG;RBPMS;SMAD4;NUP93;NODAL;BMPR2
prerank,Positive Regulation Of Wound Healing (GO:0090303),-0.26583481436398326,-0.7591638476734752,0.7857142857142857,1.0,1.0,11/29,22.64%,EMILIN1;ADRA2A;CLDN1;XBP1;FOXC2;CLDN3;SMOC2;MYLK;SERPINE1;ARFGEF1;EMILIN2
prerank,Positive Regulation Of Lamellipodium Organization (GO:1902745),0.2451776327834651,0.7591415032991277,0.9705882352941176,0.9644484111434084,1.0,5/28,12.00%,CDC42;CORO1C;VIL1;OCLN;CARMIL1
prerank,Cellular Response To Radiation (GO:0071478),0.2159504543270538,0.7584823637649232,0.8205128205128205,0.9651879137434456,1.0,13/34,31.94%,INO80;RHO;OPN3;TANK;SIRT1;RAD51;RHOB;RAD9B;BARD1;RRH;SPIDR;OPN1SW;SWI5
prerank,Protein Localization To Perinuclear Region Of Cytoplasm (GO:1905719),0.32969397101683895,0.7584267533543821,0.7555555555555555,0.9648734924739815,1.0,1/7,7.72%,HOOK2
prerank,Positive Regulation Of Endopeptidase Activity (GO:0010950),-0.3166675255361073,-0.7583982269114449,0.7843137254901961,1.0,1.0,4/15,16.66%,AIM2;TTBK1;EFNA3;ROCK2
prerank,Glycoprotein Metabolic Process (GO:0009100),-0.2423063371612116,-0.7582524997522146,0.8,1.0,1.0,5/43,11.97%,ST8SIA2;NCCRP1;ST8SIA5;ST8SIA4;GOLPH3
prerank,Purine Ribonucleotide Transport (GO:0015868),0.2709025042118485,0.758004947821615,0.813953488372093,0.9651119484194361,1.0,7/19,29.30%,SLC19A1;SLC25A25;SLC25A41;SLC25A24;SLC25A4;ABCC6;SLC35B2
prerank,Adherens Junction Assembly (GO:0034333),0.39243611519786364,0.7578149051679044,0.8157894736842105,0.9649548118835028,1.0,4/7,26.17%,SMAD7;PIP5K1C;CTNNB1;TBCD
prerank,Regulation Of JNK Cascade (GO:0046328),0.18997188179848237,0.7575846081504337,0.8846153846153846,0.9649896093372425,1.0,23/92,22.32%,MAP4K2;WNT7A;TGFBR3;GPS2;ULK4;FLT4;PRKN;IL1B;MTURN;PER1;MAPK8IP1;TRAF5;SH3RF1;MBIP;TAOK3;NAIP;RAP2A;MAP3K11;ANKS1B;TPD52L1;KLHL31;RIPK1;MINK1
prerank,Regulation Of Transforming Growth Factor Beta Activation (GO:1901388),-0.3894279519732484,-0.7571454614037831,0.7843137254901961,1.0,1.0,3/5,26.42%,LTBP1;HSP90AB1;ITGB8
prerank,Regulation Of Lipoprotein Metabolic Process (GO:0050746),-0.38905619102651073,-0.7568253980746313,0.8372093023255814,1.0,1.0,1/6,6.83%,ITGB3
prerank,Axon Extension (GO:0048675),-0.28843700797627925,-0.7567831896558657,0.711864406779661,1.0,1.0,6/18,18.42%,AUTS2;MAP1B;SLIT1;SEMA3A;C9ORF72;HSP90AB1
prerank,Alpha-Linolenic Acid Metabolic Process (GO:0036109),-0.3415398811645104,-0.7565818814663268,0.7192982456140351,1.0,1.0,1/9,2.16%,ELOVL2
prerank,"DNA Damage Response, Signal Transduction By P53 Class Mediator (GO:0030330)",0.24109981823427956,0.7561128515965955,0.8378378378378378,0.9665523819733007,1.0,3/29,6.68%,MYO6;RPL26;PRAP1
prerank,Autophagy Of Mitochondrion (GO:0000422),0.22938603779036693,0.7560335815880275,0.8666666666666667,0.966267083305661,1.0,4/40,7.82%,USP30;TAFAZZIN;PRKN;GABARAPL1
prerank,Secretory Granule Organization (GO:0033363),0.25206367016820763,0.7559940600525399,0.85,0.965923966651547,1.0,8/21,25.25%,AP3S1;AP1S2;LYST;AP3D1;AP1M1;BLOC1S1;AP1G1;HPS5
prerank,Positive Regulation Of Immunoglobulin Production (GO:0002639),-0.27044551682471124,-0.7559351824820068,0.8148148148148148,1.0,1.0,6/21,19.65%,IL10;XBP1;DNAJB9;TNFSF4;IL21;MAD2L2
prerank,Platelet Aggregation (GO:0070527),-0.25835719597816614,-0.7551945580946565,0.8524590163934426,1.0,1.0,4/26,10.85%,FGB;HBB;ITGB3;PDGFRA
prerank,Glomerular Epithelial Cell Development (GO:0072310),0.37498254921122454,0.7549586922320657,0.8043478260869565,0.9669970068426302,1.0,5/5,62.51%,JAG1;MYO1E;MAGI2;IQGAP1;NPHS1
prerank,Regulation Of Lamellipodium Morphogenesis (GO:2000392),0.32098911633271016,0.7549125351971762,0.7755102040816326,0.9666364711300074,1.0,6/9,33.74%,CORO1C;VIL1;RREB1;PDPN;ARPIN;SRC
prerank,Regulation Of Homotypic Cell-Cell Adhesion (GO:0034110),-0.35922422564444206,-0.7549091702711216,0.7857142857142857,1.0,1.0,2/9,13.73%,TNFSF11;ZNF703
prerank,Positive Regulation Of G Protein-Coupled Receptor Signaling Pathway (GO:0045745),0.2964727566844469,0.7548353088448623,0.851063829787234,0.9663747965768038,1.0,9/13,37.19%,GPER1;GSK3A;PHB1;PDE6G;PRMT5;PDE6H;GRP;PRKCA;C3
prerank,Dendritic Spine Maintenance (GO:0097062),0.3900363121982532,0.7547361604216503,0.84,0.9661423141098935,1.0,2/6,9.92%,ITGA3;INSR
prerank,Regulation Of Microvillus Organization (GO:0032530),-0.40210516947729225,-0.7546951509945361,0.7547169811320755,1.0,1.0,1/5,2.02%,USH1C
prerank,Negative Regulation Of Lyase Activity (GO:0051350),0.331233427522083,0.7545449270315646,0.8125,0.9660374739577021,1.0,5/10,20.21%,EDNRB;GRM3;PALM;MTRR;GNAI2
prerank,Regulation Of Intracellular Protein Transport (GO:0033157),0.25405239368830196,0.7543993304252027,0.8478260869565217,0.9658111098839268,1.0,11/28,39.72%,RUFY3;PTPN1;VAMP2;ERGIC3;BCAS3;GSK3B;TENM1;NDEL1;B3GAT3;SH3TC2;PDCD10
prerank,"Negative Regulation Of CD4-positive, Alpha-Beta T Cell Proliferation (GO:2000562)",0.38833745995004093,0.754337809534701,0.7755102040816326,0.965538621992577,1.0,1/5,4.44%,XCL1
prerank,snRNA Transcription By RNA Polymerase II (GO:0042795),0.33719516485179146,0.7535089817257157,0.7962962962962963,0.9663020871245429,1.0,3/9,25.23%,SNAPC5;ELL;SNAPC3
prerank,Prostanoid Biosynthetic Process (GO:0046457),-0.3232480028248257,-0.7534964021971498,0.8301886792452831,1.0,1.0,5/11,19.75%,EDN2;PLA2G4A;PTGIS;PNPLA8;PTGS1
prerank,Regulation Of Short-Term Neuronal Synaptic Plasticity (GO:0048172),-0.33570934640811645,-0.7534283561282563,0.7962962962962963,1.0,1.0,2/11,9.13%,SHISA8;SHISA6
prerank,tRNA Surveillance (GO:0106354),0.40381599978861016,0.7533125903375781,0.8301886792452831,0.9661568658709245,1.0,3/6,32.59%,EXOSC9;ZCCHC7;EXOSC3
prerank,Positive Regulation Of Neuron Projection Arborization (GO:0150012),-0.38836902352530545,-0.753256944710691,0.74,1.0,1.0,1/7,2.77%,WNT5A
prerank,Negative Regulation Of Leukocyte Migration (GO:0002686),-0.3348247624737683,-0.7532194586153502,0.7678571428571429,1.0,1.0,3/8,20.33%,EMILIN1;HOXA7;SLAMF8
prerank,Regulation Of Granulocyte Macrophage Colony-Stimulating Factor Production (GO:0032645),-0.35076996549926276,-0.7530311535778503,0.6666666666666666,1.0,1.0,2/7,11.09%,ISL1;CD84
prerank,Hair Cell Differentiation (GO:0035315),0.3588737671356099,0.7526972328509194,0.7647058823529411,0.9665320970415174,1.0,2/6,5.75%,MYO6;ERCC3
prerank,Regulation Of Protein Localization To Cajal Body (GO:1904869),0.36714280924799014,0.7525919391479553,0.7608695652173914,0.9659067686716059,1.0,2/7,12.96%,TCP1;CCT8
prerank,Positive Regulation Of Protein Localization To Cajal Body (GO:1904871),0.36714280924799014,0.7525919391479553,0.7608695652173914,0.9659067686716059,1.0,2/7,12.96%,TCP1;CCT8
prerank,Regulation Of Complement Activation (GO:0030449),0.3548897557569515,0.7524156154461684,0.7407407407407407,0.965738847011376,1.0,2/6,18.34%,IL1B;PHB1
prerank,Adenine Nucleotide Transport (GO:0051503),0.26253470231193377,0.7521257144693093,0.75,0.9657038198518627,1.0,7/20,29.30%,SLC19A1;SLC25A25;SLC25A41;SLC25A24;SLC25A4;ABCC6;SLC35B2
prerank,Positive Regulation Of Post-Transcriptional Gene Silencing By RNA (GO:1900370),0.2914819270076946,0.751816599470745,0.7674418604651163,0.9656976698507304,1.0,2/10,16.30%,ZFP36;WTIP
prerank,Apoptotic Nuclear Changes (GO:0030262),-0.3206173876330471,-0.7517255570427948,0.7846153846153846,1.0,1.0,1/12,0.93%,ERN2
prerank,Positive Regulation Of BMP Signaling Pathway (GO:0030513),-0.2713644237645253,-0.7512137023976765,0.7959183673469388,1.0,1.0,6/19,20.65%,SOX11;SULF1;SCUBE3;FOXD1;CCNA2;RBPJ
prerank,Amino Sugar Metabolic Process (GO:0006040),0.34228754990871757,0.7511813502752409,0.7708333333333334,0.966164450703861,1.0,4/7,24.57%,GFPT1;SLC35A3;FN3K;GFPT2
prerank,Negative Regulation Of Mitochondrial Membrane Permeability (GO:0035795),0.3277633530529316,0.7511206206599549,0.7592592592592593,0.9658468061010402,1.0,4/10,27.07%,HSPA1A;FZD9;SLC25A4;SLC25A31
prerank,Intestinal Epithelial Cell Differentiation (GO:0060575),0.36694679049150497,0.7510532720567367,0.7647058823529411,0.9655467076461032,1.0,2/6,19.96%,GATA6;IL6ST
prerank,Clathrin-Coated Vesicle Cargo Loading (GO:0035652),0.38064837132710316,0.7505222136643096,0.8113207547169812,0.9655460761810455,1.0,2/6,17.19%,AP3S1;AP3D1
prerank,"Clathrin-Coated Vesicle Cargo Loading, AP-3-mediated (GO:0035654)",0.38064837132710316,0.7505222136643096,0.8113207547169812,0.9655460761810455,1.0,2/6,17.19%,AP3S1;AP3D1
prerank,Regulation Of Transcription By RNA Polymerase III (GO:0006359),0.26908844382757313,0.7502505636766634,0.8421052631578947,0.9654882039336763,1.0,2/20,7.09%,DHX36;CHD8
prerank,Regulation Of Adenylate Cyclase Activity (GO:0045761),-0.30860651177260623,-0.7500887943087469,0.8727272727272727,1.0,1.0,1/12,1.14%,GABBR2
prerank,Iron Ion Transmembrane Transport (GO:0034755),-0.3576398376418175,-0.7497940275068784,0.74,1.0,1.0,2/9,11.29%,SCARA5;SLC39A14
prerank,Camera-Type Eye Morphogenesis (GO:0048593),-0.365449080527498,-0.7495414114525117,0.6724137931034483,1.0,1.0,2/6,14.57%,TENM3;VEGFA
prerank,Inositol Phosphate Biosynthetic Process (GO:0032958),-0.3855146014689867,-0.7495303951022356,0.84,1.0,1.0,6/8,41.39%,ITPKA;IPPK;IPMK;IP6K1;IP6K3;IP6K2
prerank,Alcohol Catabolic Process (GO:0046164),0.41673022006250676,0.7495112052196826,0.825,0.966212835023649,1.0,2/5,15.60%,CYP7A1;CYP27A1
prerank,Regulation Of Mesenchymal Cell Proliferation (GO:0010464),0.3197832590022941,0.7490323976628456,0.8863636363636364,0.9664825477768637,1.0,4/11,16.39%,STAT1;FGFR2;LRP5;CTNNBIP1
prerank,Very-Low-Density Lipoprotein Particle Assembly (GO:0034379),-0.3511446001822629,-0.7488051626222753,0.8,1.0,1.0,2/8,9.99%,MTTP;APOB
prerank,Positive Regulation Of Actin Nucleation (GO:0051127),-0.3453882047242641,-0.7485020795164845,0.7627118644067796,1.0,1.0,2/10,18.82%,WASF1;GSN
prerank,Negative Regulation Of Cyclase Activity (GO:0031280),-0.34603739402966316,-0.7480801814085544,0.8913043478260869,1.0,1.0,1/9,1.14%,GABBR2
prerank,Extracellular Matrix Assembly (GO:0085029),0.2933108393746714,0.7479185965008519,0.8679245283018868,0.9676258433785104,1.0,4/12,14.14%,HAS3;MLF2;ELN;GPM6B
prerank,Intracellular Zinc Ion Homeostasis (GO:0006882),-0.2926446853721441,-0.7475743920268525,0.7796610169491526,1.0,1.0,5/13,18.34%,SLC30A2;SLC39A14;SLC30A7;SLC30A1;SLC39A6
prerank,Ribosomal Small Subunit Assembly (GO:0000028),0.2994386229870603,0.7475496977845127,0.75,0.9677970771444692,1.0,7/14,38.84%,ERAL1;PRKDC;RPS28;XRCC5;RPS15;RPSA;RPS14
prerank,Regulation Of Double-Strand Break Repair (GO:2000779),0.19269127097199515,0.7475264716848873,0.9259259259259259,0.9674339766590421,1.0,17/66,22.15%,OTUB1;BCL7B;PPP4C;PPP4R2;SMARCC2;MORF4L1;BRD7;SMARCA4;UBE2V2;SIRT1;SPIRE2;EPC1;RAD51;VPS72;MEAF6;MBTD1;SLF2
prerank,Nucleobase-Containing Small Molecule Interconversion (GO:0015949),-0.38785301634921193,-0.7473011122726166,0.75,1.0,1.0,1/6,4.89%,AK4
prerank,Positive Regulation Of Actin Filament Depolymerization (GO:0030836),0.3506972652883621,0.7471154870317436,0.7708333333333334,0.9675821826211466,1.0,3/8,12.00%,SEMA5A;VIL1;CARMIL1
prerank,Maturation Of 5.8S rRNA (GO:0000460),-0.31287530092242594,-0.7470946802190105,0.7258064516129032,1.0,1.0,5/13,28.83%,URB1;WDR12;MTREX;EXOSC10;MAK16
prerank,Stabilization Of Membrane Potential (GO:0030322),-0.32917031273805786,-0.7463350300792781,0.8148148148148148,1.0,1.0,6/13,20.42%,KCNK2;KCNN4;KCNK15;KCNK13;KCNK1;KCNK5
prerank,Regulation Of Nephron Tubule Epithelial Cell Differentiation (GO:0072182),0.4006713239645434,0.7462898426460334,0.8085106382978723,0.9682927290361666,1.0,4/5,29.40%,GATA3;OXSR1;CTNNB1;PAX8
prerank,Organelle Disassembly (GO:1903008),0.20845751806928028,0.7461755913662298,0.9459459459459459,0.9680216617329515,1.0,7/44,18.04%,NEDD9;DYRK3;MAP4;RETREG3;VCP;KIF9;TRIP4
prerank,Positive Regulation Of IRE1-mediated Unfolded Protein Response (GO:1903896),-0.3518347486418645,-0.746114811785451,0.7857142857142857,1.0,1.0,2/6,19.10%,BCL2L11;BAK1
prerank,Positive Regulation Of Interleukin-12 Production (GO:0032735),-0.26744767999640956,-0.746090900356656,0.8163265306122449,1.0,1.0,4/21,14.14%,MDK;ISL1;CCR7;TNFSF4
prerank,Regulation Of Protein Polymerization (GO:0032271),-0.25310899168073875,-0.7460770110641194,0.8548387096774194,1.0,1.0,7/24,21.77%,ARHGAP40;TTBK1;ABL1;PFN2;PAK3;MEGF9;TPPP3
prerank,Induction Of Positive Chemotaxis (GO:0050930),0.34282086741286705,0.7459643208196831,0.8043478260869565,0.9678941823542727,1.0,1/7,2.21%,VEGFD
prerank,Positive Regulation Of Spindle Assembly (GO:1905832),0.41135579292260993,0.7458260843639533,0.7288135593220338,0.9676750870356795,1.0,2/5,14.94%,GPSM2;DYNC1H1
prerank,Regulation Of Toll-Like Receptor 3 Signaling Pathway (GO:0034139),-0.377852190314134,-0.7454784017502935,0.6458333333333334,1.0,1.0,1/5,10.97%,F2RL1
prerank,Cellular Response To Decreased Oxygen Levels (GO:0036294),0.19843138259851223,0.7453769580191962,1.0,0.9679031180052973,1.0,10/58,16.82%,ANGPT4;SIRT2;PPARG;LMNA;RGCC;TIGAR;BAD;EPAS1;GATA6;SIRT1
prerank,Activation Of GTPase Activity (GO:0090630),-0.22211060602387084,-0.7453650609692275,0.9154929577464789,1.0,1.0,19/78,19.03%,CXCL13;FOXJ1;NGEF;ECT2;TSC1;CCR7;TBC1D14;TBC1D30;CCL21;CCDC125;ARHGAP24;TBC1D16;TBC1D8B;ARHGAP22;TBC1D10B;SIPA1L2;ARHGEF16;TBC1D9B;SLC27A4
prerank,Protein Localization To Cell Junction (GO:1902414),-0.28921257086918994,-0.7452046639056418,0.8214285714285714,1.0,1.0,6/19,18.60%,NECTIN1;SHANK1;TJP3;NLGN2;MARVELD3;DLG4
prerank,Regulation Of Amyloid-Beta Clearance (GO:1900221),0.31027372032613654,0.7451764607254152,0.7692307692307693,0.9678273911346988,1.0,2/11,4.91%,IFNG;HMGCR
prerank,Positive Regulation Of Leukocyte Cell-Cell Adhesion (GO:1903039),-0.2594821772507357,-0.7442956546723669,0.84375,1.0,1.0,7/30,17.51%,THY1;TNFSF11;MDK;ITGB2;CCR2;SIRPG;CYRIB
prerank,Atrioventricular Valve Morphogenesis (GO:0003181),0.2965589897925891,0.74423145108284,0.8723404255319149,0.9686678045200324,1.0,3/15,9.16%,SMAD6;EFNA1;ZFPM1
prerank,Regulation Of Collagen Biosynthetic Process (GO:0032965),-0.29014232811323104,-0.7441549890140537,0.8888888888888888,1.0,1.0,3/15,13.01%,EMILIN1;WNT4;RUNX1
prerank,MAPK Cascade (GO:0000165),-0.21532195903390328,-0.7439841883071711,0.8923076923076924,1.0,1.0,8/73,9.55%,DUSP9;HTR2B;IGF1;PLVAP;RASGRP3;MAP4K4;IL31RA;SOX9
prerank,Actin Nucleation (GO:0045010),-0.3054616304904868,-0.7439800518352364,0.8181818181818182,1.0,1.0,3/17,10.45%,LMOD1;WIPF3;MAGEL2
prerank,Regulatory ncRNA Processing (GO:0070918),-0.27565652748518216,-0.7434284807220468,0.7931034482758621,1.0,1.0,2/20,4.31%,ANKRD34B;TDRD1
prerank,T Cell Differentiation (GO:0030217),0.22537600087127785,0.7433878713947708,0.8863636363636364,0.9693873529941294,1.0,13/38,24.51%,GATA3;ANXA1;SHH;SOX13;DLL4;USP44;LFNG;LEPR;FCER1G;PTPN22;PTPRC;RIPK3;ZFP36L1
prerank,Regulation Of Transmembrane Receptor Protein Serine/Threonine Kinase Signaling Pathway (GO:0090092),0.23670771192202872,0.7431735212273373,0.8461538461538461,0.9692481895968036,1.0,12/28,27.51%,ITGA3;ENG;TRIM33;SFRP4;NREP;FSTL4;SMAD7;SMAD4;SMURF2;PALS1;TFAP2B;FKBP1A
prerank,Cytoplasmic Sequestering Of Transcription Factor (GO:0042994),-0.3215375100922427,-0.742926524238087,0.7368421052631579,1.0,1.0,2/11,8.51%,MDFI;IL10
prerank,Detection Of Mechanical Stimulus Involved In Sensory Perception (GO:0050974),0.2958954729831747,0.7428137587149676,0.7857142857142857,0.9693550369527195,1.0,2/9,11.19%,HPN;SCN1A
prerank,Type I Interferon-Mediated Signaling Pathway (GO:0060337),0.26726725878808855,0.7426002738475163,0.7727272727272727,0.9692217149810439,1.0,5/19,15.76%,STAT1;IFNA5;TANK;TYK2;HDAC4
prerank,Negative Regulation Of Signaling (GO:0023057),-0.28302457398175357,-0.7425639471844185,0.8333333333333334,1.0,1.0,2/22,6.81%,ADIPOQ;IL11
prerank,Relaxation Of Muscle (GO:0090075),-0.3425894779280688,-0.7420538590894586,0.8333333333333334,1.0,1.0,3/11,18.82%,PLN;CAMK2D;GSN
prerank,Postreplication Repair (GO:0006301),0.27268772746517683,0.7408620706133526,0.8333333333333334,0.971174097700514,1.0,9/16,38.45%,MSH2;VCP;UBE2V2;UBE2A;SPRTN;PARP10;UBE2N;POLI;RAD18
prerank,Negative Regulation Of Mitotic Nuclear Division (GO:0045839),-0.35712250427481007,-0.7408055487027991,0.7580645161290323,1.0,1.0,3/8,22.36%,CHEK1;BMP7;FBXO5
prerank,Filopodium Assembly (GO:0046847),0.2657786994172111,0.7408040120568041,0.84,0.9708402424906019,1.0,7/16,22.52%,DNM3;RAB17;FMNL3;FGD3;FGD5;FGD4;SPATA13
prerank,Positive Regulation Of Small Molecule Metabolic Process (GO:0062013),0.2554961472840034,0.740663472392916,0.8181818181818182,0.9706265526724824,1.0,6/24,16.77%,MLXIPL;IFNG;ARNT;INSR;AKT2;STARD4
prerank,Regulation Of Amyloid Precursor Protein Biosynthetic Process (GO:0042984),0.3247110059287327,0.7406186247213867,0.7916666666666666,0.9702874792324094,1.0,2/8,6.83%,NECAB1;ITM2A
prerank,RISC Complex Assembly (GO:0070922),0.3752065303129249,0.7402674426257334,0.8536585365853658,0.9702453267732488,1.0,3/6,26.98%,AGO2;AGO4;AGO3
prerank,Endodermal Cell Fate Commitment (GO:0001711),-0.3701633793413429,-0.7396794570413516,0.75,1.0,1.0,2/7,16.67%,SOX2;LEO1
prerank,sno(s)RNA 3'-End Processing (GO:0031126),-0.34643489059151394,-0.7396414027566054,0.8,1.0,1.0,5/8,37.05%,FBLL1;EXOSC5;EXOSC10;TENT4B;EXOSC2
prerank,Hexose Metabolic Process (GO:0019318),0.22526479677847122,0.7395010984397898,0.868421052631579,0.9708418862012422,1.0,15/34,33.43%,GALM;BRAT1;FBP1;HK3;GALK1;FUCA2;ALDOA;ALDOB;CHST1;TFAP2B;GHRL;HECTD4;IRS2;PGM1;GDPGP1
prerank,ncRNA Export From Nucleus (GO:0097064),0.32156949332364543,0.7393705247626355,0.7916666666666666,0.970588637799823,1.0,1/8,5.44%,SSB
prerank,Fc-gamma Receptor Signaling Pathway (GO:0038094),0.2554055386201037,0.7393639349899838,0.8292682926829268,0.9701988431661683,1.0,10/19,33.74%,PLA2G6;HCK;FYN;FCER1G;PRKCD;PTK2;FGR;PRKCE;LCK;SRC
prerank,Negative Regulation Of Binding (GO:0051100),0.20237541839502443,0.7387958402566067,0.975,0.9705213133027872,1.0,7/72,5.41%,CAV1;PDGFB;ARHGAP28;NFKBIA;LRRK2;JUN;GTPBP4
prerank,Pyruvate Metabolic Process (GO:0006090),-0.24856498858935655,-0.7387384258114599,0.8771929824561403,1.0,1.0,13/37,29.05%,KRT17;HK2;ME2;SDS;SRR;HKDC1;TPI1;ME1;NR4A3;LDHB;LDHA;PKM;PGAM1
prerank,Vesicle Organization (GO:0016050),0.18975281431873664,0.7385335309971781,0.9722222222222222,0.9705246982165191,1.0,24/74,35.06%,CAV1;ZFYVE16;HOOK2;S100A10;CAV2;LAMTOR1;VPS11;SNX10;VAMP2;GOSR1;AP2M1;PHETA1;CHMP4A;PLEKHJ1;CORO1A;PLEKHF1;DNAJC13;FHIP1B;ANXA2;WASHC4;STX7;TSNARE1;SORT1;TRAPPC2B
prerank,Negative Regulation Of Macrophage Activation (GO:0043031),-0.31749335318220484,-0.7380630170629201,0.7647058823529411,1.0,1.0,3/12,10.38%,LRFN5;IL31RA;NR1D1
prerank,ncRNA Processing (GO:0034470),0.19255453048475607,0.7380322031065188,0.9444444444444444,0.9708012505832435,1.0,20/74,25.67%,RPL26;SSB;DDX49;FARS2;INTS12;RPL11;TSEN54;WDR74;MRM2;INTS2;PIH1D1;RPS28;NOC4L;EXOSC9;ZCCHC8;TUT1;PELP1;DDX27;INTS9;RPL27
prerank,Positive Regulation Of Cellular Senescence (GO:2000774),0.33717180872044283,0.7379682343378478,0.7380952380952381,0.9704973273209478,1.0,2/6,16.90%,SIRT1;B2M
prerank,Inner Mitochondrial Membrane Organization (GO:0007007),0.24150561564704337,0.7377865147506183,0.918918918918919,0.9703187503153007,1.0,5/27,18.30%,TAFAZZIN;MTX1;APOO;OPA1;NDUFA13
prerank,Response To Muramyl Dipeptide (GO:0032495),-0.31650859224795674,-0.7374240039490555,0.7954545454545454,1.0,1.0,2/10,9.56%,INAVA;LDOC1
prerank,Morphogenesis Of An Epithelial Sheet (GO:0002011),-0.3778148735434264,-0.7372565090409846,0.7916666666666666,1.0,1.0,2/7,14.88%,SOX11;BMP7
prerank,Ruffle Organization (GO:0031529),0.2727104780406703,0.7370440486848686,0.725,0.9709872629420907,1.0,4/15,19.36%,INPP5K;CARMIL1;PLEKHA1;PIP5K1A
prerank,Positive Regulation Of Lipid Catabolic Process (GO:0050996),0.266397906331474,0.736810454321849,0.7027027027027027,0.970973408688385,1.0,4/17,12.89%,DAGLB;IL1B;ABHD5;AKT2
prerank,Positive Regulation Of Aspartic-Type Peptidase Activity (GO:1905247),-0.40306727651940455,-0.7366499774392447,0.7441860465116279,1.0,1.0,2/5,16.66%,EFNA3;ROCK2
prerank,Positive Regulation Of Aspartic-Type Endopeptidase Activity Involved In Amyloid Precursor Protein Catabolic Process (GO:1902961),-0.40306727651940455,-0.7366499774392447,0.7441860465116279,1.0,1.0,2/5,16.66%,EFNA3;ROCK2
prerank,Interstrand Cross-Link Repair (GO:0036297),0.22135818007593652,0.7365482923685994,0.9302325581395349,0.9709595655269564,1.0,11/26,33.63%,CENPS;VCP;FANCI;RAD51;XPA;FANCA;XRCC3;FANCD2;FAAP100;RNF8;FANCC
prerank,Regulation Of Metal Ion Transport (GO:0010959),0.23456401252889664,0.7361741231422976,0.8936170212765957,0.9709968298753209,1.0,9/27,22.00%,SIK1;SLC30A6;NOS1;PER1;ANK3;YWHAH;B2M;EPB41;CAMK2G
prerank,Calcium Ion Transmembrane Transport (GO:0070588),-0.2193884134733165,-0.7360791560081019,0.9701492537313433,1.0,1.0,11/60,15.76%,CACNA1G;SLC24A2;TRPV4;TRPA1;TRPC4;TRPM6;GRIN2A;SLC24A5;CLU;ATP2A2;TMCO1
prerank,Regulation Of Glucose Import (GO:0046324),-0.2655435992814642,-0.7360553788502174,0.746031746031746,1.0,1.0,2/27,3.68%,LEP;IGF1
prerank,Protein Localization To Endosome (GO:0036010),0.3270510944010905,0.7353791077024054,0.8125,0.971783178965358,1.0,4/8,32.30%,WASHC2A;TMEM30A;RCSD1;RAB35
prerank,RNA 3'-End Processing (GO:0031123),0.24340483470833918,0.7351990609662951,0.9666666666666667,0.9715931705559258,1.0,8/30,21.74%,SSB;CPSF6;TENT4A;INTS12;RPRD1A;TUT4;INTS2;ELAC2
prerank,Xenobiotic Transport (GO:0042908),0.2778573095183658,0.7343271135981857,0.7547169811320755,0.9722142060839851,1.0,2/15,3.70%,SLC47A1;ABCA8
prerank,Striated Muscle Cell Development (GO:0055002),0.3196585049791253,0.7343250532346286,0.8055555555555556,0.9718257865050463,1.0,3/9,12.53%,LMOD2;MYOZ1;TMOD3
prerank,Positive Regulation Of Arp2/3 Complex-Mediated Actin Nucleation (GO:2000601),-0.365341798087159,-0.7343208414928123,0.7678571428571429,1.0,1.0,1/7,9.11%,WASF1
prerank,Negative Regulation Of Biosynthetic Process (GO:0009890),-0.34878826896220066,-0.7341725009172319,0.7959183673469388,1.0,1.0,4/10,26.13%,EMILIN1;PPARA;ABCD2;GSTP1
prerank,Glutamate Receptor Signaling Pathway (GO:0007215),0.2428050843320423,0.733936666099422,0.8936170212765957,0.9719532872221512,1.0,6/26,16.50%,GRID2;CLN3;GRM3;HOMER1;GNAQ;GRIK1
prerank,Positive Regulation Of Embryonic Development (GO:0040019),-0.27121029650158823,-0.7337045407764142,0.8305084745762712,1.0,1.0,4/16,19.15%,TENM4;WNT4;WNT1;RACK1
prerank,NIK/NF-kappaB Signaling (GO:0038061),0.23709442066272307,0.7336049077072768,0.9142857142857143,0.9719334277924464,1.0,5/27,12.66%,NFKBIA;NFKB2;MALT1;RELB;RELA
prerank,Fatty Acid Homeostasis (GO:0055089),0.33623844822308857,0.7333595964948872,0.813953488372093,0.9718909381218587,1.0,3/8,21.83%,MLXIPL;SIRT1;ENPP7
prerank,Defense Response To Virus (GO:0051607),0.18708655275988845,0.7326254710849386,0.9615384615384616,0.9724596828936926,1.0,34/140,23.47%,GBP7;OAS3;ISG15;IFIT3;RSAD2;STAT1;OASL;IRF1;MX1;NLRC5;PQBP1;NLRP9;SENP7;TRIM25;USP44;RELA;TANK;IRF3;TRIM56;IFIT1;TLR7;DDX60L;LYST;TLR8;ZNFX1;PHB1;DDX60;CXCL10;SERINC5;SAMHD1;PTPRC;IFNL1;NMB;RIPK3
prerank,Purine Nucleotide Biosynthetic Process (GO:0006164),-0.2732504736770197,-0.732624083160925,0.8461538461538461,1.0,1.0,3/18,11.55%,KYNU;PPAT;NMNAT2
prerank,Endoplasmic Reticulum Organization (GO:0007029),0.19673365825628714,0.7326230330256296,0.9210526315789473,0.9720719397984399,1.0,18/50,34.38%,LRRK2;CAMLG;CAV2;RETREG3;GET1;CCDC47;GAK;REEP4;SHTN1;TMCC1;JAGN1;DOP1B;TMEM170A;RTN4;REEP1;STX18;VAPA;ATL2
prerank,Nuclear Membrane Reassembly (GO:0031468),0.2525953033540757,0.7326152077250809,0.8536585365853658,0.971684505784969,1.0,5/20,25.31%,SIRT2;CHMP1A;REEP4;BANF1;CHMP4A
prerank,Negative Regulation Of Viral Life Cycle (GO:1903901),-0.3062646026127616,-0.7317543172167122,0.8035714285714286,1.0,1.0,1/12,3.04%,LRRC15
prerank,Regulation Of Establishment Of Planar Polarity (GO:0090175),-0.24950842616543528,-0.7314634886864781,0.8571428571428571,1.0,1.0,7/27,19.40%,WNT5A;SAPCD2;CELSR2;FZD3;VANGL1;DACT1;FZD7
prerank,Positive Regulation Of Neutrophil Migration (GO:1902624),0.2684425883712026,0.731433806512885,0.8958333333333334,0.9726935480456456,1.0,2/19,4.44%,DAPK2;XCL1
prerank,Negative Regulation Of Cilium Assembly (GO:1902018),-0.3086123319696655,-0.731425448188325,0.8,1.0,1.0,3/13,12.08%,KIF24;TCHP;TBC1D30
prerank,Embryonic Eye Morphogenesis (GO:0048048),0.3646064208535933,0.7313677011674636,0.75,0.9723965790540089,1.0,1/6,2.79%,TBX2
prerank,Positive Regulation Of Transcription Of Nucleolar Large rRNA By RNA Polymerase I (GO:1901838),-0.37350166101592636,-0.7310136687043054,0.7755102040816326,1.0,1.0,4/7,23.09%,MARS1;IPPK;NCL;NOL11
prerank,Cellular Response To Amino Acid Starvation (GO:0034198),-0.24420163102421819,-0.730994200413321,0.9166666666666666,1.0,1.0,14/32,33.25%,SESN3;DAP;SESN2;MIOS;EIF2AK3;RRAGA;KPTN;CDKN1A;EIF2AK4;GCN1;RRAGD;RNF152;SH3GLB1;BMT2
prerank,"Synaptic Transmission, Cholinergic (GO:0007271)",-0.31105255281592104,-0.7308261166318994,0.8909090909090909,1.0,1.0,2/11,11.47%,CHRNB4;APOE
prerank,Formation Of Translation Preinitiation Complex (GO:0001731),-0.38191972076788827,-0.7306783064468397,0.8035714285714286,1.0,1.0,6/6,61.83%,EIF2S2;EIF2S3;EIF5;EIF2S3B;EIF2D;MCTS1
prerank,Negative Regulation Of Immune Effector Process (GO:0002698),-0.310702520184708,-0.730229575497659,0.7551020408163265,1.0,1.0,3/10,20.40%,ENPP3;SLAMF8;CD47
prerank,Cardiac Left Ventricle Morphogenesis (GO:0003214),-0.3274188341932906,-0.7300084399055904,0.8448275862068966,1.0,1.0,2/12,4.48%,SFRP2;NPY2R
prerank,Complement Receptor Mediated Signaling Pathway (GO:0002430),0.3312227921098411,0.7299350603183243,0.8085106382978723,0.9736643424616167,1.0,3/7,25.40%,FPR1;FPR2;GPLD1
prerank,Positive Regulation Of Protein Import Into Nucleus (GO:0042307),0.2730718274109549,0.7298446520866201,0.9111111111111111,0.9733954522689082,1.0,8/21,24.98%,IFNG;FLNA;JUP;HYAL2;PRKCD;ZPR1;PSEN1;ZC3H12A
prerank,Positive Regulation Of Granulocyte Chemotaxis (GO:0071624),0.2652004003525737,0.7296742008145339,0.9347826086956522,0.97321707209626,1.0,4/18,15.48%,DAPK2;XCL1;CD74;S100A14
prerank,Androgen Receptor Signaling Pathway (GO:0030521),0.3039552076170784,0.7296566292881536,0.8409090909090909,0.9728695958963788,1.0,4/12,25.24%,DDX5;DAXX;NKX3-1;KDM3A
prerank,Positive Regulation Of Viral Process (GO:0048524),0.22250981237651543,0.7295552452912071,0.9375,0.9726408153406093,1.0,7/35,17.35%,GBP7;DDX3X;PPIA;PABPC1;AXL;IFIT1;PKN2
prerank,Regulation Of Atrial Cardiac Muscle Cell Membrane Repolarization (GO:0060372),0.3884982937228894,0.7293841511448017,0.7857142857142857,0.9725024050554625,1.0,1/5,6.84%,FLNA
prerank,Positive Regulation Of JNK Cascade (GO:0046330),-0.21252722711509292,-0.7292137952070774,0.9565217391304348,1.0,1.0,15/65,19.40%,MMP8;CD27;SH3RF3;WNT16;F2RL1;CCR7;EDA2R;CCL21;UNC5CL;TNFRSF19;SEMA3A;MAPK8IP3;TRAF4;SLAMF1;FZD7
prerank,Heterotypic Cell-Cell Adhesion (GO:0034113),-0.27015515421424435,-0.729166491987327,0.8194444444444444,1.0,1.0,6/21,16.46%,ITGA7;RNASE10;ITGB3;ITGB2;DSC2;PKP2
prerank,Negative Regulation Of Leukocyte Cell-Cell Adhesion (GO:1903038),-0.3067656565091837,-0.7290388898181539,0.7659574468085106,1.0,1.0,6/16,23.76%,LAX1;TIGIT;JAK3;PPARA;ASS1;GPNMB
prerank,Platelet-Derived Growth Factor Receptor Signaling Pathway (GO:0048008),0.27871700188164633,0.7287759012830024,0.8,0.9729613661115087,1.0,3/14,15.32%,PDGFB;PIK3C2A;PTPN1
prerank,Regulation Of Intracellular Estrogen Receptor Signaling Pathway (GO:0033146),0.2500854210912874,0.7279626004645628,0.9183673469387755,0.9734988150344379,1.0,8/22,29.70%,WBP2;VPS11;CNOT9;UFSP2;SRARP;DDRGK1;CARM1;KANK2
prerank,DNA Replication Initiation (GO:0006270),0.26427498098036895,0.7274072586875212,0.8837209302325582,0.9737937444137782,1.0,9/14,37.69%,RPA4;POLA1;PURA;ORC2;PRIM1;MCM3;ORC5;ORC3;ORC4
prerank,Response To Chemokine (GO:1990868),0.2920985275589285,0.7272821520021078,0.7954545454545454,0.973610073718891,1.0,7/12,29.23%,DUSP1;SH2B3;OXSR1;DOCK8;ZC3H12A;WNK1;SLC12A2
prerank,Positive Regulation Of Mitochondrial Fission (GO:0090141),0.26910986926556985,0.7272464182484214,0.8571428571428571,0.9732690317408197,1.0,5/17,24.88%,PRKN;KDR;PGAM5;MCU;RALA
prerank,Protein Sumoylation (GO:0016925),0.22084404436429234,0.7258918493875058,0.8571428571428571,0.9745702856673434,1.0,11/38,32.49%,EGR2;NSMCE4A;HDAC4;SLF2;PIAS3;PIAS1;SAE1;ZNF451;SUMO3;PML;RNF212
prerank,Ribosomal Small Subunit Export From Nucleus (GO:0000056),0.38412676252966627,0.7254933811795736,0.7291666666666666,0.9746113715080923,1.0,5/5,61.60%,RPS15;XPO1;NPM1;RAN;LTV1
prerank,Regulation Of Phosphate Metabolic Process (GO:0019220),-0.31864735302916425,-0.7253992813025584,0.8518518518518519,1.0,1.0,3/9,14.16%,CD24;SRPX2;SMG6
prerank,Regulation Of Response To Wounding (GO:1903034),-0.36462644825819357,-0.7252956564925168,0.75,1.0,1.0,2/6,8.51%,PLAU;IL10
prerank,Telencephalon Cell Migration (GO:0022029),0.39016297151341983,0.725285247221467,0.7777777777777778,0.9744670004112568,1.0,1/5,4.68%,LRRK2
prerank,Regulation Of Establishment Of Protein Localization To Telomere (GO:0070203),0.3447623461159942,0.7248696313646864,0.825,0.9742515891672269,1.0,2/7,12.96%,TCP1;CCT8
prerank,Positive Regulation Of Establishment Of Protein Localization To Telomere (GO:1904851),0.3447623461159942,0.7248696313646864,0.825,0.9742515891672269,1.0,2/7,12.96%,TCP1;CCT8
prerank,Endolysosomal Toll-Like Receptor Signaling Pathway (GO:0140894),-0.33403599453937727,-0.7245329318234883,0.7916666666666666,1.0,1.0,2/9,12.27%,SCARA3;UNC93B1
prerank,Response To Endoplasmic Reticulum Stress (GO:0034976),-0.20424833564930517,-0.7243951087769122,0.9090909090909091,1.0,1.0,20/93,20.17%,ERN2;PDIA4;SCAMP5;CHAC1;RNF183;PDIA6;USP19;XBP1;DNAJB9;ATP2A2;CREB3L3;TMCO1;TTC23L;BCL2L11;BBC3;SYVN1;BAK1;RASGRF2;SEL1L;ATP2A3
prerank,Negative Regulation Of Alpha-Beta T Cell Proliferation (GO:0046642),0.3214792824800255,0.7242356726351822,0.8043478260869565,0.974679981523585,1.0,1/7,4.44%,XCL1
prerank,Positive Regulation Of Myeloid Leukocyte Cytokine Production Involved In Immune Response (GO:0061081),-0.3066132512874804,-0.7242167104521108,0.8275862068965517,1.0,1.0,1/13,2.77%,WNT5A
prerank,Regulation Of Pseudopodium Assembly (GO:0031272),-0.3077395839429744,-0.7241484524197754,0.803921568627451,1.0,1.0,5/10,21.75%,F2RL1;CCR7;CCL21;C15ORF62;WASHC1
prerank,Positive Regulation Of Pseudopodium Assembly (GO:0031274),-0.3077395839429744,-0.7241484524197754,0.803921568627451,1.0,1.0,5/10,21.75%,F2RL1;CCR7;CCL21;C15ORF62;WASHC1
prerank,Regulation Of Cardiac Muscle Cell Differentiation (GO:2000725),0.3161805923210763,0.7237880728025184,0.8717948717948718,0.974827533403033,1.0,1/9,1.28%,WNT3A
prerank,Antigen Processing And Presentation Of Endogenous Peptide Antigen Via MHC Class I (GO:0019885),-0.4188216629660696,-0.7234414408134121,0.875,1.0,1.0,1/5,4.33%,HLA-A
prerank,Negative Regulation Of Ryanodine-Sensitive Calcium-Release Channel Activity (GO:0060315),0.3090069632752792,0.7231514362874296,0.82,0.9748700353387242,1.0,6/10,42.85%,CALM3;FKBP1A;CLIC2;SRI;GSTO1;GSTM2
prerank,Negative Regulation Of Release Of Sequestered Calcium Ion Into Cytosol (GO:0051280),0.3090069632752792,0.7231514362874296,0.82,0.9748700353387242,1.0,6/10,42.85%,CALM3;FKBP1A;CLIC2;SRI;GSTO1;GSTM2
prerank,Regulation Of Amide Metabolic Process (GO:0034248),0.21031267670971987,0.7231399835903684,0.9743589743589743,0.9745074291251273,1.0,2/39,1.70%,NR1H4;NANOS3
prerank,Detection Of Muscle Stretch (GO:0035995),0.3607324557466041,0.7230029978604815,0.7906976744186046,0.9742795374111342,1.0,4/6,26.80%,TCAP;TTN;CTNNB1;PTK2
prerank,Regulation Of Extracellular Matrix Disassembly (GO:0010715),-0.29562933697332205,-0.7229591231675772,0.8444444444444444,1.0,1.0,6/12,22.83%,MELTF;LRP1;DPP4;FSCN1;DDR2;TGFB1
prerank,Regulation Of Fatty Acid Oxidation (GO:0046320),-0.28282807302048546,-0.7226211817475914,0.7931034482758621,1.0,1.0,5/14,20.07%,KLHL25;SOX9;TYSND1;FABP3;PPARA
prerank,snRNA 3'-End Processing (GO:0034472),-0.2711164492233234,-0.7224968057961831,0.9166666666666666,1.0,1.0,2/15,10.47%,SAGE1;INTS8
prerank,Cellular Response To Glucose Stimulus (GO:0071333),-0.268833557083057,-0.7223008097043122,0.8245614035087719,1.0,1.0,9/26,24.92%,NKX6-1;SLC39A14;XBP1;RAB11FIP5;KCNB1;RACK1;SOX4;ZBTB20;PRKAA2
prerank,Negative Regulation Of Establishment Of Protein Localization To Mitochondrion (GO:1903748),0.37959937081271583,0.7217672911395563,0.7916666666666666,0.9753619832189834,1.0,1/5,4.68%,LRRK2
prerank,Neural Crest Cell Differentiation (GO:0014033),-0.28338780901563565,-0.7216802440916984,0.8484848484848485,1.0,1.0,1/14,3.32%,HTR2B
prerank,Glial Cell Development (GO:0021782),0.24758283592023678,0.7214500511521945,0.8260869565217391,0.9752850466021444,1.0,2/20,7.41%,MYRF;EIF2B5
prerank,Regulation Of Collateral Sprouting (GO:0048670),0.36281229983049273,0.7214401712042493,0.825,0.9749004704796673,1.0,3/7,29.54%,DCC;PTPRS;ULK1
prerank,Nucleotide-Binding Oligomerization Domain Containing Signaling Pathway (GO:0070423),-0.31429664289988674,-0.7212326354416295,0.8222222222222222,1.0,1.0,5/10,30.54%,INAVA;OTULIN;LACC1;IRGM;RIPK2
prerank,Negative Regulation Of Mitochondrial Outer Membrane Permeabilization Involved In Apoptotic Signaling Pathway (GO:1901029),0.3344303487981431,0.7210131518648158,0.7924528301886793,0.9750698395441841,1.0,4/9,27.07%,HSPA1A;FZD9;SLC25A4;SLC25A31
prerank,Negative Regulation Of Protein Depolymerization (GO:1901880),-0.2619941121956887,-0.7204077981933396,0.8928571428571429,1.0,1.0,3/20,14.32%,STMN2;TPX2;ARHGEF2
prerank,Negative Regulation Of Autophagy (GO:0010507),-0.22004420369145525,-0.7200107327922557,0.88,1.0,1.0,10/52,16.57%,LEP;CTSA;IL10;LZTS1;TSC1;TAB2;TBC1D14;STK38L;BMF;DAP
prerank,Cellular Response To dsRNA (GO:0071359),0.2668651024955457,0.7199510986437129,0.8222222222222222,0.9758372201351205,1.0,3/14,24.47%,PQBP1;IFIT1;RIOK3
prerank,Positive Regulation Of MAP Kinase Activity (GO:0043406),-0.22465021607224703,-0.719723253891061,0.8983050847457628,1.0,1.0,14/69,17.47%,WNT5A;TNFSF11;HTR2B;DIRAS1;CD24;ADRA2A;S100A12;NEK10;PDGFD;TNFRSF11A;VEGFA;TGFA;DKK1;TLR6
prerank,Melanocyte Differentiation (GO:0030318),0.33191256292106674,0.719717718743254,0.8,0.9757322778591292,1.0,4/9,31.41%,ENPP1;MREG;MITF;MEF2C
prerank,Ubiquitin-Dependent Protein Catabolic Process Via The C-end Degron Rule Pathway (GO:0140627),0.3281932940268557,0.7196805809036091,0.8478260869565217,0.9753704742467876,1.0,2/8,21.80%,KLHDC1;KLHDC2
prerank,Regulation Of Adaptive Immune Response (GO:0002819),-0.2977320070621585,-0.7194834850264223,0.7368421052631579,1.0,1.0,3/12,14.14%,AHR;FADD;TNFSF4
prerank,Mitotic Nuclear Membrane Organization (GO:0101024),-0.33649190730517065,-0.71941139691572,0.8363636363636363,1.0,1.0,1/8,3.14%,RCC1
prerank,Mitotic Nuclear Membrane Reassembly (GO:0007084),-0.33649190730517065,-0.71941139691572,0.8363636363636363,1.0,1.0,1/8,3.14%,RCC1
prerank,Negative Regulation Of NLRP3 Inflammasome Complex Assembly (GO:1900226),-0.3314032115868572,-0.7193900626314723,0.8076923076923077,1.0,1.0,4/8,26.30%,NLRC3;FBXL2;TREM2;IRGM
prerank,Regulation Of Glycoprotein Biosynthetic Process (GO:0010559),0.3517834906569932,0.7193122780143745,0.7777777777777778,0.9754165538410808,1.0,2/7,5.23%,NECAB1;TM9SF2
prerank,Cell Cycle G2/M Phase Transition (GO:0044839),-0.24598906840290613,-0.7191500916119749,0.9375,1.0,1.0,3/31,8.46%,USH1C;BRSK1;MELK
prerank,"Wnt Signaling Pathway, Planar Cell Polarity Pathway (GO:0060071)",0.23435588348940353,0.7188226906565592,0.8571428571428571,0.9755853867416778,1.0,4/25,12.09%,WNT7A;CDC42;PRICKLE1;DVL3
prerank,Negative Regulation Of Vascular Endothelial Growth Factor Receptor Signaling Pathway (GO:0030948),0.31098635816602654,0.7188140130667409,0.7755102040816326,0.9752129094174601,1.0,3/9,15.32%,EPN2;NEDD4;PTPN1
prerank,Regulation Of Extracellular Matrix Assembly (GO:1901201),0.40827820307743784,0.7179320978436337,0.7555555555555555,0.9759393852195544,1.0,2/5,7.05%,TIE1;RGCC
prerank,Positive Regulation Of Protein Polymerization (GO:0032273),0.19373932686830644,0.7178319471178365,0.9473684210526315,0.9756339586865762,1.0,25/59,34.31%,CAV3;HCK;LMOD2;CDK5RAP2;OCLN;CARMIL1;FES;TPPP;CLASP1;SLAIN2;HSP90AA1;SLAIN1;VASP;CDC42EP4;EVL;CDC42EP1;CDC42EP2;NUMA1;PRKCE;TENM1;BAIAP2L2;NCKAP1;RAC1;BAIAP2;PTK2B
prerank,Regulation Of Neural Precursor Cell Proliferation (GO:2000177),-0.27602461261611433,-0.7177146717450107,0.8620689655172413,1.0,1.0,4/20,10.99%,SIX3;SLC16A2;MDK;RASSF10
prerank,Nucleosome Disassembly (GO:0006337),0.25707377902861117,0.7176521772722851,0.7843137254901961,0.9754959493263796,1.0,3/13,15.96%,NFE2;SMARCC2;SMARCA4
prerank,Positive Regulation Of Adaptive Immune Response (GO:0002821),0.3282187808914246,0.7174898179549842,0.8,0.975268922144697,1.0,3/7,20.28%,SIRT1;IL6ST;CD81
prerank,Positive Regulation Of Lamellipodium Morphogenesis (GO:2000394),0.3421519276485314,0.7174297509345068,0.8723404255319149,0.9749474137497839,1.0,3/6,21.13%,CORO1C;VIL1;RREB1
prerank,Positive Regulation Of Mast Cell Degranulation (GO:0043306),0.3203490401396163,0.717320961876535,0.7659574468085106,0.9746595537152307,1.0,6/6,67.98%,GAB2;PLA2G3;SNX4;VAMP8;SPHK2;SYK
prerank,Regulation Of Mast Cell Degranulation (GO:0043304),0.25903753210690045,0.717178366934182,0.8571428571428571,0.9744831961248448,1.0,4/12,28.17%,FES;CD300A;GAB2;FGR
prerank,Regulation Of SMAD Protein Signal Transduction (GO:0060390),-0.24703800426578854,-0.7171397421216766,0.864406779661017,1.0,1.0,4/26,14.88%,CILP;KIAA0319;LRP1;BMP7
prerank,Mitotic Cytokinetic Process (GO:1902410),0.293309402707716,0.7166759516333712,0.9,0.974635114299737,1.0,3/14,12.32%,CNTROB;CHMP1A;PDCD6IP
prerank,Positive Regulation Of Brown Fat Cell Differentiation (GO:0090336),-0.350438099705603,-0.7163475736669757,0.84,1.0,1.0,1/8,3.36%,SIX1
prerank,Natural Killer Cell Differentiation (GO:0001779),0.32658627472056906,0.716057776734146,0.7843137254901961,0.97499261392521,1.0,5/6,46.76%,PTPRC;KAT7;RABL3;TOX;PBX1
prerank,Atrial Cardiac Muscle Cell Action Potential (GO:0086014),0.2991430996124438,0.7156913062036123,0.8043478260869565,0.9750497395267282,1.0,3/9,25.69%,KCNJ3;CACNA1C;SCN3B
prerank,Peptidyl-Glutamic Acid Modification (GO:0018200),-0.2935799398247019,-0.7154711243223921,0.8297872340425532,1.0,1.0,8/16,31.98%,TTLL2;TTLL9;AGBL5;CEP41;TTLL11;TTLL1;NAA20;TPGS1
prerank,Negative Regulation Of Activin Receptor Signaling Pathway (GO:0032926),0.3557113678835067,0.7153195525125505,0.8297872340425532,0.9750290487186956,1.0,1/6,6.95%,DACT2
prerank,Positive Regulation Of Attachment Of Spindle Microtubules To Kinetochore (GO:0051987),0.3708082111059376,0.7152795124230906,0.8444444444444444,0.9746863032708193,1.0,1/6,2.11%,SIRT2
prerank,Neuron Projection Organization (GO:0106027),-0.3340607873329806,-0.7150298601940324,0.8235294117647058,1.0,1.0,2/12,8.65%,MAP1A;PRNP
prerank,Negative Regulation Of Ubiquitin Protein Ligase Activity (GO:1904667),0.32842706789127935,0.7149405594749277,0.8478260869565217,0.9746713216151733,1.0,2/7,12.87%,USP44;RPL11
prerank,Positive Regulation Of Myoblast Fusion (GO:1901741),0.36344126225944395,0.7145998176987282,0.8444444444444444,0.9746896432904142,1.0,2/6,19.89%,EHD1;EHD2
prerank,Negative Regulation Of Plasma Membrane Bounded Cell Projection Assembly (GO:0120033),-0.2601345653424623,-0.7144328808032702,0.8627450980392157,1.0,1.0,6/24,14.74%,KIF24;TCHP;TBC1D30;CCL21;PFN2;ARHGAP24
prerank,Positive Regulation Of B Cell Proliferation (GO:0030890),-0.24120913845998238,-0.7144058161233621,0.8970588235294118,1.0,1.0,6/22,20.85%,TNFRSF13C;GPR183;CD38;TNFSF13B;IL21;VAV3
prerank,Coenzyme A Metabolic Process (GO:0015936),-0.319890470290127,-0.7143133141901075,0.8301886792452831,1.0,1.0,4/12,24.79%,PANK1;ACLY;DCAKD;PANK3
prerank,G2/M Transition Of Mitotic Cell Cycle (GO:0000086),-0.2370800914665286,-0.7140017613887681,0.9148936170212766,1.0,1.0,3/31,8.46%,USH1C;BRSK1;MELK
prerank,Nucleoside Diphosphate Catabolic Process (GO:0009134),-0.405445044833261,-0.7132224968150506,0.7884615384615384,1.0,1.0,1/5,14.51%,ENTPD2
prerank,Neutrophil Activation (GO:0042119),0.2867863528205148,0.7128613331272057,0.7735849056603774,0.9762997769132108,1.0,5/12,23.66%,DNASE1L3;IL15;FCER1G;PRKCD;KMT2E
prerank,Negative Regulation Of Defense Response To Virus (GO:0050687),-0.33284380219521187,-0.7125188168301898,0.8846153846153846,1.0,1.0,4/9,26.30%,TRAF3IP1;RNF26;MUL1;IRGM
prerank,Post-Transcriptional Gene Silencing (GO:0016441),0.29814190144500147,0.7124515195905402,0.8571428571428571,0.9764449660135369,1.0,4/10,35.13%,HELZ;CELF1;MOV10;MOV10L1
prerank,Nucleosome Organization (GO:0034728),-0.22329917262521679,-0.711817581921607,0.9285714285714286,1.0,1.0,7/57,11.10%,H2BC14;H2BC9;H2AC25;H2BC13;H2BC11;SOX9;H2BC17
prerank,rRNA Processing (GO:0006364),0.18430037416810208,0.7111150167073594,1.0,0.977504488160893,1.0,20/75,25.83%,RPL26;ERI1;DDX49;UTP4;RPL11;NEDD4;LSM6;PRKDC;WDR74;MRM2;PIH1D1;RPS28;NOC4L;EXOSC9;PELP1;RIOK3;DDX27;NOP2;RPL27;MPHOSPH10
prerank,Protein Heterooligomerization (GO:0051291),0.2707356566051484,0.7110303487193057,0.84,0.977200358668753,1.0,1/13,7.15%,CPSF6
prerank,Pancreas Development (GO:0031016),-0.2918749599673182,-0.7107354296007101,0.8571428571428571,1.0,1.0,5/12,22.55%,NKX6-1;ISL1;DNAAF1;PROX1;MET
prerank,Positive Regulation Of Blood Coagulation (GO:0030194),-0.2721817677681213,-0.7106781628155304,0.8307692307692308,1.0,1.0,2/18,8.30%,EMILIN1;PLAU
prerank,Regulation Of Mitochondrial Membrane Potential (GO:0051881),-0.24354503792276458,-0.7102730034510107,0.8305084745762712,1.0,1.0,4/31,11.95%,SLC4A11;STOX1;PID1;ABL1
prerank,Establishment Of Protein Localization To Chromatin (GO:0071169),0.36543874973340273,0.7100760432198481,0.8,0.9778268125351085,1.0,2/6,10.46%,WBP2;SGF29
prerank,Regulation Of Multicellular Organism Growth (GO:0040014),-0.344210450970334,-0.7099592361271121,0.8113207547169812,1.0,1.0,2/8,11.92%,GDF15;PTCH1
prerank,Regulation Of Cell Division (GO:0051302),-0.208565138358578,-0.7098915072000942,0.9428571428571428,1.0,1.0,11/66,15.52%,SFRP2;TP63;HTR2B;KIF20A;KLHL13;KIF18B;EFHC1;SFN;CETN2;PDXP;PRDM15
prerank,Membrane Protein Proteolysis (GO:0033619),-0.26680249193867456,-0.7098306485662204,0.82,1.0,1.0,2/26,4.68%,MMP7;BACE2
prerank,Lipid Droplet Organization (GO:0034389),-0.254020911773881,-0.7094213542908352,0.9,1.0,1.0,9/22,27.07%,LDAF1;PPID;CDS1;FAF2;BSCL2;PLIN3;PRKAA2;PLIN2;FITM2
prerank,Vitamin K Metabolic Process (GO:0042373),-0.35632862400006715,-0.7093076694302229,0.8541666666666666,1.0,1.0,1/6,8.50%,CYP4F11
prerank,Cellular Response To Interleukin-1 (GO:0071347),-0.2132910695743082,-0.7088591430708016,0.9516129032258065,1.0,1.0,9/54,13.89%,CCL1;CCL13;SFRP1;CCL22;CCL11;SOX9;NR1D1;ADAMTS12;CCL21
prerank,Regulation Of Morphogenesis Of An Epithelium (GO:1905330),0.3839017981693972,0.7077974014400358,0.782608695652174,0.9798865012746146,1.0,2/6,6.34%,FGF1;FOXP1
prerank,"Positive Regulation Of Synaptic Transmission, Glutamatergic (GO:0051968)",-0.2852453715400678,-0.7077201952456774,0.8103448275862069,1.0,1.0,4/12,16.36%,GRIN2A;NLGN2;CCR2;TSHZ3
prerank,Regulation Of Protein Localization (GO:0032880),0.18838206257368514,0.7073251557094438,1.0,0.9800244749125805,1.0,10/75,12.66%,TRIM46;TRIM34;BDNF;NEDD9;VIP;SHH;TRIM58;TRIM25;DVL3;VCP
prerank,Negative Regulation Of Protein Binding (GO:0032091),0.1978984071878663,0.7073048335389064,0.975609756097561,0.979692180762771,1.0,13/56,21.95%,CAV1;PDGFB;ADRB2;LRRK2;ZFPM1;TMBIM6;TMC8;IFIT1;CTNNBIP1;B2M;CARD16;PRKCD;PSME3IP1
prerank,Protein Localization To Centrosome (GO:0071539),-0.27254085766792757,-0.7069327616778165,0.8928571428571429,1.0,1.0,3/16,13.85%,CEP250;STIL;KIAA0753
prerank,Focal Adhesion Assembly (GO:0048041),-0.2892791128770501,-0.7067796982781828,0.8666666666666667,1.0,1.0,1/16,1.85%,THY1
prerank,Tyrosine Metabolic Process (GO:0006570),-0.3942180278187791,-0.7064418237007823,0.8148148148148148,1.0,1.0,2/5,21.42%,TAT;THAP4
prerank,Positive Regulation Of Sodium Ion Transport (GO:0010765),-0.3154655816891556,-0.7061802433512627,0.78,1.0,1.0,3/9,16.46%,SCN1B;WNK3;PKP2
prerank,Positive Regulation Of TOR Signaling (GO:0032008),-0.23517587683148472,-0.7061006491841332,0.8852459016393442,1.0,1.0,12/37,31.76%,LEP;GOLPH3;SESN2;TREM2;MIOS;STAMBPL1;GPR137;LAMTOR4;RRAGA;SMCR8;RRAGD;HTR6
prerank,Negative Regulation Of cAMP-mediated Signaling (GO:0043951),-0.36861299163426714,-0.7051601444879291,0.9038461538461539,1.0,1.0,2/7,19.00%,PDE3A;PDE11A
prerank,Wnt Signaling Pathway Involved In Midbrain Dopaminergic Neuron Differentiation (GO:1904953),-0.38009235343892134,-0.7051260349853552,0.8596491228070176,1.0,1.0,1/6,2.77%,WNT5A
prerank,7-Methylguanosine mRNA Capping (GO:0006370),-0.3808027923211169,-0.7049334836537672,0.8125,1.0,1.0,6/6,61.94%,RNGTT;NCBP1;RNMT;RAMAC;CMTR2;RAMACL
prerank,Positive Regulation Of Cell Cycle G2/M Phase Transition (GO:1902751),-0.2763718261676665,-0.7048803209057632,0.8421052631578947,1.0,1.0,5/17,22.36%,STOX1;CCND1;TNFSF13B;RCC2;FBXO5
prerank,Citrulline Metabolic Process (GO:0000052),-0.3627849675294422,-0.7048161760233282,0.8,1.0,1.0,2/5,21.61%,CPS1;ASS1
prerank,Regulation Of Hematopoietic Progenitor Cell Differentiation (GO:1901532),-0.3035692042604453,-0.7047290246489155,0.8245614035087719,1.0,1.0,2/14,8.10%,MIXL1;FOXC1
prerank,Serine Family Amino Acid Catabolic Process (GO:0009071),-0.3898133318574948,-0.7042681703249946,0.875,1.0,1.0,2/5,13.76%,GLDC;SDS
prerank,Phosphatidylethanolamine Biosynthetic Process (GO:0006646),0.34512774242892763,0.7039787950226167,0.8043478260869565,0.9829264415109634,1.0,3/7,28.87%,CHKA;SLC27A1;SFI1
prerank,Positive Regulation Of DNA Biosynthetic Process (GO:2000573),-0.22178510072430194,-0.7038518640890556,0.9104477611940298,1.0,1.0,15/51,24.56%,GREM1;PKIB;NEK2;PARM1;SMOC2;HSP90AB1;CCT3;MAP3K4;CCT6A;CCT7;WRAP53;FGF2;HGF;GINS2;CCT4
prerank,Regulation Of Reactive Oxygen Species Metabolic Process (GO:2000377),-0.22629271200312662,-0.7036916449781999,0.8888888888888888,1.0,1.0,2/43,2.00%,CYP1B1;TFAP2A
prerank,Regulation Of Resting Membrane Potential (GO:0060075),-0.36019800313105665,-0.70366370757066,0.8545454545454545,1.0,1.0,4/5,26.24%,TREM2;KCNK1;KCNK5;KCNJ2
prerank,Extracellular Transport (GO:0006858),-0.3211766677565928,-0.7035513621886044,0.8571428571428571,1.0,1.0,6/12,20.54%,SPAG17;SPA17;DNAAF2;ROPN1L;SPAG6;SPEF2
prerank,Cardiac Muscle Cell Membrane Repolarization (GO:0099622),0.3342448453880557,0.7027229875998452,0.8,0.9839916034794053,1.0,2/7,9.99%,KCNJ3;KCNIP2
prerank,Protein Insertion Into Mitochondrial Outer Membrane (GO:0045040),0.28477443124371205,0.7027199010238675,0.8863636363636364,0.9832255531847541,1.0,3/10,23.18%,TOMM7;MTX1;TOMM5
prerank,Outer Mitochondrial Membrane Organization (GO:0007008),0.28477443124371205,0.7027199010238675,0.8863636363636364,0.9832255531847541,1.0,3/10,23.18%,TOMM7;MTX1;TOMM5
prerank,Endothelial Tube Morphogenesis (GO:0061154),0.2930039764742928,0.7026746954931782,0.8571428571428571,0.9828981805011332,1.0,3/8,24.36%,PRKD2;RHOB;CTNNB1
prerank,Chromosome Organization (GO:0051276),0.22628182315851358,0.7026229179309623,0.9318181818181818,0.9825545073190615,1.0,7/27,20.01%,H1-7;TCF7L2;MSH2;RB1;DOT1L;XPA;LDB1
prerank,Protein Import Into Peroxisome Matrix (GO:0016558),-0.308326955540102,-0.702439053519349,0.8245614035087719,1.0,1.0,6/10,35.92%,PEX6;PEX26;PEX7;PEX16;PEX14;PEX13
prerank,Protein Palmitoylation (GO:0018345),0.24988769259989183,0.7015084094817174,0.8205128205128205,0.9834357072068773,1.0,3/22,7.15%,ZDHHC22;ZDHHC11B;HHAT
prerank,Hormone Transport (GO:0009914),-0.3365408114841009,-0.7012339162372355,0.8,1.0,1.0,2/7,7.90%,SLC7A5;SLC16A2
prerank,Positive Regulation Of Cellular Metabolic Process (GO:0031325),0.2099019019354752,0.700987393863935,0.9,0.9836490162082776,1.0,15/38,30.14%,GATA3;PDGFB;IFNG;HPN;SIRT1;B2M;RIPK1;AGTR1;SLCO1C1;ZC3H12A;LIPT2;RNF41;IL10RB;PAX8;PRKCE
prerank,Positive Regulation Of Autophagosome Assembly (GO:2000786),0.2748023591778542,0.7008154956090727,0.8,0.9834763225243812,1.0,1/11,8.17%,LRSAM1
prerank,Histone Lysine Methylation (GO:0034968),0.24434265634267582,0.7006655335368415,0.9393939393939394,0.9832872335241679,1.0,4/24,18.78%,KMT2A;SETDB1;WDR82;DOT1L
prerank,Sodium Ion Import Across Plasma Membrane (GO:0098719),-0.26365326004685297,-0.7003530916623013,0.9473684210526315,1.0,1.0,7/21,23.87%,SLC9A4;HCN4;SLC9A5;SCNN1B;SCNN1G;SLC9A9;SLC9A1
prerank,Regulation Of Chromosome Separation (GO:1905818),0.28447070421901416,0.7002178492683077,0.9814814814814815,0.9833516444683967,1.0,1/10,5.08%,NCAPH2
prerank,Meiosis I (GO:0007127),-0.28679075258166953,-0.6998334806184435,0.8596491228070176,1.0,1.0,1/13,3.38%,CCNA1
prerank,Regulation Of Protein Localization To Cell Cortex (GO:1904776),0.35816395982668825,0.6996870527309396,0.75,0.9835756660728193,1.0,2/6,8.93%,EPB41L2;GPSM2
prerank,"Retrograde Transport, Endosome To Golgi (GO:0042147)",0.17340249854620488,0.6988157365091724,1.0,0.9841352215291002,1.0,28/79,34.86%,ERC1;TMEM87A;TBC1D17;DENND2A;SNX1;WASHC2A;ARL1;SNX8;TBC1D10C;VPS54;SNX2;GOSR1;UBE2O;HEATR5B;PHETA1;GGA1;VPS29;PLEKHJ1;VTI1A;RCSD1;VPS51;TBC1D5;RBSN;RAB6D;PREPL;SURF4;RAB6C;HEATR5A
prerank,Selective Autophagy (GO:0061912),0.20838916066123725,0.6978464429621438,0.9655172413793104,0.984639330352116,1.0,15/46,32.57%,USP30;TAFAZZIN;PRKN;RETREG3;WDFY3;CALCOCO2;DDRGK1;MAP1LC3B;OGT;PEX5;ULK1;MAP1LC3C;ATG2B;CALR;KLHL3
prerank,Apoptotic Cell Clearance (GO:0043277),0.24879561775198777,0.6974173307422341,0.9487179487179487,0.9848076009848424,1.0,11/23,33.05%,ANXA1;SCARB1;XKR7;RARA;ITGAV;FCN2;XKR6;FCN1;HMGB1;TYRO3;RAC1
prerank,Postsynaptic Density Organization (GO:0097106),-0.35741769973920834,-0.6968724614974412,0.8333333333333334,1.0,1.0,3/5,20.16%,NRXN2;NLGN2;PTEN
prerank,Protein Targeting To ER (GO:0045047),-0.2680974633888201,-0.696829582613066,0.8653846153846154,1.0,1.0,7/20,26.75%,SGTB;SPCS2;SRPRB;SRPRA;SPCS3;GET3;SRP54
prerank,Regulation Of cAMP-mediated Signaling (GO:0043949),-0.27172674661016205,-0.6965564572522678,0.8771929824561403,1.0,1.0,4/15,19.00%,RASD2;PDE3A;GNAI1;PDE11A
prerank,DNA Deamination (GO:0045006),-0.3260247189442078,-0.6964736439087668,0.825,1.0,1.0,10/10,67.43%,APOBEC3C;EXOSC5;APOBEC3F;EXOSC6;CDADC1;APOBEC3G;APOBEC3H;APOBEC3A;EXOSC4;EXOSC3
prerank,Positive Regulation Of Interleukin-17 Production (GO:0032740),0.2672534121258867,0.6963000018484997,0.8157894736842105,0.9856958491712248,1.0,6/18,18.34%,NR1H4;SPHK1;TYK2;IL15;PRKCQ;PHB1
prerank,"Wound Healing, Spreading Of Epidermal Cells (GO:0035313)",-0.3395515517178306,-0.6961594623673778,0.8679245283018868,1.0,1.0,3/8,14.74%,MMP12;LRG1;ARHGAP24
prerank,Response To Exogenous dsRNA (GO:0043330),-0.276361954604847,-0.6961029384141136,0.92,1.0,1.0,1/20,1.58%,IFNE
prerank,Response To Nerve Growth Factor (GO:1990089),-0.3131230178286676,-0.6960432742240543,0.8448275862068966,1.0,1.0,1/11,3.03%,STMN2
prerank,Response To Increased Oxygen Levels (GO:0036296),0.3509246062717717,0.6958185785620716,0.8863636363636364,0.9858635802764203,1.0,2/6,16.02%,ATP6V1A;CCDC115
prerank,Establishment Or Maintenance Of Apical/Basal Cell Polarity (GO:0035088),-0.2569110527087515,-0.6956115622693928,0.84,1.0,1.0,6/19,18.60%,FOXJ1;DLG3;MTCL1;LLGL1;FSCN1;DLG4
prerank,Regulation Of Plasma Membrane Bounded Cell Projection Organization (GO:0120035),0.2537922107289513,0.6953857083469593,0.9210526315789473,0.9858938627355043,1.0,5/23,12.97%,BRSK2;NTNG1;ULK4;GSK3A;HOMER1
prerank,Positive Regulation Of Potassium Ion Transmembrane Transport (GO:1901381),0.27357603055688334,0.6953462258955629,0.8297872340425532,0.9855507592396294,1.0,3/14,9.99%,AKAP9;FLNA;KCNIP2
prerank,Establishment Of Centrosome Localization (GO:0051660),-0.34722513089005236,-0.6952495202603848,0.8409090909090909,1.0,1.0,6/6,65.30%,MAD2L1;PARD3B;MISP;EZR;DLG1;PKHD1
prerank,Cell-Cell Signaling Involved In Cardiac Conduction (GO:0086019),-0.36926457828940695,-0.6948851356660325,0.8448275862068966,1.0,1.0,2/5,17.13%,PKP2;CASQ2
prerank,Transcription Preinitiation Complex Assembly (GO:0070897),0.20149668141322577,0.6941377064757045,0.96875,0.9863659949563163,1.0,11/45,21.76%,TAF6L;ESR1;TBP;MED4;TAF6;MED10;TAF2;MED23;MED6;MED29;GTF2B
prerank,Lysosomal Membrane Organization (GO:0097212),0.3025978667008672,0.6936946797550017,0.8478260869565217,0.9864948028211405,1.0,2/9,25.31%,CHMP1A;CHMP4A
prerank,Heme Biosynthetic Process (GO:0006783),-0.2642902999027036,-0.6936728237403706,0.8148148148148148,1.0,1.0,7/15,34.18%,FXN;ATP5IF1;UROS;PGRMC1;ALAD;HMBS;UROD
prerank,Negative Regulation Of TOR Signaling (GO:0032007),-0.21546781973326162,-0.6934565254864044,0.9016393442622951,1.0,1.0,16/45,27.12%,SESN3;MINAR1;TNFAIP8L1;TSC1;ENDOG;DEPTOR;STK11;SESN2;NUAK2;MIOS;SH3BP4;NUAK1;PRKAA2;TSSK6;KPTN;CASTOR2
prerank,Actin Crosslink Formation (GO:0051764),-0.3168592842557718,-0.6930067923275997,0.8333333333333334,1.0,1.0,3/10,13.94%,GAS2L2;GAS2L3;EPS8
prerank,tRNA Transcription By RNA Polymerase III (GO:0042797),-0.37886200792973884,-0.6927634076476901,0.7291666666666666,1.0,1.0,1/6,9.70%,GTF3C6
prerank,Negative Regulation Of Antigen Receptor-Mediated Signaling Pathway (GO:0050858),-0.25742118258358354,-0.6926479984930707,0.8448275862068966,1.0,1.0,2/20,8.65%,THY1;PRNP
prerank,Endoplasmic Reticulum Calcium Ion Homeostasis (GO:0032469),-0.2517252908051914,-0.691935904055806,0.9090909090909091,1.0,1.0,5/18,19.10%,CAMK2D;ATP2A2;TMCO1;TGM2;BAK1
prerank,Antigen Processing And Presentation Of Exogenous Peptide Antigen Via MHC Class II (GO:0019886),-0.26729586121472215,-0.6914868214719239,0.8983050847457628,1.0,1.0,2/15,7.61%,CTSL;CTSE
prerank,Mitotic DNA Damage Checkpoint Signaling (GO:0044773),-0.2190229706549431,-0.691289777654396,0.9122807017543859,1.0,1.0,16/43,28.57%,BRSK1;TICRR;CHEK1;RPS27L;CCND1;CDC14B;FBXO31;TNFSF13B;CLSPN;DEPDC1B;STK33;MUS81;TOPBP1;RFWD3;CDKN1A;ZNF830
prerank,Negative Regulation Of Fatty Acid Metabolic Process (GO:0045922),-0.29130995778644564,-0.6907029177368803,0.8571428571428571,1.0,1.0,5/14,27.97%,KLHL25;SOX9;APOC1;WDTC1;ERLIN1
prerank,Negative Regulation Of Dendritic Spine Development (GO:0061000),-0.3741187781835044,-0.6905222411457252,0.86,1.0,1.0,2/5,20.16%,NGEF;PTEN
prerank,Post-Transcriptional Regulation Of Gene Expression (GO:0010608),0.19626407571189816,0.6905155761367299,0.9444444444444444,0.9895630734307682,1.0,13/54,25.92%,NANOS3;TRIM71;ZNF385A;PER1;LARP4;TCOF1;MATR3;EIF2S1;CELF1;ATXN2;ZC3H7A;ELP4;METAP1
prerank,Protein Deglycosylation (GO:0006517),0.33386060926868716,0.6899920836875358,0.8301886792452831,0.9896302428774661,1.0,5/6,40.11%,OGA;NGLY1;MAN2A2;ENGASE;PARK7
prerank,ncRNA Catabolic Process (GO:0034661),-0.233960134509805,-0.6898020778973888,0.8771929824561403,1.0,1.0,1/29,0.93%,ERN2
prerank,Monoatomic Anion Homeostasis (GO:0055081),0.3064639884913122,0.6894042240882303,0.7857142857142857,0.9893864506762663,1.0,2/7,14.46%,SLC12A9;SLC12A4
prerank,Chloride Ion Homeostasis (GO:0055064),0.3064639884913122,0.6894042240882303,0.7857142857142857,0.9893864506762663,1.0,2/7,14.46%,SLC12A9;SLC12A4
prerank,Positive Regulation Of Response To Wounding (GO:1903036),-0.2689765078313455,-0.6893426495935052,0.8275862068965517,1.0,1.0,5/17,13.55%,ADRA2A;CLDN1;MDK;CNTF;CLDN3
prerank,Negative Regulation Of Response To Biotic Stimulus (GO:0002832),-0.2302583515069802,-0.6892133208620406,0.8461538461538461,1.0,1.0,3/34,6.67%,NFKBIL1;LTF;NLRC3
prerank,Regulation Of Nuclear Cell Cycle DNA Replication (GO:0033262),-0.3291349779485153,-0.689181658581502,0.8269230769230769,1.0,1.0,3/8,24.47%,NUGGC;DBF4;WIZ
prerank,Golgi Transport Vesicle Coating (GO:0048200),0.38354832967963215,0.6890845391973156,0.8333333333333334,0.9885317621904383,1.0,1/5,6.94%,ARFGAP3
prerank,COPI Coating Of Golgi Vesicle (GO:0048205),0.38354832967963215,0.6890845391973156,0.8333333333333334,0.9885317621904383,1.0,1/5,6.94%,ARFGAP3
prerank,COPI-coated Vesicle Budding (GO:0035964),0.38354832967963215,0.6890845391973156,0.8333333333333334,0.9885317621904383,1.0,1/5,6.94%,ARFGAP3
prerank,Negative Regulation Of Interleukin-8 Production (GO:0032717),0.286015141421921,0.688507105197808,0.8478260869565217,0.9887249713958105,1.0,6/13,22.28%,ARRB1;KLF4;BCL3;ANXA4;TMSB4X;PTPN22
prerank,Cardiac Muscle Cell Development (GO:0055013),-0.26961213335368683,-0.6882851903278284,0.9107142857142857,1.0,1.0,5/19,16.24%,ALPK2;PDGFRA;CSRP3;VEGFA;HEY2
prerank,Positive Regulation Of Glycogen Biosynthetic Process (GO:0045725),-0.30784535319680195,-0.6881533414295327,0.9122807017543859,1.0,1.0,1/10,3.68%,IGF1
prerank,Regulation Of Non-Canonical Wnt Signaling Pathway (GO:2000050),-0.32880555938502976,-0.6877583473381997,0.8478260869565217,1.0,1.0,3/11,20.54%,SFRP1;DACT1;RSPO3
prerank,DNA Cytosine Deamination (GO:0070383),-0.3567888307155323,-0.687624042050697,0.7894736842105263,1.0,1.0,6/6,64.34%,APOBEC3C;APOBEC3F;CDADC1;APOBEC3G;APOBEC3H;APOBEC3A
prerank,DNA Topological Change (GO:0006265),-0.325467746439542,-0.6875280462416815,0.803921568627451,1.0,1.0,7/7,67.48%,TOP2B;TOP3B;HMGB2;TOP1MT;TOP3A;TOP1;HMGB1
prerank,T Cell Chemotaxis (GO:0010818),0.3354831165603048,0.6874949132946566,0.7954545454545454,0.9894155606257398,1.0,4/7,29.23%,CXCL11;CXCL16;CXCL10;SLC12A2
prerank,Carbohydrate Catabolic Process (GO:0016052),0.24078947953838942,0.6874126052004602,0.9,0.9891218737418491,1.0,9/26,28.85%,PFKFB2;ENOSF1;DERA;HK3;ENO3;MAN2C1;ALDOB;PFKM;ENO4
prerank,Mitotic Spindle Organization (GO:0007052),-0.208717458186505,-0.6869723591174193,0.9552238805970149,1.0,1.0,13/60,18.06%,RCC1;KIF4A;TPX2;DLGAP5;NDC80;EFHC1;CDCA8;STIL;OFD1;CEP126;CENPE;MAP9;NUDC
prerank,Mitochondrial Translation (GO:0032543),0.17639774748167003,0.6866961901682747,1.0,0.9894566741783177,1.0,25/72,35.81%,DROSHA;MRPL10;GATB;MRPL43;NDUFA7;GATC;MRPL46;MRPL54;HARS1;MRPS9;MRPL20;MRPL39;MRPL28;MTIF3;MRPL24;MRPL58;TUFM;MRPL37;TSFM;MTRF1L;MTIF2;MRPL19;MTRF1;MRPL27;PTCD3
prerank,Cellular Response To Oxygen Levels (GO:0071453),-0.3253542857600166,-0.6866958311269459,0.7959183673469388,1.0,1.0,5/9,28.85%,NDUFS2;TMEM199;ATP6V0A2;CPEB4;PICK1
prerank,"Regulation Of Wnt Signaling Pathway, Planar Cell Polarity Pathway (GO:2000095)",-0.3495495190181945,-0.6861579078812345,0.7678571428571429,1.0,1.0,3/6,20.54%,DACT1;DKK1;RSPO3
prerank,Positive Regulation Of Lymphocyte Activation (GO:0051251),-0.24315464065241918,-0.6860676311391111,0.9180327868852459,1.0,1.0,6/27,17.51%,THY1;TNFSF11;TNFSF4;CCR2;SIRPG;CYRIB
prerank,Positive Regulation Of Protein-Containing Complex Disassembly (GO:0043243),-0.3084225227666695,-0.6858189675820263,0.7916666666666666,1.0,1.0,1/10,2.35%,SLN
prerank,Negative Regulation Of Voltage-Gated Calcium Channel Activity (GO:1901386),-0.2964256857906613,-0.6856738833567598,0.8,1.0,1.0,1/9,5.67%,CBARP
prerank,Cardiac Muscle Cell Action Potential Involved In Contraction (GO:0086002),-0.2596802961836933,-0.6848894027917316,0.9137931034482759,1.0,1.0,3/23,6.49%,CACNA1G;SCN1B;KCNE4
prerank,Regulation Of G0 To G1 Transition (GO:0070316),0.21980081649805555,0.6846637758361774,0.9302325581395349,0.9911237100467826,1.0,5/23,15.96%,CDKN2B;BCL7B;SMARCC2;BRD7;SMARCA4
prerank,Cellular Response To Bacterial Lipopeptide (GO:0071221),0.3359001056525239,0.6839931651141776,0.9444444444444444,0.9915011541030452,1.0,1/6,2.57%,CD36
prerank,Mitochondrial Transcription (GO:0006390),-0.28975646452361453,-0.6838348398004974,0.8524590163934426,1.0,1.0,5/10,29.02%,TWNK;TFB2M;POLRMT;MRPL12;TFAM
prerank,Peptidyl-Lysine Modification (GO:0018205),-0.20161381160772796,-0.6838141187778379,0.9333333333333333,1.0,1.0,13/77,19.38%,IVL;P3H3;P3H4;LOX;PLOD1;BCL11A;LOXL2;SUMO1;HDAC9;KIAA1586;NSMCE1;LOXL4;RANBP2
prerank,Protein Kinase B Signaling (GO:0043491),0.2563348829119299,0.6833685409360786,0.851063829787234,0.9917473437350074,1.0,2/15,7.82%,TSC2;IL1B
prerank,Pyrimidine-Containing Compound Metabolic Process (GO:0072527),0.3537020073166977,0.6831881123439407,0.82,0.991513327048432,1.0,1/6,7.19%,SLC19A3
prerank,Anterograde Dendritic Transport (GO:0098937),-0.36723439899483457,-0.683010251416286,0.8679245283018868,1.0,1.0,5/5,63.30%,KIF3B;STAU2;KIF5B;KIF5A;STAU1
prerank,Copper Ion Import (GO:0015677),0.34903061878283825,0.683003345317642,0.8703703703703703,0.9913285640182838,1.0,2/5,12.30%,STEAP4;SLC31A2
prerank,Purine Nucleotide Metabolic Process (GO:0006163),0.21559369354460683,0.6827383254825596,0.94,0.99119299787892,1.0,9/27,24.90%,FMO2;GART;KMO;GUK1;NOCT;NMRK1;NADK2;PRPSAP1;PRPS1
prerank,Respiratory Chain Complex III Assembly (GO:0017062),-0.327887166596844,-0.6823627402307149,0.8181818181818182,1.0,1.0,9/9,67.24%,UQCRFS1;UQCC3;UQCC5;UQCC6;STMP1;LYRM7;SLC25A33;UQCC1;TTC19
prerank,Mitochondrial Respiratory Chain Complex III Assembly (GO:0034551),-0.327887166596844,-0.6823627402307149,0.8181818181818182,1.0,1.0,9/9,67.24%,UQCRFS1;UQCC3;UQCC5;UQCC6;STMP1;LYRM7;SLC25A33;UQCC1;TTC19
prerank,Regulation Of Long-Term Neuronal Synaptic Plasticity (GO:0048169),-0.3165914165376269,-0.6822977315751942,0.896551724137931,1.0,1.0,1/9,1.47%,NETO1
prerank,Cellular Response To Cold (GO:0070417),0.370722046139072,0.6815447120152259,0.8070175438596491,0.9919946700422719,1.0,1/5,4.05%,NFKBIA
prerank,Cell Cycle G1/S Phase Transition (GO:0044843),-0.2095739395188921,-0.6815390455913986,0.9827586206896551,1.0,1.0,8/42,20.40%,RCC1;PIM2;BCAT1;E2F3;CCND1;DBF4;EIF4EBP1;CCNA2
prerank,Regulation Of Sequestering Of Triglyceride (GO:0010889),0.2699744226613319,0.6811709007021599,0.8863636363636364,0.9918861840965333,1.0,1/11,2.34%,PPARG
prerank,Establishment Of Protein Localization To Organelle (GO:0072594),0.18608772883775318,0.6805864751621794,0.9696969696969697,0.9920554393361027,1.0,19/71,24.88%,TSC2;IPO7;LRSAM1;NUTF2;TNPO2;NPAP1;PRICKLE1;NUP107;HEATR3;NUP214;STAT3;BCL3;APLP2;KPNA5;NUP85;NUP98;KPNB1;NUP93;RALA
prerank,Positive Regulation Of Neural Precursor Cell Proliferation (GO:2000179),0.2400604868764048,0.6800661034609747,0.8461538461538461,0.9921157210340396,1.0,3/21,8.75%,CX3CR1;CX3CL1;DLL4
prerank,Positive Regulation Of Transcription From RNA Polymerase II Promoter Involved In Cellular Response To Chemical Stimulus (GO:1901522),-0.30135845609278566,-0.6800211197794596,0.8823529411764706,1.0,1.0,4/11,20.65%,DLX5;XBP1;VEGFA;RBPJ
prerank,Guanine Nucleotide Transmembrane Transport (GO:1903790),-0.3913691938678866,-0.6793263728065124,0.8717948717948718,1.0,1.0,3/5,21.78%,LRRC8E;LRRC8D;SLC17A9
prerank,Prostaglandin Metabolic Process (GO:0006693),-0.24403499839298126,-0.6793037355050836,0.9245283018867925,1.0,1.0,8/23,19.75%,GSTA1;EDN2;CYP2S1;AKR1C1;PLA2G4A;PTGIS;PNPLA8;PTGS1
prerank,Regulation Of Cardiac Conduction (GO:1903779),0.2573651028616304,0.6789754700238081,0.851063829787234,0.992850528657766,1.0,4/14,25.50%,SLC8A2;ATP2B4;ATP2A1;TBX5
prerank,Arachidonic Acid Secretion (GO:0050482),-0.3517430104596674,-0.6787661758803533,0.8448275862068966,1.0,1.0,2/5,18.11%,BDKRB2;PNPLA8
prerank,Arachidonate Transport (GO:1903963),-0.3517430104596674,-0.6787661758803533,0.8448275862068966,1.0,1.0,2/5,18.11%,BDKRB2;PNPLA8
prerank,Purine Nucleobase Transport (GO:0006863),-0.34655985430303604,-0.6786240958976167,0.803921568627451,1.0,1.0,2/6,13.59%,SLC28A3;VDAC3
prerank,Sulfate Transport (GO:0008272),0.31486505635677775,0.6776770750047453,0.8703703703703703,0.9937805414587081,1.0,1/6,5.37%,SLC26A2
prerank,Mitotic Cell Cycle Checkpoint Signaling (GO:0007093),0.2609725246857071,0.6776029454300506,0.9024390243902439,0.9934432700654378,1.0,5/18,25.02%,CHFR;BABAM2;BABAM1;MRE11;BARD1
prerank,Positive Regulation Of T Cell Mediated Cytotoxicity (GO:0001916),-0.2564168875523276,-0.6766386959100417,0.8846153846153846,1.0,1.0,5/20,18.17%,HLA-A;RAET1E;FADD;CYRIB;ULBP3
prerank,Vacuole Organization (GO:0007033),-0.39585464205982646,-0.675692173768546,0.8936170212765957,1.0,1.0,1/6,5.14%,NDP
prerank,NADH Metabolic Process (GO:0006734),-0.3497745168584958,-0.6755024764831606,0.8666666666666667,1.0,1.0,2/6,21.95%,MDH1B;ME1
prerank,Regulation Of Mast Cell Activation Involved In Immune Response (GO:0033006),0.3026373328759606,0.6754481112902138,0.813953488372093,0.9949320297536494,1.0,2/8,17.21%,FES;CD300A
prerank,Positive Regulation Of Cardiac Muscle Hypertrophy (GO:0010613),-0.25755758236432813,-0.6751180391599882,0.8947368421052632,1.0,1.0,6/15,24.78%,IGF1;CAMK2D;ROCK2;AKAP6;SLC9A1;NR4A3
prerank,Myeloid Dendritic Cell Activation (GO:0001773),0.30953187366976725,0.6751146174620157,0.875,0.994893322952272,1.0,5/8,40.16%,DCSTAMP;HMGB1;DOCK2;CSF2;BATF3
prerank,Zinc Ion Transmembrane Transport (GO:0071577),0.23921685878052576,0.674829172088221,0.9142857142857143,0.9947569113871368,1.0,1/17,0.70%,SLC30A8
prerank,Non-Motile Cilium Assembly (GO:1905515),0.2316967291558585,0.6740035124918673,0.9736842105263158,0.9951796481436543,1.0,4/23,13.01%,FUZ;CSNK1D;TTC8;CC2D2B
prerank,Receptor Metabolic Process (GO:0043112),0.25868579487389876,0.6729484029394407,0.88,0.9958082319366331,1.0,6/19,27.72%,REP15;UVRAG;NEDD4;PHETA1;PLEKHJ1;LMTK2
prerank,Regulation Of Aspartic-Type Endopeptidase Activity Involved In Amyloid Precursor Protein Catabolic Process (GO:1902959),-0.33327022303997555,-0.6729000887774147,0.7777777777777778,1.0,1.0,2/7,16.66%,EFNA3;ROCK2
prerank,Mitotic Sister Chromatid Segregation (GO:0000070),-0.1937502720375261,-0.6728504692080635,0.9577464788732394,1.0,1.0,18/89,18.43%,TPX2;DLGAP5;NDC80;KIF2C;CEP55;KIF18B;KIF14;CDCA5;CDCA8;OFD1;NCAPH;RRS1;CENPE;SPDL1;SGO1;MAP9;NUDC;BOD1
prerank,Cardiac Muscle Cell-Cardiac Muscle Cell Adhesion (GO:0086042),0.3697582159882493,0.6714532538464321,0.9090909090909091,0.9968268243984272,1.0,2/5,13.93%,JUP;CXADR
prerank,Locomotor Rhythm (GO:0045475),0.31854877876996784,0.6707696877704598,0.7962962962962963,0.997042272810604,1.0,1/6,5.76%,EGR1
prerank,Resolution Of Meiotic Recombination Intermediates (GO:0000712),-0.3085074877695692,-0.6705614638500842,0.8813559322033898,1.0,1.0,4/9,25.06%,ERCC4;SHOC1;TOP2B;MUS81
prerank,Ornithine Transport (GO:0015822),-0.3634627179786389,-0.6703936799981116,0.8545454545454545,1.0,1.0,2/5,22.87%,SLC7A1;SLC7A2
prerank,Negative Regulation Of Hormone Secretion (GO:0046888),-0.3280707090410123,-0.6698531754429103,0.8979591836734694,1.0,1.0,2/6,13.73%,IL11;RAB11FIP5
prerank,Pentose-Phosphate Shunt (GO:0006098),-0.3040589183359165,-0.6697478631791748,0.8490566037735849,1.0,1.0,2/11,9.47%,G6PD;PGD
prerank,Positive Regulation Of Small GTPase Mediated Signal Transduction (GO:0051057),-0.3001361450652946,-0.669596053779407,0.8461538461538461,1.0,1.0,1/12,3.68%,IGF1
prerank,Regulation Of DNA Replication (GO:0006275),0.18863624557476918,0.6693425835461427,1.0,0.9981734214459608,1.0,27/62,37.56%,ACVRL1;INO80;GTPBP4;DNA2;PPP2CA;MCRS1;CTC1;PDS5A;JADE2;S100A11;MEAF6;ENPP7;CHRAC1;BAZ1A;RUVBL1;ANKRD17;SLFN11;YY1;KAT7;ATAD5;BLM;INO80C;GDF2;CCDC88A;BCAR3;ORC5;ORC3
prerank,Exonucleolytic Trimming Involved In rRNA Processing (GO:0000459),0.335985165070395,0.6688528763440389,0.8181818181818182,0.9978717474327841,1.0,3/7,32.59%,ERI2;EXOSC9;EXOSC3
prerank,"Exonucleolytic Trimming To Generate Mature 3'-End Of 5.8S rRNA From Tricistronic rRNA Transcript (SSU-rRNA, 5.8S rRNA, LSU-rRNA) (GO:0000467)",0.335985165070395,0.6688528763440389,0.8181818181818182,0.9978717474327841,1.0,3/7,32.59%,ERI2;EXOSC9;EXOSC3
prerank,Superoxide Metabolic Process (GO:0006801),-0.27334278623633446,-0.6682976505520775,0.8928571428571429,1.0,1.0,3/18,13.22%,SH3PXD2B;SH3PXD2A;SOD3
prerank,Long-Chain fatty-acyl-CoA Metabolic Process (GO:0035336),0.241488712584152,0.6680761760705692,0.9411764705882353,0.998102707714553,1.0,7/19,25.69%,FAR2;FAR1;DGAT1;HACD1;HSD17B12;ELOVL3;ACSL3
prerank,Cellular Response To Starvation (GO:0009267),-0.18041233052531971,-0.6672557559483308,1.0,1.0,1.0,27/99,27.10%,BHLHA15;SESN3;INHBB;SFRP1;XBP1;MAP1LC3B2;XPR1;DAP;IFI16;GABARAPL2;SESN2;NUAK2;PPARA;FOXO1;ELAPOR1;MIOS;EIF2AK3;PLIN3;CPEB4;MAP1LC3A;NUAK1;FOXO3;PRKAA2;PLIN2;RRAGA;TSSK6;KPTN
prerank,Monosaccharide Transmembrane Transport (GO:0015749),0.2977760915661778,0.6669340977203772,0.84,0.9987230874946601,1.0,4/9,27.62%,SLC5A2;SLC2A12;SLC5A1;SLC5A10
prerank,Regulation Of Fibroblast Growth Factor Receptor Signaling Pathway (GO:0040036),-0.2752667176383245,-0.6667369846762399,0.8867924528301887,1.0,1.0,4/15,17.75%,SULF1;SPRY1;SMOC2;SULF2
prerank,Aldehyde Catabolic Process (GO:0046185),-0.35556008547037754,-0.6660488631580034,0.8780487804878049,1.0,1.0,1/5,15.07%,PDXP
prerank,Regulation Of Peptidyl-Threonine Phosphorylation (GO:0010799),0.21158562749491397,0.6658209416999074,0.9361702127659575,0.9995214908493608,1.0,8/30,21.90%,SIRT2;SPHK1;PRKAG2;INPP5K;CALM3;DMTN;SMAD7;SPRED2
prerank,Positive Regulation Of Response To Biotic Stimulus (GO:0002833),0.2043518120529026,0.6657774415151961,0.9736842105263158,0.9991892379872426,1.0,9/31,20.49%,MYO1C;SH2D1B;TRIM56;POLR3G;TLR8;LY86;SCIMP;IFI35;FPR2
prerank,Nucleotide-Sugar Metabolic Process (GO:0009225),-0.29558463589618716,-0.6656493107516206,0.8448275862068966,1.0,1.0,4/9,24.02%,GMDS;UGP2;FUT8;GFUS
prerank,Negative Regulation Of Protein Localization To Plasma Membrane (GO:1903077),-0.24972527057469474,-0.6639829304023543,0.9411764705882353,1.0,1.0,3/19,15.11%,LRRC15;PID1;MRAP2
prerank,Purine-Containing Compound Metabolic Process (GO:0072521),0.35400641777665925,0.6634677566488753,0.8444444444444444,1.0,1.0,2/5,24.90%,GUK1;PRPS1
prerank,protein-DNA Complex Disassembly (GO:0032986),0.24255371999919118,0.6634417371703805,0.9166666666666666,1.0,1.0,3/15,15.96%,NFE2;SMARCC2;SMARCA4
prerank,'De Novo' AMP Biosynthetic Process (GO:0044208),-0.32846624134123703,-0.6627640871877646,0.8333333333333334,1.0,1.0,4/6,30.56%,ADSS1;PAICS;PFAS;ADSS2
prerank,Negative Regulation Of Cytoplasmic Translation (GO:2000766),-0.2955179218864858,-0.6626812166434024,0.8545454545454545,1.0,1.0,2/8,11.97%,NMNAT2;RBM24
prerank,Neurotransmitter Uptake (GO:0001504),-0.3130554590158676,-0.6624897087089818,0.8936170212765957,1.0,1.0,3/7,17.81%,SLC1A3;SLC1A7;SLC29A4
prerank,"Nuclear-Transcribed mRNA Catabolic Process, Nonsense-Mediated Decay (GO:0000184)",0.21423207652973472,0.6623183656038858,0.9459459459459459,1.0,1.0,9/24,34.09%,SMG7;MAGOHB;EIF4A3;PNRC1;SMG1;ZC3H12A;UPF3A;PYM1;RC3H1
prerank,Regulation Of T Cell Migration (GO:2000404),-0.2956591870184892,-0.6613013327319092,0.9122807017543859,1.0,1.0,3/14,17.70%,CXCL12;CCL21;ABL2
prerank,Regulation Of Intracellular Steroid Hormone Receptor Signaling Pathway (GO:0033143),0.23281903008537977,0.6612604605114513,0.8823529411764706,1.0,1.0,1/17,1.56%,DDX5
prerank,Leukotriene Transport (GO:0071716),0.35793965420118456,0.6612014721377096,0.8723404255319149,1.0,1.0,2/5,26.05%,ABCC4;ABCC6
prerank,Regulation Of Hematopoietic Stem Cell Differentiation (GO:1902036),0.2744855714298311,0.6609599485964547,0.8333333333333334,1.0,1.0,3/10,18.24%,TCF15;METTL3;PRKDC
prerank,Pyrimidine Ribonucleotide Biosynthetic Process (GO:0009220),-0.3443389641211783,-0.6609411269416646,0.7735849056603774,1.0,1.0,5/5,65.59%,CTPS1;DHODH;CTPS2;CMPK1;CAD
prerank,Nicotinamide Nucleotide Metabolic Process (GO:0046496),0.2720301067828723,0.6608059053768768,0.9512195121951219,1.0,1.0,6/14,23.08%,FMO2;KMO;NOCT;NAXE;NMRK1;NADK2
prerank,Negative Regulation Of Protein Localization To Membrane (GO:1905476),0.22038634774051175,0.6602318603988968,0.9807692307692307,1.0,1.0,8/24,24.41%,INPP5K;PPP2R5A;DMTN;GBP1;RSC1A1;PPFIA1;AP2M1;NUMB
prerank,Negative Regulation Of Cardiac Muscle Tissue Growth (GO:0055022),0.35731935925381975,0.6600953345408412,0.8461538461538461,1.0,1.0,1/5,3.02%,VGLL4
prerank,Neurotrophin TRK Receptor Signaling Pathway (GO:0048011),0.36879916403137036,0.6600564410500717,0.9555555555555556,1.0,1.0,4/5,47.32%,BCAR1;SORT1;NTRK1;ZFYVE27
prerank,Intraciliary Retrograde Transport (GO:0035721),0.28069568716122095,0.6600258749836642,0.9615384615384616,0.9998962752172188,1.0,3/11,21.39%,DYNLT2B;DYNC2H1;DYNLL1
prerank,Regulation Of Acute Inflammatory Response (GO:0002673),0.2707636563283838,0.6595914894006578,0.8571428571428571,0.9999098607049338,1.0,2/12,10.96%,DNASE1L3;KLKB1
prerank,"Regulation Of CD4-positive, Alpha-Beta T Cell Differentiation (GO:0043370)",-0.28399384809765843,-0.6583909812399849,0.8775510204081632,1.0,1.0,5/11,30.26%,RUNX1;TNFSF4;IRF4;SOCS1;ZBTB7B
prerank,Response To Amino Acid (GO:0043200),0.2391851264922593,0.65830838361974,0.8484848484848485,1.0,1.0,7/23,27.53%,SPAAR;TMBIM6;LAMTOR1;NEURL1;LARS1;SLC38A9;RRAGB
prerank,Acute Inflammatory Response (GO:0002526),-0.257691660467406,-0.6581767105651541,0.875,1.0,1.0,4/18,15.48%,C2CD4A;VNN1;TNFSF4;NLRP6
prerank,Endoplasmic Reticulum Tubular Network Organization (GO:0071786),0.23975255159135983,0.6561445922413859,0.926829268292683,1.0,1.0,9/15,40.69%,RETREG3;RTN1;REEP4;TMEM170A;RTN4;REEP1;ATL2;RTN3;REEP3
prerank,Positive Regulation Of Mitochondrial Translation (GO:0070131),-0.2854909232737462,-0.6560188520424859,0.8936170212765957,1.0,1.0,6/11,30.30%,METTL8;TRUB2;RMND1;MRPS27;NGRN;RCC1L
prerank,Regulation Of Lipid Storage (GO:0010883),0.2674362907105725,0.6558774152321675,0.8,1.0,1.0,2/15,4.05%,PPARG;NFKBIA
prerank,Regulation Of Golgi Organization (GO:1903358),0.2589727879964151,0.6557972541818544,0.8461538461538461,1.0,1.0,6/13,39.72%,MAP2K1;RAB33B;RBSN;STX18;STX5;PDCD10
prerank,Regulation Of Endocytic Recycling (GO:2001135),0.28107951752608074,0.6551421589356048,0.95,1.0,1.0,2/9,19.89%,EHD1;EHD2
prerank,Regulation Of Metaphase/Anaphase Transition Of Cell Cycle (GO:1902099),-0.23671148288957067,-0.654835680607021,0.9272727272727272,1.0,1.0,11/24,30.58%,CDC6;UBE2C;DPF3;CENPE;SMARCD1;BCL7A;ARID1A;SMARCE1;MAP3K20;SMARCC1;BCL7C
prerank,Box C/D snoRNP Assembly (GO:0000492),-0.31895240851498374,-0.654560417537575,0.8085106382978723,1.0,1.0,3/7,29.98%,PIH1D2;ZNHIT6;NUFIP1
prerank,Regulation Of Tube Diameter (GO:0035296),-0.27842954600956477,-0.6544455373387175,0.8372093023255814,1.0,1.0,3/10,18.46%,GCLC;ROCK2;GCLM
prerank,Vascular Process In Circulatory System (GO:0003018),-0.27842954600956477,-0.6544455373387175,0.8372093023255814,1.0,1.0,3/10,18.46%,GCLC;ROCK2;GCLM
prerank,Regulation Of Cellular Metabolic Process (GO:0031323),0.21350130967513495,0.6537613660418804,1.0,1.0,1.0,10/33,28.09%,ANGPTL8;PRKN;PRKAG2;PRKAG1;NCOR2;RNF41;PDK4;VASH1;RNF34;OGT
prerank,Positive Regulation By Host Of Viral Genome Replication (GO:0044829),-0.33591623036649215,-0.6536562640541751,0.8771929824561403,1.0,1.0,6/6,66.43%,NUCKS1;ZFYVE1;PIK3C3;TBC1D20;YTHDC2;VAPA
prerank,Double-Strand Break Repair Via Nonhomologous End Joining (GO:0006303),0.1996618541321341,0.6529782469470895,1.0,1.0,1.0,11/32,32.54%,UVRAG;POLB;ERCC1;PRKDC;MRE11;POLA1;IFFO1;KDM2A;XRCC5;RNF8;HMGB1
prerank,Central Nervous System Neuron Axonogenesis (GO:0021955),-0.3244893367106024,-0.6525340658858604,0.8214285714285714,1.0,1.0,4/7,20.16%,EPHB1;HSP90AB1;B4GALT5;PTEN
prerank,calcineurin-NFAT Signaling Cascade (GO:0033173),0.27351839620960916,0.6523606625748131,0.9411764705882353,1.0,1.0,4/9,34.05%,NFAT5;PPP3CC;NFATC3;PPP3CA
prerank,Calcineurin-Mediated Signaling (GO:0097720),0.27351839620960916,0.6523606625748131,0.9411764705882353,1.0,1.0,4/9,34.05%,NFAT5;PPP3CC;NFATC3;PPP3CA
prerank,Neuromuscular Junction Development (GO:0007528),0.22207177055553357,0.6523438149227934,0.9487179487179487,1.0,1.0,9/19,29.77%,LRRK2;UNC13B;PPFIBP1;NEDD4;ZC4H2;LRP4;CACNB3;TNC;PPFIBP2
prerank,Fc Receptor Mediated Stimulatory Signaling Pathway (GO:0002431),0.2283334383201234,0.6522299319208029,0.85,1.0,1.0,8/19,30.14%,PLA2G6;HCK;FYN;FCER1G;PRKCD;PTK2;FGR;PRKCE
prerank,protein-DNA Covalent Cross-Linking Repair (GO:0106300),0.3298057876139726,0.6521433955869484,0.9056603773584906,1.0,1.0,3/5,26.94%,VCP;GCNA;SPRTN
prerank,SCF-dependent Proteasomal Ubiquitin-Dependent Protein Catabolic Process (GO:0031146),-0.2140791734393018,-0.6519244937451386,0.9482758620689655,1.0,1.0,11/37,29.45%,NCCRP1;FBXO39;KIF14;FBXL2;FBXO31;FBXL13;FBXO9;FBXL18;FBXL14;FBXL7;FBXL16
prerank,Piecemeal Microautophagy Of The Nucleus (GO:0034727),0.31253054101221633,0.651871654586035,0.8222222222222222,1.0,1.0,6/6,68.76%,ULK1;ATG2B;RB1CC1;ATG7;SNX33;ULK2
prerank,Nuclear Body Organization (GO:0030575),0.2890249183380444,0.6517518067859346,0.8604651162790697,1.0,1.0,6/10,37.61%,DYRK3;ZPR1;SRPK2;PML;USPL1;ETS1
prerank,Negative Regulation Of Cation Channel Activity (GO:2001258),0.22492085668079764,0.6516021135665963,0.9545454545454546,1.0,1.0,10/23,34.56%,EPO;CALM3;PPP3CC;FKBP1A;FMR1;CLIC2;KCNE3;GRP;PPP3CA;SRI
prerank,Regulation Of Phospholipase C Activity (GO:1900274),-0.3055511210341427,-0.6512721763916481,0.9016393442622951,1.0,1.0,4/8,26.93%,PDGFRA;ABL2;FGF2;BICD1
prerank,Positive Regulation Of Dendritic Cell Antigen Processing And Presentation (GO:0002606),-0.34110504375397943,-0.6511697711430381,0.8775510204081632,1.0,1.0,2/5,13.89%,CCR7;CCL21
prerank,Positive Regulation Of Antigen Processing And Presentation (GO:0002579),-0.34110504375397943,-0.6511697711430381,0.8775510204081632,1.0,1.0,2/5,13.89%,CCR7;CCL21
prerank,T Cell Differentiation In Thymus (GO:0033077),0.264295267139956,0.6510371605239966,0.8461538461538461,1.0,1.0,4/11,24.51%,SHH;PTPRC;RIPK3;ZFP36L1
prerank,Cell Surface Receptor Signaling Pathway Involved In Heart Development (GO:0061311),-0.2811046230983397,-0.650313125044775,0.9,1.0,1.0,5/13,22.83%,SNAI1;HEY2;SNAI2;RBPJ;TGFB1
prerank,Myelin Assembly (GO:0032288),-0.306335841637994,-0.6500485087199339,0.8571428571428571,1.0,1.0,1/9,4.23%,TENM4
prerank,Ionotropic Glutamate Receptor Signaling Pathway (GO:0035235),-0.28770069739038684,-0.6500080508147119,0.8703703703703703,1.0,1.0,2/10,11.93%,GRIN3B;GRIN2A
prerank,Positive Regulation Of Phospholipid Transport (GO:2001140),0.35392995886753853,0.6491823565900363,0.9130434782608695,1.0,1.0,2/5,15.88%,PRAP1;TMEM30A
prerank,Positive Regulation Of Telomerase RNA Localization To Cajal Body (GO:1904874),0.29828765382127687,0.6488309682994262,0.925,1.0,1.0,4/9,29.22%,TCP1;CCT8;RUVBL1;TNIP1
prerank,peptidyl-L-cysteine S-palmitoylation (GO:0018230),0.2557608378379821,0.648466408295775,0.9512195121951219,1.0,1.0,2/16,5.03%,ZDHHC22;ZDHHC11B
prerank,peptidyl-S-diacylglycerol-L-cysteine Biosynthetic Process From Peptidyl-Cysteine (GO:0018231),0.2557608378379821,0.648466408295775,0.9512195121951219,1.0,1.0,2/16,5.03%,ZDHHC22;ZDHHC11B
prerank,Regulation Of Respiratory Gaseous Exchange (GO:0043576),-0.33914362116201824,-0.648317559579257,0.8813559322033898,1.0,1.0,2/5,22.20%,NMBR;PASK
prerank,Regulation Of Cardiac Muscle Hypertrophy (GO:0010611),0.21844750596059048,0.6477095332371515,0.9019607843137255,1.0,1.0,5/18,20.93%,CAV3;EDN1;IL6ST;LMCD1;SMAD4
prerank,"Nuclear-Transcribed mRNA Catabolic Process, Exonucleolytic, 3'-5' (GO:0034427)",0.330294557211158,0.6476281991805075,0.875,1.0,1.0,4/7,38.78%,EXOSC9;EXOSC3;EXOSC4;SKIC8
prerank,Positive Regulation Of Glycogen Metabolic Process (GO:0070875),-0.29309650320836006,-0.6476087634324298,0.9107142857142857,1.0,1.0,1/11,3.68%,IGF1
prerank,Amino-Acid Betaine Metabolic Process (GO:0006577),0.3448203080882747,0.6475955334449733,0.8727272727272727,1.0,1.0,2/5,15.77%,CPT1A;CPT1B
prerank,Positive Regulation Of Extracellular Matrix Disassembly (GO:0090091),-0.30968257667048676,-0.6475430228313532,0.9423076923076923,1.0,1.0,3/6,22.31%,MELTF;FSCN1;DDR2
prerank,Negative Regulation Of Nucleocytoplasmic Transport (GO:0046823),-0.2571469420430327,-0.6463130535137273,0.8833333333333333,1.0,1.0,4/12,29.84%,RAB23;SUMO1;SUFU;TPR
prerank,Megakaryocyte Development (GO:0035855),-0.30932681058495126,-0.6461217606845705,0.9464285714285714,1.0,1.0,2/6,13.45%,THPO;GP5
prerank,Negative Regulation Of Signal Transduction By P53 Class Mediator (GO:1901797),0.228574101171418,0.6453791113748795,0.9333333333333333,1.0,1.0,9/17,31.62%,PRKN;CD74;SIRT1;RFFL;ARMC10;RNF34;YJU2;PTTG1IP;DYRK1A
prerank,Long-Term Synaptic Potentiation (GO:0060291),0.2488508622453271,0.645214929506213,1.0,1.0,1.0,5/18,17.23%,PRKCZ;SLC8A2;NOL3;NPTN;VAMP2
prerank,Protein Localization To Chromosome (GO:0034502),0.21927730326768735,0.6451166894251908,0.9487179487179487,1.0,1.0,5/30,14.03%,PINX1;TNKS;MSH2;ESR1;RB1
prerank,Activation Of Cysteine-Type Endopeptidase Activity Involved In Apoptotic Process (GO:0006919),-0.195261967635409,-0.6444164955275788,0.9846153846153847,1.0,1.0,11/52,21.55%,NGFR;BCL2L10;CASP9;EGLN3;RPS27L;DAP;BBC3;RACK1;ATP2A3;EIF2AK3;S100A9
prerank,Antigen Processing And Presentation Of Peptide Antigen Via MHC Class II (GO:0002495),-0.24276544089616692,-0.6442013413472892,0.9538461538461539,1.0,1.0,2/17,7.61%,CTSL;CTSE
prerank,Delamination (GO:0060232),-0.34007870423097275,-0.6440805759475798,0.8653846153846154,1.0,1.0,2/5,22.79%,TRPV4;AKNA
prerank,Atrioventricular Valve Development (GO:0003171),0.29295412341281324,0.6440100881532858,0.851063829787234,1.0,1.0,5/10,36.34%,ZFPM1;BMPR2;TGFB2;MDM4;APLNR
prerank,Tetrahydrofolate Metabolic Process (GO:0046653),0.2799451306345927,0.6438147868765525,0.9148936170212766,1.0,1.0,4/8,34.75%,MTHFD2L;MTHFR;MTHFD1L;MTHFD1
prerank,Phagolysosome Assembly (GO:0001845),-0.28973683625445545,-0.6436402628444207,0.8679245283018868,1.0,1.0,2/12,13.17%,SRPX;SYT7
prerank,Regulation Of Podosome Assembly (GO:0071801),-0.30895336447621025,-0.6435515481985856,0.7906976744186046,1.0,1.0,3/6,18.82%,IL5;FSCN1;GSN
prerank,IMP Biosynthetic Process (GO:0006188),0.3096266984516443,0.643326755429432,0.8979591836734694,1.0,1.0,1/7,6.53%,GART
prerank,Regulation Of Mitochondrial Fusion (GO:0010635),0.2750614995100517,0.6427949912630125,0.8913043478260869,1.0,1.0,1/9,6.48%,PRKN
prerank,"Retrograde Protein Transport, ER To Cytosol (GO:0030970)",0.23662829777758662,0.6425380298524146,0.875,1.0,1.0,4/15,24.37%,HM13;VCP;SELENOS;DERL2
prerank,Regulation Of Protein Import Into Nucleus (GO:0042306),-0.23530710370852478,-0.642498732812169,0.9107142857142857,1.0,1.0,5/29,15.11%,CHP2;EFCAB7;ECT2;RAB23;SUMO1
prerank,Smooth Muscle Cell Differentiation (GO:0051145),0.27262376207359507,0.6422623129462787,0.8367346938775511,1.0,1.0,4/10,23.56%,EDNRB;TMEM204;GATA6;TBX18
prerank,"Complement Activation, Lectin Pathway (GO:0001867)",0.3447522483656206,0.6422469672814608,0.8214285714285714,1.0,1.0,3/5,32.31%,MASP1;FCN2;FCN1
prerank,COPII-coated Vesicle Budding (GO:0090114),0.2100051043953291,0.6418152344861622,0.9545454545454546,1.0,1.0,14/28,41.27%,CSNK1D;TRAPPC8;SH2D2A;SEC23A;PEF1;SEC23B;TRAPPC6A;CUL3;VAPA;TRAPPC2B;TBC1D20;VAPB;PDCD6;TRAPPC5
prerank,"Negative Regulation Of CD4-positive, Alpha-Beta T Cell Activation (GO:2000515)",0.2929875710946439,0.6417392793490687,0.8571428571428571,1.0,1.0,3/9,22.41%,XCL1;CD274;VSIR
prerank,Bone Resorption (GO:0045453),-0.32481675392670156,-0.6410177322535823,0.9032258064516129,1.0,1.0,6/6,67.54%,RAB3D;GPR55;ZNF675;PTK2B;SRC;IL7
prerank,Amyloid Precursor Protein Metabolic Process (GO:0042982),-0.2721714320541842,-0.6409861508977656,0.8571428571428571,1.0,1.0,3/14,11.47%,NSG1;ADAM19;APOE
prerank,T Cell Apoptotic Process (GO:0070231),0.3095322576635037,0.6406842420521414,0.8775510204081632,1.0,1.0,2/6,21.97%,FASLG;RIPK1
prerank,Regulation Of Double-Strand Break Repair Via Homologous Recombination (GO:0010569),0.16983691153983685,0.6405583213999698,0.9714285714285714,1.0,1.0,15/54,29.81%,MMS19;PPP4C;PPP4R2;MORF4L1;ACTB;EPC1;RAD51;VPS72;MEAF6;MBTD1;RUVBL1;MRNIP;SHLD1;SPIDR;RADX
prerank,Histone H2A K63-linked Deubiquitination (GO:0070537),0.31814036394268297,0.6403217891687583,0.8771929824561403,1.0,1.0,3/6,25.02%,BABAM2;BABAM1;BARD1
prerank,MyD88-dependent Toll-Like Receptor Signaling Pathway (GO:0002755),-0.28796871726834716,-0.6400056217175063,0.9245283018867925,1.0,1.0,10/10,71.23%,TLR6;IRAK4;IRAK2;MAP3K7;IRAK3;TLR4;TRAF6;TIRAP;TNIP1;HSPD1
prerank,Vesicle Fusion With Vacuole (GO:0051469),0.29935772130689753,0.6398579473224482,0.8888888888888888,1.0,1.0,7/7,70.08%,CHMP4A;CHMP6;CHMP5;CHMP3;CHMP4C;CHMP1B;CHMP7
prerank,Multivesicular Body-Lysosome Fusion (GO:0061763),0.29935772130689753,0.6398579473224482,0.8888888888888888,1.0,1.0,7/7,70.08%,CHMP4A;CHMP6;CHMP5;CHMP3;CHMP4C;CHMP1B;CHMP7
prerank,B Cell Homeostasis (GO:0001782),-0.3051010651129088,-0.6391161114124374,0.9038461538461539,1.0,1.0,1/7,9.10%,DOCK10
prerank,Positive Regulation Of Peptidyl-Lysine Acetylation (GO:2000758),-0.27004043832714103,-0.6389800433822921,0.9444444444444444,1.0,1.0,5/15,24.92%,FOXP3;SF3B1;SOX4;BAZ1B;PRKAA2
prerank,Regulation Of Carbohydrate Metabolic Process (GO:0006109),0.271270591302292,0.6387259068259785,0.8974358974358975,1.0,1.0,4/12,27.08%,PRKN;SIRT1;RORA;PDK4
prerank,Oligosaccharide Catabolic Process (GO:0009313),-0.3403813492590559,-0.6382269836270388,0.8863636363636364,1.0,1.0,1/5,9.47%,PGD
prerank,Regulation Of Neurotransmitter Transport (GO:0051588),-0.2708452118577333,-0.6382212626701856,0.8771929824561403,1.0,1.0,4/13,21.28%,CHRNB4;SYN1;RIMS1;MYOF
prerank,Purine Nucleotide Catabolic Process (GO:0006195),-0.3396621527293034,-0.6376758257208426,0.8793103448275862,1.0,1.0,5/5,66.05%,HINT1;NUDT15;NUDT17;NUDT12;SARM1
prerank,Regulation Of Lysosome Size (GO:0062196),-0.3507155322862129,-0.6371273400335561,0.8333333333333334,1.0,1.0,6/6,64.95%,BORCS8;BORCS5;BORCS6;BLOC1S2;BORCS7;KXD1
prerank,Negative Regulation Of RNA Catabolic Process (GO:1902369),-0.3388581324867031,-0.6356765573667659,0.8888888888888888,1.0,1.0,1/6,4.92%,PKP1
prerank,Glucose Transmembrane Transport (GO:1904659),-0.2419561973537988,-0.6353207532942031,0.9090909090909091,1.0,1.0,3/14,17.53%,SLC2A5;PPBP;SLC5A3
prerank,Regulation Of Cell Cycle Phase Transition (GO:1901987),0.23399343777737452,0.6350341559472371,0.9791666666666666,1.0,1.0,3/21,6.69%,ERCC3;XPC;MLF1
prerank,Negative Regulation Of Single Stranded Viral RNA Replication Via Double Stranded DNA Intermediate (GO:0045869),-0.24902030534383768,-0.6347105843179701,0.9,1.0,1.0,1/12,3.46%,HMGA2
prerank,Platelet Dense Granule Organization (GO:0060155),0.21653300127958813,0.6342940016212739,0.925,1.0,1.0,7/20,25.25%,AP3S1;AP1S2;AP3D1;AP1M1;BLOC1S1;AP1G1;HPS5
prerank,Intracellular Iron Ion Homeostasis (GO:0006879),0.18249262137108851,0.6339460164784673,1.0,1.0,1.0,9/38,22.38%,SLC11A1;NDFIP1;ATP6V1A;TMPRSS6;CCDC115;B2M;ABCB7;SMAD4;CYBRD1
prerank,Protein Homotetramerization (GO:0051289),-0.20956450041820635,-0.6338228072402121,0.967741935483871,1.0,1.0,7/40,16.68%,AQP2;AQP5;MAT1A;TRPA1;ALDH1A3;CLU;KCNJ12
prerank,DNA Geometric Change (GO:0032392),0.2184370191509429,0.6334757256521898,0.9302325581395349,1.0,1.0,3/23,11.23%,DHX36;DNA2;ASCC1
prerank,Lymphocyte Apoptotic Process (GO:0070227),0.3197058984353626,0.6333427806759961,0.8936170212765957,1.0,1.0,3/6,21.97%,FASLG;CASP7;RIPK1
prerank,Intracellular Copper Ion Homeostasis (GO:0006878),0.28255254583984885,0.6332237432543264,0.9285714285714286,1.0,1.0,1/8,5.39%,PRND
prerank,Atrial Septum Morphogenesis (GO:0060413),-0.2867089581843339,-0.6330740116092393,0.8867924528301887,1.0,1.0,3/7,22.52%,ISL1;HEY2;SOX4
prerank,Phosphatidylserine Acyl-Chain Remodeling (GO:0036150),0.3330921996866124,0.6328701585282722,0.975,1.0,1.0,3/5,33.24%,OSBPL5;MBOAT2;MBOAT1
prerank,Histone H2A Monoubiquitination (GO:0035518),0.27211426176785763,0.6325257693411453,0.9767441860465116,1.0,1.0,4/11,30.63%,RAD51;BARD1;PCGF3;PCGF1
prerank,Regulation Of T Cell Mediated Immunity (GO:0002709),0.2583832260132079,0.6321030019603581,0.9565217391304348,1.0,1.0,5/9,36.37%,IL1B;RIPK3;HMGB1;WAS;TRPM4
prerank,Cellular Response To Magnesium Ion (GO:0071286),0.3255304430386575,0.6320763122908108,0.8695652173913043,1.0,1.0,1/5,6.28%,FBP1
prerank,Protein Localization To Nucleus (GO:0034504),0.16374066425895828,0.6312560750458,1.0,1.0,1.0,23/100,23.40%,TSC2;IPO7;PINX1;LMNA;NUTF2;TNPO2;NPAP1;PRICKLE1;RPL11;NUP107;HEATR3;NUP214;TOR1AIP1;STAT3;BCL3;APLP2;XPA;TBRG1;HNRNPU;KPNA5;NUP85;NUP98;KPNB1
prerank,Positive Regulation Of Telomere Maintenance Via Telomerase (GO:0032212),0.20849351893346335,0.6311659962681153,0.9,1.0,1.0,10/23,30.97%,TCP1;TNKS;CCT8;NEK7;PRKCQ;HNRNPA1;CTNNB1;HMBOX1;TNIP1;XRCC5
prerank,Homologous Chromosome Segregation (GO:0045143),0.28075819830941556,0.6310342998382221,0.9130434782608695,1.0,1.0,7/9,45.47%,TERB1;FANCD2;IHO1;RNF212;PSMC3IP;MEI4;CENPC
prerank,Melanosome Assembly (GO:1903232),0.2353685714543038,0.630071549080099,0.9736842105263158,1.0,1.0,6/16,25.25%,AP3S1;AP1S2;AP3D1;AP1M1;AP1G1;HPS5
prerank,Positive Regulation Of Double-Strand Break Repair Via Nonhomologous End Joining (GO:2001034),0.25754025495020155,0.6295581437246155,0.9772727272727273,1.0,1.0,3/10,27.03%,KMT5B;PRKDC;SHLD1
prerank,Lipid Translocation (GO:0034204),0.2251089074603475,0.6293685020547277,0.9333333333333333,1.0,1.0,5/19,20.47%,ATP8A1;SLC52A1;ATP10A;TMEM30A;ATP11B
prerank,Telomeric Loop Disassembly (GO:0090657),0.34650286192935925,0.6292909902156744,0.8620689655172413,1.0,1.0,5/5,65.36%,XRCC3;WRN;TERF2;SLX4;RTEL1
prerank,Phagosome Maturation (GO:0090382),-0.27330112193385614,-0.629244427195847,0.8852459016393442,1.0,1.0,1/12,5.76%,SRPX
prerank,Mitochondrial RNA Metabolic Process (GO:0000959),0.24228365518620196,0.6291452283898341,0.9069767441860465,1.0,1.0,5/17,25.39%,FASTKD3;MTERF4;FASTKD5;MTERF2;FASTKD1
prerank,Fc-gamma Receptor Signaling Pathway Involved In Phagocytosis (GO:0038096),0.2204559372367937,0.6291393087113908,0.9111111111111111,1.0,1.0,7/17,30.14%,PLA2G6;HCK;FYN;PRKCD;PTK2;FGR;PRKCE
prerank,miRNA Catabolic Process (GO:0010587),0.29268540077658145,0.6290027443270559,0.8958333333333334,1.0,1.0,3/6,24.98%,ELOC;TUT4;ZC3H12A
prerank,Positive Regulation Of mRNA Metabolic Process (GO:1903313),0.2586751734303124,0.628600137265479,0.9361702127659575,1.0,1.0,4/11,32.81%,CNOT8;ZC3H12A;PNPT1;MOV10
prerank,Regulation Of Voltage-Gated Calcium Channel Activity (GO:1901385),0.2309231438982812,0.6284807679867168,0.9574468085106383,1.0,1.0,3/20,9.20%,CABP5;CABP4;STAC
prerank,Regulation Of Translation In Response To Endoplasmic Reticulum Stress (GO:0036490),0.32797271419785423,0.6281891504432587,0.9,0.9999071336666241,1.0,2/5,24.60%,EIF2S1;EIF4G1
prerank,Embryonic Brain Development (GO:1990403),-0.3325500274781039,-0.6280723188914619,0.8846153846153846,1.0,1.0,1/5,10.12%,PPIL1
prerank,Regulation Of Cellular Component Size (GO:0032535),0.18564088756082203,0.6280368709577187,1.0,0.9996524960991108,1.0,3/34,7.31%,PPP1R15A;RDX;PEX11G
prerank,Negative Regulation Of Transcription By Competitive Promoter Binding (GO:0010944),-0.3264508729735608,-0.6278964906341422,0.9811320754716981,1.0,1.0,1/8,2.00%,TFAP2A
prerank,Positive Regulation Of ATP Biosynthetic Process (GO:2001171),0.2922530062090539,0.6274411138713457,0.9285714285714286,0.9997498534398884,1.0,3/7,21.03%,PPARGC1A;VCP;TMSB4X
prerank,Regulation Of Platelet Aggregation (GO:0090330),-0.27302139242924517,-0.6271043731696895,0.9310344827586207,1.0,1.0,2/18,8.16%,EMILIN1;MMRN1
prerank,Microvillus Assembly (GO:0030033),0.26659416448166723,0.6267445270995621,0.926829268292683,0.9997789030493143,1.0,7/12,35.86%,RAP2A;RAPGEF6;MINK1;RAP1A;RAPGEF2;TNIK;RAP1B
prerank,Regulation Of Stem Cell Population Maintenance (GO:2000036),-0.19996619290628143,-0.6267113662391871,0.9846153846153847,1.0,1.0,13/47,25.55%,HMGA2;RBBP7;ZNF706;SAP30;LOXL2;REST;SIN3A;SMARCD1;BCL7A;CNOT1;ARID1A;ING2;SMARCE1
prerank,tRNA Aminoacylation For Protein Translation (GO:0006418),0.20514336853171378,0.6265617167495807,0.9714285714285714,0.9995508302086717,1.0,7/26,23.53%,TARS3;CARS2;FARS2;WARS1;HARS1;CARS1;LARS1
prerank,rRNA 3'-End Processing (GO:0031125),0.31067619971044225,0.6264750210938806,0.9622641509433962,0.999223270642984,1.0,3/8,32.59%,ERI2;EXOSC9;EXOSC3
prerank,RNA Destabilization (GO:0050779),-0.2558792951126675,-0.6246159153320987,0.9464285714285714,1.0,1.0,3/13,24.88%,RBM24;ROCK2;MEX3D
prerank,Apical Protein Localization (GO:0045176),0.3056713438440056,0.6245067052713215,0.9130434782608695,1.0,1.0,1/6,13.38%,MAL
prerank,Stress-Activated Protein Kinase Signaling Cascade (GO:0031098),0.24022073204805816,0.623859768530968,0.9318181818181818,1.0,1.0,15/15,76.00%,MAP2K3;KAT7;IKBKB;MAP2K7;TAOK2;PDCD10;MAP3K13;MAPK8;MAP3K7;MAPK1;MAP2K6;MAPK13;MAPK14;MAP3K20;CCM2
prerank,Golgi Ribbon Formation (GO:0090161),0.28683733044295,0.6238213829616018,0.8444444444444444,0.9999185900684112,1.0,2/8,13.16%,TMED5;OPTN
prerank,Negative Regulation Of Cellular Catabolic Process (GO:0031330),-0.19105940727882564,-0.6237961237342605,0.9863013698630136,1.0,1.0,9/56,16.57%,LEP;TIMP4;IL10;TIMP1;TAB2;TBC1D14;STK38L;BMF;DAP
prerank,Membrane Repolarization During Cardiac Muscle Cell Action Potential (GO:0086013),-0.2875759116169715,-0.6236612321517525,0.8688524590163934,1.0,1.0,2/9,14.34%,KCND3;KCNA5
prerank,Response To Acidic pH (GO:0010447),-0.245651329414182,-0.6233607390213756,0.8833333333333333,1.0,1.0,6/15,27.03%,RAB11FIP5;SCNN1B;SCNN1G;SLC9A1;PKD1L3;LGMN
prerank,snRNA Transcription (GO:0009301),0.2720585730635329,0.6230409698990967,0.9183673469387755,1.0,1.0,4/11,33.77%,SNAPC5;ELL;SNAPC3;USPL1
prerank,Negative Regulation Of Lipid Metabolic Process (GO:0045833),-0.24768451123274823,-0.6230203951983173,0.8727272727272727,1.0,1.0,5/15,21.83%,ADRA2A;CCDC3;ALK;BSCL2;APOC1
prerank,Negative Regulation Of Interferon-Beta Production (GO:0032688),-0.32354882947618246,-0.6229651582922369,0.92,1.0,1.0,1/7,6.67%,NLRC3
prerank,Regulation Of Alcohol Biosynthetic Process (GO:1902930),-0.2760360154941508,-0.6215562300293546,0.9821428571428571,1.0,1.0,5/9,34.39%,SEC14L2;H6PD;ERLIN1;DGKQ;ERLIN2
prerank,Protein Exit From Endoplasmic Reticulum (GO:0032527),-0.22874276720909933,-0.6211286062589694,0.9803921568627451,1.0,1.0,8/19,30.51%,FAF2;SYVN1;SEL1L;TECPR2;LMAN1;HSP90B1;TMED9;DERL1
prerank,Actin Filament Depolymerization (GO:0030042),-0.29908926038576505,-0.6211015358782821,0.9056603773584906,1.0,1.0,3/7,20.79%,TWF1;GSN;MICAL3
prerank,Single Strand Break Repair (GO:0000012),-0.3055189450236506,-0.6209119462098067,0.8775510204081632,1.0,1.0,1/6,11.46%,TDP1
prerank,Polyadenylation-Dependent snoRNA 3'-End Processing (GO:0071051),-0.3259109311740891,-0.6207467673575732,0.9215686274509803,1.0,1.0,5/5,67.43%,EXOSC5;EXOSC2;EXOSC6;EXOSC4;EXOSC3
prerank,Nuclear Membrane Disassembly (GO:0051081),-0.3344967192517102,-0.620244313043719,0.8852459016393442,1.0,1.0,5/5,66.57%,PRKCB;LPIN1;NEK6;PRKCA;VRK1
prerank,Mitotic Nuclear Membrane Disassembly (GO:0007077),-0.3344967192517102,-0.620244313043719,0.8852459016393442,1.0,1.0,5/5,66.57%,PRKCB;LPIN1;NEK6;PRKCA;VRK1
prerank,Metallo-Sulfur Cluster Assembly (GO:0031163),0.2302031655936722,0.6200383160881762,0.9782608695652174,1.0,1.0,4/20,16.20%,MMS19;CIAO2B;NFS1;ISCA1
prerank,Iron-Sulfur Cluster Assembly (GO:0016226),0.2302031655936722,0.6200383160881762,0.9782608695652174,1.0,1.0,4/20,16.20%,MMS19;CIAO2B;NFS1;ISCA1
prerank,rRNA Metabolic Process (GO:0016072),-0.1874573143130308,-0.6198991803058781,0.9696969696969697,1.0,1.0,22/69,28.79%,ERN2;PIH1D2;RPL14;RPS6;RRP9;UTP20;MARS1;DDX54;RRP12;SLFN13;ESF1;XRN2;PIN4;EXOSC5;POLR1G;DDX10;RPL7;MRTO4;BYSL;MTREX;RPL5;EXOSC10
prerank,Vesicle Fusion With Golgi Apparatus (GO:0048280),-0.31169929213348024,-0.6193563827677396,0.8636363636363636,1.0,1.0,2/5,26.22%,VTI1B;YIPF5
prerank,Arp2/3 Complex-Mediated Actin Nucleation (GO:0034314),-0.2675554032601822,-0.6191366534140921,0.9821428571428571,1.0,1.0,7/13,34.42%,WIPF3;MAGEL2;WASHC1;ARPC3;ARPC5L;JMY;ARPC2
prerank,Lysosomal Microautophagy (GO:0016237),-0.2954688263631921,-0.6189374612356029,0.9056603773584906,1.0,1.0,8/8,70.48%,ATG4B;ULK2;SNX33;ATG7;RB1CC1;ATG2B;ATG16L1;ULK1
prerank,Manganese Ion Transport (GO:0006828),0.30036240978471673,0.6188419106441212,0.8888888888888888,1.0,1.0,2/7,18.19%,SLC11A1;SLC39A8
prerank,Positive Regulation Of Glucose Metabolic Process (GO:0010907),0.23990593455946707,0.6187348651596281,0.9318181818181818,1.0,1.0,5/12,30.37%,PPARGC1A;AKT2;SIRT1;GPLD1;IRS2
prerank,Microvillus Organization (GO:0032528),0.2688780195314077,0.617963864502953,0.9230769230769231,1.0,1.0,7/11,35.86%,RAP2A;RAPGEF6;MINK1;RAP1A;RAPGEF2;TNIK;RAP1B
prerank,Interleukin-4-Mediated Signaling Pathway (GO:0035771),-0.3070633208807074,-0.6176573712384851,0.9130434782608695,1.0,1.0,2/5,19.64%,JAK3;STAT6
prerank,Regulation Of mRNA Metabolic Process (GO:1903311),-0.26793240805964913,-0.6175391311705257,0.8928571428571429,1.0,1.0,1/13,3.82%,SAFB2
prerank,Response To Hydroxyurea (GO:0072710),-0.28108636458842423,-0.6172944725744647,0.8979591836734694,1.0,1.0,8/8,71.91%,TIMELESS;DDX11;DDI2;RTF2;BLM;KAT7;SPIDR;DDI1
prerank,Regulation Of Protein Localization To Chromatin (GO:1905634),0.2701249738183341,0.6170230392225675,0.96,1.0,1.0,8/8,73.00%,VCP;SPI1;VRK1;PIAS4;RNF4;VCPIP1;WAPL;SETD2
prerank,Positive Regulation Of Vascular Endothelial Cell Proliferation (GO:1905564),0.28201120922512224,0.6167249268432863,0.9111111111111111,1.0,1.0,3/8,20.86%,PLCG1;APLN;FGFR1
prerank,Mitochondrial Gene Expression (GO:0140053),0.15528317939799696,0.6165469345489132,1.0,1.0,1.0,16/76,25.77%,FASTKD3;MTERF4;MRPL10;FASTKD5;GATB;MRPL43;NDUFA7;GATC;MRPL46;MRPL54;HARS1;MRPS9;MRPL20;MRPL39;FASTKD1;MRPL28
prerank,GMP Metabolic Process (GO:0046037),0.30568325578704936,0.6157569065148508,0.9,1.0,1.0,1/7,6.53%,GART
prerank,U4 snRNA 3'-End Processing (GO:0034475),0.3295361763554438,0.615054930467565,0.9795918367346939,1.0,1.0,3/6,35.17%,EXOSC9;EXOSC3;EXOSC4
prerank,Establishment Of Protein Localization To Mitochondrion (GO:0072655),0.19642160237607242,0.6149739936366548,1.0,1.0,1.0,14/33,38.11%,MFN2;TIMM17B;TOMM7;BCAP31;GDAP1;GRPEL2;TOMM5;RALA;HSPD1;AIP;DNAJC15;TOMM22;TIMM21;AKT1
prerank,Vesicle Budding From Membrane (GO:0006900),0.20661133707851068,0.614848863203227,0.9795918367346939,1.0,1.0,10/24,41.27%,S100A10;GOLPH3L;AP2M1;CHMP4A;VAPA;TRAPPC2B;VAPB;TRAPPC10;CHMP6;TRAPPC5
prerank,DNA-templated DNA Replication (GO:0006261),0.17500653243462083,0.6146973188630787,1.0,1.0,1.0,22/48,37.69%,REV3L;DNA2;POLB;POLD3;RAD51;RPA4;RFC1;RRM2B;CHRAC1;POLA1;PURA;ORC2;PRIM1;RECQL5;BLM;POLG;WRN;MCM3;RFC5;ORC5;ORC3;ORC4
prerank,Protein K48-linked Deubiquitination (GO:0071108),0.2296136273649877,0.6146943679914947,0.9047619047619048,1.0,1.0,9/20,43.90%,OTUB1;USP25;MINDY2;USP27X;OTUD7B;USP34;MINDY1;OTUD3;USP8
prerank,Desmosome Organization (GO:0002934),0.30448171262969637,0.6140392692823854,0.9791666666666666,1.0,1.0,1/5,6.93%,JUP
prerank,Immune Response-Activating Cell Surface Receptor Signaling Pathway (GO:0002429),-0.2359803374016668,-0.61258869841431,0.9056603773584906,1.0,1.0,1/15,4.03%,LAX1
prerank,Regulation Of TOR Signaling (GO:0032006),-0.18593386224465808,-0.612226239279669,0.9861111111111112,1.0,1.0,18/63,26.84%,LEP;MINAR1;TNFAIP8L1;TSC1;GOLPH3;ENDOG;DEPTOR;C9ORF72;NUAK2;TREM2;MIOS;FBXO9;SH3BP4;NUAK1;PRKAA2;LAMTOR4;RRAGA;TSSK6
prerank,Cyclooxygenase Pathway (GO:0019371),-0.30483197329752154,-0.6121648634677117,0.8695652173913043,1.0,1.0,2/6,19.75%,PTGIS;PTGS1
prerank,Hyperosmotic Response (GO:0006972),-0.32098938476683925,-0.6116101308250417,0.9230769230769231,1.0,1.0,2/5,14.32%,ICOSLG;ARHGEF2
prerank,Regulation Of Cellular Senescence (GO:2000772),-0.216205000584218,-0.6114381162258962,0.9838709677419355,1.0,1.0,2/28,3.46%,TWIST1;HMGA2
prerank,Regulation Of Circadian Sleep/Wake Cycle (GO:0042749),-0.3171935651987003,-0.6114172879669553,0.9,1.0,1.0,2/5,25.00%,NR1D1;HCRTR2
prerank,Vesicle Transport Along Microtubule (GO:0047496),0.21931994737930743,0.6106233671392699,0.9607843137254902,1.0,1.0,6/18,27.54%,CLN3;PAFAH1B1;KIF1C;FBXW11;HTT;KIF13A
prerank,Alditol Metabolic Process (GO:0019400),0.30666666666666675,0.6104675767130948,0.9130434782608695,1.0,1.0,6/6,69.35%,COQ2;GK5;GK3;SHPK;GALK2;COQ3
prerank,Sensory Perception Of Taste (GO:0050909),-0.24750612240405032,-0.6102425512838254,0.9272727272727272,1.0,1.0,4/13,20.43%,TAS1R3;ASIC2;SCNN1B;SCNN1G
prerank,Positive Regulation Of Immune Response To Tumor Cell (GO:0002839),-0.3232241375159254,-0.6101913419555197,0.8823529411764706,1.0,1.0,1/5,13.11%,GSDME
prerank,Lipoprotein Biosynthetic Process (GO:0042158),-0.26704532355261795,-0.6100954774641022,0.8979591836734694,1.0,1.0,2/10,12.55%,APOE;UGCG
prerank,Regulation Of Microtubule-Based Movement (GO:0060632),-0.29366818861817273,-0.6100930399779757,0.86,1.0,1.0,4/7,32.24%,CLXN;CFAP298;NEFH;IGBP1
prerank,Antigen Processing And Presentation Of Endogenous Peptide Antigen (GO:0002483),0.2291142549913306,0.6100637986690308,0.975,1.0,1.0,2/15,7.86%,HLA-C;ERAP1
prerank,DNA Replication (GO:0006260),0.16901055524718062,0.609931705215668,1.0,1.0,1.0,15/57,26.98%,REV3L;DNA2;FAM111A;POLB;CDK2;POLD3;RPA4;RFC1;TBRG1;REV1;CHRAC1;BAZ1A;POLA1;DONSON;RPA3
prerank,RNA Biosynthetic Process (GO:0032774),-0.23168093804648124,-0.6098694658398254,0.9516129032258065,1.0,1.0,1/22,1.54%,FOXE1
prerank,DNA Synthesis Involved In DNA Repair (GO:0000731),0.2312086091864571,0.6082771535278283,0.918918918918919,1.0,1.0,7/20,29.03%,VCP;SIRT1;POLD3;RRM2B;POLA1;SPRTN;PARP10
prerank,rRNA Transcription (GO:0009303),-0.24746732643863445,-0.6072863736908689,0.9272727272727272,1.0,1.0,3/15,17.81%,GTF3C6;POLR1E;MARS1
prerank,Nucleotide-Sugar Biosynthetic Process (GO:0009226),-0.2438043476650555,-0.6066245359268098,0.9344262295081968,1.0,1.0,4/14,25.54%,UAP1;UGDH;GNPNAT1;MPI
prerank,Regulation Of Cell Fate Specification (GO:0042659),0.23346152330619763,0.6062521814510178,0.95,1.0,1.0,3/13,15.79%,GATAD2B;CHD4;RBBP4
prerank,Regulation Of Transforming Growth Factor Beta Production (GO:0071634),0.26194718272274425,0.6060217473485676,0.9433962264150944,1.0,1.0,5/11,28.95%,XCL1;ITGAV;SMAD4;LRRC32;TGFB2
prerank,mRNA Methylation (GO:0080009),-0.253872352177945,-0.6047784748642426,0.9811320754716981,1.0,1.0,3/13,18.35%,NSUN2;TRMT61B;METTL8
prerank,Regulation Of Cysteine-Type Endopeptidase Activity Involved In Apoptotic Signaling Pathway (GO:2001267),-0.3207561865451859,-0.6046697825191459,0.9152542372881356,1.0,1.0,2/7,18.82%,PRR7;GSN
prerank,Positive Regulation Of Immune System Process (GO:0002684),-0.2398934520155278,-0.603939904472143,0.9310344827586207,1.0,1.0,5/15,22.04%,ZP3;TNFRSF18;VEGFA;TNFSF18;CFP
prerank,Regulation Of Telomerase RNA Localization To Cajal Body (GO:1904872),0.25530730612795144,0.6039173821014214,0.9523809523809523,1.0,1.0,2/11,12.96%,TCP1;CCT8
prerank,Histone Ubiquitination (GO:0016574),0.27553246638176004,0.6030321288171409,0.9574468085106383,1.0,1.0,6/8,44.10%,WAC;UBE2A;UBE2N;UBR2;UBE2E1;UBE2B
prerank,Regulation Of Sequestering Of Calcium Ion (GO:0051282),0.2906311086288748,0.602835061018138,0.9387755102040817,1.0,1.0,7/7,70.95%,DIAPH1;UBASH3B;PTK2B;TRDN;MTLN;RYR2;ANXA6
prerank,DNA Integrity Checkpoint Signaling (GO:0031570),-0.1942281185203303,-0.6022267437334717,0.9508196721311475,1.0,1.0,6/37,16.95%,CDC6;CDT1;CHEK1;ERCC4;TIMELESS;CLSPN
prerank,Protein Insertion Into Mitochondrial Inner Membrane (GO:0045039),0.2331541093499059,0.6019133067755991,0.9574468085106383,1.0,1.0,10/10,76.70%,NDUFA13;TRMT10B;TIMM29;TIMM13;TIMM9;TIMM10B;ROMO1;TIMM10;TOMM70;TIMM8A
prerank,Positive Regulation Of Mitochondrial Calcium Ion Concentration (GO:0051561),0.2949994402399399,0.6018176859821346,0.9583333333333334,1.0,1.0,2/7,23.66%,BCAP31;MCU
prerank,Retrotransposon Silencing (GO:0010526),0.26416300963520395,0.6014081682396587,0.9024390243902439,1.0,1.0,7/12,40.32%,SMYD5;TUT4;TDRD9;MOV10;APOBEC3H;APOBEC3G;UBR2
prerank,Phosphatidylserine Metabolic Process (GO:0006658),0.22982620347950145,0.6013495538959198,0.9772727272727273,1.0,1.0,9/14,40.35%,OSBPL5;SLC27A1;SERINC5;MBOAT2;MBOAT1;PLA2G15;PLSCR1;SERINC1;LPCAT3
prerank,Cell Projection Organization (GO:0030030),-0.23207701672423575,-0.6009736058166074,0.9259259259259259,1.0,1.0,6/19,21.04%,KIF17;CAPG;GSN;CYFIP2;PACSIN2;CSPG5
prerank,Positive Regulation Of Tissue Remodeling (GO:0034105),-0.2950793819432706,-0.6008761999695608,0.9411764705882353,1.0,1.0,2/7,18.09%,ROCK2;IL21
prerank,Positive Regulation Of TORC1 Signaling (GO:1904263),0.1983573018818769,0.6007683620892831,0.9523809523809523,1.0,1.0,7/22,31.63%,WAC;PIH1D1;LARS1;SLC38A9;RRAGB;FLCN;SEH1L
prerank,Centromere Complex Assembly (GO:0034508),-0.27255722051391557,-0.6006194302621619,0.9444444444444444,1.0,1.0,3/10,19.68%,DLGAP5;CENPE;HJURP
prerank,Central Nervous System Projection Neuron Axonogenesis (GO:0021952),-0.26566557440102745,-0.599785778235029,0.9454545454545454,1.0,1.0,3/8,16.85%,TSKU;EPHB1;GLI2
prerank,Protein Localization To Cilium (GO:0061512),-0.2012133263882635,-0.5997584179556963,0.9682539682539683,1.0,1.0,4/31,13.20%,ROPN1B;CFAP58;DNAH11;TUB
prerank,Positive Regulation Of Membrane Depolarization (GO:1904181),-0.2890330575952218,-0.5991125871240258,0.9347826086956522,1.0,1.0,2/6,19.15%,MLLT11;RACK1
prerank,Regulation Of Telomere Maintenance Via Telomerase (GO:0032210),0.18559759870345063,0.5981725008306713,1.0,1.0,1.0,9/40,20.06%,TCP1;PINX1;TNKS;CCT8;CTC1;NEK7;PRKCQ;HNRNPA1;HNRNPU
prerank,"Nuclear-Transcribed mRNA Catabolic Process, Exonucleolytic (GO:0000291)",-0.22967309304274938,-0.5979522731732434,0.9622641509433962,1.0,1.0,15/15,77.06%,DCPS;EXOSC5;NT5C3B;EXOSC2;EXOSC8;CNOT7;EXOSC6;POLR2G;DIS3;DCP2;DIS3L2;EXOSC4;EXOSC3;CNOT8;EXOSC9
prerank,Negative Regulation Of Phosphoprotein Phosphatase Activity (GO:0032515),0.23278332706163396,0.5977314607621013,0.95,1.0,1.0,1/14,3.18%,PPP1R15A
prerank,Protein Localization To Microtubule Cytoskeleton (GO:0072698),0.2790694308613558,0.5975607380590184,0.8936170212765957,1.0,1.0,3/8,28.06%,DIAPH1;MAPRE2;CRIPT
prerank,Small Nucleolar Ribonucleoprotein Complex Assembly (GO:0000491),-0.2710021403198966,-0.5974549825244326,0.8545454545454545,1.0,1.0,1/8,7.72%,PIH1D2
prerank,Tetrahydrofolate Interconversion (GO:0035999),0.32103606965714054,0.5973003992234428,0.9787234042553191,1.0,1.0,3/5,32.43%,MTHFD2L;MTHFR;MTHFD1L
prerank,Negative Regulation Of Alcohol Biosynthetic Process (GO:1902931),-0.28359421983526023,-0.5959778191486585,0.9230769230769231,1.0,1.0,5/9,36.37%,DKK3;REST;ERLIN1;ERLIN2;NFKB1
prerank,Regulation Of Mitochondrial Membrane Permeability (GO:0046902),0.21208596749897526,0.5955481409273293,0.9777777777777777,1.0,1.0,5/18,27.07%,CAMK2A;BAD;SPG7;SLC25A4;SLC25A31
prerank,Regulation Of Single Stranded Viral RNA Replication Via Double Stranded DNA Intermediate (GO:0045091),-0.2332106214938672,-0.5953094345916113,0.94,1.0,1.0,5/14,26.53%,HMGA2;MORC2;APOBEC3C;TOP2B;CXCL8
prerank,Regulation Of Defense Response To Virus (GO:0050688),0.24428373431340816,0.5952532234090544,0.975,1.0,1.0,3/15,19.59%,RNF216;ZMPSTE24;ILRUN
prerank,"Negative Regulation Of CD8-positive, Alpha-Beta T Cell Activation (GO:2001186)",-0.32916943526101755,-0.5951181002763921,0.9622641509433962,1.0,1.0,3/5,30.26%,SOCS1;SLC4A2;ZBTB7B
prerank,Lipoprotein Catabolic Process (GO:0042159),0.2588873160298446,0.5945157217564141,0.8913043478260869,1.0,1.0,2/8,15.18%,NOTUM;PPT1
prerank,Nucleic Acid Phosphodiester Bond Hydrolysis (GO:0090305),-0.23476415714580134,-0.5941080848530275,0.8888888888888888,1.0,1.0,5/21,20.88%,RNASE2;HORMAD1;RNASE6;RNASE1;FEN1
prerank,Quaternary Ammonium Group Transport (GO:0015697),0.24769408547625105,0.5940076162255772,0.9607843137254902,1.0,1.0,2/9,15.43%,SLC44A2;SLC22A3
prerank,Porphyrin-Containing Compound Biosynthetic Process (GO:0006779),-0.22254777575454437,-0.5938826461815156,0.9245283018867925,1.0,1.0,7/17,34.18%,FXN;ATP5IF1;UROS;PGRMC1;ALAD;HMBS;UROD
prerank,Regulation Of Protein Transport (GO:0051223),0.212031836456337,0.5936692609686133,1.0,1.0,1.0,12/21,39.69%,WWP2;NDFIP1;PTPN1;LLGL2;GAPVD1;PPM1F;P3H1;HSPA8;NDEL1;SCFD1;SH3TC2;CHP1
prerank,tRNA Aminoacylation For Mitochondrial Protein Translation (GO:0070127),-0.3145645123708074,-0.5936419349341181,0.9310344827586207,1.0,1.0,3/6,29.22%,SARS2;WARS2;EARS2
prerank,Cell Projection Assembly (GO:0030031),0.2550718702230522,0.5934259496581582,0.9318181818181818,1.0,1.0,3/11,24.94%,QRICH2;PARVG;PDGFA
prerank,Atrial Septum Development (GO:0003283),0.2632681109374956,0.5933073749428414,0.9615384615384616,1.0,1.0,5/9,30.05%,ZFPM1;NPHP3;BMPR2;TGFB2;MDM4
prerank,Regulation Of Phosphatase Activity (GO:0010921),-0.2348742258454142,-0.59258072852178,0.9852941176470589,1.0,1.0,2/17,10.46%,CHP2;TSC1
prerank,Exit From Mitosis (GO:0010458),-0.27794711593139004,-0.5924355671937223,0.9591836734693877,1.0,1.0,2/8,13.94%,UBE2C;EPS8
prerank,Cellular Response To Hydroxyurea (GO:0072711),-0.2810667411337615,-0.5914695713940726,0.92,1.0,1.0,7/7,71.91%,TIMELESS;DDX11;DDI2;RTF2;BLM;SPIDR;DDI1
prerank,Negative Regulation Of Phagocytosis (GO:0050765),0.2501433011429163,0.5913319415462437,0.9565217391304348,1.0,1.0,3/14,17.21%,CD300LF;DYSF;CD300A
prerank,DNA Dealkylation Involved In DNA Repair (GO:0006307),0.26614125584868964,0.5912026498357277,0.9782608695652174,1.0,1.0,2/7,19.07%,ASCC1;ALKBH2
prerank,DNA Dealkylation (GO:0035510),0.26614125584868964,0.5912026498357277,0.9782608695652174,1.0,1.0,2/7,19.07%,ASCC1;ALKBH2
prerank,Regulation Of Nucleotide-Excision Repair (GO:2000819),0.1967115686668348,0.5911839300328736,0.9761904761904762,1.0,1.0,4/19,15.96%,BCL7B;SMARCC2;BRD7;SMARCA4
prerank,Positive Regulation Of ATP Metabolic Process (GO:1903580),0.2713889225153808,0.591141830480958,0.9622641509433962,1.0,1.0,3/8,21.03%,PPARGC1A;VCP;TMSB4X
prerank,Regulation Of Actin Polymerization Or Depolymerization (GO:0008064),-0.2114802858961976,-0.5908292260896228,0.9482758620689655,1.0,1.0,5/22,19.52%,ARHGAP40;CXCL12;PFN2;PAK3;MEGF9
prerank,Regulation Of Myosin-Light-Chain-Phosphatase Activity (GO:0035507),-0.32170670141170965,-0.5907352506474495,0.9523809523809523,1.0,1.0,2/5,24.30%,ROCK2;NUAK1
prerank,Astrocyte Activation (GO:0048143),0.2854812852355012,0.5898296119822767,0.9333333333333333,1.0,1.0,1/8,3.36%,IFNG
prerank,Ceramide Catabolic Process (GO:0046514),0.2635384364972786,0.5895222081804399,0.96,1.0,1.0,3/9,26.90%,LCT;HEXB;ACER3
prerank,Regulation Of Store-Operated Calcium Entry (GO:2001256),-0.27077093178445955,-0.5881796268210127,0.9152542372881356,1.0,1.0,2/9,11.09%,EFHB;CD84
prerank,Purine Nucleobase Metabolic Process (GO:0006144),-0.29439853304334723,-0.5869778958726475,0.9152542372881356,1.0,1.0,3/6,33.49%,PAICS;GMPS;HPRT1
prerank,Protein Targeting To Peroxisome (GO:0006625),-0.23532705878466986,-0.5867059526938376,0.9473684210526315,1.0,1.0,7/13,33.08%,PEX6;PEX26;PEX7;ZFAND6;PEX16;PEX14;LONP2
prerank,COPII Vesicle Coating (GO:0048208),0.22279541141878903,0.5866981776600402,0.9555555555555556,1.0,1.0,7/14,41.27%,TRAPPC8;PEF1;TRAPPC6A;CUL3;TRAPPC2B;PDCD6;TRAPPC5
prerank,"Vesicle Targeting, Rough ER To cis-Golgi (GO:0048207)",0.22279541141878903,0.5866981776600402,0.9555555555555556,1.0,1.0,7/14,41.27%,TRAPPC8;PEF1;TRAPPC6A;CUL3;TRAPPC2B;PDCD6;TRAPPC5
prerank,DNA Repair-Dependent Chromatin Remodeling (GO:0140861),-0.2536871978338133,-0.586576127155467,0.8727272727272727,1.0,1.0,2/10,18.94%,TRIP12;DEPDC1B
prerank,Positive Regulation Of Alpha-Beta T Cell Proliferation (GO:0046641),0.22799807060082444,0.5861709509131257,1.0,1.0,1.0,4/13,22.28%,XCL1;TYK2;CD81;PTPN22
prerank,T-helper 17 Cell Differentiation (GO:0072539),-0.28933490952517615,-0.5858467289906915,0.8958333333333334,1.0,1.0,4/7,32.01%,LY9;SLAMF6;IRF4;JAK1
prerank,Vascular Endothelial Growth Factor Receptor-2 Signaling Pathway (GO:0036324),-0.30406158527159105,-0.5845666938515889,0.9245283018867925,1.0,1.0,3/5,32.56%,VEGFA;DAB2IP;SLC31A1
prerank,Chondroitin Sulfate Proteoglycan Metabolic Process (GO:0050654),-0.26138462254424694,-0.5842599355812299,0.9318181818181818,1.0,1.0,4/7,31.74%,XYLT1;CSGALNACT2;PXYLP1;DSE
prerank,snRNA Transcription By RNA Polymerase III (GO:0042796),0.2846307125617341,0.5841071915020444,0.94,1.0,1.0,2/7,25.23%,SNAPC5;SNAPC3
prerank,Negative Regulation By Host Of Viral Process (GO:0044793),-0.27730204373145634,-0.5839214531594965,0.8888888888888888,1.0,1.0,1/10,3.99%,LTF
prerank,Regulation Of Cell Cycle G2/M Phase Transition (GO:1902749),-0.22497631423612452,-0.5838798744086179,0.9830508474576272,1.0,1.0,2/16,10.22%,NEK10;KIF14
prerank,Regulation Of Mitochondrial Gene Expression (GO:0062125),-0.313717277486911,-0.5836452136663779,0.896551724137931,1.0,1.0,6/6,68.65%,LRPPRC;MTRES1;METTL4;MTG2;NSUN3;TSFM
prerank,tRNA Wobble Base Modification (GO:0002097),-0.22960324112880692,-0.5828424112146607,0.9482758620689655,1.0,1.0,15/15,77.07%,ELP6;MOCS3;CTU1;TRMT9B;ELP3;ALKBH8;URM1;ALKBH1;CTU2;GTPBP3;ELP2;ELP5;ELP1;ELP4;MTO1
prerank,Carbohydrate Derivative Catabolic Process (GO:1901136),-0.23645874093542094,-0.5810873816734107,0.9423076923076923,1.0,1.0,1/14,3.28%,NCCRP1
prerank,Negative Regulation Of Substrate Adhesion-Dependent Cell Spreading (GO:1900025),-0.26470817964588345,-0.5806631866486213,0.9444444444444444,1.0,1.0,4/10,21.84%,MELTF;EFNA5;FBLN1;RCC2
prerank,tRNA Wobble Uridine Modification (GO:0002098),-0.22960324112880692,-0.5802949828309315,0.9193548387096774,1.0,1.0,15/15,77.07%,ELP6;MOCS3;TRMU;CTU1;TRMT9B;DPH3;ELP3;URM1;CTU2;GTPBP3;ELP2;ELP5;ELP1;ELP4;MTO1
prerank,Ribosomal Small Subunit Biogenesis (GO:0042274),0.15269209197980937,0.5794610689139861,1.0,1.0,1.0,67/67,84.80%,ERAL1;PNO1;UTP4;DIMT1;RPS3A;LSM6;RPS13;RPS28;METTL17;RIOK3;MPHOSPH10;NGDN;SPPL2B;RPS11;DNTTIP2;NAT10;RPS15;RIOK2;RCL1;RPSA;RPS14;WDR75;EMG1;UTP6;NOP58;NOL6;RPS15A;NOL7;TBL3;KRR1;MRPS11;HEATR1;RPS23;RPS4X;NOM1;WDR43;MRPS7;RRP7A;NPM1;UTP15;DDX52;RPS19;LTV1;UTP18;FCF1;NOP14;NOB1;UTP3;WDR36;PWP2;RRP36;SURF6;UTP11;RPS24;EXOSC10;C1ORF131;BMS1;RPS5;NOL11;TSR3;MRPS12;SRFBP1;WDR3;UTP20;RRP9;RPS6;RPS27L
prerank,Protein Ufmylation (GO:0071569),0.289194471590116,0.5789303422418332,0.9347826086956522,1.0,1.0,5/5,71.09%,DDRGK1;UFC1;UFM1;UFL1;UBA5
prerank,Regulation Of Myoblast Differentiation (GO:0045661),-0.1920678146393089,-0.578721189484647,0.9824561403508771,1.0,1.0,10/39,23.54%,MYF6;BOC;DPF3;SOX9;RBM24;LRRC8A;SMARCD1;SOX4;TGFB1;ARID1A
prerank,Amino Sugar Biosynthetic Process (GO:0046349),-0.27693895008230174,-0.5781633848975458,0.9622641509433962,1.0,1.0,3/9,23.04%,UAP1;NANP;GNPNAT1
prerank,Positive Regulation Of Protein Sumoylation (GO:0033235),-0.288606325321874,-0.5777913527891836,0.9655172413793104,1.0,1.0,1/8,6.15%,RASD2
prerank,Serine Family Amino Acid Metabolic Process (GO:0009069),0.24999641612801618,0.5776315320420694,0.9302325581395349,1.0,1.0,3/9,20.50%,CDO1;THNSL2;BAAT
prerank,acetyl-CoA Biosynthetic Process (GO:0006085),0.26409995689625954,0.5774729279531001,0.9387755102040817,1.0,1.0,5/10,36.89%,PDHX;PDHA1;ACSS2;MLYCD;DLD
prerank,Growth Hormone Receptor Signaling Pathway Via JAK-STAT (GO:0060397),0.2876536459735686,0.5766894423635393,0.9344262295081968,1.0,1.0,3/6,28.69%,PTPN1;STAT3;STAT5A
prerank,Negative Regulation Of Reactive Oxygen Species Biosynthetic Process (GO:1903427),-0.2962785559901482,-0.5760026914843174,0.94,1.0,1.0,3/7,25.78%,MPV17L;PPARA;ABCD2
prerank,Nuclear RNA Surveillance (GO:0071027),0.2626029884094402,0.5751509649340324,0.9807692307692307,1.0,1.0,9/9,73.76%,WDR82;EXOSC9;EXOSC4;XRN1;ZC3H4;EXOSC6;EXOSC8;EXOSC10;EXOSC5
prerank,Cellular Biogenic Amine Catabolic Process (GO:0042402),0.29357083059124567,0.5744305025478735,0.9285714285714286,1.0,1.0,1/5,18.77%,COMT
prerank,Ubiquitin-Dependent ERAD Pathway (GO:0030433),-0.173542059815138,-0.5736785725628722,1.0,1.0,1.0,16/56,25.59%,NCCRP1;UBXN10;USP19;CLGN;DNAJB9;FAF2;UBE2J1;SYVN1;SEL1L;TMEM67;RNF175;JKAMP;UBQLN1;HSP90B1;UBQLN2;STT3B
prerank,Cotranslational Protein Targeting To Membrane (GO:0006613),0.2244658697730277,0.573610987352069,0.9545454545454546,1.0,1.0,8/12,43.14%,SSR1;SRP19;SRP72;SRP9;SEC62;SIL1;SEC63;SRP14
prerank,Positive Regulation Of Memory T Cell Differentiation (GO:0043382),-0.3052249807606169,-0.5735158859427151,0.9347826086956522,1.0,1.0,1/5,14.14%,TNFSF4
prerank,Regulation Of Mast Cell Activation (GO:0033003),0.25349782976627316,0.5733157773446941,0.9565217391304348,1.0,1.0,1/8,6.13%,CD300LF
prerank,Regulation Of Cell Cycle Checkpoint (GO:1901976),0.24661086395815507,0.5725260725200388,0.9512195121951219,1.0,1.0,4/9,26.61%,RAD51;BARD1;ETAA1;WDR76
prerank,AMP Biosynthetic Process (GO:0006167),-0.2648427438977956,-0.5719302442833721,0.9,1.0,1.0,4/8,30.56%,ADSS1;PAICS;PFAS;ADSS2
prerank,tRNA Transcription (GO:0009304),-0.29469882998605856,-0.5715276101455329,0.9,1.0,1.0,1/7,9.70%,GTF3C6
prerank,Telomere Maintenance In Response To DNA Damage (GO:0043247),-0.2704042449207568,-0.5715061742530143,0.94,1.0,1.0,8/8,72.98%,MAD2L2;RTEL1;SHLD2;TERF2IP;TERF2;INSL6;TFIP11;SHLD1
prerank,Regulation Of Actin Filament-Based Movement (GO:1903115),0.26866382457447285,0.5714535655024223,0.8813559322033898,1.0,1.0,2/7,14.74%,STC1;MYLK2
prerank,Regulation Of Transforming Growth Factor Beta1 Production (GO:0032908),-0.3119553748495153,-0.5713616077341125,0.864406779661017,1.0,1.0,1/5,11.58%,TSKU
prerank,Positive Regulation Of Lymphocyte Differentiation (GO:0045621),-0.20418349864282304,-0.5708492272936037,0.95,1.0,1.0,7/29,18.78%,CD27;MDK;XBP1;RHOH;MMP14;SMARCD1;INPP5D
prerank,V(D)J Recombination (GO:0033151),0.24794023181119962,0.5703928041206936,0.9375,1.0,1.0,9/9,75.22%,PRKDC;HMGB1;LIG4;HMGB2;LIG3;TCF3;XRCC4;NHEJ1;DCAF1
prerank,Cristae Formation (GO:0042407),0.2583209922328008,0.570139679580143,0.9545454545454546,1.0,1.0,1/9,6.15%,TAFAZZIN
prerank,Protein Transmembrane Import Into Intracellular Organelle (GO:0044743),-0.21087881181905213,-0.5700944978061149,0.9833333333333333,1.0,1.0,11/24,34.16%,PEX6;TOMM20L;TIMM23;DNAJC19;PEX26;PEX7;TOMM70;TOMM40;PEX16;PEX14;TIMM17A
prerank,Regulation Of Pyruvate Dehydrogenase Activity (GO:1904182),-0.2820985442863911,-0.5698355074411687,0.9019607843137255,1.0,1.0,3/5,31.12%,PPM1H;PDP2;PPM1J
prerank,Positive Regulation Of Pyruvate Dehydrogenase Activity (GO:1904184),-0.2820985442863911,-0.5698355074411687,0.9019607843137255,1.0,1.0,3/5,31.12%,PPM1H;PDP2;PPM1J
prerank,Positive Regulation Of Lamellipodium Assembly (GO:0010592),-0.20506446566475162,-0.5694875530697362,0.9838709677419355,1.0,1.0,1/20,2.79%,AUTS2
prerank,tRNA Methylation (GO:0030488),-0.18566209932240618,-0.5691167678604185,1.0,1.0,1.0,10/31,34.09%,NSUN2;TRMT61B;METTL8;TRMT1;TRMT12;FTSJ1;TRMT5;TRMT61A;TYW3;METTL6
prerank,Glutamine Transport (GO:0006868),-0.28203790660241257,-0.5678036908846409,0.9183673469387755,1.0,1.0,3/8,32.57%,SLC38A6;SLC38A1;SLC1A5
prerank,Positive Regulation Of Megakaryocyte Differentiation (GO:0045654),0.25745353883031147,0.567134394812498,0.975609756097561,1.0,1.0,1/8,8.69%,MTURN
prerank,Negative Regulation Of RNA Biosynthetic Process (GO:1902679),-0.2295116256953397,-0.5657433345251955,0.9347826086956522,1.0,1.0,1/13,3.46%,HMGA2
prerank,ERBB2 Signaling Pathway (GO:0038128),-0.2369876529973929,-0.5649669241279037,0.9818181818181818,1.0,1.0,2/11,15.85%,EREG;TGFA
prerank,Regulation Of Viral-Induced Cytoplasmic Pattern Recognition Receptor Signaling Pathway (GO:0039531),0.29624459025547945,0.5647631510699314,0.9722222222222222,1.0,1.0,5/5,70.39%,SLC15A2;FLOT2;XIAP;BIRC3;FCRL3
prerank,Pore Complex Assembly (GO:0046931),0.21435524554596408,0.5644315290880675,0.9607843137254902,1.0,1.0,6/15,31.11%,BAD;NUP107;NUP98;NUP93;TMEM170A;RTN4
prerank,Negative Regulation Of Cell Cycle Phase Transition (GO:1901988),0.2601655622704562,0.5642928520254711,0.9791666666666666,1.0,1.0,2/10,7.05%,APC;RGCC
prerank,"Mitochondrial Electron Transport, NADH To Ubiquinone (GO:0006120)",0.1961473258393508,0.563152935363809,1.0,1.0,1.0,4/24,19.88%,NDUFA5;NDUFA7;NDUFC1;NDUFB5
prerank,Histone Monoubiquitination (GO:0010390),0.23517911344255715,0.5615999477652329,0.9473684210526315,1.0,1.0,3/9,25.02%,WAC;RAD51;BARD1
prerank,Cellular Response To Amino Acid Stimulus (GO:0071230),-0.20468614638593463,-0.5613662693715648,0.9655172413793104,1.0,1.0,10/29,27.12%,SESN3;XBP1;NSMF;SESN2;SH3BP4;CPEB4;STAMBPL1;LAMTOR4;RRAGA;CASTOR2
prerank,Positive Regulation Of Vacuole Organization (GO:0044090),0.2249975654756322,0.5608987211389059,0.9459459459459459,1.0,1.0,1/13,8.17%,LRSAM1
prerank,Receptor Recycling (GO:0001881),0.22530721086937724,0.560763179990928,0.9787234042553191,1.0,1.0,5/14,28.53%,REP15;PHETA1;PLEKHJ1;LMTK2;PEX5
prerank,"Retrograde Transport, Vesicle Recycling Within Golgi (GO:0000301)",-0.2837196313878805,-0.5606092403836488,0.9298245614035088,1.0,1.0,7/7,71.65%,GOLGA5;COG6;COG5;COG7;COG3;COG4;COG8
prerank,Immunoglobulin V(D)J Recombination (GO:0033152),0.2843082507329332,0.5602616947113735,0.9411764705882353,1.0,1.0,5/5,71.58%,PRKDC;LIG4;TCF3;XRCC4;NHEJ1
prerank,Regulation Of Dendritic Cell Antigen Processing And Presentation (GO:0002604),0.2608517470854724,0.5594709978935606,0.9387755102040817,1.0,1.0,2/8,14.70%,SLC11A1;CD68
prerank,Nuclear mRNA Surveillance (GO:0071028),0.26258465405292186,0.5594109811260632,0.9245283018867925,1.0,1.0,8/8,73.76%,EXOSC9;ZCCHC7;EXOSC4;XRN1;EXOSC6;EXOSC8;EXOSC10;EXOSC5
prerank,Endosomal Vesicle Fusion (GO:0034058),0.23455065987012083,0.5589798064385032,0.8979591836734694,1.0,1.0,10/10,76.56%,VPS11;VPS41;VPS8;SAMD9;VPS18;VPS33A;TGFBRAP1;VPS4A;VPS39;VPS16
prerank,"Retrograde Vesicle-Mediated Transport, Golgi To Endoplasmic Reticulum (GO:0006890)",-0.17927681003894197,-0.5581282734966873,1.0,1.0,1.0,4/42,11.97%,CCL13;KDELR3;RAB6B;GOLPH3
prerank,Atrial Cardiac Muscle Cell To AV Node Cell Signaling (GO:0086026),-0.27726524151747894,-0.5572497928917047,0.9782608695652174,1.0,1.0,1/5,14.34%,KCNA5
prerank,Mitochondrial Translational Elongation (GO:0070125),-0.3058774256596398,-0.5571953731908861,0.9615384615384616,1.0,1.0,5/5,69.43%,MRPL44;GFM2;GFM1;TSFM;TUFM
prerank,Establishment Of Endothelial Intestinal Barrier (GO:0090557),-0.27812612339092735,-0.5563635731581426,1.0,1.0,1.0,2/7,18.62%,TJP3;RAP2B
prerank,Cellular Response To Muramyl Dipeptide (GO:0071225),0.23953111068972074,0.5563299524076732,0.9629629629629629,1.0,1.0,3/7,27.58%,VIM;PTPN22;NOD2
prerank,Ribosomal Large Subunit Biogenesis (GO:0042273),-0.16940350050628022,-0.5562077946601764,1.0,1.0,1.0,15/41,28.83%,RPL26L1;WDR12;TMA16;RRS1;RPL14;PAK1IP1;MDN1;RPL23A;NLE1;CINP;RPL7;MRTO4;ZNF622;RPL5;MAK16
prerank,Nucleus Organization (GO:0006997),0.1757584129114667,0.5555758667309268,1.0,1.0,1.0,12/37,31.86%,LMNA;CHMP1A;PDCD6IP;SYNE1;REEP4;NUP98;NUP93;CHMP4A;TMEM170A;NUMA1;SEH1L;WDR73
prerank,tRNA Catabolic Process (GO:0016078),-0.3149658901868589,-0.5554524263285567,0.8958333333333334,1.0,1.0,4/5,37.26%,SLFN13;POP1;DICER1;TRNT1
prerank,Post-Translational Protein Targeting To Endoplasmic Reticulum Membrane (GO:0006620),0.2277948869184456,0.5544122427381895,0.9302325581395349,1.0,1.0,9/11,43.06%,SGTA;CHMP4A;SEC61G;UBL4A;SEC61A2;SEC62;GET4;SEC63;HYOU1
prerank,Positive Regulation Of Chromosome Separation (GO:1905820),0.21564374779728224,0.5542272524685278,1.0,1.0,1.0,1/11,5.08%,NCAPH2
prerank,Cochlea Morphogenesis (GO:0090103),0.25499341651061647,0.5539641339370367,1.0,1.0,1.0,1/7,6.79%,HPN
prerank,Proteasome Assembly (GO:0043248),-0.29212141810840825,-0.5533518250879375,0.9322033898305084,1.0,1.0,1/6,11.68%,PSMG1
prerank,Maintenance Of Protein Localization In Organelle (GO:0072595),-0.23886436382480458,-0.5532751880444509,1.0,1.0,1.0,1/10,8.42%,HK2
prerank,Ribosome-Associated Ubiquitin-Dependent Protein Catabolic Process (GO:1990116),0.2842371779172854,0.552332456700255,0.9607843137254902,1.0,1.0,3/5,31.02%,TRIP4;LTN1;RNF10
prerank,Peptide Biosynthetic Process (GO:0043043),0.13673806130479418,0.5518699303862498,1.0,1.0,1.0,22/111,25.77%,GGTLC1;ZAR1;GGTLC3;RPL26;RPL41;MRPL10;RPL11;CARNS1;WARS1;MRPL43;RPL37;RPS3A;RPS13;HARS1;RPS28;AGO2;YARS2;EIF4G1;RPS20;RPL27;GGT7;MRPL28
prerank,T-helper 17 Cell Lineage Commitment (GO:0072540),-0.2940154348252051,-0.5511980939423784,0.9555555555555556,1.0,1.0,4/6,32.01%,LY9;SLAMF6;IRF4;JAK1
prerank,Dense Core Granule Cytoskeletal Transport (GO:0099519),0.3113220717576432,0.5501909869677701,0.8837209302325582,1.0,1.0,5/5,68.88%,KIF1C;SYT4;KIF5A;KIF5B;TANC2
prerank,Positive Regulation Of Blood Vessel Endothelial Cell Proliferation Involved In Sprouting Angiogenesis (GO:1903589),-0.2756573070562657,-0.5500163853823358,0.9333333333333333,1.0,1.0,2/8,14.57%,FGFBP1;VEGFA
prerank,DNA Damage Checkpoint Signaling (GO:0000077),-0.1881686595342983,-0.5497134491962614,1.0,1.0,1.0,30/30,81.23%,CHEK1;ERCC4;CLSPN;MRPL36;STK33;PRPF19;MAP3K20;ZNF830;CDC5L;TIPRL;RHNO1;UFL1;PARP9;DTX3L;CLOCK;ATRIP;USP28;NBN;HINFP;FBXO6;CHEK2;ERCC6;HUS1;RAD9A;TP53BP1;E2F1;CEP63;DONSON;RPA4;DOT1L
prerank,Bundle Of His Cell To Purkinje Myocyte Communication (GO:0086069),-0.2971945369685829,-0.5485311430487251,0.96,1.0,1.0,3/6,21.39%,DSC2;PKP2;DSG2
prerank,Regulation Of Glucan Biosynthetic Process (GO:0010962),0.23620932909013198,0.5481950248372304,0.9782608695652174,1.0,1.0,1/7,9.23%,INPP5K
prerank,Exonucleolytic Catabolism Of Deadenylated mRNA (GO:0043928),-0.229608938547486,-0.5474506035096159,0.9583333333333334,1.0,1.0,11/11,77.06%,DCPS;EXOSC5;NT5C3B;EXOSC2;EXOSC8;CNOT7;DIS3;DCP2;EXOSC3;CNOT8;EXOSC9
prerank,Establishment Of Vesicle Localization (GO:0051650),0.2237899001187403,0.5473779620260361,0.9607843137254902,1.0,1.0,14/14,77.64%,RAB27A;SPG11;RAB11A;TMEM230;KIF5A;DNM2;KIF5B;IKBKG;F8A1;LIMK2;TOR1A;CDK5;TESK1;SYT11
prerank,Response To UV-C (GO:0010225),-0.3012006142677649,-0.5466914384693458,0.98,1.0,1.0,5/5,69.90%,MAP3K4;POLH;DCUN1D3;WRN;YY1
prerank,DNA Strand Elongation (GO:0022616),0.25379075472218815,0.5457271435146214,0.9803921568627451,1.0,1.0,3/8,24.55%,POLD3;MRE11;POLA1
prerank,Carbohydrate Derivative Biosynthetic Process (GO:1901137),0.18091296632047105,0.5450749549320849,0.9772727272727273,1.0,1.0,7/24,29.22%,ST8SIA6;B3GNT5;ALG11;B4GAT1;RRM2B;ALG6;TNIP1
prerank,Peptidyl-Tyrosine Autophosphorylation (GO:0038083),-0.2388784857937971,-0.5434305561089329,0.95,1.0,1.0,2/10,18.27%,ABL1;ALK
prerank,Intracellular Protein Transmembrane Transport (GO:0065002),0.17261155406350512,0.5427519431928719,0.9743589743589743,1.0,1.0,33/33,82.78%,TIMM17B;AKT2;GRPEL2;C2CD5;SEC61G;PEX5;HSPD1;SEC61A2;SEC62;DNAJC15;TIMM21;SEC63;HYOU1;TIMM50;TIMM23B;CHCHD4;PEX12;TOMM20;PEX2;ROMO1;PEX13;TIMM17A;PEX14;PEX16;TOMM40;TOMM70;SRP54;PEX7;PEX26;DNAJC19;TIMM23;TOMM20L;PEX6
prerank,Negative Regulation Of Microtubule Polymerization Or Depolymerization (GO:0031111),0.17791232996698486,0.5423010085801152,0.9777777777777777,1.0,1.0,3/27,9.13%,CDH5;SNCA;CLIP3
prerank,Positive Regulation Of Granulocyte Macrophage Colony-Stimulating Factor Production (GO:0032725),0.2867993935936338,0.5419804738180689,0.9245283018867925,1.0,1.0,2/6,21.42%,IL1B;IL17D
prerank,Melanosome Organization (GO:0032438),-0.186189513680122,-0.5414134146828801,0.9838709677419355,1.0,1.0,5/34,15.74%,BACE2;AP1B1;APOE;AP1S1;ASIP
prerank,Negative Regulation Of Fibrinolysis (GO:0051918),-0.24453469274596445,-0.5413104195880143,0.9444444444444444,1.0,1.0,2/9,21.03%,PLAU;SERPINE1
prerank,RNA Methylation (GO:0001510),0.1471680239435481,0.5387462278887313,1.0,1.0,1.0,21/55,39.24%,SNRPF;DIMT1;METTL3;TRMO;ZC3H13;MRM2;MTO1;METTL1;HENMT1;METTL5;WDR6;ZCCHC4;TRMT13;CMTR1;THUMPD3;METTL16;WTAP;SNRPD2;SNRPE;NSUN3;SNRPG
prerank,Regulation Of Protein Localization To Centrosome (GO:1904779),0.24924055266739742,0.5384787746889896,1.0,1.0,1.0,1/8,8.02%,MARK4
prerank,Negative Regulation Of Chromosome Organization (GO:2001251),0.2550467011810724,0.5382169056133691,0.96,1.0,1.0,1/6,13.12%,SUB1
prerank,Inositol Phosphate Metabolic Process (GO:0043647),-0.2086282140484528,-0.5381410811452625,0.9827586206896551,1.0,1.0,4/18,19.27%,ITPKA;NUDT11;NUDT3;IPPK
prerank,Cellular Response To pH (GO:0071467),0.21489891414369217,0.5379116487992418,0.9787234042553191,1.0,1.0,2/14,12.96%,HYAL1;HVCN1
prerank,Quinone Metabolic Process (GO:1901661),0.2472651028921628,0.5377212258921017,0.9591836734693877,1.0,1.0,2/8,19.62%,CRYZL1;NQO1
prerank,Regulation Of Aerobic Respiration (GO:1903715),0.23823760729659527,0.5376057948161097,0.9459459459459459,1.0,1.0,3/10,20.97%,COX7A1;VCP;ATP7A
prerank,Endocytic Recycling (GO:0032456),0.15246133021127414,0.5361003680219264,1.0,1.0,1.0,16/51,33.70%,RAB17;SNX27;EHD1;SNF8;VAMP4;RAB11FIP3;EHD2;VPS29;LMTK2;VTI1A;VPS51;RAB14;HGS;BLTP1;RAB35;MICALL2
prerank,Regulation Of Transcription By RNA Polymerase I (GO:0006356),0.1656814254986081,0.5352233387714522,1.0,1.0,1.0,7/27,28.27%,FLNA;BAZ2A;CREBBP;POLR2K;ATF4;ERBB2;CARM1
prerank,Phosphatidylglycerol Acyl-Chain Remodeling (GO:0036148),-0.26672054358032926,-0.5348585990400946,0.9807692307692307,1.0,1.0,3/6,28.23%,PLA2G4D;LPCAT1;LPGAT1
prerank,Negative Regulation Of DNA Replication (GO:0008156),-0.25807702365366514,-0.5347105908172742,0.9636363636363636,1.0,1.0,3/10,14.88%,CDC6;CDT1;GMNN
prerank,Regulation Of RNA Export From Nucleus (GO:0046831),-0.2181600838962447,-0.5346190434779003,0.9803921568627451,1.0,1.0,5/11,29.84%,NSUN2;DHX9;NCBP2;SETD2;TPR
prerank,Negative Regulation Of Intracellular Protein Transport (GO:0090317),0.18691923146618394,0.5328681272347167,0.9534883720930233,1.0,1.0,6/20,28.08%,LRRK2;INPP5K;DMTN;BARD1;MDFIC;ITGB1BP1
prerank,Positive Regulation Of Membrane Invagination (GO:1905155),-0.2673329765874636,-0.5326738103557795,0.9333333333333333,1.0,1.0,2/7,20.15%,F2RL1;TREM2
prerank,Protein Import Into Mitochondrial Matrix (GO:0030150),0.2056153094007543,0.5322766698325789,0.9736842105263158,1.0,1.0,13/13,79.46%,TIMM17B;GRPEL2;TIMM21;TIMM50;TIMM23B;TOMM20;ROMO1;TIMM17A;TOMM40;TOMM70;DNAJC19;TIMM23;TOMM20L
prerank,Endosome Transport Via Multivesicular Body Sorting Pathway (GO:0032509),0.20308061362818913,0.531740601015205,1.0,1.0,1.0,5/19,27.14%,VCP;UBXN6;LYST;CHMP4A;DENND10
prerank,L-ornithine Transmembrane Transport (GO:1903352),-0.28392990435882703,-0.5316788935968368,0.9122807017543859,1.0,1.0,1/5,8.36%,SLC7A1
prerank,TORC2 Signaling (GO:0038203),0.2857865766479851,0.5314862873622458,0.9814814814814815,1.0,1.0,2/5,25.19%,PRR5;RICTOR
prerank,Positive Regulation Of Stem Cell Population Maintenance (GO:1902459),-0.18036734778621646,-0.5312979047220789,1.0,1.0,1.0,14/33,31.99%,RBBP7;SAP30;REST;SIN3A;SMARCD1;BCL7A;ARID1A;ING2;SMARCE1;SMARCC1;BICRA;BCL7C;ESRRB;SS18
prerank,Regulation Of Cell Fate Commitment (GO:0010453),0.22502480971139166,0.5305568634227636,1.0,1.0,1.0,3/13,15.79%,GATAD2B;CHD4;RBBP4
prerank,Regulation Of Myoblast Fusion (GO:1901739),0.2490658440386005,0.5299900297457707,0.9772727272727273,1.0,1.0,2/9,19.89%,EHD1;EHD2
prerank,Negative Regulation Of Oxidative Stress-Induced Neuron Death (GO:1903204),-0.2685495251482614,-0.5287648492584557,0.9423076923076923,1.0,1.0,2/7,19.15%,IL10;RACK1
prerank,"Maturation Of SSU-rRNA From Tricistronic rRNA Transcript (SSU-rRNA, 5.8S rRNA, LSU-rRNA) (GO:0000462)",-0.1912297971175966,-0.5285882428685853,0.9830508474576272,1.0,1.0,9/21,38.49%,RRS1;UTP20;TSR1;BMS1;RRP36;PWP2;UTP3;NOP14;RPS19
prerank,Regulation Of Translational Initiation (GO:0006446),-0.1659209563277303,-0.528477425800122,0.9682539682539683,1.0,1.0,13/51,23.53%,KLHL25;DAZL;C8ORF88;BZW1;PAIP2B;EIF3B;LARP1;HABP4;EIF4EBP1;EIF2AK3;DNAJC3;BZW2;NCBP2
prerank,Deadenylation-Dependent Decapping Of Nuclear-Transcribed mRNA (GO:0000290),-0.250366976038308,-0.5280146070860532,0.9655172413793104,1.0,1.0,1/7,12.00%,DCPS
prerank,Cytidine To Uridine Editing (GO:0016554),-0.27331750907567715,-0.52799394624378,0.9767441860465116,1.0,1.0,7/7,72.69%,APOBEC3C;APOBEC3F;APOBEC2;APOBEC3G;APOBEC3H;APOBEC3A;RBM47
prerank,Protein Localization To Ciliary Membrane (GO:1903441),-0.3086412554875304,-0.527967654189529,0.9629629629629629,1.0,1.0,3/6,33.44%,ARL3;RABEP1;WDR19
prerank,Cellular Response To ATP (GO:0071318),0.22630895927281608,0.5276245491754455,1.0,1.0,1.0,6/12,36.17%,P2RY1;P2RY11;P2RY4;TRPV1;P2RX3;P2RY12
prerank,Spliceosomal tri-snRNP Complex Assembly (GO:0000244),-0.2663112625178333,-0.5272366226601078,0.9615384615384616,1.0,1.0,4/8,32.84%,SRSF12;PRPF19;TSSC4;CD2BP2
prerank,"Positive Regulation Of Phagocytosis, Engulfment (GO:0060100)",-0.26256294320844414,-0.5268607913120719,0.9555555555555556,1.0,1.0,4/8,32.31%,F2RL1;TREM2;ANO6;PLCG2
prerank,Maturation Of SSU-rRNA (GO:0030490),0.16996434314479464,0.5266354733054929,1.0,1.0,1.0,28/28,83.04%,UTP4;LSM6;RPS28;RIOK3;MPHOSPH10;NGDN;SPPL2B;NAT10;RIOK2;RPS14;UTP6;TSR2;MRPS11;HEATR1;WDR43;DDX52;UTP25;RPS19;NOP14;NOB1;UTP3;PWP2;RRP36;NOL11;TSR3;SRFBP1;TSR1;WDR3
prerank,Positive Regulation Of Histone Acetylation (GO:0035066),-0.229345460399607,-0.5254582221700443,0.9622641509433962,1.0,1.0,4/12,23.26%,FOXP3;MUC1;SF3B1;BAZ1B
prerank,Protein Desumoylation (GO:0016926),0.2740524624012732,0.52526446659095,0.9375,1.0,1.0,1/6,11.39%,SENP7
prerank,Protein Localization To Phagophore Assembly Site (GO:0034497),0.21520877840358993,0.5251084841537704,1.0,1.0,1.0,1/10,6.62%,MFN2
prerank,Histone H3-K4 Methylation (GO:0051568),0.18441649196366178,0.5229338458194072,1.0,1.0,1.0,21/21,81.59%,KMT2A;WDR82;NFYC;NFYB;NCOA6;SKIC8;KDM6A;KMT2C;HCFC2;KMT2B;NFYA;PAGR1;DPY30;BOD1L1;RBBP5;SETD1B;SETD1A;WDR5;WDR5B;HCFC1;BOD1
prerank,Sulfur Amino Acid Metabolic Process (GO:0000096),0.19702839481552373,0.522856054425689,0.9772727272727273,1.0,1.0,3/15,19.99%,CDO1;MTRR;FMO1
prerank,Regulation Of ATP Biosynthetic Process (GO:2001169),0.21252019282917567,0.5219176432611163,1.0,1.0,1.0,4/12,28.00%,PPARGC1A;VCP;TMSB4X;FLCN
prerank,Mitotic Nuclear Division (GO:0140014),-0.1671306351317929,-0.5202061876953574,1.0,1.0,1.0,5/33,15.80%,NDC80;UBE2C;KIF18B;EPS8;SGO1
prerank,Positive Regulation Of Protein Localization To Centrosome (GO:1904781),0.27252717380176483,0.5198042081166859,0.9361702127659575,1.0,1.0,1/5,8.02%,MARK4
prerank,Store-Operated Calcium Entry (GO:0002115),-0.28765880217785844,-0.5192288385332179,0.9454545454545454,1.0,1.0,5/5,71.25%,ORAI2;ORAI3;CRACR2B;STIM2;STIM1
prerank,Base-Excision Repair (GO:0006284),0.1615827391198844,0.5185269152829951,1.0,1.0,1.0,4/28,19.06%,NTHL1;DNA2;POLB;XPA
prerank,Regulation Of Heterochromatin Formation (GO:0031445),0.26960867214253015,0.5182046530915956,0.9636363636363636,1.0,1.0,1/5,15.36%,CDK2
prerank,Long-Term Memory (GO:0007616),-0.21718641661437427,-0.5180313414125698,1.0,1.0,1.0,5/17,19.45%,SHANK1;PRNP;NFATC4;NPAS4;RGS14
prerank,Cellular Response To Interleukin-12 (GO:0071349),0.2324931927668783,0.5179431912280269,1.0,1.0,1.0,8/8,76.76%,TYK2;IL12RB1;SIRPA;PLCB1;P4HB;JAK2;IL12RB2;STAT4
prerank,Positive Regulation Of DNA-directed DNA Polymerase Activity (GO:1900264),-0.24450185017105355,-0.5168004331289089,0.9482758620689655,1.0,1.0,8/8,75.57%,GINS2;RFC2;RFC3;GINS4;POLG2;DSCC1;RFC5;CHTF8
prerank,Regulation Of DNA-directed DNA Polymerase Activity (GO:1900262),-0.24450185017105355,-0.5168004331289089,0.9482758620689655,1.0,1.0,8/8,75.57%,GINS2;RFC2;RFC3;GINS4;POLG2;DSCC1;RFC5;CHTF8
prerank,Ribosome Biogenesis (GO:0042254),0.12381102966184666,0.5164646607087018,1.0,1.0,1.0,41/120,35.45%,RPL26;GTPBP4;PNO1;DDX49;UTP4;RPL11;DIMT1;HEATR3;RPS3A;RPS13;WDR74;RBIS;MRM2;EIF2S1;NIP7;PIH1D1;RPS28;NOC4L;METTL17;EXOSC9;PELP1;DDX27;RPL27;MPHOSPH10;GLUL;CUL4A;NGDN;TNIP1;SPPL2B;RPS11;MALSU1;RSL24D1;EXOSC3;DNTTIP2;NAT10;RPL35A;LTO1;EXOSC4;RPS15;RIOK2;RCL1
prerank,Regulation Of Activin Receptor Signaling Pathway (GO:0032925),-0.2158187686425882,-0.5163007293414636,0.9433962264150944,1.0,1.0,2/12,16.55%,IGSF1;DACT1
prerank,"Regulation Of CD4-positive, Alpha-Beta T Cell Activation (GO:2000514)",-0.27605087828587466,-0.5150440409287559,0.98,1.0,1.0,1/5,11.89%,TWSG1
prerank,Late Endosome To Vacuole Transport (GO:0045324),-0.21088323668344922,-0.5146555875999675,1.0,1.0,1.0,5/15,31.03%,LEPROTL1;LEPROT;VPS4A;CHMP7;PIK3R4
prerank,Nucleotide Biosynthetic Process (GO:0009165),0.19435324503441304,0.514620808954208,1.0,1.0,1.0,5/16,24.90%,GART;NMNAT3;RRM2B;PRPSAP1;PRPS1
prerank,Regulation Of Endosome Size (GO:0051036),0.2161595373750816,0.5137262243330737,1.0,1.0,1.0,5/9,37.74%,RAB5A;BLOC1S1;RAB11A;KXD1;BORCS7
prerank,Marginal Zone B Cell Differentiation (GO:0002315),-0.2705316114704882,-0.5120478585012563,0.9423076923076923,1.0,1.0,1/6,9.10%,DOCK10
prerank,Macromolecule Biosynthetic Process (GO:0009059),0.12421817038416023,0.5116779255981042,1.0,1.0,1.0,25/128,25.77%,ZAR1;RPL26;SLC11A1;INHA;RPL41;MRPL10;RPL11;WARS1;MRPL43;RPL37;INHBA;ALAS1;RPS3A;POLD3;GTPBP2;RPS13;HARS1;RPS28;AGO2;B4GAT1;YARS2;EIF4G1;RPS20;RPL27;MRPL28
prerank,Biogenic Amine Metabolic Process (GO:0006576),0.2314348257093454,0.5113450295426842,0.9607843137254902,1.0,1.0,4/8,33.15%,SLC22A3;ATP7A;MAOA;SULT1B1
prerank,Organelle Membrane Fusion (GO:0090174),-0.18468126982637656,-0.5108989297499592,1.0,1.0,1.0,8/22,31.54%,IRAG2;SYT7;SYT11;VAMP1;STX6;STX1B;STX16;VCPIP1
prerank,Autophagosome Assembly (GO:0000045),0.14527401828525052,0.5098454959417633,1.0,1.0,1.0,16/51,32.30%,MFN2;ATG16L2;GABARAPL1;VMP1;TP53INP2;TOM1;TMEM41B;PACS2;ATG12;MAP1LC3B;ULK1;ATG16L1;MAP1LC3C;ATG2B;ATG9A;RAB35
prerank,Sphingosine Biosynthetic Process (GO:0046512),0.20994569863382995,0.5075807604031466,0.9782608695652174,1.0,1.0,2/12,14.88%,SPHK1;SPTLC3
prerank,Sphingoid Biosynthetic Process (GO:0046520),0.20994569863382995,0.5075807604031466,0.9782608695652174,1.0,1.0,2/12,14.88%,SPHK1;SPTLC3
prerank,SRP-dependent Cotranslational Protein Targeting To Membrane (GO:0006614),-0.23680924577580725,-0.507524632044697,0.9811320754716981,1.0,1.0,3/8,26.75%,SRPRB;SRPRA;SRP54
prerank,Regulation Of Vacuole Organization (GO:0044088),-0.21639038463194107,-0.5074960160823978,0.9682539682539683,1.0,1.0,4/14,25.16%,TBC1D14;C9ORF72;ELAPOR1;UBQLN2
prerank,Glycerolipid Catabolic Process (GO:0046503),0.21280862923906835,0.5069746758325755,0.9772727272727273,1.0,1.0,4/14,26.12%,PLA2G4F;PNPLA6;ABHD6;GPCPD1
prerank,Regulation Of Arp2/3 Complex-Mediated Actin Nucleation (GO:0034315),0.17360129390207774,0.5045804814056469,1.0,1.0,1.0,7/21,32.75%,WASHC2A;CARMIL1;GMFG;WASF3;WASHC3;WASHC4;NCKAP1
prerank,Termination Of RNA Polymerase II Transcription (GO:0006369),0.2424602066461883,0.5042842396135969,0.9111111111111111,1.0,1.0,7/7,75.77%,MAZ;PCF11;SSU72;MED18;SCAF8;SETX;XRN2
prerank,Regulation Of G2/M Transition Of Mitotic Cell Cycle (GO:0010389),-0.18385978448996004,-0.5038448006013378,1.0,1.0,1.0,8/26,25.15%,STOX1;KIF14;CCND1;TNFSF13B;AVEN;RCC2;FBXO5;USP47
prerank,Regulation Of Mitochondrial Translation (GO:0070129),-0.20364966688571526,-0.5038305370238477,1.0,1.0,1.0,7/16,30.30%,METTL8;TRUB2;LRPPRC;RMND1;MRPS27;NGRN;RCC1L
prerank,Autophagosome Membrane Docking (GO:0016240),0.2397328633823292,0.503669397903087,0.9772727272727273,1.0,1.0,1/6,14.24%,VMP1
prerank,Translation (GO:0006412),0.11299525255661982,0.5030479664189067,1.0,1.0,1.0,32/168,25.77%,ZAR1;RPL26;RPL41;FARS2;MRPL10;RPL11;GATB;WARS1;MRPL43;NDUFA7;GATC;MRPL46;RPL37;RPS3A;GTPBP2;RPS13;MRPL54;DRG2;HARS1;APEH;RPS28;AGO2;MRPS9;MRPL20;LARS1;UBA52;YARS2;EIF4G1;MRPL39;RPS20;RPL27;MRPL28
prerank,Autophagosome Organization (GO:1905037),0.14780076829207306,0.503018864790171,1.0,1.0,1.0,15/48,32.30%,ATG16L2;GABARAPL1;VMP1;TP53INP2;SPG11;TMEM41B;PACS2;ATG12;MAP1LC3B;ULK1;ATG16L1;MAP1LC3C;ATG2B;ATG9A;RAB35
prerank,Glucan Metabolic Process (GO:0044042),0.25103323121802745,0.5029826971946523,1.0,1.0,1.0,5/7,36.82%,PRKAG2;GSK3B;PYGL;GBE1;PHKG2
prerank,C-terminal Protein Amino Acid Modification (GO:0018410),0.2297035049132728,0.5026739556637116,1.0,1.0,1.0,5/9,30.59%,FOLH1;ATG12;GPLD1;ATG16L1;LCMT1
prerank,Midbody Abscission (GO:0061952),-0.2232315218479023,-0.5026376643755991,0.9649122807017544,1.0,1.0,1/12,6.36%,KIF20A
prerank,Axonal Transport Of Mitochondrion (GO:0019896),0.2531415805640881,0.5023709920867837,0.9423076923076923,1.0,1.0,7/7,74.70%,OPA1;SYBU;TRAK2;MGARP;HSBP1;NEFL;TRAK1
prerank,Negative Regulation Of Intracellular Estrogen Receptor Signaling Pathway (GO:0033147),0.22353571824457713,0.501358318756124,0.9787234042553191,1.0,1.0,2/9,15.85%,VPS11;CNOT9
prerank,Nucleotide-Binding Oligomerization Domain Containing 2 Signaling Pathway (GO:0070431),0.24174520069808025,0.4988401387026614,0.98,1.0,1.0,6/6,75.84%,RELA;NOD2;RIPK2;IRGM;LACC1;OTULIN
prerank,"RNA Phosphodiester Bond Hydrolysis, Endonucleolytic (GO:0090502)",-0.20468859073984644,-0.49827223622889666,0.9838709677419355,1.0,1.0,4/13,25.53%,ZC3H12D;NUDT16;RNASEH1;POP1
prerank,Negative Regulation Of Cardiac Muscle Cell Differentiation (GO:2000726),-0.28355126089912314,-0.49752480941803273,1.0,1.0,1.0,2/5,19.40%,DKK1;FZD7
prerank,Negative Regulation Of Execution Phase Of Apoptosis (GO:1900118),-0.27871925565181677,-0.49717851840455835,0.9782608695652174,1.0,1.0,1/5,11.44%,FZD3
prerank,Vacuole Fusion (GO:0097576),-0.25315925434615655,-0.4969409624757022,0.9814814814814815,1.0,1.0,8/8,74.71%,VPS16;CHMP7;CHMP1B;CHMP4C;CHMP3;CHMP5;CHMP6;CHMP4A
prerank,Mitotic Spindle Assembly (GO:0090307),-0.17183225308301275,-0.4959519153933823,1.0,1.0,1.0,8/33,25.28%,KIF4A;TPX2;CDCA8;OFD1;MAP9;KIF3B;INCENP;MAP10
prerank,Positive Regulation Of Stress-Activated Protein Kinase Signaling Cascade (GO:0070304),-0.19145981286393926,-0.49558342834981667,1.0,1.0,1.0,1/16,6.64%,INAVA
prerank,Interleukin-12-Mediated Signaling Pathway (GO:0035722),0.23247696174253013,0.49541814994901934,1.0,1.0,1.0,7/7,76.76%,TYK2;IL12RB1;PLCB1;P4HB;JAK2;IL12RB2;STAT4
prerank,Methylguanosine-Cap Decapping (GO:0110156),-0.22498428880664756,-0.49522518670295546,1.0,1.0,1.0,10/10,77.52%,DCPS;PATL1;EDC3;DCP1A;PNRC2;DCP2;PATL2;NUDT12;DCP1B;LSM1
prerank,Regulation Of Glycogen Metabolic Process (GO:0070873),-0.23461328095466533,-0.4941506523122849,0.9454545454545454,1.0,1.0,6/9,36.32%,PPP1R3C;PPP1R3B;PPP1R3G;PPP1R3E;KHK;PPP1R3D
prerank,Regulation Of Memory T Cell Differentiation (GO:0043380),0.23887476580908412,0.49414504160081757,1.0,1.0,1.0,3/6,30.70%,IFNL1;HLA-DRA;IL12RB1
prerank,Polyol Metabolic Process (GO:0019751),0.17531605783334506,0.4934285869719406,0.9512195121951219,1.0,1.0,14/14,82.49%,INPP5B;INPP5A;PPIP5K2;IMPA2;INPP4A;INPP4B;IP6K2;IP6K3;IP6K1;MINPP1;OCRL;IPMK;IPPK;SLC5A3
prerank,Regulation Of Double-Strand Break Repair Via Nonhomologous End Joining (GO:2001032),0.17109436940756534,0.49271738170912815,0.9777777777777777,1.0,1.0,9/21,35.80%,HSF1;KMT5B;PRKDC;NUDT16L1;MRNIP;SHLD1;WAS;TFIP11;PARP3
prerank,"Base-Excision Repair, Gap-Filling (GO:0006287)",0.2088249668365564,0.4925730261875149,0.9772727272727273,1.0,1.0,8/8,79.13%,POLB;POLG;PARG;NEIL1;POLL;POLD1;LIG3;FEN1
prerank,Protein Localization To Vacuole (GO:0072665),0.19013722948250034,0.49247621723536117,1.0,1.0,1.0,3/13,20.28%,RNF128;GBP1;CD81
prerank,rRNA Modification (GO:0000154),0.20627051183576572,0.4923025082260728,0.9791666666666666,1.0,1.0,10/10,79.39%,MRM2;METTL5;ZCCHC4;NAT10;NSUN3;NSUN4;FTSJ3;TSR3;TFB2M;FBLL1
prerank,Embryonic Appendage Morphogenesis (GO:0035113),0.25390861840206685,0.49189320357543237,1.0,1.0,1.0,3/6,28.95%,SHH;TBX5;TGFB2
prerank,Late Endosome To Lysosome Transport (GO:1902774),0.19179751900926967,0.49049539237020123,1.0,1.0,1.0,3/13,25.31%,CHMP1A;VPS41;CHMP4A
prerank,Regulation Of TORC1 Signaling (GO:1903432),-0.16474669117260454,-0.4896320397516944,1.0,1.0,1.0,16/41,33.25%,SESN3;DEPTOR;C9ORF72;STK11;SESN2;MIOS;STAMBPL1;GPR137;RRAGA;KPTN;CASTOR2;SMCR8;DGKQ;RRAGD;RNF152;BMT2
prerank,Cytochrome Complex Assembly (GO:0017004),0.27746754153287717,0.4889205958853362,0.9636363636363636,1.0,1.0,5/5,72.26%,CYBA;COX15;COX10;SLC25A46;HCCS
prerank,Kidney Morphogenesis (GO:0060993),0.25840958844005374,0.48795432962111024,1.0,1.0,1.0,2/5,34.05%,NPHP3;PPP3CA
prerank,Response To Sterol (GO:0036314),0.22830412623053808,0.48766859139001567,0.9795918367346939,1.0,1.0,8/8,77.18%,RORA;PMVK;TGFBR2;RORC;TGFBR1;CCR5;SMAD2;TGFB1
prerank,Ribosome Disassembly (GO:0032790),0.19279975369910174,0.48688868695465964,1.0,1.0,1.0,7/12,44.63%,TRIP4;MTIF3;MTIF2;ASCC2;MCTS1;EIF2D;HBS1L
prerank,Regulation Of Peptidyl-Lysine Acetylation (GO:2000756),0.21471774126734375,0.4864941187661887,1.0,1.0,1.0,4/10,35.55%,SIRT1;NFYC;FLCN;NFYB
prerank,Toll-Like Receptor Signaling Pathway (GO:0002224),-0.17220322483516162,-0.4859370860111794,1.0,1.0,1.0,9/25,32.31%,TLR10;TLR6;LY96;IRAK4;TRAF3;MAPKAPK2;TLR2;TLR1;PLCG2
prerank,Endoplasmic Reticulum To Cytosol Transport (GO:1903513),-0.19330739917341688,-0.48484754491534277,0.9795918367346939,1.0,1.0,4/13,24.71%,FAF2;SYVN1;SEL1L;HSP90B1
prerank,UDP-N-acetylglucosamine Biosynthetic Process (GO:0006048),0.23382141806451082,0.4845882368186267,0.9761904761904762,1.0,1.0,1/8,8.47%,GFPT1
prerank,tRNA Processing (GO:0008033),0.1366464472095243,0.4839797120014744,1.0,1.0,1.0,4/44,14.71%,SSB;FARS2;FAM98A;TSEN54
prerank,Regulation Of Sister Chromatid Cohesion (GO:0007063),-0.2448821669536867,-0.47970172556415525,0.9782608695652174,1.0,1.0,3/6,29.54%,FEN1;DDX11;WAPL
prerank,intra-Golgi Vesicle-Mediated Transport (GO:0006891),0.14718174973934953,0.47943039743764865,1.0,1.0,1.0,10/29,34.83%,TRAPPC3L;GOSR1;RAB33B;VTI1A;NAPG;COG8;COG4;NAPA;RAB6D;RAB6C
prerank,Negative Regulation Of Protein Localization To Nucleus (GO:1900181),0.1763196177927198,0.4772539222318202,0.975609756097561,1.0,1.0,9/17,39.69%,YWHAZ;ILRUN;MDFIC;GSK3B;FLCN;CTNNA1;OTUD7B;LATS1;CHP1
prerank,Homocysteine Metabolic Process (GO:0050667),0.20860558560956224,0.476797705683437,0.9791666666666666,1.0,1.0,3/7,32.21%,MTRR;NOX4;MTHFR
prerank,Glycosyl Compound Biosynthetic Process (GO:1901659),0.24278671407134972,0.4759688930300973,1.0,0.9997062020366706,1.0,1/5,16.51%,TYW5
prerank,Wybutosine Metabolic Process (GO:0031590),0.24278671407134972,0.4759688930300973,1.0,0.9997062020366706,1.0,1/5,16.51%,TYW5
prerank,Wybutosine Biosynthetic Process (GO:0031591),0.24278671407134972,0.4759688930300973,1.0,0.9997062020366706,1.0,1/5,16.51%,TYW5
prerank,Telomere Maintenance Via Recombination (GO:0000722),-0.21569670004028216,-0.4742429509299119,1.0,1.0,1.0,2/9,20.16%,ERCC4;PTEN
prerank,Polyol Biosynthetic Process (GO:0046173),0.1940080278012501,0.4742083934614549,0.9761904761904762,0.999624763292552,1.0,2/12,15.60%,ISYNA1;CYP27A1
prerank,Positive Regulation Of Sequestering Of Triglyceride (GO:0010890),0.22374299442548873,0.4740491216418856,1.0,0.99930106657413,1.0,3/6,31.09%,FITM1;PLIN5;OSBPL11
prerank,Purine-Containing Compound Biosynthetic Process (GO:0072522),-0.19538574028006706,-0.4725393840252699,1.0,1.0,1.0,7/13,33.49%,PPAT;PAICS;ADSL;GMPS;PFAS;PRPSAP2;HPRT1
prerank,Negative Regulation Of Leukocyte Degranulation (GO:0043301),-0.21892340810839994,-0.4718933186967392,0.9791666666666666,1.0,1.0,1/7,11.09%,CD84
prerank,Regulation Of Signal Transduction By P53 Class Mediator (GO:1901796),0.1483574444312255,0.4706871881369138,1.0,0.999442282156215,1.0,10/39,28.83%,MLF1;RPL11;GET1;RPL37;SGK1;RFFL;RPS20;NOP2;RNF34;PRMT5
prerank,Ribonucleoprotein Complex Biogenesis (GO:0022613),0.11289350896342677,0.4699943890030275,1.0,0.9992028843093523,1.0,30/94,35.45%,RPL26;GTPBP4;PNO1;UTP4;RPL11;DIMT1;HEATR3;RPS3A;RPS13;WDR74;RBIS;NIP7;RPS28;METTL17;MPHOSPH10;GLUL;CUL4A;NGDN;TNIP1;SPPL2B;RPS11;MALSU1;RSL24D1;DNTTIP2;NAT10;RPL35A;LTO1;RPS15;RIOK2;RCL1
prerank,Positive Regulation Of Ligase Activity (GO:0051351),0.227669089484791,0.4671009619254366,1.0,0.9992155948722092,1.0,2/6,24.22%,TMSB4X;MID1IP1
prerank,Positive Regulation Of Muscle Contraction (GO:0045933),-0.21002114601795424,-0.4629936925922557,1.0,1.0,1.0,3/9,24.83%,MYOCD;PROK2;CACNB1
prerank,Positive Regulation Of Transcription By RNA Polymerase III (GO:0045945),-0.20406520088432417,-0.4613411245600043,0.9615384615384616,1.0,1.0,4/12,28.42%,ZNF143;SF3B1;BAZ1B;ICE2
prerank,Regulation Of Macromolecule Biosynthetic Process (GO:0010556),-0.13936563678953284,-0.4610007175169127,0.9814814814814815,1.0,1.0,5/48,13.24%,MSI2;GRM5;TSC1;DDX25;PUM3
prerank,Mitochondrial Outer Membrane Permeabilization (GO:0097345),0.23920532482931273,0.45942520601022974,1.0,0.9999147222088732,1.0,2/5,30.46%,VDAC2;BNIP3L
prerank,DNA Duplex Unwinding (GO:0032508),-0.15746272895611196,-0.45903865297372076,1.0,1.0,1.0,13/31,34.68%,TWNK;MCM4;ASCC3;DHX9;MCM6;RECQL;GINS2;DDX11;MCM9;SSBP1;MCM5;RTEL1;DTD1
prerank,Mitotic DNA Replication (GO:1902969),-0.22680522539614845,-0.4565884805504608,1.0,1.0,1.0,2/6,20.82%,MCM4;MCM6
prerank,"Negative Regulation Of Retrograde Protein Transport, ER To Cytosol (GO:1904153)",-0.2368586387434555,-0.4561441239390732,1.0,1.0,1.0,6/6,76.33%,UBE2J1;UBAC2;YOD1;ERLEC1;SVIP;UBE2G2
prerank,Negative Regulation Of Protein Exit From Endoplasmic Reticulum (GO:0070862),-0.2368586387434555,-0.4561441239390732,1.0,1.0,1.0,6/6,76.33%,UBE2J1;UBAC2;YOD1;ERLEC1;SVIP;UBE2G2
prerank,Homologous Recombination (GO:0035825),-0.2266824909243228,-0.4557399243219697,1.0,1.0,1.0,7/7,77.35%,MRPL36;TOPBP1;NUCKS1;NBN;RAD50;BRCA1;MRE11
prerank,Negative Regulation Of Lipid Kinase Activity (GO:0090219),0.2174520069808027,0.4511344005751286,1.0,1.0,1.0,6/6,78.26%,PPP2R5A;PIP4K2A;RUBCN;PIK3IP1;PIP4K2C;WASHC1
prerank,Engulfment Of Apoptotic Cell (GO:0043652),0.21342312281980289,0.4510051073460982,1.0,1.0,1.0,3/8,33.05%,XKR7;XKR6;RAC1
prerank,COPII-coated Vesicle Cargo Loading (GO:0090110),-0.20074505477428806,-0.45054626265984643,0.9818181818181818,1.0,1.0,1/11,8.66%,SEC24D
prerank,DNA Strand Elongation Involved In DNA Replication (GO:0006271),-0.22862041600841015,-0.44997147080996847,0.9736842105263158,1.0,1.0,1/6,11.85%,MCM4
prerank,tRNA Modification (GO:0006400),0.11827713103661783,0.44914546948032935,1.0,1.0,1.0,57/58,81.66%,SSB;TRMO;TYW5;OSGEPL1;MTO1;METTL1;WDR6;TRMT13;THUMPD3;PUS10;TYW1B;QTRT1;ELP5;DUS4L;DUS1L;QTRT2;DUS3L;GTPBP3;TRIT1;DUS2;TRMT44;THADA;TRDMT1;CTU2;THUMPD1;NSUN6;AARS2;ALKBH1;THG1L;URM1;LCMT2;ALKBH8;TARBP1;WDR4;CDKAL1;ANKRD16;YRDC;TRMT10A;METTL2B;TYW1;TRMT9B;BCDIN3D;DTWD2;CTU1;METTL6;TYW3;TRMT61A;MOCS3;TRUB1;PUS1;FTSJ1;DTWD1;KTI12;TRMT12;PUS7;TRMT1;METTL8
prerank,Cytoplasmic Translation (GO:0002181),-0.12494995206951164,-0.4473026303128221,1.0,1.0,1.0,23/68,32.74%,RPL35;RPL26L1;RPL14;RPS6;RACK1;RPL23A;MRPS12;RPL7A;RPL38;RPL34;RPL27A;RPL29;EIF2B3;RPL7;RPS5;FTSJ1;RPL36;RPL5;RPL37A;RPS24;RPLP1;RPS26;ZC3H15
prerank,Cellular Response To Alkaloid (GO:0071312),0.1713347768387235,0.4429030265114244,1.0,1.0,1.0,14/14,82.88%,CASP7;RAD51;SPIDR;TRPV1;RYR3;GSTM2;SLC8A1;CRHBP;CASP6;CASP3;HTR1B;RYR2;TGM2;CASQ2
prerank,Peroxisomal Membrane Transport (GO:0015919),0.17414231384598877,0.4428781441614302,0.9545454545454546,1.0,1.0,5/13,33.88%,ABCD4;RAB8B;PEX5;PEX3;PEX19
prerank,SMAD Protein Complex Assembly (GO:0007183),0.22827225130890053,0.44073156787868184,0.9821428571428571,1.0,1.0,6/6,77.18%,SMAD4;FKBP1A;GARS1;SMAD3;SMAD2;TGFB1
prerank,Regulation Of Isotype Switching (GO:0045191),-0.1953247913116147,-0.4399705795655242,1.0,1.0,1.0,2/9,19.65%,IL10;MAD2L2
prerank,Nucleoside Diphosphate Metabolic Process (GO:0009132),-0.24514917584672596,-0.4397818794913034,1.0,1.0,1.0,1/6,14.51%,ENTPD2
prerank,"mRNA Cis Splicing, Via Spliceosome (GO:0045292)",-0.17158012049171964,-0.4397744974186926,1.0,1.0,1.0,3/13,23.53%,DCPS;SRSF12;NCBP2
prerank,Macromolecule Depalmitoylation (GO:0098734),-0.23738210252205147,-0.43959741183015627,1.0,1.0,1.0,2/5,23.83%,ABHD17C;ABHD17B
prerank,Protein Depalmitoylation (GO:0002084),-0.23738210252205147,-0.43959741183015627,1.0,1.0,1.0,2/5,23.83%,ABHD17C;ABHD17B
prerank,DNA Recombination (GO:0006310),-0.15213179907497532,-0.4382439481366513,1.0,1.0,1.0,6/34,20.78%,HMGB3;ENDOG;EXO1;TSN;MRPL36;RMI2
prerank,Negative Regulation Of Fatty Acid Biosynthetic Process (GO:0045717),-0.18999928002232466,-0.4369920913139974,0.9807692307692307,1.0,1.0,4/13,27.97%,KLHL25;APOC1;WDTC1;ERLIN1
prerank,Cellular Response To Nitrogen Levels (GO:0043562),-0.20798678888584732,-0.43640557952567316,1.0,1.0,1.0,3/8,24.12%,MAP1LC3B2;GABARAPL2;MAP1LC3A
prerank,Cellular Response To Nitrogen Starvation (GO:0006995),-0.20798678888584732,-0.43640557952567316,1.0,1.0,1.0,3/8,24.12%,MAP1LC3B2;GABARAPL2;MAP1LC3A
prerank,Positive Regulation Of Centriole Replication (GO:0046601),0.25110765298414467,0.43525869764495295,1.0,1.0,1.0,2/5,24.03%,CEP120;CEP295
prerank,Glycolytic Process (GO:0006096),0.16463920248199435,0.43392920860653517,1.0,0.9998762235873608,1.0,6/20,28.85%,PFKFB2;HK3;ENO3;ALDOB;PFKM;ENO4
prerank,Nucleobase-Containing Compound Catabolic Process (GO:0034655),-0.14315046865150127,-0.4334019202334677,1.0,1.0,1.0,15/41,31.66%,RNASE2;ENTPD7;RNASE6;RNASEH1;RNASEH2B;RNASE3;XRN2;MUS81;FBH1;EXOSC5;MTREX;EXOSC10;DNASE1;NCBP1;ENTPD4
prerank,[2Fe-2S] Cluster Assembly (GO:0044571),-0.2290330749435649,-0.43304248695241104,1.0,1.0,1.0,2/6,24.95%,FXN;GLRX3
prerank,Resolution Of Recombination Intermediates (GO:0071139),-0.22476615943040626,-0.43232923995179195,1.0,1.0,1.0,5/5,77.54%,RMI2;RMI1;GEN1;TOP3A;XRCC3
prerank,Reticulophagy (GO:0061709),0.15809073033140753,0.4276353354260002,1.0,1.0,1.0,6/12,40.18%,RETREG3;DDRGK1;ULK1;ATG2B;RB1CC1;UFC1
prerank,Cell Communication By Electrical Coupling Involved In Cardiac Conduction (GO:0086064),-0.19226202947133178,-0.4245329392006317,1.0,1.0,1.0,12/12,80.80%,ATP1B2;PKP2;RYR2;GJA5;GJC1;PRKACA;GJD3;SLC8A1;GJC3;ATP1B1;TBX5;CACNA1C
prerank,Negative Regulation Of Actin Nucleation (GO:0051126),0.21193717277486906,0.4230453555277178,1.0,1.0,1.0,6/6,78.82%,GMFG;CORO1A;GMFB;PICK1;CORO1B;DNAI3
prerank,Positive Regulation Of Mitochondrial Membrane Permeability Involved In Apoptotic Process (GO:1902110),0.1916574067215638,0.4192585305325121,1.0,0.9998347845380178,1.0,2/7,30.46%,VDAC2;BNIP3L
prerank,Purine Deoxyribonucleotide Catabolic Process (GO:0009155),-0.22183442691609662,-0.414820671595973,1.0,1.0,1.0,5/5,77.83%,NUDT16;NUDT15;NUDT18;PNP;SAMHD1
prerank,Vascular Wound Healing (GO:0061042),-0.21919720767888307,-0.4104118122586923,1.0,1.0,1.0,6/6,78.10%,VEGFA;NDNF;CD34;MCAM;GATA2;KDR
prerank,TORC1 Signaling (GO:0038202),0.19917679812558975,0.4075794324500887,1.0,1.0,1.0,1/6,14.48%,LAMTOR1
prerank,Regulation Of Hemopoiesis (GO:1903706),0.16350352456110748,0.40534949703276235,1.0,0.9999284694068268,1.0,3/13,21.42%,KAT6B;MEAF6;IL17D
prerank,Positive Regulation Of Cell-Cell Adhesion Mediated By Cadherin (GO:2000049),0.21981741554338385,0.40530795846124346,1.0,0.999587028224361,1.0,1/5,11.88%,FOXA2
prerank,Sphingosine-1-Phosphate Receptor Signaling Pathway (GO:0003376),0.19554593688913707,0.4049331883612077,1.0,0.9992654741557718,1.0,7/7,80.45%,S1PR1;RAC1;PIK3CB;EZR;PIK3CG;SPNS2;S1PR2
prerank,Regulation Of Heme Biosynthetic Process (GO:0070453),-0.199031911960812,-0.3879150559547747,1.0,1.0,1.0,3/5,35.22%,SLC6A9;TMEM14A;SRRD
prerank,RNA Modification (GO:0009451),-0.12469421336818806,-0.37779395242741415,1.0,1.0,1.0,10/40,28.22%,NSUN2;TRMT1;PUS7;TSR3;PUS7L;KTI12;RBM15B;DTWD1;FTSJ1;TRUB1
prerank,Glycerol Metabolic Process (GO:0006071),0.18049155145929324,0.37588517035638475,0.9761904761904762,0.9996414996120339,1.0,9/9,81.96%,PGPEP1;COQ2;TKFC;GK5;GK3;SHPK;GALK2;COQ3;TPI1
prerank,Plasma Membrane Repair (GO:0001778),-0.1506309592947531,-0.3728350554570698,1.0,1.0,1.0,5/17,29.94%,SYT7;MYOF;SYT11;VPS4A;CHMP7
prerank,Regulation Of Sterol Biosynthetic Process (GO:0106118),-0.17724240915213935,-0.3720211906379955,1.0,1.0,1.0,3/7,34.39%,SEC14L2;ERLIN1;ERLIN2
prerank,"Regulation Of Phagocytosis, Engulfment (GO:0060099)",-0.1721826560536238,-0.3636213409087945,1.0,1.0,1.0,9/9,82.80%,F2RL1;TREM2;ANO6;PLCG2;NCKAP1L;C3;RAB31;APLP2;CD300A
prerank,Ribosomal Large Subunit Assembly (GO:0000027),-0.15047713009303798,-0.36150493980140347,1.0,0.9997183870991648,1.0,4/18,20.97%,RRS1;MDN1;RPL23A;NLE1
